Category,intersection,model,date,forecast,actual_sales
6,40_4,es,2010-02-05,,23906.14
2,10_5,es,2010-02-05,,75297.91
2,23_16,es,2010-02-05,,4269.59
3,13_13,es,2010-02-05,,51049.68
1,29_40,es,2010-02-05,,30094.42
2,23_74,es,2010-02-05,,32081.02
4,1_97,es,2010-02-05,,32153.04
4,16_40,es,2010-02-05,,34870.18
7,40_2,es,2010-02-05,,27089.38
5,24_90,es,2010-02-05,,73435.29
1,23_72,es,2010-02-05,,104395.84
1,31_13,es,2010-02-05,,45228.96
1,26_40,es,2010-02-05,,39952.95
1,20_7,es,2010-02-05,,33042.19
2,19_2,es,2010-02-05,,52144.5
2,6_72,es,2010-02-05,,112279.42
6,26_92,es,2010-02-05,,91402.2
5,2_81,es,2010-02-05,,32543.64
7,17_95,es,2010-02-05,,43836.05
1,31_2,es,2010-02-05,,58982.08
7,4_94,es,2010-02-05,,57647.52
1,35_14,es,2010-02-05,,42892.73
4,11_93,es,2010-02-05,,31781.73
5,6_96,es,2010-02-05,,24989.15
1,45_13,es,2010-02-05,,34359.75
3,12_34,es,2010-02-05,,30976.05
6,42_38,es,2010-02-05,,40559.37
2,4_96,es,2010-02-05,,32581.21
4,6_93,es,2010-02-05,,40815.87
7,14_2,es,2010-02-05,,87917.02
6,15_72,es,2010-02-05,,80900.2
6,2_16,es,2010-02-05,,9674.86
5,19_9,es,2010-02-05,,12355.07
3,18_72,es,2010-02-05,,117802.39
1,32_90,es,2010-02-05,,63647.47
3,22_38,es,2010-02-05,,65423.3
7,9_38,es,2010-02-05,,83916.56
5,16_72,es,2010-02-05,,47548.99
5,10_72,es,2010-02-05,,232558.51
4,1_1,es,2010-02-05,,24924.5
3,31_46,es,2010-02-05,,25122.16
4,36_95,es,2010-02-05,,40389.37
2,10_40,es,2010-02-05,,119463.15
3,30_92,es,2010-02-05,,61467.01
7,11_46,es,2010-02-05,,28056.72
1,41_91,es,2010-02-05,,54532.45
2,4_9,es,2010-02-05,,21654.54
7,2_2,es,2010-02-05,,74661.16
5,32_95,es,2010-02-05,,85361.47
3,30_95,es,2010-02-05,,47425.92
5,26_4,es,2010-02-05,,24639.6
7,16_38,es,2010-02-05,,57776.81
6,11_95,es,2010-02-05,,79557.01
2,22_9,es,2010-02-05,,14965.71
7,11_92,es,2010-02-05,,90342.72
1,11_74,es,2010-02-05,,33083.34
1,11_13,es,2010-02-05,,47984.81
4,12_40,es,2010-02-05,,54052.68
4,7_40,es,2010-02-05,,35190.04
7,41_40,es,2010-02-05,,47546.05
1,43_38,es,2010-02-05,,53986.39
1,10_23,es,2010-02-05,,66322.9
4,20_92,es,2010-02-05,,195223.84
1,28_91,es,2010-02-05,,80421.01
6,17_4,es,2010-02-05,,20984.53
4,18_74,es,2010-02-05,,20741.06
7,19_23,es,2010-02-05,,25160.36
6,13_4,es,2010-02-05,,42482.68
3,13_91,es,2010-02-05,,89955.29
4,23_40,es,2010-02-05,,74553.22
2,32_92,es,2010-02-05,,103403.45
6,6_38,es,2010-02-05,,100213.47
5,12_8,es,2010-02-05,,45875.87
2,10_16,es,2010-02-05,,25694.43
5,14_91,es,2010-02-05,,162497.78
4,20_91,es,2010-02-05,,109009.28
6,27_80,es,2010-02-05,,30306.9
1,22_40,es,2010-02-05,,57785.83
4,20_9,es,2010-02-05,,18259.07
6,14_1,es,2010-02-05,,32842.31
5,30_91,es,2010-02-05,,34049.37
1,38_38,es,2010-02-05,,38258.19
1,13_23,es,2010-02-05,,25027.07
4,1_38,es,2010-02-05,,115564.35
1,11_7,es,2010-02-05,,27062.95
5,10_38,es,2010-02-05,,96408.49
6,23_92,es,2010-02-05,,51295.23
4,21_72,es,2010-02-05,,73282.66
1,20_90,es,2010-02-05,,114164.32
3,2_87,es,2010-02-05,,36792.81
4,3_72,es,2010-02-05,,35038.89
2,4_95,es,2010-02-05,,130722.18
2,24_87,es,2010-02-05,,29333.81
7,23_22,es,2010-02-05,,19927.7
2,37_95,es,2010-02-05,,50910.65
7,34_91,es,2010-02-05,,34275.3
5,4_8,es,2010-02-05,,71562.58
4,16_95,es,2010-02-05,,21070.74
6,10_34,es,2010-02-05,,50585.42
5,44_94,es,2010-02-05,,20542.97
3,40_4,es,2010-02-12,,21778.87
5,10_5,es,2010-02-12,,74064.19
5,23_16,es,2010-02-12,,5292.73
5,13_13,es,2010-02-12,,43973.45
4,29_40,es,2010-02-12,,26961.14
1,23_74,es,2010-02-12,,30613.79
6,1_97,es,2010-02-12,,33874.47
4,16_40,es,2010-02-12,,33667.35
3,40_2,es,2010-02-12,,25187.64
1,24_90,es,2010-02-12,,75151.67
7,23_72,es,2010-02-12,,104389.46
6,31_13,es,2010-02-12,,44611.81
5,26_40,es,2010-02-12,,38027.19
6,20_7,es,2010-02-12,,33130.25
4,19_2,es,2010-02-12,,52442.96
3,6_72,es,2010-02-12,,96945.02
2,26_92,es,2010-02-12,,88291.71
1,2_81,es,2010-02-12,,33361.51
5,17_95,es,2010-02-12,,43523.18
3,31_2,es,2010-02-12,,56830.82
1,4_94,es,2010-02-12,,64126.88
7,35_14,es,2010-02-12,,42431.08
5,11_93,es,2010-02-12,,32405.28
3,6_96,es,2010-02-12,,25339.75
7,45_13,es,2010-02-12,,22377.82
5,12_34,es,2010-02-12,,29493.49
1,42_38,es,2010-02-12,,37671.85
1,4_96,es,2010-02-12,,33496.85
5,6_93,es,2010-02-12,,39393.63
7,14_2,es,2010-02-12,,55899.41
7,15_72,es,2010-02-12,,76330.52
1,2_16,es,2010-02-12,,9987.62
1,19_9,es,2010-02-12,,12736.71
3,18_72,es,2010-02-12,,114262.07
7,32_90,es,2010-02-12,,61945.73
4,22_38,es,2010-02-12,,67649.77
3,9_38,es,2010-02-12,,76652.26
3,16_72,es,2010-02-12,,37654.82
5,10_72,es,2010-02-12,,202622.42
1,1_1,es,2010-02-12,,46039.49
3,31_46,es,2010-02-12,,24180.56
3,36_95,es,2010-02-12,,39816.3
2,10_40,es,2010-02-12,,111422.87
3,30_92,es,2010-02-12,,67502.19
6,11_46,es,2010-02-12,,28246.4
7,41_91,es,2010-02-12,,50409.97
3,4_9,es,2010-02-12,,23199.13
5,2_2,es,2010-02-12,,65487.46
2,32_95,es,2010-02-12,,83168.29
4,30_95,es,2010-02-12,,52885.46
7,26_4,es,2010-02-12,,23040.93
5,16_38,es,2010-02-12,,43115.55
4,11_95,es,2010-02-12,,78778.26
4,22_9,es,2010-02-12,,17252.47
7,11_92,es,2010-02-12,,86857.1
6,11_74,es,2010-02-12,,28823.88
2,11_13,es,2010-02-12,,42317.84
3,12_40,es,2010-02-12,,50324.35
5,7_40,es,2010-02-12,,36694.28
7,41_40,es,2010-02-12,,48518.48
7,43_38,es,2010-02-12,,51168.66
2,10_23,es,2010-02-12,,63123.1
5,20_92,es,2010-02-12,,170043.55
5,28_91,es,2010-02-12,,60765.58
6,17_4,es,2010-02-12,,19928.04
2,18_74,es,2010-02-12,,19251.57
3,19_23,es,2010-02-12,,26100.43
5,13_4,es,2010-02-12,,39171.36
7,13_91,es,2010-02-12,,86593.72
7,23_40,es,2010-02-12,,69782.41
7,32_92,es,2010-02-12,,101905.95
1,6_38,es,2010-02-12,,101825.18
3,12_8,es,2010-02-12,,44101.66
1,10_16,es,2010-02-12,,24555.89
7,14_91,es,2010-02-12,,78058.28
7,20_91,es,2010-02-12,,96070.44
7,27_80,es,2010-02-12,,29074.47
4,22_40,es,2010-02-12,,51166.37
1,20_9,es,2010-02-12,,24902.87
3,14_1,es,2010-02-12,,39972.64
2,30_91,es,2010-02-12,,38355.86
7,38_38,es,2010-02-12,,32975.25
1,13_23,es,2010-02-12,,28268.78
5,1_38,es,2010-02-12,,94136.35
2,11_7,es,2010-02-12,,28454.24
3,10_38,es,2010-02-12,,107043.76
5,23_92,es,2010-02-12,,44063.81
7,21_72,es,2010-02-12,,65697.61
5,20_90,es,2010-02-12,,102924.19
1,2_87,es,2010-02-12,,35794.44
1,3_72,es,2010-02-12,,37062.3
5,4_95,es,2010-02-12,,135621.5
7,24_87,es,2010-02-12,,25630.67
5,23_22,es,2010-02-12,,23242.43
7,37_95,es,2010-02-12,,51779.92
7,34_91,es,2010-02-12,,35666.29
4,4_8,es,2010-02-12,,66308.14
3,16_95,es,2010-02-12,,21371.35
3,10_34,es,2010-02-12,,47864.29
2,44_94,es,2010-02-12,,21496.97
7,40_4,es,2010-02-19,,21779.47
3,10_5,es,2010-02-19,,59974.12
4,23_16,es,2010-02-19,,5888.94
2,13_13,es,2010-02-19,,50441.5
3,29_40,es,2010-02-19,,27779.85
4,23_74,es,2010-02-19,,30628.25
5,1_97,es,2010-02-19,,31585.78
2,16_40,es,2010-02-19,,33627.79
3,40_2,es,2010-02-19,,25082.06
6,24_90,es,2010-02-19,,68813.04
1,23_72,es,2010-02-19,,95179.55
7,31_13,es,2010-02-19,,43438.72
1,26_40,es,2010-02-19,,38743.39
1,20_7,es,2010-02-19,,36627.36
1,19_2,es,2010-02-19,,52145.11
7,6_72,es,2010-02-19,,86956.87
1,26_92,es,2010-02-19,,77237.57
6,2_81,es,2010-02-19,,29863.25
7,17_95,es,2010-02-19,,39261.2
1,31_2,es,2010-02-19,,58232.69
6,4_94,es,2010-02-19,,65303.33
6,35_14,es,2010-02-19,,47211.61
4,11_93,es,2010-02-19,,28800.25
7,6_96,es,2010-02-19,,23434.97
2,45_13,es,2010-02-19,,30117.06
3,12_34,es,2010-02-19,,29161.44
2,42_38,es,2010-02-19,,37550
7,4_96,es,2010-02-19,,28787.65
4,6_93,es,2010-02-19,,39083.48
1,14_2,es,2010-02-19,,83031.73
6,15_72,es,2010-02-19,,67301.94
6,2_16,es,2010-02-19,,11495.54
7,19_9,es,2010-02-19,,14887.6
7,18_72,es,2010-02-19,,112679.67
3,32_90,es,2010-02-19,,59754.28
6,22_38,es,2010-02-19,,57065.04
7,9_38,es,2010-02-19,,73690.21
4,16_72,es,2010-02-19,,35696.22
7,10_72,es,2010-02-19,,184982.01
6,1_1,es,2010-02-19,,41595.55
4,31_46,es,2010-02-19,,27171.3
4,36_95,es,2010-02-19,,39992.16
7,10_40,es,2010-02-19,,111314.39
5,30_92,es,2010-02-19,,55925.03
4,11_46,es,2010-02-19,,30611.64
2,41_91,es,2010-02-19,,48524.87
1,4_9,es,2010-02-19,,23622.09
6,2_2,es,2010-02-19,,70853.58
3,32_95,es,2010-02-19,,73601.45
4,30_95,es,2010-02-19,,44857.79
1,26_4,es,2010-02-19,,22375.12
3,16_38,es,2010-02-19,,49663.5
6,11_95,es,2010-02-19,,74510.14
2,22_9,es,2010-02-19,,17847.71
6,11_92,es,2010-02-19,,80379.19
4,11_74,es,2010-02-19,,28928.04
5,11_13,es,2010-02-19,,42856.85
7,12_40,es,2010-02-19,,51774.1
7,7_40,es,2010-02-19,,36532.91
5,41_40,es,2010-02-19,,49926.65
5,43_38,es,2010-02-19,,52487.53
1,10_23,es,2010-02-19,,67510.76
6,20_92,es,2010-02-19,,164314.29
4,28_91,es,2010-02-19,,53829.31
3,17_4,es,2010-02-19,,18594.79
6,18_74,es,2010-02-19,,20764.51
6,19_23,es,2010-02-19,,25698.04
7,13_4,es,2010-02-19,,38877.77
7,13_91,es,2010-02-19,,90037.67
6,23_40,es,2010-02-19,,66990.17
5,32_92,es,2010-02-19,,95023.7
5,6_38,es,2010-02-19,,103021.56
2,12_8,es,2010-02-19,,43092.57
2,10_16,es,2010-02-19,,33321.92
1,14_91,es,2010-02-19,,99812.11
1,20_91,es,2010-02-19,,88301.86
2,27_80,es,2010-02-19,,29689.95
5,22_40,es,2010-02-19,,55734.66
2,20_9,es,2010-02-19,,20358.48
3,14_1,es,2010-02-19,,35163.18
6,30_91,es,2010-02-19,,32836.35
3,38_38,es,2010-02-19,,39096
4,13_23,es,2010-02-19,,26664.29
7,1_38,es,2010-02-19,,98672.59
1,11_7,es,2010-02-19,,27514.86
2,10_38,es,2010-02-19,,92035.9
5,23_92,es,2010-02-19,,43278.5
2,21_72,es,2010-02-19,,63156.21
6,20_90,es,2010-02-19,,96080.26
1,2_87,es,2010-02-19,,31662.95
2,3_72,es,2010-02-19,,30252.66
2,4_95,es,2010-02-19,,125396.47
7,24_87,es,2010-02-19,,22838.88
6,23_22,es,2010-02-19,,22749.7
2,37_95,es,2010-02-19,,47701.8
1,34_91,es,2010-02-19,,33421.43
1,4_8,es,2010-02-19,,67007.65
7,16_95,es,2010-02-19,,20433.76
6,10_34,es,2010-02-19,,55037.66
3,44_94,es,2010-02-19,,21975.18
5,40_4,es,2010-02-26,,20609.53
4,10_5,es,2010-02-26,,56750.43
2,23_16,es,2010-02-26,,6595.26
6,13_13,es,2010-02-26,,47826.51
6,29_40,es,2010-02-26,,26065.39
6,23_74,es,2010-02-26,,30426.63
4,1_97,es,2010-02-26,,28457.31
6,16_40,es,2010-02-26,,33763.57
2,40_2,es,2010-02-26,,24338.23
2,24_90,es,2010-02-26,,61811.89
4,23_72,es,2010-02-26,,81875.05
7,31_13,es,2010-02-26,,42684.62
6,26_40,es,2010-02-26,,35015.57
4,20_7,es,2010-02-26,,26483.03
1,19_2,es,2010-02-26,,49014.17
6,6_72,es,2010-02-26,,78522.57
4,26_92,es,2010-02-26,,71127.2
7,2_81,es,2010-02-26,,29834.16
6,17_95,es,2010-02-26,,40820.05
4,31_2,es,2010-02-26,,56767.26
3,4_94,es,2010-02-26,,58584.93
1,35_14,es,2010-02-26,,32728.78
4,11_93,es,2010-02-26,,25648.84
5,6_96,es,2010-02-26,,23474.78
6,45_13,es,2010-02-26,,29454.72
3,12_34,es,2010-02-26,,25946.87
6,42_38,es,2010-02-26,,36013.75
6,4_96,es,2010-02-26,,26314.44
1,6_93,es,2010-02-26,,34728.96
7,14_2,es,2010-02-26,,78941.75
7,15_72,es,2010-02-26,,52281.05
3,2_16,es,2010-02-26,,12558.37
4,19_9,es,2010-02-26,,12618.37
6,18_72,es,2010-02-26,,84118.68
3,32_90,es,2010-02-26,,60150.19
7,22_38,es,2010-02-26,,56221.39
1,9_38,es,2010-02-26,,68142.15
7,16_72,es,2010-02-26,,34627.14
6,10_72,es,2010-02-26,,186002.43
5,1_1,es,2010-02-26,,19403.54
1,31_46,es,2010-02-26,,25839.06
5,36_95,es,2010-02-26,,37021.27
2,10_40,es,2010-02-26,,112665.97
7,30_92,es,2010-02-26,,60293.6
7,11_46,es,2010-02-26,,26162.8
2,41_91,es,2010-02-26,,49688.56
6,4_9,es,2010-02-26,,22819.83
5,2_2,es,2010-02-26,,64963.9
5,32_95,es,2010-02-26,,77573.15
5,30_95,es,2010-02-26,,48216.18
7,26_4,es,2010-02-26,,20547.32
2,16_38,es,2010-02-26,,48213.68
1,11_95,es,2010-02-26,,71243.49
3,22_9,es,2010-02-26,,14520.94
2,11_92,es,2010-02-26,,72607.99
2,11_74,es,2010-02-26,,31046.81
3,11_13,es,2010-02-26,,41589.51
6,12_40,es,2010-02-26,,54002.66
5,7_40,es,2010-02-26,,37003.74
3,41_40,es,2010-02-26,,49657.77
4,43_38,es,2010-02-26,,59594.72
3,10_23,es,2010-02-26,,65713.39
1,20_92,es,2010-02-26,,147699.66
7,28_91,es,2010-02-26,,58175.01
5,17_4,es,2010-02-26,,20544.25
6,18_74,es,2010-02-26,,20864.68
2,19_23,es,2010-02-26,,21394.1
6,13_4,es,2010-02-26,,37759.08
5,13_91,es,2010-02-26,,81456.01
4,23_40,es,2010-02-26,,63317.57
6,32_92,es,2010-02-26,,98519.93
7,6_38,es,2010-02-26,,99082.28
7,12_8,es,2010-02-26,,43064.61
3,10_16,es,2010-02-26,,27773.67
1,14_91,es,2010-02-26,,110977.72
4,20_91,es,2010-02-26,,79501.24
3,27_80,es,2010-02-26,,23218.74
7,22_40,es,2010-02-26,,50550
6,20_9,es,2010-02-26,,16618.3
2,14_1,es,2010-02-26,,21433.52
3,30_91,es,2010-02-26,,34684.91
2,38_38,es,2010-02-26,,40188.28
6,13_23,es,2010-02-26,,24541.31
1,1_38,es,2010-02-26,,92755.59
7,11_7,es,2010-02-26,,29531.5
2,10_38,es,2010-02-26,,87217.6
4,23_92,es,2010-02-26,,45953.18
5,21_72,es,2010-02-26,,55346.96
7,20_90,es,2010-02-26,,89634.63
2,2_87,es,2010-02-26,,24085.9
3,3_72,es,2010-02-26,,20911.18
6,4_95,es,2010-02-26,,120345.62
6,24_87,es,2010-02-26,,19761.99
6,23_22,es,2010-02-26,,21912.3
5,37_95,es,2010-02-26,,49070.65
6,34_91,es,2010-02-26,,32314.98
3,4_8,es,2010-02-26,,66705.03
7,16_95,es,2010-02-26,,21184.04
2,10_34,es,2010-02-26,,51278.37
2,44_94,es,2010-02-26,,20619.15
1,40_4,es,2010-03-05,,25311.53
4,10_5,es,2010-03-05,,62991.98
3,23_16,es,2010-03-05,,7835.69
4,13_13,es,2010-03-05,,53915.97
3,29_40,es,2010-03-05,,28976.24
7,23_74,es,2010-03-05,,31349.11
5,1_97,es,2010-03-05,,31576.47
4,16_40,es,2010-03-05,,34182.25
7,40_2,es,2010-03-05,,25673.66
6,24_90,es,2010-03-05,,73524.48
6,23_72,es,2010-03-05,,76042.23
2,31_13,es,2010-03-05,,43321.34
5,26_40,es,2010-03-05,,40794.21
6,20_7,es,2010-03-05,,33152.1
6,19_2,es,2010-03-05,,55814.15
1,6_72,es,2010-03-05,,78699.59
5,26_92,es,2010-03-05,,91305.17
3,2_81,es,2010-03-05,,31887.2
3,17_95,es,2010-03-05,,43743.24
2,31_2,es,2010-03-05,,57112.57
7,4_94,es,2010-03-05,,61700.46
2,35_14,es,2010-03-05,,42013.27
7,11_93,es,2010-03-05,,27901.41
1,6_96,es,2010-03-05,,25964.87
6,45_13,es,2010-03-05,,30499.5
2,12_34,es,2010-03-05,,27605.02
6,42_38,es,2010-03-05,,46493.78
3,4_96,es,2010-03-05,,27795.83
4,6_93,es,2010-03-05,,38419.08
5,14_2,es,2010-03-05,,87081.07
7,15_72,es,2010-03-05,,52561.19
6,2_16,es,2010-03-05,,21957.34
1,19_9,es,2010-03-05,,15032.2
5,18_72,es,2010-03-05,,103226.76
3,32_90,es,2010-03-05,,60557.79
5,22_38,es,2010-03-05,,60440.14
5,9_38,es,2010-03-05,,88761.58
3,16_72,es,2010-03-05,,29102.18
4,10_72,es,2010-03-05,,191989.54
7,1_1,es,2010-03-05,,21827.9
6,31_46,es,2010-03-05,,25334.1
4,36_95,es,2010-03-05,,41404.58
4,10_40,es,2010-03-05,,115748.81
1,30_92,es,2010-03-05,,56688.76
1,11_46,es,2010-03-05,,28887.77
1,41_91,es,2010-03-05,,52832.79
3,4_9,es,2010-03-05,,20225.33
2,2_2,es,2010-03-05,,68428.64
4,32_95,es,2010-03-05,,78414.77
6,30_95,es,2010-03-05,,48201.58
2,26_4,es,2010-03-05,,23911.15
6,16_38,es,2010-03-05,,51112.67
1,11_95,es,2010-03-05,,73862.23
6,22_9,es,2010-03-05,,15676.46
2,11_92,es,2010-03-05,,81556.04
3,11_74,es,2010-03-05,,30115.11
7,11_13,es,2010-03-05,,44409.45
2,12_40,es,2010-03-05,,54195.37
5,7_40,es,2010-03-05,,35610.73
3,41_40,es,2010-03-05,,50565.33
6,43_38,es,2010-03-05,,55784.4
2,10_23,es,2010-03-05,,60292.15
4,20_92,es,2010-03-05,,169171.18
6,28_91,es,2010-03-05,,78343.56
3,17_4,es,2010-03-05,,20543.28
2,18_74,es,2010-03-05,,25964.36
2,19_23,es,2010-03-05,,24094.81
3,13_4,es,2010-03-05,,41168.21
3,13_91,es,2010-03-05,,86624.04
5,23_40,es,2010-03-05,,71968.5
7,32_92,es,2010-03-05,,100472.29
2,6_38,es,2010-03-05,,119812.38
1,12_8,es,2010-03-05,,44649.9
2,10_16,es,2010-03-05,,35227.56
1,14_91,es,2010-03-05,,116031.38
2,20_91,es,2010-03-05,,86908.59
2,27_80,es,2010-03-05,,20128.88
2,22_40,es,2010-03-05,,60016.33
2,20_9,es,2010-03-05,,19429.11
7,14_1,es,2010-03-05,,26460.12
3,30_91,es,2010-03-05,,35169.68
5,38_38,es,2010-03-05,,38381.49
7,13_23,es,2010-03-05,,25819
6,1_38,es,2010-03-05,,108282.86
7,11_7,es,2010-03-05,,28283.46
3,10_38,es,2010-03-05,,89068.56
4,23_92,es,2010-03-05,,49416.21
2,21_72,es,2010-03-05,,50898.24
1,20_90,es,2010-03-05,,96401.41
7,2_87,es,2010-03-05,,29758.29
4,3_72,es,2010-03-05,,20625.87
7,4_95,es,2010-03-05,,127927.31
1,24_87,es,2010-03-05,,27789.42
3,23_22,es,2010-03-05,,17705.56
4,37_95,es,2010-03-05,,50092.04
6,34_91,es,2010-03-05,,30503.82
6,4_8,es,2010-03-05,,71817.79
5,16_95,es,2010-03-05,,21517.3
1,10_34,es,2010-03-05,,47582.47
7,44_94,es,2010-03-05,,22988.21
4,40_4,es,2010-03-12,,21921.82
5,10_5,es,2010-03-12,,77866.56
1,23_16,es,2010-03-12,,13358.38
3,13_13,es,2010-03-12,,47166.23
1,29_40,es,2010-03-12,,28317.3
3,23_74,es,2010-03-12,,36318.67
5,1_97,es,2010-03-12,,31197.12
7,16_40,es,2010-03-12,,32460.44
3,40_2,es,2010-03-12,,24345.43
1,24_90,es,2010-03-12,,69360.4
5,23_72,es,2010-03-12,,104909.72
4,31_13,es,2010-03-12,,42558.84
5,26_40,es,2010-03-12,,36544.77
5,20_7,es,2010-03-12,,33205.4
1,19_2,es,2010-03-12,,50823.55
7,6_72,es,2010-03-12,,73425.74
4,26_92,es,2010-03-12,,80604.61
5,2_81,es,2010-03-12,,31610.78
4,17_95,es,2010-03-12,,40253.34
1,31_2,es,2010-03-12,,55363.86
3,4_94,es,2010-03-12,,59686.16
5,35_14,es,2010-03-12,,38764.04
2,11_93,es,2010-03-12,,27581.85
4,6_96,es,2010-03-12,,26602.33
1,45_13,es,2010-03-12,,30721.83
3,12_34,es,2010-03-12,,20962.07
6,42_38,es,2010-03-12,,42847.78
7,4_96,es,2010-03-12,,29815.58
1,6_93,es,2010-03-12,,38534.99
2,14_2,es,2010-03-12,,82983
5,15_72,es,2010-03-12,,45457.17
6,2_16,es,2010-03-12,,25826.56
1,19_9,es,2010-03-12,,15278.77
3,18_72,es,2010-03-12,,85954.35
2,32_90,es,2010-03-12,,60103.03
6,22_38,es,2010-03-12,,65326.4
2,9_38,es,2010-03-12,,79396.39
1,16_72,es,2010-03-12,,29674.98
1,10_72,es,2010-03-12,,154980.2
1,1_1,es,2010-03-12,,21043.39
3,31_46,es,2010-03-12,,25469.85
5,36_95,es,2010-03-12,,39707.81
6,10_40,es,2010-03-12,,110799.47
6,30_92,es,2010-03-12,,56827.95
6,11_46,es,2010-03-12,,25917.03
6,41_91,es,2010-03-12,,49224.45
6,4_9,es,2010-03-12,,22908.47
1,2_2,es,2010-03-12,,66622.03
1,32_95,es,2010-03-12,,81452.35
1,30_95,es,2010-03-12,,49600.58
4,26_4,es,2010-03-12,,21565.09
4,16_38,es,2010-03-12,,54081.75
2,11_95,es,2010-03-12,,76992.46
1,22_9,es,2010-03-12,,21216.06
5,11_92,es,2010-03-12,,76351.79
1,11_74,es,2010-03-12,,23834.94
2,11_13,es,2010-03-12,,39058.4
7,12_40,es,2010-03-12,,49738.83
3,7_40,es,2010-03-12,,34232.39
2,41_40,es,2010-03-12,,47136.96
7,43_38,es,2010-03-12,,51057.11
2,10_23,es,2010-03-12,,60839.76
1,20_92,es,2010-03-12,,161433.3
1,28_91,es,2010-03-12,,57318.28
2,17_4,es,2010-03-12,,18987.08
2,18_74,es,2010-03-12,,23885.19
6,19_23,es,2010-03-12,,25044.7
1,13_4,es,2010-03-12,,37180.08
4,13_91,es,2010-03-12,,83801.27
6,23_40,es,2010-03-12,,68045.45
7,32_92,es,2010-03-12,,97884.01
4,6_38,es,2010-03-12,,98939.77
4,12_8,es,2010-03-12,,42655.79
3,10_16,es,2010-03-12,,34864.4
2,14_91,es,2010-03-12,,107590.14
1,20_91,es,2010-03-12,,87656.02
5,27_80,es,2010-03-12,,29109.34
7,22_40,es,2010-03-12,,52794.94
3,20_9,es,2010-03-12,,22681.91
7,14_1,es,2010-03-12,,32663.77
3,30_91,es,2010-03-12,,33312.9
5,38_38,es,2010-03-12,,35888.75
4,13_23,es,2010-03-12,,25260.82
1,1_38,es,2010-03-12,,98175.35
4,11_7,es,2010-03-12,,27246.04
2,10_38,es,2010-03-12,,84726.34
4,23_92,es,2010-03-12,,43538.94
1,21_72,es,2010-03-12,,47847.4
3,20_90,es,2010-03-12,,91328.76
1,2_87,es,2010-03-12,,23946.24
7,3_72,es,2010-03-12,,16175.51
2,4_95,es,2010-03-12,,127596.11
2,24_87,es,2010-03-12,,22303.35
6,23_22,es,2010-03-12,,24638.06
1,37_95,es,2010-03-12,,50559.31
1,34_91,es,2010-03-12,,32867.98
1,4_8,es,2010-03-12,,63653.75
3,16_95,es,2010-03-12,,22401.7
5,10_34,es,2010-03-12,,44204.37
3,44_94,es,2010-03-12,,22511.53
2,40_4,es,2010-03-19,,21356.97
6,10_5,es,2010-03-19,,65958.62
5,23_16,es,2010-03-19,,15401.41
2,13_13,es,2010-03-19,,44229.72
5,29_40,es,2010-03-19,,25958.64
7,23_74,es,2010-03-19,,29515.91
2,1_97,es,2010-03-19,,31733.15
4,16_40,es,2010-03-19,,36986.62
6,40_2,es,2010-03-19,,23987.48
7,24_90,es,2010-03-19,,62178.07
1,23_72,es,2010-03-19,,58704.8
6,31_13,es,2010-03-19,,40104.38
1,26_40,es,2010-03-19,,33419.33
2,20_7,es,2010-03-19,,37623.52
7,19_2,es,2010-03-19,,46815.76
4,6_72,es,2010-03-19,,71927.91
2,26_92,es,2010-03-19,,70355.46
5,2_81,es,2010-03-19,,32060.11
2,17_95,es,2010-03-19,,41387.61
1,31_2,es,2010-03-19,,54596.56
1,4_94,es,2010-03-19,,63170.86
1,35_14,es,2010-03-19,,39623.81
7,11_93,es,2010-03-19,,28996.36
2,6_96,es,2010-03-19,,33828.78
7,45_13,es,2010-03-19,,27250.43
6,12_34,es,2010-03-19,,25596.46
1,42_38,es,2010-03-19,,44138.54
3,4_96,es,2010-03-19,,30750.04
5,6_93,es,2010-03-19,,42647.84
5,14_2,es,2010-03-19,,80887.4
2,15_72,es,2010-03-19,,41642.94
3,2_16,es,2010-03-19,,45310.9
1,19_9,es,2010-03-19,,18941.04
6,18_72,es,2010-03-19,,65916.7
4,32_90,es,2010-03-19,,61443.85
6,22_38,es,2010-03-19,,59826.02
7,9_38,es,2010-03-19,,73670.7
3,16_72,es,2010-03-19,,28238.85
5,10_72,es,2010-03-19,,136327.27
6,1_1,es,2010-03-19,,22136.64
2,31_46,es,2010-03-19,,24739.31
3,36_95,es,2010-03-19,,41078.26
7,10_40,es,2010-03-19,,107603.92
3,30_92,es,2010-03-19,,52671.3
2,11_46,es,2010-03-19,,27032.45
7,41_91,es,2010-03-19,,47351.03
5,4_9,es,2010-03-19,,25605.16
7,2_2,es,2010-03-19,,64307.01
7,32_95,es,2010-03-19,,82611.18
4,30_95,es,2010-03-19,,48333.06
7,26_4,es,2010-03-19,,21356.44
5,16_38,es,2010-03-19,,44556.46
5,11_95,es,2010-03-19,,79711.33
2,22_9,es,2010-03-19,,20895.42
7,11_92,es,2010-03-19,,74679.8
7,11_74,es,2010-03-19,,24224.31
7,11_13,es,2010-03-19,,39740.77
5,12_40,es,2010-03-19,,49306.91
2,7_40,es,2010-03-19,,41935.48
1,41_40,es,2010-03-19,,49368.97
1,43_38,es,2010-03-19,,55198.07
2,10_23,es,2010-03-19,,63581.08
2,20_92,es,2010-03-19,,148157.28
5,28_91,es,2010-03-19,,51745.72
5,17_4,es,2010-03-19,,18057.73
4,18_74,es,2010-03-19,,21729.08
3,19_23,es,2010-03-19,,23926.92
3,13_4,es,2010-03-19,,36196.66
6,13_91,es,2010-03-19,,86735.05
2,23_40,es,2010-03-19,,64073.61
6,32_92,es,2010-03-19,,96131.44
2,6_38,es,2010-03-19,,86060.84
5,12_8,es,2010-03-19,,41202.6
3,10_16,es,2010-03-19,,48984.39
3,14_91,es,2010-03-19,,98433.36
5,20_91,es,2010-03-19,,79699.02
6,27_80,es,2010-03-19,,25864.59
3,22_40,es,2010-03-19,,52250.37
1,20_9,es,2010-03-19,,32114.81
5,14_1,es,2010-03-19,,38671.81
1,30_91,es,2010-03-19,,33548.69
6,38_38,es,2010-03-19,,45208.18
5,13_23,es,2010-03-19,,27496.67
6,1_38,es,2010-03-19,,71165.72
3,11_7,es,2010-03-19,,30104.67
6,10_38,es,2010-03-19,,86650.4
1,23_92,es,2010-03-19,,40764.8
2,21_72,es,2010-03-19,,45914.19
1,20_90,es,2010-03-19,,88775
1,2_87,es,2010-03-19,,23225.17
7,3_72,es,2010-03-19,,17738.47
1,4_95,es,2010-03-19,,136953.69
7,24_87,es,2010-03-19,,20193.03
1,23_22,es,2010-03-19,,18914.13
7,37_95,es,2010-03-19,,46051.74
3,34_91,es,2010-03-19,,31866.03
2,4_8,es,2010-03-19,,63266.15
2,16_95,es,2010-03-19,,26417.06
7,10_34,es,2010-03-19,,48889
3,44_94,es,2010-03-19,,22113.94
5,40_4,es,2010-03-26,,21865.7
1,10_5,es,2010-03-26,,107445.17
4,23_16,es,2010-03-26,,16826.62
4,13_13,es,2010-03-26,,44837.89
3,29_40,es,2010-03-26,,27258.1
2,23_74,es,2010-03-26,,28431.21
2,1_97,es,2010-03-26,,30294.48
4,16_40,es,2010-03-26,,35604.16
6,40_2,es,2010-03-26,,23886.96
7,24_90,es,2010-03-26,,63730.32
1,23_72,es,2010-03-26,,48503.2
6,31_13,es,2010-03-26,,38282.57
7,26_40,es,2010-03-26,,37680.61
7,20_7,es,2010-03-26,,46295.55
3,19_2,es,2010-03-26,,52082.97
6,6_72,es,2010-03-26,,59922.33
4,26_92,es,2010-03-26,,69547.55
7,2_81,es,2010-03-26,,28639.43
7,17_95,es,2010-03-26,,41257.78
3,31_2,es,2010-03-26,,51234.03
3,4_94,es,2010-03-26,,60655.55
5,35_14,es,2010-03-26,,36515.82
7,11_93,es,2010-03-26,,26711.14
2,6_96,es,2010-03-26,,26812.59
1,45_13,es,2010-03-26,,27145.45
5,12_34,es,2010-03-26,,22862.94
1,42_38,es,2010-03-26,,35260.23
1,4_96,es,2010-03-26,,28815.38
5,6_93,es,2010-03-26,,33726.51
4,14_2,es,2010-03-26,,78560.16
5,15_72,es,2010-03-26,,34463.9
7,2_16,es,2010-03-26,,22084.09
5,19_9,es,2010-03-26,,19834.11
4,18_72,es,2010-03-26,,71311.57
6,32_90,es,2010-03-26,,59200.99
7,22_38,es,2010-03-26,,61154.03
3,9_38,es,2010-03-26,,73889.84
1,16_72,es,2010-03-26,,32692.19
7,10_72,es,2010-03-26,,113134.3
4,1_1,es,2010-03-26,,26229.21
2,31_46,es,2010-03-26,,23813.85
1,36_95,es,2010-03-26,,34789.32
7,10_40,es,2010-03-26,,106023.55
3,30_92,es,2010-03-26,,53428.72
2,11_46,es,2010-03-26,,24319.88
5,41_91,es,2010-03-26,,46431.31
5,4_9,es,2010-03-26,,21992.28
3,2_2,es,2010-03-26,,59770.18
4,32_95,es,2010-03-26,,79962.08
5,30_95,es,2010-03-26,,47090.23
2,26_4,es,2010-03-26,,22582.9
2,16_38,es,2010-03-26,,53731.91
4,11_95,es,2010-03-26,,73956.98
7,22_9,es,2010-03-26,,25360.37
2,11_92,es,2010-03-26,,68681.84
5,11_74,es,2010-03-26,,20249.43
5,11_13,es,2010-03-26,,36409.25
4,12_40,es,2010-03-26,,53622.47
6,7_40,es,2010-03-26,,36499.02
3,41_40,es,2010-03-26,,45577.61
2,43_38,es,2010-03-26,,56102.79
5,10_23,es,2010-03-26,,56374.39
1,20_92,es,2010-03-26,,131205.08
6,28_91,es,2010-03-26,,47620.78
6,17_4,es,2010-03-26,,19930.94
3,18_74,es,2010-03-26,,18485.08
4,19_23,es,2010-03-26,,22379.5
3,13_4,es,2010-03-26,,35997.12
1,13_91,es,2010-03-26,,76888.06
4,23_40,es,2010-03-26,,64704.93
4,32_92,es,2010-03-26,,92673.23
3,6_38,es,2010-03-26,,101113.08
2,12_8,es,2010-03-26,,41296.94
1,10_16,es,2010-03-26,,49448.06
5,14_91,es,2010-03-26,,89815.09
3,20_91,es,2010-03-26,,66730.46
3,27_80,es,2010-03-26,,26588.7
2,22_40,es,2010-03-26,,53570.46
5,20_9,es,2010-03-26,,33246.59
3,14_1,es,2010-03-26,,52458.18
5,30_91,es,2010-03-26,,35253.75
7,38_38,es,2010-03-26,,36102.75
3,13_23,es,2010-03-26,,27495.39
4,1_38,es,2010-03-26,,95855.41
4,11_7,es,2010-03-26,,28172.51
4,10_38,es,2010-03-26,,91895.04
3,23_92,es,2010-03-26,,43243.79
4,21_72,es,2010-03-26,,44311.16
1,20_90,es,2010-03-26,,83406.62
7,2_87,es,2010-03-26,,22366.36
2,3_72,es,2010-03-26,,12459.66
6,4_95,es,2010-03-26,,120024.16
1,24_87,es,2010-03-26,,19087.15
3,23_22,es,2010-03-26,,17526.31
6,37_95,es,2010-03-26,,50390.7
4,34_91,es,2010-03-26,,30109.09
2,4_8,es,2010-03-26,,64294.52
1,16_95,es,2010-03-26,,22241.91
2,10_34,es,2010-03-26,,45698.2
7,44_94,es,2010-03-26,,22106.84
7,40_4,es,2010-04-02,,23860.81
6,10_5,es,2010-04-02,,88914.18
7,23_16,es,2010-04-02,,22291.23
3,13_13,es,2010-04-02,,46320.91
7,29_40,es,2010-04-02,,26939.54
2,23_74,es,2010-04-02,,29600.01
2,1_97,es,2010-04-02,,30149.2
7,16_40,es,2010-04-02,,32144.26
3,40_2,es,2010-04-02,,25791.04
3,24_90,es,2010-04-02,,76430.99
5,23_72,es,2010-04-02,,60193.48
4,31_13,es,2010-04-02,,39514.74
3,26_40,es,2010-04-02,,35334.94
3,20_7,es,2010-04-02,,79696.7
6,19_2,es,2010-04-02,,53226.53
5,6_72,es,2010-04-02,,65701.31
3,26_92,es,2010-04-02,,76722.81
4,2_81,es,2010-04-02,,32613.74
3,17_95,es,2010-04-02,,43855.56
6,31_2,es,2010-04-02,,53985.18
4,4_94,es,2010-04-02,,68487.26
1,35_14,es,2010-04-02,,40128.68
1,11_93,es,2010-04-02,,30639.66
5,6_96,es,2010-04-02,,34484.93
6,45_13,es,2010-04-02,,28909.89
5,12_34,es,2010-04-02,,20614.29
3,42_38,es,2010-04-02,,37496.16
1,4_96,es,2010-04-02,,33876.73
5,6_93,es,2010-04-02,,45740.55
2,14_2,es,2010-04-02,,84278.19
7,15_72,es,2010-04-02,,28666.75
7,2_16,es,2010-04-02,,48041.98
6,19_9,es,2010-04-02,,32647.22
3,18_72,es,2010-04-02,,75273.85
3,32_90,es,2010-04-02,,58697.24
7,22_38,es,2010-04-02,,59923.89
6,9_38,es,2010-04-02,,69583.72
7,16_72,es,2010-04-02,,26098.49
1,10_72,es,2010-04-02,,123509.08
5,1_1,es,2010-04-02,,57258.43
7,31_46,es,2010-04-02,,24777.8
2,36_95,es,2010-04-02,,39290.87
1,10_40,es,2010-04-02,,111080.02
3,30_92,es,2010-04-02,,53066.05
6,11_46,es,2010-04-02,,28635.23
6,41_91,es,2010-04-02,,49926.79
2,4_9,es,2010-04-02,,28014.73
1,2_2,es,2010-04-02,,68286.2
6,32_95,es,2010-04-02,,78168.55
3,30_95,es,2010-04-02,,46197.36
3,26_4,es,2010-04-02,,22554.07
2,16_38,es,2010-04-02,,57605.39
4,11_95,es,2010-04-02,,78406.82
6,22_9,es,2010-04-02,,24429.44
5,11_92,es,2010-04-02,,75746.77
1,11_74,es,2010-04-02,,21560.57
2,11_13,es,2010-04-02,,41038.95
5,12_40,es,2010-04-02,,48274.91
2,7_40,es,2010-04-02,,36930.75
7,41_40,es,2010-04-02,,46813.66
3,43_38,es,2010-04-02,,45061.04
1,10_23,es,2010-04-02,,65193.33
2,20_92,es,2010-04-02,,163022.59
1,28_91,es,2010-04-02,,67864.09
5,17_4,es,2010-04-02,,19358.17
1,18_74,es,2010-04-02,,23063.82
1,19_23,es,2010-04-02,,27232.71
2,13_4,es,2010-04-02,,39912.69
5,13_91,es,2010-04-02,,80845.98
7,23_40,es,2010-04-02,,68736.22
7,32_92,es,2010-04-02,,92755.98
5,6_38,es,2010-04-02,,93885.24
7,12_8,es,2010-04-02,,44480.2
4,10_16,es,2010-04-02,,47481.02
6,14_91,es,2010-04-02,,103518.43
3,20_91,es,2010-04-02,,74424.09
5,27_80,es,2010-04-02,,25643.98
3,22_40,es,2010-04-02,,52916.37
7,20_9,es,2010-04-02,,45696.73
6,14_1,es,2010-04-02,,148029.47
1,30_91,es,2010-04-02,,33663.44
5,38_38,es,2010-04-02,,47183.53
4,13_23,es,2010-04-02,,28581.54
3,1_38,es,2010-04-02,,101566.87
3,11_7,es,2010-04-02,,42652.42
4,10_38,es,2010-04-02,,89666.77
2,23_92,es,2010-04-02,,44928.05
4,21_72,es,2010-04-02,,38901.47
7,20_90,es,2010-04-02,,104409.09
2,2_87,es,2010-04-02,,21699.72
4,3_72,es,2010-04-02,,11831.74
7,4_95,es,2010-04-02,,129584.12
5,24_87,es,2010-04-02,,26012.54
1,23_22,es,2010-04-02,,20369.6
1,37_95,es,2010-04-02,,49423.13
2,34_91,es,2010-04-02,,30310.38
3,4_8,es,2010-04-02,,67998.34
4,16_95,es,2010-04-02,,22053.57
7,10_34,es,2010-04-02,,55161.13
4,44_94,es,2010-04-02,,23199.41
7,40_4,es,2010-04-09,,21321.64
7,10_5,es,2010-04-09,,70232.42
5,23_16,es,2010-04-09,,35984.55
2,13_13,es,2010-04-09,,45766.63
5,29_40,es,2010-04-09,,28526.61
6,23_74,es,2010-04-09,,31419.72
6,1_97,es,2010-04-09,,32544.27
1,16_40,es,2010-04-09,,29778.53
2,40_2,es,2010-04-09,,23950.61
3,24_90,es,2010-04-09,,65806.16
2,23_72,es,2010-04-09,,54651.39
4,31_13,es,2010-04-09,,42348.88
3,26_40,es,2010-04-09,,37135.64
3,20_7,es,2010-04-09,,48588.65
1,19_2,es,2010-04-09,,51474.94
4,6_72,es,2010-04-09,,74329.29
3,26_92,es,2010-04-09,,82468.69
7,2_81,es,2010-04-09,,31396.1
6,17_95,es,2010-04-09,,36393.29
4,31_2,es,2010-04-09,,58804.19
1,4_94,es,2010-04-09,,65640.23
4,35_14,es,2010-04-09,,36775.41
1,11_93,es,2010-04-09,,40680.47
3,6_96,es,2010-04-09,,32352.79
3,45_13,es,2010-04-09,,26348.98
1,12_34,es,2010-04-09,,27757.85
3,42_38,es,2010-04-09,,44996.29
4,4_96,es,2010-04-09,,28853.05
5,6_93,es,2010-04-09,,46551.02
1,14_2,es,2010-04-09,,80250.57
7,15_72,es,2010-04-09,,29172.35
2,2_16,es,2010-04-09,,58887.31
6,19_9,es,2010-04-09,,27514.43
4,18_72,es,2010-04-09,,62019.25
1,32_90,es,2010-04-09,,58541.71
6,22_38,es,2010-04-09,,76940.35
7,9_38,es,2010-04-09,,84788.93
1,16_72,es,2010-04-09,,21272.16
6,10_72,es,2010-04-09,,135260.84
7,1_1,es,2010-04-09,,42960.91
1,31_46,es,2010-04-09,,24721.68
1,36_95,es,2010-04-09,,42675.12
3,10_40,es,2010-04-09,,110709.39
1,30_92,es,2010-04-09,,51424.78
1,11_46,es,2010-04-09,,27938.7
5,41_91,es,2010-04-09,,47409.13
3,4_9,es,2010-04-09,,29710.35
5,2_2,es,2010-04-09,,64295.22
3,32_95,es,2010-04-09,,80424.75
3,30_95,es,2010-04-09,,47239.51
5,26_4,es,2010-04-09,,22425.34
1,16_38,es,2010-04-09,,51162.1
2,11_95,es,2010-04-09,,88473.16
2,22_9,es,2010-04-09,,28531.86
3,11_92,es,2010-04-09,,85418.24
5,11_74,es,2010-04-09,,23338.69
2,11_13,es,2010-04-09,,42217.48
2,12_40,es,2010-04-09,,48803.82
4,7_40,es,2010-04-09,,31800.91
6,41_40,es,2010-04-09,,47781.91
2,43_38,es,2010-04-09,,57031.7
2,10_23,es,2010-04-09,,65180.81
4,20_92,es,2010-04-09,,141224.11
7,28_91,es,2010-04-09,,59796.44
3,17_4,es,2010-04-09,,20556.35
1,18_74,es,2010-04-09,,23509.18
7,19_23,es,2010-04-09,,26723.6
6,13_4,es,2010-04-09,,37302.64
5,13_91,es,2010-04-09,,78505.5
3,23_40,es,2010-04-09,,65751.1
2,32_92,es,2010-04-09,,91971.5
2,6_38,es,2010-04-09,,105448.82
1,12_8,es,2010-04-09,,42758.39
4,10_16,es,2010-04-09,,53134.11
5,14_91,es,2010-04-09,,92278.55
7,20_91,es,2010-04-09,,73641.08
3,27_80,es,2010-04-09,,26919.53
4,22_40,es,2010-04-09,,52191.17
4,20_9,es,2010-04-09,,38939.4
6,14_1,es,2010-04-09,,74278.88
4,30_91,es,2010-04-09,,31735.24
5,38_38,es,2010-04-09,,30295.01
2,13_23,es,2010-04-09,,26189.43
6,1_38,es,2010-04-09,,98689.46
7,11_7,es,2010-04-09,,35095.89
2,10_38,es,2010-04-09,,84473.01
1,23_92,es,2010-04-09,,38229.72
7,21_72,es,2010-04-09,,44177.37
3,20_90,es,2010-04-09,,83414.37
6,2_87,es,2010-04-09,,19679.85
7,3_72,es,2010-04-09,,11840.67
7,4_95,es,2010-04-09,,125997.19
5,24_87,es,2010-04-09,,22932.82
3,23_22,es,2010-04-09,,13483.94
2,37_95,es,2010-04-09,,47690.15
6,34_91,es,2010-04-09,,32065.88
3,4_8,es,2010-04-09,,58908.32
6,16_95,es,2010-04-09,,19289.41
6,10_34,es,2010-04-09,,53495.71
4,44_94,es,2010-04-09,,23491.76
2,40_4,es,2010-04-16,,22288.3
3,10_5,es,2010-04-16,,43362.27
4,23_16,es,2010-04-16,,37830.5
7,13_13,es,2010-04-16,,47462.98
1,29_40,es,2010-04-16,,28491.09
5,23_74,es,2010-04-16,,31072.89
4,1_97,es,2010-04-16,,33866.82
1,16_40,es,2010-04-16,,29297.67
3,40_2,es,2010-04-16,,25355.47
7,24_90,es,2010-04-16,,63443.01
4,23_72,es,2010-04-16,,61017.04
3,31_13,es,2010-04-16,,42424.85
3,26_40,es,2010-04-16,,36157.33
3,20_7,es,2010-04-16,,34190.01
7,19_2,es,2010-04-16,,58622.41
4,6_72,es,2010-04-16,,66531.13
1,26_92,es,2010-04-16,,70029.1
2,2_81,es,2010-04-16,,32165.46
2,17_95,es,2010-04-16,,39768.19
2,31_2,es,2010-04-16,,60410.11
2,4_94,es,2010-04-16,,66264.24
3,35_14,es,2010-04-16,,37419.8
7,11_93,es,2010-04-16,,31898.65
3,6_96,es,2010-04-16,,29300.77
4,45_13,es,2010-04-16,,29469.36
3,12_34,es,2010-04-16,,25770.89
1,42_38,es,2010-04-16,,39857.73
4,4_96,es,2010-04-16,,28987.36
6,6_93,es,2010-04-16,,39586.78
7,14_2,es,2010-04-16,,83225.97
2,15_72,es,2010-04-16,,40959.68
4,2_16,es,2010-04-16,,67515.61
4,19_9,es,2010-04-16,,25627.77
1,18_72,es,2010-04-16,,66773.55
3,32_90,es,2010-04-16,,56537.21
1,22_38,es,2010-04-16,,59605.16
3,9_38,es,2010-04-16,,78014.04
4,16_72,es,2010-04-16,,22937.99
6,10_72,es,2010-04-16,,108174.05
2,1_1,es,2010-04-16,,17596.96
1,31_46,es,2010-04-16,,26831.51
2,36_95,es,2010-04-16,,50271.17
6,10_40,es,2010-04-16,,109054.68
5,30_92,es,2010-04-16,,54046.13
1,11_46,es,2010-04-16,,26148.74
6,41_91,es,2010-04-16,,47164.24
6,4_9,es,2010-04-16,,29760.01
6,2_2,es,2010-04-16,,65172.2
2,32_95,es,2010-04-16,,89011.75
6,30_95,es,2010-04-16,,50635.62
6,26_4,es,2010-04-16,,22825.92
2,16_38,es,2010-04-16,,55685.34
1,11_95,es,2010-04-16,,82965.21
7,22_9,es,2010-04-16,,32325.44
1,11_92,es,2010-04-16,,78743.42
7,11_74,es,2010-04-16,,23899.74
4,11_13,es,2010-04-16,,43620.53
5,12_40,es,2010-04-16,,45797.77
3,7_40,es,2010-04-16,,27013.37
5,41_40,es,2010-04-16,,46002.18
1,43_38,es,2010-04-16,,49121.64
7,10_23,es,2010-04-16,,62961.92
3,20_92,es,2010-04-16,,151552.68
7,28_91,es,2010-04-16,,52480.86
1,17_4,es,2010-04-16,,23799.25
3,18_74,es,2010-04-16,,24728.05
2,19_23,es,2010-04-16,,25726.67
4,13_4,es,2010-04-16,,37368.84
6,13_91,es,2010-04-16,,86904.28
3,23_40,es,2010-04-16,,69605.72
4,32_92,es,2010-04-16,,91015.02
3,6_38,es,2010-04-16,,99420.3
6,12_8,es,2010-04-16,,43088.63
5,10_16,es,2010-04-16,,57856.62
5,14_91,es,2010-04-16,,97415.03
4,20_91,es,2010-04-16,,86685.06
6,27_80,es,2010-04-16,,30505.22
1,22_40,es,2010-04-16,,56949.63
1,20_9,es,2010-04-16,,70086.64
4,14_1,es,2010-04-16,,19884.05
6,30_91,es,2010-04-16,,35807.82
1,38_38,es,2010-04-16,,37220.03
2,13_23,es,2010-04-16,,23371.96
3,1_38,es,2010-04-16,,77602
2,11_7,es,2010-04-16,,24534.05
5,10_38,es,2010-04-16,,81435.51
2,23_92,es,2010-04-16,,43106.67
7,21_72,es,2010-04-16,,36279.91
6,20_90,es,2010-04-16,,87591.34
1,2_87,es,2010-04-16,,21865.48
4,3_72,es,2010-04-16,,11541.16
3,4_95,es,2010-04-16,,141098.29
1,24_87,es,2010-04-16,,20424.02
4,23_22,es,2010-04-16,,17988.11
1,37_95,es,2010-04-16,,49889.38
1,34_91,es,2010-04-16,,33144.59
3,4_8,es,2010-04-16,,65662.06
6,16_95,es,2010-04-16,,18842.15
4,10_34,es,2010-04-16,,49353.07
6,44_94,es,2010-04-16,,23234.14
1,40_4,es,2010-04-23,,21947.07
3,10_5,es,2010-04-23,,72058.29
4,23_16,es,2010-04-23,,42659.8
4,13_13,es,2010-04-23,,47505.4
7,29_40,es,2010-04-23,,28831.82
7,23_74,es,2010-04-23,,31243.58
3,1_97,es,2010-04-23,,29464
1,16_40,es,2010-04-23,,22541.75
2,40_2,es,2010-04-23,,24002.04
7,24_90,es,2010-04-23,,62939.4
6,23_72,es,2010-04-23,,59515.31
7,31_13,es,2010-04-23,,42995.63
5,26_40,es,2010-04-23,,35886.61
2,20_7,es,2010-04-23,,29356.09
2,19_2,es,2010-04-23,,52848.92
2,6_72,es,2010-04-23,,62007.34
3,26_92,es,2010-04-23,,71853.47
2,2_81,es,2010-04-23,,31442.16
2,17_95,es,2010-04-23,,53908.37
6,31_2,es,2010-04-23,,57925.9
7,4_94,es,2010-04-23,,67322.58
3,35_14,es,2010-04-23,,32890.96
1,11_93,es,2010-04-23,,28358.87
4,6_96,es,2010-04-23,,29606.07
1,45_13,es,2010-04-23,,29604.39
1,12_34,es,2010-04-23,,25112.38
4,42_38,es,2010-04-23,,39996.88
7,4_96,es,2010-04-23,,29299.98
6,6_93,es,2010-04-23,,36250.6
1,14_2,es,2010-04-23,,85678.27
7,15_72,es,2010-04-23,,34412.46
1,2_16,es,2010-04-23,,48577.91
3,19_9,es,2010-04-23,,28368.97
4,18_72,es,2010-04-23,,60199.23
3,32_90,es,2010-04-23,,54859.3
1,22_38,es,2010-04-23,,57589.31
4,9_38,es,2010-04-23,,82534.35
6,16_72,es,2010-04-23,,16810.53
4,10_72,es,2010-04-23,,121366.02
7,1_1,es,2010-04-23,,16145.35
2,31_46,es,2010-04-23,,24994.9
6,36_95,es,2010-04-23,,47773.62
2,10_40,es,2010-04-23,,108830.33
6,30_92,es,2010-04-23,,54403.61
3,11_46,es,2010-04-23,,26116.77
2,41_91,es,2010-04-23,,47240.34
1,4_9,es,2010-04-23,,28399.95
7,2_2,es,2010-04-23,,66471.86
6,32_95,es,2010-04-23,,82390.52
1,30_95,es,2010-04-23,,48984.62
1,26_4,es,2010-04-23,,22205.54
5,16_38,es,2010-04-23,,39250.9
2,11_95,es,2010-04-23,,77792.36
1,22_9,es,2010-04-23,,30912.33
6,11_92,es,2010-04-23,,70975.27
4,11_74,es,2010-04-23,,22324.32
2,11_13,es,2010-04-23,,41951.73
2,12_40,es,2010-04-23,,49505.53
1,7_40,es,2010-04-23,,24925.62
7,41_40,es,2010-04-23,,46345
7,43_38,es,2010-04-23,,50232.85
2,10_23,es,2010-04-23,,59285.43
4,20_92,es,2010-04-23,,134464.46
1,28_91,es,2010-04-23,,48301.69
6,17_4,es,2010-04-23,,28098.55
5,18_74,es,2010-04-23,,24911.17
4,19_23,es,2010-04-23,,23003.7
4,13_4,es,2010-04-23,,39372.99
2,13_91,es,2010-04-23,,80683.87
3,23_40,es,2010-04-23,,69296.63
5,32_92,es,2010-04-23,,88894.84
5,6_38,es,2010-04-23,,102658.02
7,12_8,es,2010-04-23,,41113.71
4,10_16,es,2010-04-23,,51758.33
1,14_91,es,2010-04-23,,104270.67
5,20_91,es,2010-04-23,,72318.53
1,27_80,es,2010-04-23,,29359.03
4,22_40,es,2010-04-23,,57439.06
7,20_9,es,2010-04-23,,41641.4
7,14_1,es,2010-04-23,,17282.65
7,30_91,es,2010-04-23,,34523.36
3,38_38,es,2010-04-23,,37167.58
3,13_23,es,2010-04-23,,29353.27
4,1_38,es,2010-04-23,,87205.88
5,11_7,es,2010-04-23,,24014.28
2,10_38,es,2010-04-23,,80267.34
6,23_92,es,2010-04-23,,42204.8
2,21_72,es,2010-04-23,,37397.76
1,20_90,es,2010-04-23,,80423.7
5,2_87,es,2010-04-23,,18103.9
3,3_72,es,2010-04-23,,13705.81
5,4_95,es,2010-04-23,,136781.19
6,24_87,es,2010-04-23,,21399.63
5,23_22,es,2010-04-23,,16850.88
7,37_95,es,2010-04-23,,52156.19
3,34_91,es,2010-04-23,,32307.82
5,4_8,es,2010-04-23,,62894.51
1,16_95,es,2010-04-23,,16646.38
4,10_34,es,2010-04-23,,45312.55
7,44_94,es,2010-04-23,,23834.08
6,40_4,es,2010-04-30,,20806.15
3,10_5,es,2010-04-30,,71695
5,23_16,es,2010-04-30,,47444.72
2,13_13,es,2010-04-30,,47760.56
6,29_40,es,2010-04-30,,29515.5
7,23_74,es,2010-04-30,,30078.57
2,1_97,es,2010-04-30,,29095.46
4,16_40,es,2010-04-30,,24329.25
6,40_2,es,2010-04-30,,23009.05
3,24_90,es,2010-04-30,,63414.31
4,23_72,es,2010-04-30,,58559.17
6,31_13,es,2010-04-30,,40150.94
4,26_40,es,2010-04-30,,35066.87
5,20_7,es,2010-04-30,,30881.74
5,19_2,es,2010-04-30,,51838.29
1,6_72,es,2010-04-30,,62275.56
4,26_92,es,2010-04-30,,69469.88
4,2_81,es,2010-04-30,,30399.36
2,17_95,es,2010-04-30,,45852.58
2,31_2,es,2010-04-30,,56167.16
2,4_94,es,2010-04-30,,65461.45
5,35_14,es,2010-04-30,,34544.79
7,11_93,es,2010-04-30,,26225.4
5,6_96,es,2010-04-30,,30309.96
5,45_13,es,2010-04-30,,28990.82
6,12_34,es,2010-04-30,,22174.29
6,42_38,es,2010-04-30,,39889.11
6,4_96,es,2010-04-30,,31024.05
7,6_93,es,2010-04-30,,35190.31
7,14_2,es,2010-04-30,,82801.88
3,15_72,es,2010-04-30,,32773.48
4,2_16,es,2010-04-30,,59737.98
6,19_9,es,2010-04-30,,28985.52
4,18_72,es,2010-04-30,,57318.23
5,32_90,es,2010-04-30,,56633.4
6,22_38,es,2010-04-30,,66147.8
5,9_38,es,2010-04-30,,66769.79
3,16_72,es,2010-04-30,,21884
2,10_72,es,2010-04-30,,114223.42
5,1_1,es,2010-04-30,,16555.11
1,31_46,es,2010-04-30,,25448.17
1,36_95,es,2010-04-30,,47893.08
2,10_40,es,2010-04-30,,104866.12
3,30_92,es,2010-04-30,,51390.86
5,11_46,es,2010-04-30,,25808.44
1,41_91,es,2010-04-30,,49042.67
1,4_9,es,2010-04-30,,26437.24
6,2_2,es,2010-04-30,,65054.02
2,32_95,es,2010-04-30,,84896.65
7,30_95,es,2010-04-30,,48722.94
7,26_4,es,2010-04-30,,22738.63
5,16_38,es,2010-04-30,,46229.56
1,11_95,es,2010-04-30,,73063.56
1,22_9,es,2010-04-30,,25035.33
1,11_92,es,2010-04-30,,63632.96
6,11_74,es,2010-04-30,,21276.43
5,11_13,es,2010-04-30,,38206.91
7,12_40,es,2010-04-30,,48255.89
5,7_40,es,2010-04-30,,20768.91
5,41_40,es,2010-04-30,,49678.01
7,43_38,es,2010-04-30,,54390.23
7,10_23,es,2010-04-30,,58155.45
3,20_92,es,2010-04-30,,133082.96
7,28_91,es,2010-04-30,,45141.87
4,17_4,es,2010-04-30,,20523.56
6,18_74,es,2010-04-30,,20365.91
3,19_23,es,2010-04-30,,24028.45
3,13_4,es,2010-04-30,,37978.25
1,13_91,es,2010-04-30,,76291.51
3,23_40,es,2010-04-30,,61288.9
6,32_92,es,2010-04-30,,91606.7
3,6_38,es,2010-04-30,,88386.88
1,12_8,es,2010-04-30,,41663.35
2,10_16,es,2010-04-30,,50477.87
6,14_91,es,2010-04-30,,98508.28
1,20_91,es,2010-04-30,,69566.8
6,27_80,es,2010-04-30,,29284.66
5,22_40,es,2010-04-30,,56322.5
3,20_9,es,2010-04-30,,44004.3
3,14_1,es,2010-04-30,,16921.32
1,30_91,es,2010-04-30,,32819.01
1,38_38,es,2010-04-30,,44337.85
1,13_23,es,2010-04-30,,24851.63
5,1_38,es,2010-04-30,,127811.89
4,11_7,es,2010-04-30,,27203.53
7,10_38,es,2010-04-30,,76177.77
6,23_92,es,2010-04-30,,39558.52
7,21_72,es,2010-04-30,,30073.12
6,20_90,es,2010-04-30,,79818.74
1,2_87,es,2010-04-30,,22515.94
4,3_72,es,2010-04-30,,14967.16
2,4_95,es,2010-04-30,,131782.8
5,24_87,es,2010-04-30,,22681.01
6,23_22,es,2010-04-30,,15830.9
1,37_95,es,2010-04-30,,51386.97
3,34_91,es,2010-04-30,,28734.7
2,4_8,es,2010-04-30,,64566.88
6,16_95,es,2010-04-30,,16823.61
1,10_34,es,2010-04-30,,42075.15
2,44_94,es,2010-04-30,,22309.84
3,40_4,es,2010-05-07,,24371.97
3,10_5,es,2010-05-07,,58111.11
7,23_16,es,2010-05-07,,55027.78
3,13_13,es,2010-05-07,,47723.32
6,29_40,es,2010-05-07,,29161.45
1,23_74,es,2010-05-07,,35837.76
5,1_97,es,2010-05-07,,34449.36
2,16_40,es,2010-05-07,,24974.05
7,40_2,es,2010-05-07,,25699.63
3,24_90,es,2010-05-07,,70688.71
7,23_72,es,2010-05-07,,50592.52
6,31_13,es,2010-05-07,,41429.68
5,26_40,es,2010-05-07,,37753.02
3,20_7,es,2010-05-07,,34850.79
5,19_2,es,2010-05-07,,52178.54
3,6_72,es,2010-05-07,,64539.11
3,26_92,es,2010-05-07,,87111.96
5,2_81,es,2010-05-07,,32977.2
6,17_95,es,2010-05-07,,52180.29
2,31_2,es,2010-05-07,,57510.2
3,4_94,es,2010-05-07,,74276.36
5,35_14,es,2010-05-07,,35932.89
2,11_93,es,2010-05-07,,31387.23
3,6_96,es,2010-05-07,,30139.31
3,45_13,es,2010-05-07,,28903.12
3,12_34,es,2010-05-07,,27282.44
5,42_38,es,2010-05-07,,29916.84
4,4_96,es,2010-05-07,,32339.95
1,6_93,es,2010-05-07,,41391.74
5,14_2,es,2010-05-07,,84835.46
7,15_72,es,2010-05-07,,32557.6
2,2_16,es,2010-05-07,,54829.3
5,19_9,es,2010-05-07,,28742.93
5,18_72,es,2010-05-07,,60129.69
3,32_90,es,2010-05-07,,58473.9
7,22_38,es,2010-05-07,,74231.41
2,9_38,es,2010-05-07,,89878.28
3,16_72,es,2010-05-07,,22105.92
1,10_72,es,2010-05-07,,126318.61
3,1_1,es,2010-05-07,,17413.94
5,31_46,es,2010-05-07,,26408.75
6,36_95,es,2010-05-07,,51567.64
3,10_40,es,2010-05-07,,103361.97
2,30_92,es,2010-05-07,,52081.29
1,11_46,es,2010-05-07,,25951.27
7,41_91,es,2010-05-07,,53554.96
3,4_9,es,2010-05-07,,27224.04
7,2_2,es,2010-05-07,,68976.37
7,32_95,es,2010-05-07,,85614.37
4,30_95,es,2010-05-07,,50178.37
2,26_4,es,2010-05-07,,23378.51
1,16_38,es,2010-05-07,,49809.18
3,11_95,es,2010-05-07,,76457.81
6,22_9,es,2010-05-07,,26653.99
7,11_92,es,2010-05-07,,72267.7
7,11_74,es,2010-05-07,,24494.92
7,11_13,es,2010-05-07,,42169.57
5,12_40,es,2010-05-07,,50622.04
5,7_40,es,2010-05-07,,22066.68
7,41_40,es,2010-05-07,,50337.09
7,43_38,es,2010-05-07,,51892.86
6,10_23,es,2010-05-07,,61264.96
5,20_92,es,2010-05-07,,157813.06
3,28_91,es,2010-05-07,,85135.4
6,17_4,es,2010-05-07,,20810.94
1,18_74,es,2010-05-07,,25198.15
6,19_23,es,2010-05-07,,26240.27
7,13_4,es,2010-05-07,,41597.38
7,13_91,es,2010-05-07,,86285.2
4,23_40,es,2010-05-07,,67647.9
2,32_92,es,2010-05-07,,93267.47
3,6_38,es,2010-05-07,,95113.12
6,12_8,es,2010-05-07,,44129.09
4,10_16,es,2010-05-07,,50406.3
6,14_91,es,2010-05-07,,112800.59
7,20_91,es,2010-05-07,,83278.69
1,27_80,es,2010-05-07,,29906
5,22_40,es,2010-05-07,,51526.72
5,20_9,es,2010-05-07,,40121.04
2,14_1,es,2010-05-07,,19913.34
4,30_91,es,2010-05-07,,33163.88
7,38_38,es,2010-05-07,,40721.7
4,13_23,es,2010-05-07,,26336.55
6,1_38,es,2010-05-07,,107634.21
1,11_7,es,2010-05-07,,24973.16
3,10_38,es,2010-05-07,,87013.04
1,23_92,es,2010-05-07,,46712.12
2,21_72,es,2010-05-07,,36829.11
6,20_90,es,2010-05-07,,90927.66
1,2_87,es,2010-05-07,,24461.49
2,3_72,es,2010-05-07,,13642.81
7,4_95,es,2010-05-07,,147280.1
3,24_87,es,2010-05-07,,23806.81
4,23_22,es,2010-05-07,,17320.66
2,37_95,es,2010-05-07,,56148.32
1,34_91,es,2010-05-07,,32471.34
6,4_8,es,2010-05-07,,68417.55
7,16_95,es,2010-05-07,,17591.66
5,10_34,es,2010-05-07,,53229.06
5,44_94,es,2010-05-07,,23423.49
2,40_4,es,2010-05-14,,22923.7
3,10_5,es,2010-05-14,,50173.4
6,23_16,es,2010-05-14,,48304.46
2,13_13,es,2010-05-14,,42920.05
6,29_40,es,2010-05-14,,27327.76
6,23_74,es,2010-05-14,,35804.61
7,1_97,es,2010-05-14,,33943.35
1,16_40,es,2010-05-14,,24552.08
6,40_2,es,2010-05-14,,23876.45
7,24_90,es,2010-05-14,,66002.63
4,23_72,es,2010-05-14,,51064.97
2,31_13,es,2010-05-14,,38006.63
5,26_40,es,2010-05-14,,34492.52
5,20_7,es,2010-05-14,,31404.94
6,19_2,es,2010-05-14,,49166.11
7,6_72,es,2010-05-14,,70526.73
6,26_92,es,2010-05-14,,75493.37
4,2_81,es,2010-05-14,,31031.38
2,17_95,es,2010-05-14,,49922.21
4,31_2,es,2010-05-14,,55952.57
5,4_94,es,2010-05-14,,80634.65
3,35_14,es,2010-05-14,,34797.17
7,11_93,es,2010-05-14,,30343.07
3,6_96,es,2010-05-14,,28734.92
2,45_13,es,2010-05-14,,26088.07
5,12_34,es,2010-05-14,,29947.43
7,42_38,es,2010-05-14,,39397.92
1,4_96,es,2010-05-14,,28822.51
4,6_93,es,2010-05-14,,39738.87
3,14_2,es,2010-05-14,,77685.47
1,15_72,es,2010-05-14,,30997.98
1,2_16,es,2010-05-14,,44648.12
4,19_9,es,2010-05-14,,22388.47
6,18_72,es,2010-05-14,,65931.51
2,32_90,es,2010-05-14,,57854.38
5,22_38,es,2010-05-14,,65642.22
6,9_38,es,2010-05-14,,72445.34
7,16_72,es,2010-05-14,,23913.97
3,10_72,es,2010-05-14,,116407.79
2,1_1,es,2010-05-14,,18926.74
2,31_46,es,2010-05-14,,24752.11
6,36_95,es,2010-05-14,,49562.12
4,10_40,es,2010-05-14,,97527.68
2,30_92,es,2010-05-14,,51991.45
7,11_46,es,2010-05-14,,26049.6
5,41_91,es,2010-05-14,,48944.96
5,4_9,es,2010-05-14,,22817.11
7,2_2,es,2010-05-14,,62666.91
3,32_95,es,2010-05-14,,83045.95
5,30_95,es,2010-05-14,,49243.08
3,26_4,es,2010-05-14,,22725.24
1,16_38,es,2010-05-14,,43836.99
1,11_95,es,2010-05-14,,76388.25
3,22_9,es,2010-05-14,,25486.87
5,11_92,es,2010-05-14,,71240.89
1,11_74,es,2010-05-14,,20586.42
3,11_13,es,2010-05-14,,37520.24
7,12_40,es,2010-05-14,,47901.63
6,7_40,es,2010-05-14,,21022.1
3,41_40,es,2010-05-14,,43148.35
6,43_38,es,2010-05-14,,47892.56
2,10_23,es,2010-05-14,,60138.61
2,20_92,es,2010-05-14,,158668.74
2,28_91,es,2010-05-14,,50613.14
5,17_4,es,2010-05-14,,19652.51
1,18_74,es,2010-05-14,,23656.95
4,19_23,es,2010-05-14,,21934.29
6,13_4,es,2010-05-14,,37722.3
4,13_91,es,2010-05-14,,77545.28
4,23_40,es,2010-05-14,,65939.91
2,32_92,es,2010-05-14,,88254.21
5,6_38,es,2010-05-14,,87719.18
2,12_8,es,2010-05-14,,41623.73
2,10_16,es,2010-05-14,,51080.73
4,14_91,es,2010-05-14,,97380.31
7,20_91,es,2010-05-14,,86113.39
5,27_80,es,2010-05-14,,28578.28
4,22_40,es,2010-05-14,,51584.93
2,20_9,es,2010-05-14,,31468.69
4,14_1,es,2010-05-14,,18637.23
6,30_91,es,2010-05-14,,33503.83
7,38_38,es,2010-05-14,,38998.38
6,13_23,es,2010-05-14,,27101.66
4,1_38,es,2010-05-14,,91179.51
5,11_7,es,2010-05-14,,27165.77
5,10_38,es,2010-05-14,,82007.66
5,23_92,es,2010-05-14,,43963.32
7,21_72,es,2010-05-14,,41801.82
6,20_90,es,2010-05-14,,90721.18
1,2_87,es,2010-05-14,,21911.19
5,3_72,es,2010-05-14,,14569.11
1,4_95,es,2010-05-14,,137764.85
4,24_87,es,2010-05-14,,22788.63
2,23_22,es,2010-05-14,,18614.94
5,37_95,es,2010-05-14,,50826.72
2,34_91,es,2010-05-14,,33537.02
1,4_8,es,2010-05-14,,60993.01
4,16_95,es,2010-05-14,,17960.42
1,10_34,es,2010-05-14,,50642.12
4,44_94,es,2010-05-14,,26999.93
5,40_4,es,2010-05-21,,22583.53
6,10_5,es,2010-05-21,,44269.77
7,23_16,es,2010-05-21,,61348.47
3,13_13,es,2010-05-21,,44486.31
2,29_40,es,2010-05-21,,26198.33
5,23_74,es,2010-05-21,,33857.89
5,1_97,es,2010-05-21,,31165.21
2,16_40,es,2010-05-21,,26216.06
4,40_2,es,2010-05-21,,24618.18
3,24_90,es,2010-05-21,,62977.81
2,23_72,es,2010-05-21,,46025.31
3,31_13,es,2010-05-21,,43530.24
6,26_40,es,2010-05-21,,36867.51
3,20_7,es,2010-05-21,,35019.69
5,19_2,es,2010-05-21,,49229.64
6,6_72,es,2010-05-21,,56282.3
3,26_92,es,2010-05-21,,73954.66
7,2_81,es,2010-05-21,,31742.85
7,17_95,es,2010-05-21,,50061.99
1,31_2,es,2010-05-21,,60280.99
7,4_94,es,2010-05-21,,74927.24
3,35_14,es,2010-05-21,,30349.9
5,11_93,es,2010-05-21,,28235.6
4,6_96,es,2010-05-21,,30180.76
3,45_13,es,2010-05-21,,27383.59
1,12_34,es,2010-05-21,,26123.25
6,42_38,es,2010-05-21,,33329.24
5,4_96,es,2010-05-21,,32365.01
7,6_93,es,2010-05-21,,38255.35
6,14_2,es,2010-05-21,,86069.91
4,15_72,es,2010-05-21,,32384.27
4,2_16,es,2010-05-21,,46300.64
1,19_9,es,2010-05-21,,28614.63
2,18_72,es,2010-05-21,,58396.36
2,32_90,es,2010-05-21,,55992.35
6,22_38,es,2010-05-21,,59443.33
1,9_38,es,2010-05-21,,86580.44
2,16_72,es,2010-05-21,,19752.75
2,10_72,es,2010-05-21,,117150.25
3,1_1,es,2010-05-21,,14773.04
6,31_46,es,2010-05-21,,28494.16
4,36_95,es,2010-05-21,,50948.51
7,10_40,es,2010-05-21,,103589.12
1,30_92,es,2010-05-21,,52571.4
5,11_46,es,2010-05-21,,25835.71
5,41_91,es,2010-05-21,,47617.3
7,4_9,es,2010-05-21,,29973.4
2,2_2,es,2010-05-21,,69699.5
1,32_95,es,2010-05-21,,90134.71
3,30_95,es,2010-05-21,,50252.4
5,26_4,es,2010-05-21,,23082.47
3,16_38,es,2010-05-21,,48006.31
3,11_95,es,2010-05-21,,78227.84
5,22_9,es,2010-05-21,,25822.07
4,11_92,es,2010-05-21,,68897.27
6,11_74,es,2010-05-21,,24500.06
6,11_13,es,2010-05-21,,42563.19
1,12_40,es,2010-05-21,,48976.2
4,7_40,es,2010-05-21,,19404.63
1,41_40,es,2010-05-21,,46590
3,43_38,es,2010-05-21,,52193.21
4,10_23,es,2010-05-21,,66883.9
5,20_92,es,2010-05-21,,144958.73
3,28_91,es,2010-05-21,,49917.76
3,17_4,es,2010-05-21,,21643.01
5,18_74,es,2010-05-21,,21793.78
5,19_23,es,2010-05-21,,24556.05
5,13_4,es,2010-05-21,,39159.46
1,13_91,es,2010-05-21,,81225.45
3,23_40,es,2010-05-21,,66825.32
2,32_92,es,2010-05-21,,92822.45
7,6_38,es,2010-05-21,,101503.23
2,12_8,es,2010-05-21,,40804.15
2,10_16,es,2010-05-21,,48744.72
6,14_91,es,2010-05-21,,99788.35
6,20_91,es,2010-05-21,,78218.39
1,27_80,es,2010-05-21,,29874.89
2,22_40,es,2010-05-21,,53478.35
5,20_9,es,2010-05-21,,29827.27
4,14_1,es,2010-05-21,,19438.52
2,30_91,es,2010-05-21,,33645.91
4,38_38,es,2010-05-21,,45608.78
6,13_23,es,2010-05-21,,26791.71
3,1_38,es,2010-05-21,,80273.34
5,11_7,es,2010-05-21,,24803.46
5,10_38,es,2010-05-21,,83524.14
5,23_92,es,2010-05-21,,40876.68
6,21_72,es,2010-05-21,,42478.49
7,20_90,es,2010-05-21,,82935.01
3,2_87,es,2010-05-21,,21827.93
3,3_72,es,2010-05-21,,14531.14
5,4_95,es,2010-05-21,,147871.45
6,24_87,es,2010-05-21,,20087.76
7,23_22,es,2010-05-21,,18253.31
7,37_95,es,2010-05-21,,53022.89
3,34_91,es,2010-05-21,,33536.62
3,4_8,es,2010-05-21,,62826.34
6,16_95,es,2010-05-21,,19519.86
4,10_34,es,2010-05-21,,52616.2
6,44_94,es,2010-05-21,,23572.74
5,40_4,es,2010-05-28,,23216.91
6,10_5,es,2010-05-28,,46470.52
5,23_16,es,2010-05-28,,93123.75
1,13_13,es,2010-05-28,,44448.46
7,29_40,es,2010-05-28,,28394.77
3,23_74,es,2010-05-28,,34028.34
7,1_97,es,2010-05-28,,30171.25
1,16_40,es,2010-05-28,,27623.27
1,40_2,es,2010-05-28,,26221.43
2,24_90,es,2010-05-28,,67847.76
6,23_72,es,2010-05-28,,49007.51
5,31_13,es,2010-05-28,,40410.68
7,26_40,es,2010-05-28,,37443.63
7,20_7,es,2010-05-28,,43036.71
1,19_2,es,2010-05-28,,55807.84
2,6_72,es,2010-05-28,,65686.57
7,26_92,es,2010-05-28,,72268.9
4,2_81,es,2010-05-28,,32539.75
5,17_95,es,2010-05-28,,57582.65
7,31_2,es,2010-05-28,,57263.69
2,4_94,es,2010-05-28,,69937.78
3,35_14,es,2010-05-28,,34175.14
7,11_93,es,2010-05-28,,27402.45
2,6_96,es,2010-05-28,,37648.57
4,45_13,es,2010-05-28,,28691.34
1,12_34,es,2010-05-28,,21895.26
7,42_38,es,2010-05-28,,36450.56
3,4_96,es,2010-05-28,,33798.39
2,6_93,es,2010-05-28,,41195.56
6,14_2,es,2010-05-28,,89096.18
6,15_72,es,2010-05-28,,30231.93
2,2_16,es,2010-05-28,,59638.47
5,19_9,es,2010-05-28,,40322.11
3,18_72,es,2010-05-28,,63574.35
2,32_90,es,2010-05-28,,56993.25
6,22_38,es,2010-05-28,,61279.97
3,9_38,es,2010-05-28,,73192.01
7,16_72,es,2010-05-28,,21329.83
2,10_72,es,2010-05-28,,124692.31
1,1_1,es,2010-05-28,,15580.43
3,31_46,es,2010-05-28,,28409.89
3,36_95,es,2010-05-28,,50002.52
5,10_40,es,2010-05-28,,100754.66
3,30_92,es,2010-05-28,,51114.1
1,11_46,es,2010-05-28,,28870.61
3,41_91,es,2010-05-28,,48439.49
1,4_9,es,2010-05-28,,34552.03
6,2_2,es,2010-05-28,,68750.86
7,32_95,es,2010-05-28,,94695.32
7,30_95,es,2010-05-28,,52322.75
2,26_4,es,2010-05-28,,23738.66
7,16_38,es,2010-05-28,,47587.3
6,11_95,es,2010-05-28,,78339.7
3,22_9,es,2010-05-28,,34806.5
4,11_92,es,2010-05-28,,64313.56
6,11_74,es,2010-05-28,,22163.14
5,11_13,es,2010-05-28,,40311.27
7,12_40,es,2010-05-28,,48766.45
7,7_40,es,2010-05-28,,22709.95
4,41_40,es,2010-05-28,,47727.36
2,43_38,es,2010-05-28,,50883.79
2,10_23,es,2010-05-28,,69624.61
3,20_92,es,2010-05-28,,146741.66
1,28_91,es,2010-05-28,,46730.52
7,17_4,es,2010-05-28,,22720.33
7,18_74,es,2010-05-28,,22991
2,19_23,es,2010-05-28,,37092.85
7,13_4,es,2010-05-28,,40127.7
1,13_91,es,2010-05-28,,77246.23
5,23_40,es,2010-05-28,,67291.06
2,32_92,es,2010-05-28,,88988.93
7,6_38,es,2010-05-28,,97468.59
4,12_8,es,2010-05-28,,42691.63
1,10_16,es,2010-05-28,,53863.96
7,14_91,es,2010-05-28,,98210.03
6,20_91,es,2010-05-28,,70183.74
7,27_80,es,2010-05-28,,29306.75
7,22_40,es,2010-05-28,,54887.83
3,20_9,es,2010-05-28,,41008.01
2,14_1,es,2010-05-28,,19387.33
3,30_91,es,2010-05-28,,33830.34
1,38_38,es,2010-05-28,,41224.74
2,13_23,es,2010-05-28,,26303.25
6,1_38,es,2010-05-28,,87937
3,11_7,es,2010-05-28,,29739.55
2,10_38,es,2010-05-28,,72435.79
5,23_92,es,2010-05-28,,44272.69
2,21_72,es,2010-05-28,,34011.2
6,20_90,es,2010-05-28,,84445
3,2_87,es,2010-05-28,,24518.78
1,3_72,es,2010-05-28,,11477.62
5,4_95,es,2010-05-28,,140392.04
7,24_87,es,2010-05-28,,22348.15
2,23_22,es,2010-05-28,,17812.58
1,37_95,es,2010-05-28,,55114.8
7,34_91,es,2010-05-28,,30652.15
1,4_8,es,2010-05-28,,62635.49
1,16_95,es,2010-05-28,,21174.81
4,10_34,es,2010-05-28,,51917.4
3,44_94,es,2010-05-28,,24143.04
7,40_4,es,2010-06-04,,26084.16
5,10_5,es,2010-06-04,,72205.52
6,23_16,es,2010-06-04,,74840.3
4,13_13,es,2010-06-04,,47431.44
4,29_40,es,2010-06-04,,27877.66
3,23_74,es,2010-06-04,,41611.37
7,1_97,es,2010-06-04,,35109.14
5,16_40,es,2010-06-04,,29380.81
5,40_2,es,2010-06-04,,28068.84
7,24_90,es,2010-06-04,,67669.53
5,23_72,es,2010-06-04,,60506.87
5,31_13,es,2010-06-04,,41409.84
7,26_40,es,2010-06-04,,36003.97
3,20_7,es,2010-06-04,,63469.12
7,19_2,es,2010-06-04,,50844.36
6,6_72,es,2010-06-04,,83719.72
3,26_92,es,2010-06-04,,70141.76
6,2_81,es,2010-06-04,,33969.05
2,17_95,es,2010-06-04,,54202.53
2,31_2,es,2010-06-04,,57187.3
7,4_94,es,2010-06-04,,67076.67
4,35_14,es,2010-06-04,,33816.12
7,11_93,es,2010-06-04,,31686.29
2,6_96,es,2010-06-04,,39919.12
6,45_13,es,2010-06-04,,27898.13
7,12_34,es,2010-06-04,,30642.09
1,42_38,es,2010-06-04,,36449.64
1,4_96,es,2010-06-04,,33742.62
6,6_93,es,2010-06-04,,44115.94
7,14_2,es,2010-06-04,,83362.02
1,15_72,es,2010-06-04,,30350.76
7,2_16,es,2010-06-04,,69765.65
2,19_9,es,2010-06-04,,38330.96
2,18_72,es,2010-06-04,,69886.09
3,32_90,es,2010-06-04,,56964.61
3,22_38,es,2010-06-04,,56119.76
7,9_38,es,2010-06-04,,71652.06
6,16_72,es,2010-06-04,,23708.86
3,10_72,es,2010-06-04,,128035.51
4,1_1,es,2010-06-04,,17558.09
7,31_46,es,2010-06-04,,29466.68
5,36_95,es,2010-06-04,,52177.75
3,10_40,es,2010-06-04,,105313.64
4,30_92,es,2010-06-04,,50429.59
6,11_46,es,2010-06-04,,30413.97
4,41_91,es,2010-06-04,,50212.63
2,4_9,es,2010-06-04,,35069.53
6,2_2,es,2010-06-04,,68994.35
4,32_95,es,2010-06-04,,88988.13
2,30_95,es,2010-06-04,,52470.92
6,26_4,es,2010-06-04,,25138.27
2,16_38,es,2010-06-04,,43626.77
1,11_95,es,2010-06-04,,83923.18
3,22_9,es,2010-06-04,,32301.77
1,11_92,es,2010-06-04,,70442.67
6,11_74,es,2010-06-04,,24855.83
1,11_13,es,2010-06-04,,47544.66
3,12_40,es,2010-06-04,,47669.75
1,7_40,es,2010-06-04,,24784.29
4,41_40,es,2010-06-04,,49506.35
3,43_38,es,2010-06-04,,45152.33
6,10_23,es,2010-06-04,,69037.89
3,20_92,es,2010-06-04,,143484.92
2,28_91,es,2010-06-04,,77699.36
6,17_4,es,2010-06-04,,22365.57
2,18_74,es,2010-06-04,,24995.36
2,19_23,es,2010-06-04,,33664.56
5,13_4,es,2010-06-04,,43500.79
3,13_91,es,2010-06-04,,76408.36
3,23_40,es,2010-06-04,,68831.53
7,32_92,es,2010-06-04,,86595.77
1,6_38,es,2010-06-04,,89976.92
1,12_8,es,2010-06-04,,43787.05
2,10_16,es,2010-06-04,,54891.31
4,14_91,es,2010-06-04,,100397.34
1,20_91,es,2010-06-04,,71813.68
2,27_80,es,2010-06-04,,30834.41
5,22_40,es,2010-06-04,,53290.46
1,20_9,es,2010-06-04,,44657.3
3,14_1,es,2010-06-04,,19974.13
6,30_91,es,2010-06-04,,32489.01
4,38_38,es,2010-06-04,,39644.03
4,13_23,es,2010-06-04,,32346.28
2,1_38,es,2010-06-04,,96137.67
3,11_7,es,2010-06-04,,36848.77
7,10_38,es,2010-06-04,,72113.37
1,23_92,es,2010-06-04,,48665.55
1,21_72,es,2010-06-04,,40267.65
4,20_90,es,2010-06-04,,84498.95
3,2_87,es,2010-06-04,,27445.42
2,3_72,es,2010-06-04,,13400.35
6,4_95,es,2010-06-04,,144585.69
3,24_87,es,2010-06-04,,25662.54
6,23_22,es,2010-06-04,,22171.93
4,37_95,es,2010-06-04,,53813.42
4,34_91,es,2010-06-04,,32582.19
7,4_8,es,2010-06-04,,62756.76
1,16_95,es,2010-06-04,,21642.85
6,10_34,es,2010-06-04,,50037.45
1,44_94,es,2010-06-04,,26413.5
5,40_4,es,2010-06-11,,25090.77
7,10_5,es,2010-06-11,,55807.88
2,23_16,es,2010-06-11,,50693.73
5,13_13,es,2010-06-11,,48218
1,29_40,es,2010-06-11,,26954.29
6,23_74,es,2010-06-11,,38984.63
7,1_97,es,2010-06-11,,37297.1
3,16_40,es,2010-06-11,,32137.18
7,40_2,es,2010-06-11,,26963.71
2,24_90,es,2010-06-11,,69659.59
5,23_72,es,2010-06-11,,58973.51
3,31_13,es,2010-06-11,,40109.52
3,26_40,es,2010-06-11,,38607.17
3,20_7,es,2010-06-11,,44145.1
2,19_2,es,2010-06-11,,49834.68
2,6_72,es,2010-06-11,,69015.89
7,26_92,es,2010-06-11,,96470.2
1,2_81,es,2010-06-11,,33801.49
6,17_95,es,2010-06-11,,52302.44
7,31_2,es,2010-06-11,,57161.59
6,4_94,es,2010-06-11,,69556.91
7,35_14,es,2010-06-11,,33633.18
5,11_93,es,2010-06-11,,33785.06
7,6_96,es,2010-06-11,,34627.15
7,45_13,es,2010-06-11,,28950.35
2,12_34,es,2010-06-11,,28691.44
1,42_38,es,2010-06-11,,37097.39
5,4_96,es,2010-06-11,,33315.44
6,6_93,es,2010-06-11,,42249.06
1,14_2,es,2010-06-11,,88029.65
2,15_72,es,2010-06-11,,29891.04
3,2_16,es,2010-06-11,,51913.06
5,19_9,es,2010-06-11,,28996.47
7,18_72,es,2010-06-11,,64007.62
6,32_90,es,2010-06-11,,57974.26
4,22_38,es,2010-06-11,,65160.77
4,9_38,es,2010-06-11,,73720.25
4,16_72,es,2010-06-11,,18421.81
6,10_72,es,2010-06-11,,114098.81
1,1_1,es,2010-06-11,,16637.62
4,31_46,es,2010-06-11,,26361.11
3,36_95,es,2010-06-11,,51956.47
4,10_40,es,2010-06-11,,98142.62
3,30_92,es,2010-06-11,,50564.56
5,11_46,es,2010-06-11,,26510.72
5,41_91,es,2010-06-11,,53525.58
5,4_9,es,2010-06-11,,30600.78
6,2_2,es,2010-06-11,,72603.29
6,32_95,es,2010-06-11,,94974.14
3,30_95,es,2010-06-11,,50509.33
2,26_4,es,2010-06-11,,24681.55
4,16_38,es,2010-06-11,,51705.53
2,11_95,es,2010-06-11,,85593.38
4,22_9,es,2010-06-11,,29862.34
7,11_92,es,2010-06-11,,75621.2
5,11_74,es,2010-06-11,,23957.49
4,11_13,es,2010-06-11,,41778.53
5,12_40,es,2010-06-11,,42933.03
7,7_40,es,2010-06-11,,23153.65
6,41_40,es,2010-06-11,,49000.07
6,43_38,es,2010-06-11,,48103.24
2,10_23,es,2010-06-11,,65517.06
3,20_92,es,2010-06-11,,165496.23
2,28_91,es,2010-06-11,,61518.52
1,17_4,es,2010-06-11,,22044.73
6,18_74,es,2010-06-11,,26427.89
4,19_23,es,2010-06-11,,27375.29
6,13_4,es,2010-06-11,,41572.53
6,13_91,es,2010-06-11,,88500.52
5,23_40,es,2010-06-11,,68543.44
6,32_92,es,2010-06-11,,90067.24
7,6_38,es,2010-06-11,,89338.61
4,12_8,es,2010-06-11,,41081.44
5,10_16,es,2010-06-11,,44090.18
5,14_91,es,2010-06-11,,105716.67
4,20_91,es,2010-06-11,,91638.4
7,27_80,es,2010-06-11,,28220.59
3,22_40,es,2010-06-11,,55978.41
5,20_9,es,2010-06-11,,36800.31
3,14_1,es,2010-06-11,,19760.24
1,30_91,es,2010-06-11,,34875.25
6,38_38,es,2010-06-11,,38229.85
3,13_23,es,2010-06-11,,34084.07
2,1_38,es,2010-06-11,,105539.53
6,11_7,es,2010-06-11,,28874.41
5,10_38,es,2010-06-11,,83514.03
5,23_92,es,2010-06-11,,47785.49
7,21_72,es,2010-06-11,,43662.85
3,20_90,es,2010-06-11,,94123.52
6,2_87,es,2010-06-11,,23268.59
5,3_72,es,2010-06-11,,11184.51
4,4_95,es,2010-06-11,,151649.89
1,24_87,es,2010-06-11,,22479.28
2,23_22,es,2010-06-11,,22799.28
4,37_95,es,2010-06-11,,50939.9
5,34_91,es,2010-06-11,,33978.05
7,4_8,es,2010-06-11,,57975.15
1,16_95,es,2010-06-11,,26150.13
6,10_34,es,2010-06-11,,46513.44
6,44_94,es,2010-06-11,,26033.77
4,40_4,es,2010-06-18,,24583.04
2,10_5,es,2010-06-18,,59728.6
3,23_16,es,2010-06-18,,52388.86
7,13_13,es,2010-06-18,,46913.62
5,29_40,es,2010-06-18,,27104.01
3,23_74,es,2010-06-18,,40976.64
2,1_97,es,2010-06-18,,36307.14
7,16_40,es,2010-06-18,,30537.01
7,40_2,es,2010-06-18,,27325.72
7,24_90,es,2010-06-18,,65635.29
1,23_72,es,2010-06-18,,68973.9
6,31_13,es,2010-06-18,,40461.94
7,26_40,es,2010-06-18,,36648.39
7,20_7,es,2010-06-18,,50049.32
7,19_2,es,2010-06-18,,50112.31
2,6_72,es,2010-06-18,,73529.3
6,26_92,es,2010-06-18,,73851.16
1,2_81,es,2010-06-18,,33886.47
7,17_95,es,2010-06-18,,55768.64
5,31_2,es,2010-06-18,,58356.34
7,4_94,es,2010-06-18,,71744.82
3,35_14,es,2010-06-18,,32181.95
6,11_93,es,2010-06-18,,31821.46
4,6_96,es,2010-06-18,,35041.88
3,45_13,es,2010-06-18,,28822.15
4,12_34,es,2010-06-18,,21446.27
1,42_38,es,2010-06-18,,33693.16
7,4_96,es,2010-06-18,,32722.2
2,6_93,es,2010-06-18,,42761.44
7,14_2,es,2010-06-18,,88717.18
5,15_72,es,2010-06-18,,41770.41
1,2_16,es,2010-06-18,,57212.57
6,19_9,es,2010-06-18,,36491.57
1,18_72,es,2010-06-18,,87343.95
2,32_90,es,2010-06-18,,58011.34
6,22_38,es,2010-06-18,,62933.67
5,9_38,es,2010-06-18,,76187.08
4,16_72,es,2010-06-18,,31044.65
3,10_72,es,2010-06-18,,129433.55
1,1_1,es,2010-06-18,,16216.27
7,31_46,es,2010-06-18,,26440.33
6,36_95,es,2010-06-18,,55402.42
4,10_40,es,2010-06-18,,97333.67
1,30_92,es,2010-06-18,,51933.34
6,11_46,es,2010-06-18,,27786.98
6,41_91,es,2010-06-18,,51279.32
5,4_9,es,2010-06-18,,32640.92
3,2_2,es,2010-06-18,,69633.65
1,32_95,es,2010-06-18,,90053.95
3,30_95,es,2010-06-18,,51199.92
4,26_4,es,2010-06-18,,24685.6
1,16_38,es,2010-06-18,,50655.66
6,11_95,es,2010-06-18,,84357.2
3,22_9,es,2010-06-18,,32981.63
4,11_92,es,2010-06-18,,73166.25
7,11_74,es,2010-06-18,,22047.23
4,11_13,es,2010-06-18,,40817.12
4,12_40,es,2010-06-18,,44749.1
4,7_40,es,2010-06-18,,25007.83
1,41_40,es,2010-06-18,,48774.49
1,43_38,es,2010-06-18,,53207.25
6,10_23,es,2010-06-18,,68098.07
3,20_92,es,2010-06-18,,150662.63
5,28_91,es,2010-06-18,,55920.47
2,17_4,es,2010-06-18,,22437.14
6,18_74,es,2010-06-18,,27240.73
6,19_23,es,2010-06-18,,29845.76
1,13_4,es,2010-06-18,,38299.7
3,13_91,es,2010-06-18,,88208.52
5,23_40,es,2010-06-18,,67939.18
6,32_92,es,2010-06-18,,91613.77
1,6_38,es,2010-06-18,,88196.13
4,12_8,es,2010-06-18,,40345.87
3,10_16,es,2010-06-18,,41852.39
3,14_91,es,2010-06-18,,98235.28
7,20_91,es,2010-06-18,,83844.63
6,27_80,es,2010-06-18,,27981.97
2,22_40,es,2010-06-18,,55148.17
3,20_9,es,2010-06-18,,39565.44
7,14_1,es,2010-06-18,,21364.48
1,30_91,es,2010-06-18,,35803.42
3,38_38,es,2010-06-18,,39970.18
6,13_23,es,2010-06-18,,36901.83
4,1_38,es,2010-06-18,,86860.94
1,11_7,es,2010-06-18,,30983.85
6,10_38,es,2010-06-18,,74749.02
3,23_92,es,2010-06-18,,46527.78
1,21_72,es,2010-06-18,,46185.01
3,20_90,es,2010-06-18,,90667.91
6,2_87,es,2010-06-18,,17791.46
3,3_72,es,2010-06-18,,12143.42
5,4_95,es,2010-06-18,,153469.85
4,24_87,es,2010-06-18,,24332.4
1,23_22,es,2010-06-18,,21284.03
5,37_95,es,2010-06-18,,54394.84
7,34_91,es,2010-06-18,,34681.12
5,4_8,es,2010-06-18,,60549.07
2,16_95,es,2010-06-18,,27167.82
4,10_34,es,2010-06-18,,43191.24
1,44_94,es,2010-06-18,,25315.22
1,40_4,es,2010-06-25,,23139.35
4,10_5,es,2010-06-25,,47864.95
7,23_16,es,2010-06-25,,52412.53
6,13_13,es,2010-06-25,,43673.56
2,29_40,es,2010-06-25,,26729.63
2,23_74,es,2010-06-25,,42564.85
6,1_97,es,2010-06-25,,31260.27
4,16_40,es,2010-06-25,,31886.84
1,40_2,es,2010-06-25,,26240.45
7,24_90,es,2010-06-25,,62679.78
2,23_72,es,2010-06-25,,61378.91
1,31_13,es,2010-06-25,,39112.49
2,26_40,es,2010-06-25,,34574.78
3,20_7,es,2010-06-25,,46008.5
2,19_2,es,2010-06-25,,50285.16
6,6_72,es,2010-06-25,,68500.11
6,26_92,es,2010-06-25,,66764.1
2,2_81,es,2010-06-25,,31162.04
3,17_95,es,2010-06-25,,58614.99
6,31_2,es,2010-06-25,,57167.5
4,4_94,es,2010-06-25,,65055.35
2,35_14,es,2010-06-25,,30743.32
3,11_93,es,2010-06-25,,26802.17
3,6_96,es,2010-06-25,,35827.35
2,45_13,es,2010-06-25,,27657.48
1,12_34,es,2010-06-25,,21850.1
4,42_38,es,2010-06-25,,39987.61
3,4_96,es,2010-06-25,,31324.43
2,6_93,es,2010-06-25,,37631.37
2,14_2,es,2010-06-25,,84611.64
2,15_72,es,2010-06-25,,36343.53
1,2_16,es,2010-06-25,,54304.31
6,19_9,es,2010-06-25,,40857.01
3,18_72,es,2010-06-25,,79717.29
1,32_90,es,2010-06-25,,54294.83
3,22_38,es,2010-06-25,,55385.03
7,9_38,es,2010-06-25,,73538.79
3,16_72,es,2010-06-25,,22688.48
1,10_72,es,2010-06-25,,117168.19
5,1_1,es,2010-06-25,,16328.72
7,31_46,es,2010-06-25,,26543.79
7,36_95,es,2010-06-25,,49571.13
2,10_40,es,2010-06-25,,93005.99
7,30_92,es,2010-06-25,,48149.75
6,11_46,es,2010-06-25,,26067.54
6,41_91,es,2010-06-25,,46759.11
1,4_9,es,2010-06-25,,30242.2
6,2_2,es,2010-06-25,,68587.69
7,32_95,es,2010-06-25,,90464.64
5,30_95,es,2010-06-25,,50304.04
5,26_4,es,2010-06-25,,23506.64
6,16_38,es,2010-06-25,,52309.84
5,11_95,es,2010-06-25,,78611.46
1,22_9,es,2010-06-25,,38076.52
1,11_92,es,2010-06-25,,63246.17
6,11_74,es,2010-06-25,,19569.49
3,11_13,es,2010-06-25,,39707.5
7,12_40,es,2010-06-25,,42914.49
3,7_40,es,2010-06-25,,29101.61
7,41_40,es,2010-06-25,,48760.71
3,43_38,es,2010-06-25,,36332.66
5,10_23,es,2010-06-25,,66989.82
1,20_92,es,2010-06-25,,130094.98
3,28_91,es,2010-06-25,,49750.27
5,17_4,es,2010-06-25,,22090.85
2,18_74,es,2010-06-25,,24463.43
2,19_23,es,2010-06-25,,38090.64
2,13_4,es,2010-06-25,,39859.52
6,13_91,es,2010-06-25,,76729.33
5,23_40,es,2010-06-25,,63607.46
7,32_92,es,2010-06-25,,83383.59
6,6_38,es,2010-06-25,,96487.17
7,12_8,es,2010-06-25,,38273.38
6,10_16,es,2010-06-25,,47009.06
5,14_91,es,2010-06-25,,92429.66
5,20_91,es,2010-06-25,,67062.15
7,27_80,es,2010-06-25,,29309.74
6,22_40,es,2010-06-25,,53923.93
6,20_9,es,2010-06-25,,44425
6,14_1,es,2010-06-25,,20183.18
6,30_91,es,2010-06-25,,33055.18
6,38_38,es,2010-06-25,,38524.66
2,13_23,es,2010-06-25,,40655.21
5,1_38,es,2010-06-25,,79026.15
1,11_7,es,2010-06-25,,29520.79
7,10_38,es,2010-06-25,,77134.83
4,23_92,es,2010-06-25,,42416.59
6,21_72,es,2010-06-25,,34374.64
7,20_90,es,2010-06-25,,79383.36
3,2_87,es,2010-06-25,,25679.07
7,3_72,es,2010-06-25,,12523.53
5,4_95,es,2010-06-25,,146460.66
3,24_87,es,2010-06-25,,26219.44
3,23_22,es,2010-06-25,,19273.76
1,37_95,es,2010-06-25,,49755.86
2,34_91,es,2010-06-25,,30748.76
5,4_8,es,2010-06-25,,57577.18
7,16_95,es,2010-06-25,,29313.9
5,10_34,es,2010-06-25,,39008.47
5,44_94,es,2010-06-25,,26320
5,40_4,es,2010-07-02,,29461.56
7,10_5,es,2010-07-02,,52988.05
3,23_16,es,2010-07-02,,47749.63
2,13_13,es,2010-07-02,,46535.84
5,29_40,es,2010-07-02,,28352.42
6,23_74,es,2010-07-02,,42572.71
7,1_97,es,2010-07-02,,33726.13
3,16_40,es,2010-07-02,,36984.81
1,40_2,es,2010-07-02,,28826.15
5,24_90,es,2010-07-02,,74085.61
2,23_72,es,2010-07-02,,69332.52
6,31_13,es,2010-07-02,,42078.69
6,26_40,es,2010-07-02,,40346.68
4,20_7,es,2010-07-02,,52843.91
3,19_2,es,2010-07-02,,54927.41
6,6_72,es,2010-07-02,,85489.51
1,26_92,es,2010-07-02,,76982.78
1,2_81,es,2010-07-02,,34041.09
2,17_95,es,2010-07-02,,68665.19
4,31_2,es,2010-07-02,,56831.44
5,4_94,es,2010-07-02,,69650.08
7,35_14,es,2010-07-02,,32139.72
7,11_93,es,2010-07-02,,29579.31
4,6_96,es,2010-07-02,,39164.46
2,45_13,es,2010-07-02,,29890.17
5,12_34,es,2010-07-02,,22131.27
5,42_38,es,2010-07-02,,31224.09
4,4_96,es,2010-07-02,,34019.15
3,6_93,es,2010-07-02,,49466.15
7,14_2,es,2010-07-02,,90714.16
3,15_72,es,2010-07-02,,38804.89
1,2_16,es,2010-07-02,,44514.67
1,19_9,es,2010-07-02,,48048.36
2,18_72,es,2010-07-02,,65173.53
3,32_90,es,2010-07-02,,56644.2
6,22_38,es,2010-07-02,,57463.1
5,9_38,es,2010-07-02,,75304.63
2,16_72,es,2010-07-02,,27755.41
2,10_72,es,2010-07-02,,119786.65
3,1_1,es,2010-07-02,,16333.14
2,31_46,es,2010-07-02,,24867.55
7,36_95,es,2010-07-02,,48915.74
6,10_40,es,2010-07-02,,100447.15
1,30_92,es,2010-07-02,,50328.96
2,11_46,es,2010-07-02,,25699.17
2,41_91,es,2010-07-02,,51008.93
7,4_9,es,2010-07-02,,31427.13
2,2_2,es,2010-07-02,,72107.47
4,32_95,es,2010-07-02,,99396.37
7,30_95,es,2010-07-02,,49017.44
6,26_4,es,2010-07-02,,28474.61
5,16_38,es,2010-07-02,,60083.45
4,11_95,es,2010-07-02,,84646.57
5,22_9,es,2010-07-02,,34184.91
2,11_92,es,2010-07-02,,66147.5
7,11_74,es,2010-07-02,,23004.4
1,11_13,es,2010-07-02,,40318.15
3,12_40,es,2010-07-02,,45748.49
7,7_40,es,2010-07-02,,30804.27
6,41_40,es,2010-07-02,,53841.27
2,43_38,es,2010-07-02,,66692.86
4,10_23,es,2010-07-02,,63131.5
3,20_92,es,2010-07-02,,151117.4
7,28_91,es,2010-07-02,,69414.63
5,17_4,es,2010-07-02,,26144.28
7,18_74,es,2010-07-02,,25291.15
1,19_23,es,2010-07-02,,27890.92
6,13_4,es,2010-07-02,,44350.14
6,13_91,es,2010-07-02,,75659.24
4,23_40,es,2010-07-02,,73299.46
6,32_92,es,2010-07-02,,89102.92
6,6_38,es,2010-07-02,,96469.68
7,12_8,es,2010-07-02,,40673.37
7,10_16,es,2010-07-02,,45673.78
5,14_91,es,2010-07-02,,103671.32
1,20_91,es,2010-07-02,,71382.75
5,27_80,es,2010-07-02,,29728.41
3,22_40,es,2010-07-02,,56782.44
4,20_9,es,2010-07-02,,43721.01
5,14_1,es,2010-07-02,,21878.49
4,30_91,es,2010-07-02,,32884.1
3,38_38,es,2010-07-02,,38456.45
5,13_23,es,2010-07-02,,34663.18
7,1_38,es,2010-07-02,,100958.25
6,11_7,es,2010-07-02,,26097.69
7,10_38,es,2010-07-02,,77631.86
3,23_92,es,2010-07-02,,51323.74
4,21_72,es,2010-07-02,,34686.76
4,20_90,es,2010-07-02,,89399.53
3,2_87,es,2010-07-02,,33849.49
5,3_72,es,2010-07-02,,15880.94
1,4_95,es,2010-07-02,,144262.79
5,24_87,es,2010-07-02,,26993.21
3,23_22,es,2010-07-02,,24854.87
6,37_95,es,2010-07-02,,52531.51
3,34_91,es,2010-07-02,,32098.03
4,4_8,es,2010-07-02,,64472.21
4,16_95,es,2010-07-02,,32183.8
5,10_34,es,2010-07-02,,42677.03
5,44_94,es,2010-07-02,,26584.58
5,40_4,es,2010-07-09,,26173.4
7,10_5,es,2010-07-09,,45590.23
7,23_16,es,2010-07-09,,55564.71
6,13_13,es,2010-07-09,,43609.03
7,29_40,es,2010-07-09,,26185.6
6,23_74,es,2010-07-09,,32251.53
2,1_97,es,2010-07-09,,38404.83
5,16_40,es,2010-07-09,,38102.33
3,40_2,es,2010-07-09,,28715.12
2,24_90,es,2010-07-09,,72616.27
1,23_72,es,2010-07-09,,53307.48
3,31_13,es,2010-07-09,,39016.89
5,26_40,es,2010-07-09,,37267.17
1,20_7,es,2010-07-09,,56237.24
5,19_2,es,2010-07-09,,53215.26
6,6_72,es,2010-07-09,,76343.2
6,26_92,es,2010-07-09,,83739.53
4,2_81,es,2010-07-09,,33909.88
6,17_95,es,2010-07-09,,53155.58
4,31_2,es,2010-07-09,,56760.66
7,4_94,es,2010-07-09,,65472.4
7,35_14,es,2010-07-09,,35446.88
2,11_93,es,2010-07-09,,34442.94
7,6_96,es,2010-07-09,,39126.19
7,45_13,es,2010-07-09,,26969.02
3,12_34,es,2010-07-09,,23129.8
3,42_38,es,2010-07-09,,30475.2
7,4_96,es,2010-07-09,,31940.64
4,6_93,es,2010-07-09,,45237.82
4,14_2,es,2010-07-09,,84067.67
1,15_72,es,2010-07-09,,34422.39
1,2_16,es,2010-07-09,,42022.73
3,19_9,es,2010-07-09,,36552.97
4,18_72,es,2010-07-09,,52841.92
2,32_90,es,2010-07-09,,54712.59
3,22_38,es,2010-07-09,,59703.85
6,9_38,es,2010-07-09,,77537.45
3,16_72,es,2010-07-09,,31761.87
6,10_72,es,2010-07-09,,113293.89
4,1_1,es,2010-07-09,,17688.76
3,31_46,es,2010-07-09,,21697.25
6,36_95,es,2010-07-09,,50043.43
4,10_40,es,2010-07-09,,94171.18
2,30_92,es,2010-07-09,,49609.14
5,11_46,es,2010-07-09,,25099.44
5,41_91,es,2010-07-09,,48657.97
3,4_9,es,2010-07-09,,31006.76
3,2_2,es,2010-07-09,,66045.13
2,32_95,es,2010-07-09,,83412.65
2,30_95,es,2010-07-09,,47709.96
7,26_4,es,2010-07-09,,27417
3,16_38,es,2010-07-09,,60667.74
1,11_95,es,2010-07-09,,81550.46
7,22_9,es,2010-07-09,,32719.07
7,11_92,es,2010-07-09,,74578.34
6,11_74,es,2010-07-09,,21482.86
7,11_13,es,2010-07-09,,40048.97
7,12_40,es,2010-07-09,,41182.7
4,7_40,es,2010-07-09,,33565.7
4,41_40,es,2010-07-09,,46580.15
1,43_38,es,2010-07-09,,52675.48
1,10_23,es,2010-07-09,,62668.96
3,20_92,es,2010-07-09,,156165.82
5,28_91,es,2010-07-09,,64382.24
4,17_4,es,2010-07-09,,24352.61
5,18_74,es,2010-07-09,,26509.88
1,19_23,es,2010-07-09,,32677.82
5,13_4,es,2010-07-09,,41873.9
1,13_91,es,2010-07-09,,74510.73
2,23_40,es,2010-07-09,,62683.34
4,32_92,es,2010-07-09,,85604.91
4,6_38,es,2010-07-09,,82923.59
1,12_8,es,2010-07-09,,38522.47
4,10_16,es,2010-07-09,,41617.3
2,14_91,es,2010-07-09,,99988.15
1,20_91,es,2010-07-09,,77108.13
7,27_80,es,2010-07-09,,31017.03
7,22_40,es,2010-07-09,,54826.46
5,20_9,es,2010-07-09,,50329.27
1,14_1,es,2010-07-09,,18621.51
5,30_91,es,2010-07-09,,32184
4,38_38,es,2010-07-09,,30631.56
3,13_23,es,2010-07-09,,28770.53
5,1_38,es,2010-07-09,,87346.14
3,11_7,es,2010-07-09,,25010.95
7,10_38,es,2010-07-09,,74592.62
2,23_92,es,2010-07-09,,38305.3
7,21_72,es,2010-07-09,,41455.94
1,20_90,es,2010-07-09,,87228.85
5,2_87,es,2010-07-09,,23257.68
7,3_72,es,2010-07-09,,13775.45
2,4_95,es,2010-07-09,,133687.23
6,24_87,es,2010-07-09,,24132.73
2,23_22,es,2010-07-09,,17917.69
1,37_95,es,2010-07-09,,48398.06
3,34_91,es,2010-07-09,,32063.21
2,4_8,es,2010-07-09,,63423.92
2,16_95,es,2010-07-09,,31908.33
5,10_34,es,2010-07-09,,41722.02
7,44_94,es,2010-07-09,,26055.85
3,40_4,es,2010-07-16,,25722.38
7,10_5,es,2010-07-16,,45290.09
5,23_16,es,2010-07-16,,40507.34
6,13_13,es,2010-07-16,,48323.32
7,29_40,es,2010-07-16,,27036.22
5,23_74,es,2010-07-16,,42279.67
3,1_97,es,2010-07-16,,35429.54
4,16_40,es,2010-07-16,,37636.13
1,40_2,es,2010-07-16,,30091.86
5,24_90,es,2010-07-16,,69276.72
6,23_72,es,2010-07-16,,55733.87
4,31_13,es,2010-07-16,,40492.78
7,26_40,es,2010-07-16,,40217.55
6,20_7,es,2010-07-16,,37063.56
7,19_2,es,2010-07-16,,55604.72
4,6_72,es,2010-07-16,,68952.81
2,26_92,es,2010-07-16,,74355.96
2,2_81,es,2010-07-16,,32496.82
6,17_95,es,2010-07-16,,52141.65
5,31_2,es,2010-07-16,,59604.65
5,4_94,es,2010-07-16,,70089.82
4,35_14,es,2010-07-16,,32067.26
4,11_93,es,2010-07-16,,31565.72
7,6_96,es,2010-07-16,,31941.14
1,45_13,es,2010-07-16,,28008.4
4,12_34,es,2010-07-16,,23294.39
1,42_38,es,2010-07-16,,33943.25
3,4_96,es,2010-07-16,,32846.12
4,6_93,es,2010-07-16,,40768.13
2,14_2,es,2010-07-16,,92554.66
7,15_72,es,2010-07-16,,33059.84
1,2_16,es,2010-07-16,,36305.11
2,19_9,es,2010-07-16,,31861.64
3,18_72,es,2010-07-16,,65647.87
7,32_90,es,2010-07-16,,56687.12
1,22_38,es,2010-07-16,,63071.51
3,9_38,es,2010-07-16,,75477.86
5,16_72,es,2010-07-16,,32542.4
6,10_72,es,2010-07-16,,111409.38
6,1_1,es,2010-07-16,,17150.84
3,31_46,es,2010-07-16,,25378.99
1,36_95,es,2010-07-16,,51733.82
7,10_40,es,2010-07-16,,96568.73
2,30_92,es,2010-07-16,,49281.92
2,11_46,es,2010-07-16,,27195.86
7,41_91,es,2010-07-16,,50172.8
7,4_9,es,2010-07-16,,29212.57
3,2_2,es,2010-07-16,,69430.49
3,32_95,es,2010-07-16,,87797.55
7,30_95,es,2010-07-16,,47442.1
5,26_4,es,2010-07-16,,27612.23
7,16_38,es,2010-07-16,,58611.44
3,11_95,es,2010-07-16,,79819.34
2,22_9,es,2010-07-16,,27064.78
1,11_92,es,2010-07-16,,72923.33
6,11_74,es,2010-07-16,,22352.19
6,11_13,es,2010-07-16,,41319.97
4,12_40,es,2010-07-16,,41621.55
2,7_40,es,2010-07-16,,31518
5,41_40,es,2010-07-16,,47396.78
6,43_38,es,2010-07-16,,51213.03
1,10_23,es,2010-07-16,,62940.67
5,20_92,es,2010-07-16,,156901.08
7,28_91,es,2010-07-16,,54743.15
5,17_4,es,2010-07-16,,24176.19
2,18_74,es,2010-07-16,,29185.77
5,19_23,es,2010-07-16,,24599.14
7,13_4,es,2010-07-16,,41966.08
4,13_91,es,2010-07-16,,85035.93
3,23_40,es,2010-07-16,,69341.7
4,32_92,es,2010-07-16,,89030.96
5,6_38,es,2010-07-16,,85559.36
5,12_8,es,2010-07-16,,38264.3
2,10_16,es,2010-07-16,,34455.25
3,14_91,es,2010-07-16,,99221.11
5,20_91,es,2010-07-16,,80819.25
3,27_80,es,2010-07-16,,30670.94
7,22_40,es,2010-07-16,,55424.16
4,20_9,es,2010-07-16,,54150.49
4,14_1,es,2010-07-16,,19210.19
1,30_91,es,2010-07-16,,33650.88
3,38_38,es,2010-07-16,,36217.34
2,13_23,es,2010-07-16,,28528.96
5,1_38,es,2010-07-16,,80431.55
2,11_7,es,2010-07-16,,26882.9
4,10_38,es,2010-07-16,,67516.14
5,23_92,es,2010-07-16,,43426.77
5,21_72,es,2010-07-16,,40131.27
2,20_90,es,2010-07-16,,93316.38
5,2_87,es,2010-07-16,,23308.62
4,3_72,es,2010-07-16,,13264.74
4,4_95,es,2010-07-16,,137145.82
5,24_87,es,2010-07-16,,24635.79
6,23_22,es,2010-07-16,,22740.44
3,37_95,es,2010-07-16,,51021.32
6,34_91,es,2010-07-16,,34498.78
5,4_8,es,2010-07-16,,60005.05
7,16_95,es,2010-07-16,,31970.98
3,10_34,es,2010-07-16,,45321.65
1,44_94,es,2010-07-16,,27433.35
2,40_4,es,2010-07-23,,26797.59
7,10_5,es,2010-07-23,,44139.12
3,23_16,es,2010-07-23,,32126.59
3,13_13,es,2010-07-23,,45748.8
7,29_40,es,2010-07-23,,26365.52
1,23_74,es,2010-07-23,,38869.59
4,1_97,es,2010-07-23,,31706.54
5,16_40,es,2010-07-23,,38407.55
1,40_2,es,2010-07-23,,29866.19
1,24_90,es,2010-07-23,,67862.24
5,23_72,es,2010-07-23,,61195.81
7,31_13,es,2010-07-23,,39840.33
5,26_40,es,2010-07-23,,38390.88
7,20_7,es,2010-07-23,,32664.48
2,19_2,es,2010-07-23,,53114.54
6,6_72,es,2010-07-23,,81263.4
5,26_92,es,2010-07-23,,70376.96
3,2_81,es,2010-07-23,,31116.1
6,17_95,es,2010-07-23,,54177.99
3,31_2,es,2010-07-23,,59170.72
4,4_94,es,2010-07-23,,66825.3
6,35_14,es,2010-07-23,,29271.96
7,11_93,es,2010-07-23,,27794.42
1,6_96,es,2010-07-23,,32068.81
6,45_13,es,2010-07-23,,27968.45
5,12_34,es,2010-07-23,,23756.3
6,42_38,es,2010-07-23,,36024.23
3,4_96,es,2010-07-23,,32122.74
7,6_93,es,2010-07-23,,39220.03
6,14_2,es,2010-07-23,,88708.89
7,15_72,es,2010-07-23,,35787.54
5,2_16,es,2010-07-23,,36604.99
4,19_9,es,2010-07-23,,34387.09
7,18_72,es,2010-07-23,,66251.04
6,32_90,es,2010-07-23,,55169.11
3,22_38,es,2010-07-23,,57075.4
2,9_38,es,2010-07-23,,68935.88
6,16_72,es,2010-07-23,,34117.32
3,10_72,es,2010-07-23,,120191.71
3,1_1,es,2010-07-23,,15360.45
5,31_46,es,2010-07-23,,25401.69
1,36_95,es,2010-07-23,,50552.85
5,10_40,es,2010-07-23,,94608.46
5,30_92,es,2010-07-23,,50220.19
4,11_46,es,2010-07-23,,24845.77
1,41_91,es,2010-07-23,,49516.57
6,4_9,es,2010-07-23,,28768.3
2,2_2,es,2010-07-23,,66465.49
1,32_95,es,2010-07-23,,84993.28
4,30_95,es,2010-07-23,,48979.82
6,26_4,es,2010-07-23,,25191.03
5,16_38,es,2010-07-23,,52747.23
4,11_95,es,2010-07-23,,77441.26
2,22_9,es,2010-07-23,,28480.09
4,11_92,es,2010-07-23,,63321.96
6,11_74,es,2010-07-23,,23556.79
7,11_13,es,2010-07-23,,38891.95
3,12_40,es,2010-07-23,,41969.12
4,7_40,es,2010-07-23,,31564.4
1,41_40,es,2010-07-23,,48050.32
2,43_38,es,2010-07-23,,46992.13
2,10_23,es,2010-07-23,,64761.46
1,20_92,es,2010-07-23,,138664.27
6,28_91,es,2010-07-23,,51859.4
3,17_4,es,2010-07-23,,26735.44
3,18_74,es,2010-07-23,,26023.35
6,19_23,es,2010-07-23,,24539.48
4,13_4,es,2010-07-23,,40071.04
7,13_91,es,2010-07-23,,78170.72
7,23_40,es,2010-07-23,,68787.36
3,32_92,es,2010-07-23,,85671.64
3,6_38,es,2010-07-23,,93648.8
6,12_8,es,2010-07-23,,38615.79
7,10_16,es,2010-07-23,,31421.25
3,14_91,es,2010-07-23,,95715.53
3,20_91,es,2010-07-23,,68269.46
4,27_80,es,2010-07-23,,30121.29
4,22_40,es,2010-07-23,,53591.48
5,20_9,es,2010-07-23,,37651.88
3,14_1,es,2010-07-23,,19145.48
2,30_91,es,2010-07-23,,34537.87
2,38_38,es,2010-07-23,,38462.23
3,13_23,es,2010-07-23,,30556.82
4,1_38,es,2010-07-23,,66892.44
3,11_7,es,2010-07-23,,26441.27
2,10_38,es,2010-07-23,,73542.82
1,23_92,es,2010-07-23,,42978.88
5,21_72,es,2010-07-23,,44669.71
7,20_90,es,2010-07-23,,84634.09
7,2_87,es,2010-07-23,,21750.08
3,3_72,es,2010-07-23,,10749.52
3,4_95,es,2010-07-23,,135646.76
4,24_87,es,2010-07-23,,24166.89
6,23_22,es,2010-07-23,,22365.2
1,37_95,es,2010-07-23,,47034.25
2,34_91,es,2010-07-23,,32942.24
3,4_8,es,2010-07-23,,63123.05
7,16_95,es,2010-07-23,,35367.89
3,10_34,es,2010-07-23,,44173.9
6,44_94,es,2010-07-23,,26210.28
4,40_4,es,2010-07-30,,25706.3
3,10_5,es,2010-07-30,,47763.56
5,23_16,es,2010-07-30,,29322.17
3,13_13,es,2010-07-30,,44891.24
1,29_40,es,2010-07-30,,26337.41
5,23_74,es,2010-07-30,,41146.86
2,1_97,es,2010-07-30,,29315.71
1,16_40,es,2010-07-30,,37334.79
5,40_2,es,2010-07-30,,29223.65
2,24_90,es,2010-07-30,,66590.85
1,23_72,es,2010-07-30,,69815.45
2,31_13,es,2010-07-30,,38870.83
2,26_40,es,2010-07-30,,38486.22
5,20_7,es,2010-07-30,,33549.62
4,19_2,es,2010-07-30,,54311.04
2,6_72,es,2010-07-30,,72037.3
4,26_92,es,2010-07-30,,73450.04
5,2_81,es,2010-07-30,,30664.38
1,17_95,es,2010-07-30,,51190.03
7,31_2,es,2010-07-30,,56220.91
4,4_94,es,2010-07-30,,61070.86
7,35_14,es,2010-07-30,,30936.83
1,11_93,es,2010-07-30,,26553.64
5,6_96,es,2010-07-30,,31693.71
3,45_13,es,2010-07-30,,27401.65
6,12_34,es,2010-07-30,,22468.92
5,42_38,es,2010-07-30,,36399.21
1,4_96,es,2010-07-30,,30535.82
6,6_93,es,2010-07-30,,38177.59
1,14_2,es,2010-07-30,,90523.51
4,15_72,es,2010-07-30,,38759.82
2,2_16,es,2010-07-30,,29812.69
7,19_9,es,2010-07-30,,30702.89
5,18_72,es,2010-07-30,,63877.55
6,32_90,es,2010-07-30,,52793.02
5,22_38,es,2010-07-30,,66594.96
4,9_38,es,2010-07-30,,68169.54
5,16_72,es,2010-07-30,,26883.55
2,10_72,es,2010-07-30,,141657.11
5,1_1,es,2010-07-30,,15381.82
2,31_46,es,2010-07-30,,23373.02
7,36_95,es,2010-07-30,,46319.87
5,10_40,es,2010-07-30,,94911.29
1,30_92,es,2010-07-30,,50035.31
2,11_46,es,2010-07-30,,24094.25
4,41_91,es,2010-07-30,,46790.18
2,4_9,es,2010-07-30,,27703.88
7,2_2,es,2010-07-30,,67829.52
2,32_95,es,2010-07-30,,85149.14
7,30_95,es,2010-07-30,,48983.1
4,26_4,es,2010-07-30,,26242.27
7,16_38,es,2010-07-30,,54307.88
7,11_95,es,2010-07-30,,73178.85
6,22_9,es,2010-07-30,,28311.42
2,11_92,es,2010-07-30,,62768.75
1,11_74,es,2010-07-30,,22327.53
4,11_13,es,2010-07-30,,39765.79
6,12_40,es,2010-07-30,,41353.03
7,7_40,es,2010-07-30,,35965.11
6,41_40,es,2010-07-30,,50605.96
2,43_38,es,2010-07-30,,52414.51
7,10_23,es,2010-07-30,,64139.01
2,20_92,es,2010-07-30,,134374.32
1,28_91,es,2010-07-30,,47700.55
4,17_4,es,2010-07-30,,23054.17
5,18_74,es,2010-07-30,,26709.28
6,19_23,es,2010-07-30,,24524.4
7,13_4,es,2010-07-30,,39614.26
2,13_91,es,2010-07-30,,71935.56
1,23_40,es,2010-07-30,,65651.25
6,32_92,es,2010-07-30,,82660.52
4,6_38,es,2010-07-30,,80701.67
5,12_8,es,2010-07-30,,38751.55
7,10_16,es,2010-07-30,,29286.04
6,14_91,es,2010-07-30,,92534.04
2,20_91,es,2010-07-30,,64087.32
4,27_80,es,2010-07-30,,28058.74
2,22_40,es,2010-07-30,,52200.89
5,20_9,es,2010-07-30,,35025.24
6,14_1,es,2010-07-30,,18202.08
6,30_91,es,2010-07-30,,33494.31
2,38_38,es,2010-07-30,,47032.39
5,13_23,es,2010-07-30,,28371.33
5,1_38,es,2010-07-30,,76542.81
2,11_7,es,2010-07-30,,23643.55
3,10_38,es,2010-07-30,,74424.81
5,23_92,es,2010-07-30,,42509.92
4,21_72,es,2010-07-30,,42727.94
1,20_90,es,2010-07-30,,84099.9
3,2_87,es,2010-07-30,,28981.62
1,3_72,es,2010-07-30,,10029.63
7,4_95,es,2010-07-30,,126763.28
7,24_87,es,2010-07-30,,26085.24
4,23_22,es,2010-07-30,,24300.66
6,37_95,es,2010-07-30,,47019.65
2,34_91,es,2010-07-30,,29305.01
2,4_8,es,2010-07-30,,61625.27
6,16_95,es,2010-07-30,,34667.56
7,10_34,es,2010-07-30,,45415.56
5,44_94,es,2010-07-30,,23748.66
4,40_4,es,2010-08-06,,29667.02
1,10_5,es,2010-08-06,,50567.89
1,23_16,es,2010-08-06,,26067.44
7,13_13,es,2010-08-06,,49125.69
1,29_40,es,2010-08-06,,26565.55
5,23_74,es,2010-08-06,,46283.44
1,1_97,es,2010-08-06,,37436.74
4,16_40,es,2010-08-06,,36242.34
3,40_2,es,2010-08-06,,31842.74
6,24_90,es,2010-08-06,,74565.3
2,23_72,es,2010-08-06,,65767.95
4,31_13,es,2010-08-06,,40614.49
7,26_40,es,2010-08-06,,40503.23
4,20_7,es,2010-08-06,,28108.59
3,19_2,es,2010-08-06,,56760.15
3,6_72,es,2010-08-06,,75930.54
5,26_92,es,2010-08-06,,95480.49
7,2_81,es,2010-08-06,,32317.34
3,17_95,es,2010-08-06,,50698.9
7,31_2,es,2010-08-06,,61016.51
1,4_94,es,2010-08-06,,65993.32
5,35_14,es,2010-08-06,,35069.48
5,11_93,es,2010-08-06,,30454.85
6,6_96,es,2010-08-06,,34115.77
5,45_13,es,2010-08-06,,29594.04
4,12_34,es,2010-08-06,,23446.29
6,42_38,es,2010-08-06,,39311.53
7,4_96,es,2010-08-06,,31282.83
3,6_93,es,2010-08-06,,42257.75
1,14_2,es,2010-08-06,,90670.74
1,15_72,es,2010-08-06,,34367.08
3,2_16,es,2010-08-06,,32172.54
2,19_9,es,2010-08-06,,30402.5
5,18_72,es,2010-08-06,,78149.72
7,32_90,es,2010-08-06,,57212.44
4,22_38,es,2010-08-06,,62224.45
3,9_38,es,2010-08-06,,77368.51
5,16_72,es,2010-08-06,,32572.41
6,10_72,es,2010-08-06,,130456.21
7,1_1,es,2010-08-06,,17508.41
3,31_46,es,2010-08-06,,23881.54
3,36_95,es,2010-08-06,,53161.26
3,10_40,es,2010-08-06,,97051.19
4,30_92,es,2010-08-06,,50563.02
1,11_46,es,2010-08-06,,27476.56
1,41_91,es,2010-08-06,,54829.42
1,4_9,es,2010-08-06,,26699.34
3,2_2,es,2010-08-06,,69920.91
4,32_95,es,2010-08-06,,86974.12
7,30_95,es,2010-08-06,,49853.96
5,26_4,es,2010-08-06,,27662.5
4,16_38,es,2010-08-06,,58034.88
3,11_95,es,2010-08-06,,83972.23
4,22_9,es,2010-08-06,,28246.57
5,11_92,es,2010-08-06,,73884.09
6,11_74,es,2010-08-06,,25585.08
4,11_13,es,2010-08-06,,41424.8
4,12_40,es,2010-08-06,,42496.16
2,7_40,es,2010-08-06,,32644.46
5,41_40,es,2010-08-06,,52842.16
5,43_38,es,2010-08-06,,53276.1
1,10_23,es,2010-08-06,,74741.75
5,20_92,es,2010-08-06,,149036.16
5,28_91,es,2010-08-06,,89513.36
4,17_4,es,2010-08-06,,24306.17
6,18_74,es,2010-08-06,,29506.47
4,19_23,es,2010-08-06,,26134.85
6,13_4,es,2010-08-06,,44218.99
5,13_91,es,2010-08-06,,82134.91
1,23_40,es,2010-08-06,,64905.35
5,32_92,es,2010-08-06,,91449.07
6,6_38,es,2010-08-06,,94453.34
7,12_8,es,2010-08-06,,41037.75
2,10_16,es,2010-08-06,,29220.9
2,14_91,es,2010-08-06,,111714.08
7,20_91,es,2010-08-06,,63271.33
2,27_80,es,2010-08-06,,29283.31
3,22_40,es,2010-08-06,,54386.14
5,20_9,es,2010-08-06,,34075.84
4,14_1,es,2010-08-06,,19255.34
7,30_91,es,2010-08-06,,33626.9
4,38_38,es,2010-08-06,,36596.86
1,13_23,es,2010-08-06,,31994.52
4,1_38,es,2010-08-06,,93809.75
3,11_7,es,2010-08-06,,24529.87
7,10_38,es,2010-08-06,,77296.94
5,23_92,es,2010-08-06,,46839.09
6,21_72,es,2010-08-06,,36445.82
2,20_90,es,2010-08-06,,78831.08
1,2_87,es,2010-08-06,,30624.26
3,3_72,es,2010-08-06,,15724.64
1,4_95,es,2010-08-06,,139573.93
6,24_87,es,2010-08-06,,25571.44
1,23_22,es,2010-08-06,,25465.89
7,37_95,es,2010-08-06,,50403.42
2,34_91,es,2010-08-06,,33850.2
4,4_8,es,2010-08-06,,62358.61
4,16_95,es,2010-08-06,,34492.36
7,10_34,es,2010-08-06,,47211.9
1,44_94,es,2010-08-06,,24843.21
3,40_4,es,2010-08-13,,24876.87
2,10_5,es,2010-08-13,,44400.33
7,23_16,es,2010-08-13,,20219.26
3,13_13,es,2010-08-13,,46569.31
6,29_40,es,2010-08-13,,25836.14
1,23_74,es,2010-08-13,,44650.94
4,1_97,es,2010-08-13,,37470.84
3,16_40,es,2010-08-13,,32997.18
4,40_2,es,2010-08-13,,28251.65
3,24_90,es,2010-08-13,,71321.57
4,23_72,es,2010-08-13,,63175.29
6,31_13,es,2010-08-13,,41436.05
6,26_40,es,2010-08-13,,38290.01
2,20_7,es,2010-08-13,,27829.61
1,19_2,es,2010-08-13,,54797.34
6,6_72,es,2010-08-13,,75253.74
5,26_92,es,2010-08-13,,80498.48
7,2_81,es,2010-08-13,,31218.42
4,17_95,es,2010-08-13,,45153.88
2,31_2,es,2010-08-13,,58872.76
1,4_94,es,2010-08-13,,66065.99
5,35_14,es,2010-08-13,,34379.27
6,11_93,es,2010-08-13,,31262.49
7,6_96,es,2010-08-13,,34009.2
6,45_13,es,2010-08-13,,27785.93
5,12_34,es,2010-08-13,,22277.3
1,42_38,es,2010-08-13,,31057.36
1,4_96,es,2010-08-13,,30912.63
2,6_93,es,2010-08-13,,38907.67
3,14_2,es,2010-08-13,,89620.53
2,15_72,es,2010-08-13,,45112.07
2,2_16,es,2010-08-13,,27186.27
6,19_9,es,2010-08-13,,27954
7,18_72,es,2010-08-13,,67730.38
4,32_90,es,2010-08-13,,57250.77
2,22_38,es,2010-08-13,,69598.11
7,9_38,es,2010-08-13,,69585.91
6,16_72,es,2010-08-13,,31661.66
4,10_72,es,2010-08-13,,136327.57
3,1_1,es,2010-08-13,,15536.4
1,31_46,es,2010-08-13,,22608.31
1,36_95,es,2010-08-13,,55802.29
3,10_40,es,2010-08-13,,95950.07
4,30_92,es,2010-08-13,,52376.56
3,11_46,es,2010-08-13,,25735.49
3,41_91,es,2010-08-13,,51972.73
1,4_9,es,2010-08-13,,27948.05
5,2_2,es,2010-08-13,,69947
2,32_95,es,2010-08-13,,90002.55
5,30_95,es,2010-08-13,,49484.37
3,26_4,es,2010-08-13,,26733.07
5,16_38,es,2010-08-13,,54367.62
1,11_95,es,2010-08-13,,87124.01
1,22_9,es,2010-08-13,,30273.14
4,11_92,es,2010-08-13,,75433.27
7,11_74,es,2010-08-13,,27636.46
6,11_13,es,2010-08-13,,41333.59
2,12_40,es,2010-08-13,,42967.24
6,7_40,es,2010-08-13,,31075.26
7,41_40,es,2010-08-13,,49747.62
7,43_38,es,2010-08-13,,54153.91
6,10_23,es,2010-08-13,,73231.76
5,20_92,es,2010-08-13,,173063.58
4,28_91,es,2010-08-13,,55620.48
5,17_4,es,2010-08-13,,21577.97
2,18_74,es,2010-08-13,,29048.07
6,19_23,es,2010-08-13,,23813.97
7,13_4,es,2010-08-13,,41358.04
7,13_91,es,2010-08-13,,80224.18
4,23_40,es,2010-08-13,,64972.98
3,32_92,es,2010-08-13,,93556.45
1,6_38,es,2010-08-13,,86257.02
7,12_8,es,2010-08-13,,38892.97
1,10_16,es,2010-08-13,,31468.57
1,14_91,es,2010-08-13,,98118.27
1,20_91,es,2010-08-13,,85854.9
1,27_80,es,2010-08-13,,28036.97
5,22_40,es,2010-08-13,,53383.88
7,20_9,es,2010-08-13,,33785.81
1,14_1,es,2010-08-13,,17852.24
7,30_91,es,2010-08-13,,35017.29
1,38_38,es,2010-08-13,,39547.67
5,13_23,es,2010-08-13,,28680.55
4,1_38,es,2010-08-13,,78915.6
7,11_7,es,2010-08-13,,24158.73
6,10_38,es,2010-08-13,,89143.02
6,23_92,es,2010-08-13,,41831.12
4,21_72,es,2010-08-13,,39710.05
4,20_90,es,2010-08-13,,97347.73
5,2_87,es,2010-08-13,,24125.27
5,3_72,es,2010-08-13,,12681.15
4,4_95,es,2010-08-13,,150533.25
3,24_87,es,2010-08-13,,25476.41
3,23_22,es,2010-08-13,,21796.56
1,37_95,es,2010-08-13,,50541.12
6,34_91,es,2010-08-13,,31974.46
6,4_8,es,2010-08-13,,62910.61
4,16_95,es,2010-08-13,,28481.93
3,10_34,es,2010-08-13,,47537.07
2,44_94,es,2010-08-13,,25098.18
6,40_4,es,2010-08-20,,24946.77
3,10_5,es,2010-08-20,,40494.25
1,23_16,es,2010-08-20,,20811.18
7,13_13,es,2010-08-20,,49406.02
5,29_40,es,2010-08-20,,26415.04
4,23_74,es,2010-08-20,,51120.03
5,1_97,es,2010-08-20,,33496.7
3,16_40,es,2010-08-20,,32470.74
1,40_2,es,2010-08-20,,28204.19
7,24_90,es,2010-08-20,,66734.92
1,23_72,es,2010-08-20,,81679.06
3,31_13,es,2010-08-20,,43011.76
2,26_40,es,2010-08-20,,38969.07
6,20_7,es,2010-08-20,,32560.75
4,19_2,es,2010-08-20,,56848.37
7,6_72,es,2010-08-20,,78605.1
2,26_92,es,2010-08-20,,77941.75
4,2_81,es,2010-08-20,,30900.1
3,17_95,es,2010-08-20,,44705.31
1,31_2,es,2010-08-20,,63615.21
5,4_94,es,2010-08-20,,62052.94
4,35_14,es,2010-08-20,,31743.42
3,11_93,es,2010-08-20,,28899.09
1,6_96,es,2010-08-20,,30826.95
6,45_13,es,2010-08-20,,29246.37
7,12_34,es,2010-08-20,,23363.95
5,42_38,es,2010-08-20,,35117.19
2,4_96,es,2010-08-20,,29682.04
4,6_93,es,2010-08-20,,35652.12
3,14_2,es,2010-08-20,,89591.89
7,15_72,es,2010-08-20,,51104.53
1,2_16,es,2010-08-20,,24058.13
6,19_9,es,2010-08-20,,37634.72
2,18_72,es,2010-08-20,,71838.01
5,32_90,es,2010-08-20,,57372.8
1,22_38,es,2010-08-20,,60745.92
7,9_38,es,2010-08-20,,71347.16
6,16_72,es,2010-08-20,,26869.47
4,10_72,es,2010-08-20,,165741.9
7,1_1,es,2010-08-20,,15740.13
6,31_46,es,2010-08-20,,24971.86
5,36_95,es,2010-08-20,,51581.1
3,10_40,es,2010-08-20,,98834.73
4,30_92,es,2010-08-20,,50953.42
2,11_46,es,2010-08-20,,26331.51
5,41_91,es,2010-08-20,,52541.83
4,4_9,es,2010-08-20,,29126.35
2,2_2,es,2010-08-20,,69472.79
6,32_95,es,2010-08-20,,88744.63
1,30_95,es,2010-08-20,,50643.05
1,26_4,es,2010-08-20,,26116.56
2,16_38,es,2010-08-20,,51751.48
2,11_95,es,2010-08-20,,86362.65
2,22_9,es,2010-08-20,,29372.07
6,11_92,es,2010-08-20,,71884.37
6,11_74,es,2010-08-20,,30174.88
3,11_13,es,2010-08-20,,42789.17
1,12_40,es,2010-08-20,,41892.19
1,7_40,es,2010-08-20,,32037
2,41_40,es,2010-08-20,,56292.7
5,43_38,es,2010-08-20,,61259.69
7,10_23,es,2010-08-20,,68015.5
6,20_92,es,2010-08-20,,142258.13
7,28_91,es,2010-08-20,,48819.53
2,17_4,es,2010-08-20,,22647.96
3,18_74,es,2010-08-20,,32823.8
1,19_23,es,2010-08-20,,25040.61
6,13_4,es,2010-08-20,,43731.02
3,13_91,es,2010-08-20,,82783.22
6,23_40,es,2010-08-20,,68584.17
7,32_92,es,2010-08-20,,92808.43
4,6_38,es,2010-08-20,,71627.48
2,12_8,es,2010-08-20,,40242.34
5,10_16,es,2010-08-20,,28157.76
7,14_91,es,2010-08-20,,100311.56
6,20_91,es,2010-08-20,,72556.41
2,27_80,es,2010-08-20,,28326.82
6,22_40,es,2010-08-20,,54815.79
2,20_9,es,2010-08-20,,33159.65
7,14_1,es,2010-08-20,,17154.27
5,30_91,es,2010-08-20,,34779.2
6,38_38,es,2010-08-20,,37790.91
7,13_23,es,2010-08-20,,37433.69
3,1_38,es,2010-08-20,,70299.21
5,11_7,es,2010-08-20,,25811.44
4,10_38,es,2010-08-20,,89213.93
6,23_92,es,2010-08-20,,43173.52
7,21_72,es,2010-08-20,,43534.05
2,20_90,es,2010-08-20,,87316.81
6,2_87,es,2010-08-20,,47167.02
1,3_72,es,2010-08-20,,12925.58
5,4_95,es,2010-08-20,,147428.5
5,24_87,es,2010-08-20,,24555.38
1,23_22,es,2010-08-20,,26310.76
6,37_95,es,2010-08-20,,51273.77
6,34_91,es,2010-08-20,,36211.48
7,4_8,es,2010-08-20,,56995.29
2,16_95,es,2010-08-20,,27864.75
5,10_34,es,2010-08-20,,44783.04
5,44_94,es,2010-08-20,,23468.59
5,40_4,es,2010-08-27,,25633.3
1,10_5,es,2010-08-27,,40316.99
5,23_16,es,2010-08-27,,17365.99
5,13_13,es,2010-08-27,,51229.9
5,29_40,es,2010-08-27,,26541.44
3,23_74,es,2010-08-27,,66275.88
4,1_97,es,2010-08-27,,31655.17
7,16_40,es,2010-08-27,,33800.16
5,40_2,es,2010-08-27,,29081.83
5,24_90,es,2010-08-27,,67100.47
6,23_72,es,2010-08-27,,92393.51
6,31_13,es,2010-08-27,,42245.95
5,26_40,es,2010-08-27,,37827.68
5,20_7,es,2010-08-27,,35564.95
5,19_2,es,2010-08-27,,64772.9
4,6_72,es,2010-08-27,,71143.8
6,26_92,es,2010-08-27,,78413.37
4,2_81,es,2010-08-27,,30135.89
2,17_95,es,2010-08-27,,44910.55
3,31_2,es,2010-08-27,,59956.9
4,4_94,es,2010-08-27,,58210.98
7,35_14,es,2010-08-27,,30064.88
7,11_93,es,2010-08-27,,27869.83
6,6_96,es,2010-08-27,,25490.73
2,45_13,es,2010-08-27,,28818.45
4,12_34,es,2010-08-27,,24118.1
5,42_38,es,2010-08-27,,29473.18
1,4_96,es,2010-08-27,,30845.89
2,6_93,es,2010-08-27,,33323.81
2,14_2,es,2010-08-27,,87255.09
6,15_72,es,2010-08-27,,47659.41
6,2_16,es,2010-08-27,,18214.97
6,19_9,es,2010-08-27,,27064.05
5,18_72,es,2010-08-27,,65488.49
2,32_90,es,2010-08-27,,59511.18
6,22_38,es,2010-08-27,,63805.73
5,9_38,es,2010-08-27,,67060.15
7,16_72,es,2010-08-27,,32295.5
1,10_72,es,2010-08-27,,128039.94
5,1_1,es,2010-08-27,,15793.87
2,31_46,es,2010-08-27,,22707.91
7,36_95,es,2010-08-27,,45643.05
2,10_40,es,2010-08-27,,91997.3
2,30_92,es,2010-08-27,,52503.77
6,11_46,es,2010-08-27,,24408.36
3,41_91,es,2010-08-27,,47501.42
7,4_9,es,2010-08-27,,34195.67
7,2_2,es,2010-08-27,,69300.7
2,32_95,es,2010-08-27,,87721.04
3,30_95,es,2010-08-27,,50332.53
5,26_4,es,2010-08-27,,24113.41
7,16_38,es,2010-08-27,,49484.9
2,11_95,es,2010-08-27,,80244.93
1,22_9,es,2010-08-27,,24997.43
3,11_92,es,2010-08-27,,66786.63
7,11_74,es,2010-08-27,,26903.3
3,11_13,es,2010-08-27,,41346.92
6,12_40,es,2010-08-27,,41798.77
5,7_40,es,2010-08-27,,31296.89
4,41_40,es,2010-08-27,,51613.45
4,43_38,es,2010-08-27,,45622.18
7,10_23,es,2010-08-27,,57174.11
6,20_92,es,2010-08-27,,135985.68
2,28_91,es,2010-08-27,,47142.26
6,17_4,es,2010-08-27,,22218.55
7,18_74,es,2010-08-27,,38638.61
1,19_23,es,2010-08-27,,28507.39
3,13_4,es,2010-08-27,,42895.04
2,13_91,es,2010-08-27,,75817.35
4,23_40,es,2010-08-27,,73361.68
3,32_92,es,2010-08-27,,92374.18
1,6_38,es,2010-08-27,,67527.43
7,12_8,es,2010-08-27,,37626.72
5,10_16,es,2010-08-27,,24883.36
6,14_91,es,2010-08-27,,94922.1
4,20_91,es,2010-08-27,,64135.96
2,27_80,es,2010-08-27,,28138.44
4,22_40,es,2010-08-27,,55677.36
7,20_9,es,2010-08-27,,30562.32
4,14_1,es,2010-08-27,,17580.58
6,30_91,es,2010-08-27,,32799.36
5,38_38,es,2010-08-27,,44072.6
1,13_23,es,2010-08-27,,30872.16
2,1_38,es,2010-08-27,,77852.74
7,11_7,es,2010-08-27,,21442.98
1,10_38,es,2010-08-27,,68324.22
4,23_92,es,2010-08-27,,47506.75
5,21_72,es,2010-08-27,,36001.27
5,20_90,es,2010-08-27,,85020.85
5,2_87,es,2010-08-27,,24731.49
2,3_72,es,2010-08-27,,12440.96
5,4_95,es,2010-08-27,,137344.06
7,24_87,es,2010-08-27,,26190.58
6,23_22,es,2010-08-27,,30234.87
1,37_95,es,2010-08-27,,54261.67
5,34_91,es,2010-08-27,,29799.42
1,4_8,es,2010-08-27,,58526.02
4,16_95,es,2010-08-27,,30216.86
7,10_34,es,2010-08-27,,39128.25
6,44_94,es,2010-08-27,,22881.75
5,40_4,es,2010-09-03,,26314.71
5,10_5,es,2010-09-03,,38887.81
2,23_16,es,2010-09-03,,16054.07
7,13_13,es,2010-09-03,,53103.38
4,29_40,es,2010-09-03,,28863.04
6,23_74,es,2010-09-03,,49371.27
3,1_97,es,2010-09-03,,36014.75
1,16_40,es,2010-09-03,,31708.79
7,40_2,es,2010-09-03,,30377.61
1,24_90,es,2010-09-03,,71924.29
2,23_72,es,2010-09-03,,80005.41
6,31_13,es,2010-09-03,,42940.63
1,26_40,es,2010-09-03,,40028.36
3,20_7,es,2010-09-03,,35273.83
7,19_2,es,2010-09-03,,66454.68
7,6_72,es,2010-09-03,,70435.72
7,26_92,es,2010-09-03,,75809.99
1,2_81,es,2010-09-03,,31517.02
1,17_95,es,2010-09-03,,49055.19
7,31_2,es,2010-09-03,,61088.74
7,4_94,es,2010-09-03,,61102.02
6,35_14,es,2010-09-03,,28881.28
7,11_93,es,2010-09-03,,30402.75
4,6_96,es,2010-09-03,,30774.93
3,45_13,es,2010-09-03,,30012.54
4,12_34,es,2010-09-03,,27479.59
3,42_38,es,2010-09-03,,40074.04
7,4_96,es,2010-09-03,,32351.04
5,6_93,es,2010-09-03,,42043.19
7,14_2,es,2010-09-03,,90882.47
5,15_72,es,2010-09-03,,41940.53
6,2_16,es,2010-09-03,,23042.29
4,19_9,es,2010-09-03,,37696.05
1,18_72,es,2010-09-03,,72159.91
7,32_90,es,2010-09-03,,57480.9
7,22_38,es,2010-09-03,,66620.86
2,9_38,es,2010-09-03,,83312.21
5,16_72,es,2010-09-03,,28092.5
5,10_72,es,2010-09-03,,118055.84
2,1_1,es,2010-09-03,,16241.78
4,31_46,es,2010-09-03,,22791.34
5,36_95,es,2010-09-03,,45793.64
3,10_40,es,2010-09-03,,98718.44
7,30_92,es,2010-09-03,,52410.79
1,11_46,es,2010-09-03,,25976.55
4,41_91,es,2010-09-03,,52678.68
4,4_9,es,2010-09-03,,50838.74
4,2_2,es,2010-09-03,,70081.13
7,32_95,es,2010-09-03,,86784.05
2,30_95,es,2010-09-03,,49731.52
3,26_4,es,2010-09-03,,26858.54
6,16_38,es,2010-09-03,,56731.08
2,11_95,es,2010-09-03,,79803.01
2,22_9,es,2010-09-03,,26624.31
4,11_92,es,2010-09-03,,71909.04
6,11_74,es,2010-09-03,,23860.93
2,11_13,es,2010-09-03,,45067.9
1,12_40,es,2010-09-03,,46934.13
7,7_40,es,2010-09-03,,31309.83
4,41_40,es,2010-09-03,,54750.7
4,43_38,es,2010-09-03,,58102.81
6,10_23,es,2010-09-03,,51899.18
3,20_92,es,2010-09-03,,162287.35
1,28_91,es,2010-09-03,,78402.21
2,17_4,es,2010-09-03,,25889.94
1,18_74,es,2010-09-03,,29735.95
2,19_23,es,2010-09-03,,29944.84
1,13_4,es,2010-09-03,,44101.27
5,13_91,es,2010-09-03,,75365.71
5,23_40,es,2010-09-03,,70904.82
4,32_92,es,2010-09-03,,91242.57
6,6_38,es,2010-09-03,,73858.57
5,12_8,es,2010-09-03,,41073.04
3,10_16,es,2010-09-03,,25383.49
7,14_91,es,2010-09-03,,103686.93
1,20_91,es,2010-09-03,,76373.11
5,27_80,es,2010-09-03,,28249.24
6,22_40,es,2010-09-03,,57424.17
7,20_9,es,2010-09-03,,38090.63
5,14_1,es,2010-09-03,,17501.45
5,30_91,es,2010-09-03,,33728.97
1,38_38,es,2010-09-03,,42295.28
2,13_23,es,2010-09-03,,25576.59
1,1_38,es,2010-09-03,,90990.93
2,11_7,es,2010-09-03,,24703.43
2,10_38,es,2010-09-03,,79498.54
1,23_92,es,2010-09-03,,51956.25
1,21_72,es,2010-09-03,,34990.5
2,20_90,es,2010-09-03,,95276.12
1,2_87,es,2010-09-03,,26709.38
5,3_72,es,2010-09-03,,14414.27
5,4_95,es,2010-09-03,,138970.56
5,24_87,es,2010-09-03,,28198.39
1,23_22,es,2010-09-03,,22747.14
6,37_95,es,2010-09-03,,51841.1
5,34_91,es,2010-09-03,,32658.26
5,4_8,es,2010-09-03,,65257.74
1,16_95,es,2010-09-03,,27135.5
5,10_34,es,2010-09-03,,35422.25
6,44_94,es,2010-09-03,,22322.87
7,40_4,es,2010-09-10,,26862.59
1,10_5,es,2010-09-10,,40913.56
4,23_16,es,2010-09-10,,14520.02
1,13_13,es,2010-09-10,,48130.56
3,29_40,es,2010-09-10,,27671.42
7,23_74,es,2010-09-10,,46389.07
5,1_97,es,2010-09-10,,38996.39
2,16_40,es,2010-09-10,,32456.05
1,40_2,es,2010-09-10,,28201.81
7,24_90,es,2010-09-10,,78041.85
5,23_72,es,2010-09-10,,70051.82
2,31_13,es,2010-09-10,,43992.55
2,26_40,es,2010-09-10,,41557.59
6,20_7,es,2010-09-10,,31014.81
1,19_2,es,2010-09-10,,57835.71
2,6_72,es,2010-09-10,,66857.07
5,26_92,es,2010-09-10,,95903.34
5,2_81,es,2010-09-10,,31354.52
5,17_95,es,2010-09-10,,59819.99
7,31_2,es,2010-09-10,,55655.09
5,4_94,es,2010-09-10,,63137.56
4,35_14,es,2010-09-10,,31167.28
3,11_93,es,2010-09-10,,33244.88
1,6_96,es,2010-09-10,,29980.4
2,45_13,es,2010-09-10,,29459.83
5,12_34,es,2010-09-10,,21120.47
5,42_38,es,2010-09-10,,35772.29
4,4_96,es,2010-09-10,,32695.04
6,6_93,es,2010-09-10,,39594.22
2,14_2,es,2010-09-10,,87598.17
5,15_72,es,2010-09-10,,43787.63
4,2_16,es,2010-09-10,,20287.38
7,19_9,es,2010-09-10,,34179.74
7,18_72,es,2010-09-10,,68704.51
2,32_90,es,2010-09-10,,56513.68
6,22_38,es,2010-09-10,,56462.02
2,9_38,es,2010-09-10,,77159.6
4,16_72,es,2010-09-10,,27012.2
1,10_72,es,2010-09-10,,114745.12
5,1_1,es,2010-09-10,,18194.74
4,31_46,es,2010-09-10,,21354.45
5,36_95,es,2010-09-10,,44471.81
2,10_40,es,2010-09-10,,96323.89
3,30_92,es,2010-09-10,,54878.98
3,11_46,es,2010-09-10,,22739.79
7,41_91,es,2010-09-10,,51770.39
1,4_9,es,2010-09-10,,45892.27
3,2_2,es,2010-09-10,,65663.65
5,32_95,es,2010-09-10,,78494.29
6,30_95,es,2010-09-10,,49072.1
7,26_4,es,2010-09-10,,26102.17
7,16_38,es,2010-09-10,,49076.25
3,11_95,es,2010-09-10,,79736.74
7,22_9,es,2010-09-10,,24556.79
3,11_92,es,2010-09-10,,75497.96
1,11_74,es,2010-09-10,,23241.6
4,11_13,es,2010-09-10,,41147.49
6,12_40,es,2010-09-10,,44041.09
1,7_40,es,2010-09-10,,30191.37
5,41_40,es,2010-09-10,,54171.25
7,43_38,es,2010-09-10,,57968.48
6,10_23,es,2010-09-10,,45895.53
4,20_92,es,2010-09-10,,165313.47
7,28_91,es,2010-09-10,,63445.08
7,17_4,es,2010-09-10,,43121.13
6,18_74,es,2010-09-10,,26864.75
4,19_23,es,2010-09-10,,34660.43
4,13_4,es,2010-09-10,,39964.09
5,13_91,es,2010-09-10,,73737.68
3,23_40,es,2010-09-10,,67366.45
7,32_92,es,2010-09-10,,91147.37
1,6_38,es,2010-09-10,,69380.91
2,12_8,es,2010-09-10,,39737.36
2,10_16,es,2010-09-10,,25317.89
7,14_91,es,2010-09-10,,108430.65
3,20_91,es,2010-09-10,,83335.89
1,27_80,es,2010-09-10,,29340.48
6,22_40,es,2010-09-10,,52789.74
5,20_9,es,2010-09-10,,36369.71
3,14_1,es,2010-09-10,,18829.48
4,30_91,es,2010-09-10,,34816
4,38_38,es,2010-09-10,,26111.99
5,13_23,es,2010-09-10,,21710.49
1,1_38,es,2010-09-10,,78481.32
5,11_7,es,2010-09-10,,24178.28
2,10_38,es,2010-09-10,,82424.91
6,23_92,es,2010-09-10,,47007.87
3,21_72,es,2010-09-10,,39522.73
4,20_90,es,2010-09-10,,96914.29
3,2_87,es,2010-09-10,,22302.04
2,3_72,es,2010-09-10,,13486.39
1,4_95,es,2010-09-10,,142636.36
3,24_87,es,2010-09-10,,24259.7
2,23_22,es,2010-09-10,,22283.69
3,37_95,es,2010-09-10,,50204.01
6,34_91,es,2010-09-10,,34009.75
1,4_8,es,2010-09-10,,61744.33
7,16_95,es,2010-09-10,,26974.57
5,10_34,es,2010-09-10,,39024.76
5,44_94,es,2010-09-10,,22602.2
3,40_4,es,2010-09-17,,24092.8
6,10_5,es,2010-09-17,,46395.04
6,23_16,es,2010-09-17,,9082.41
3,13_13,es,2010-09-17,,46849.8
1,29_40,es,2010-09-17,,26080.2
6,23_74,es,2010-09-17,,41791.22
3,1_97,es,2010-09-17,,35442.67
2,16_40,es,2010-09-17,,32847.53
7,40_2,es,2010-09-17,,25577.35
7,24_90,es,2010-09-17,,68401.97
5,23_72,es,2010-09-17,,58728.26
3,31_13,es,2010-09-17,,39863.64
5,26_40,es,2010-09-17,,38162
5,20_7,es,2010-09-17,,32253.56
6,19_2,es,2010-09-17,,51508.83
5,6_72,es,2010-09-17,,59438.97
6,26_92,es,2010-09-17,,77654.53
3,2_81,es,2010-09-17,,30509.71
5,17_95,es,2010-09-17,,49002.06
7,31_2,es,2010-09-17,,57780.03
1,4_94,es,2010-09-17,,59143.85
7,35_14,es,2010-09-17,,24243.96
3,11_93,es,2010-09-17,,32522.48
4,6_96,es,2010-09-17,,25581.31
7,45_13,es,2010-09-17,,31571.63
7,12_34,es,2010-09-17,,18369.42
2,42_38,es,2010-09-17,,39156.54
7,4_96,es,2010-09-17,,33844.37
6,6_93,es,2010-09-17,,37482.46
2,14_2,es,2010-09-17,,78160.28
2,15_72,es,2010-09-17,,43774.62
5,2_16,es,2010-09-17,,17120.84
6,19_9,es,2010-09-17,,34925.87
1,18_72,es,2010-09-17,,63362.25
3,32_90,es,2010-09-17,,57178.27
4,22_38,es,2010-09-17,,72592.51
3,9_38,es,2010-09-17,,72456
3,16_72,es,2010-09-17,,29906.54
2,10_72,es,2010-09-17,,121139.57
6,1_1,es,2010-09-17,,19354.23
5,31_46,es,2010-09-17,,22256.05
4,36_95,es,2010-09-17,,48117.55
7,10_40,es,2010-09-17,,96258.04
4,30_92,es,2010-09-17,,53739.3
6,11_46,es,2010-09-17,,23643.03
1,41_91,es,2010-09-17,,50777.64
7,4_9,es,2010-09-17,,34865.76
1,2_2,es,2010-09-17,,64649.52
2,32_95,es,2010-09-17,,81527.43
2,30_95,es,2010-09-17,,51643.09
4,26_4,es,2010-09-17,,23614.36
6,16_38,es,2010-09-17,,52762.81
6,11_95,es,2010-09-17,,77938.54
5,22_9,es,2010-09-17,,20447.63
2,11_92,es,2010-09-17,,73748.17
6,11_74,es,2010-09-17,,23958.15
7,11_13,es,2010-09-17,,41429.51
5,12_40,es,2010-09-17,,43738.1
7,7_40,es,2010-09-17,,29554.35
3,41_40,es,2010-09-17,,51513.95
5,43_38,es,2010-09-17,,55616.72
5,10_23,es,2010-09-17,,46748.33
1,20_92,es,2010-09-17,,159646.68
3,28_91,es,2010-09-17,,50294.66
1,17_4,es,2010-09-17,,22511.17
6,18_74,es,2010-09-17,,25545.82
4,19_23,es,2010-09-17,,26578.1
5,13_4,es,2010-09-17,,38085.83
5,13_91,es,2010-09-17,,81604.59
3,23_40,es,2010-09-17,,64711
6,32_92,es,2010-09-17,,90862.99
5,6_38,es,2010-09-17,,73401.9
6,12_8,es,2010-09-17,,40734.74
3,10_16,es,2010-09-17,,21206.58
3,14_91,es,2010-09-17,,97963.91
2,20_91,es,2010-09-17,,85061.23
6,27_80,es,2010-09-17,,25592.67
6,22_40,es,2010-09-17,,53677.25
7,20_9,es,2010-09-17,,32240.43
3,14_1,es,2010-09-17,,20722.7
3,30_91,es,2010-09-17,,36105.6
6,38_38,es,2010-09-17,,41830.54
2,13_23,es,2010-09-17,,21906.61
5,1_38,es,2010-09-17,,76162.38
1,11_7,es,2010-09-17,,21129.87
6,10_38,es,2010-09-17,,83576.02
7,23_92,es,2010-09-17,,37903.77
6,21_72,es,2010-09-17,,40405.27
5,20_90,es,2010-09-17,,92757.21
6,2_87,es,2010-09-17,,26318.2
4,3_72,es,2010-09-17,,14533.91
1,4_95,es,2010-09-17,,141928.95
5,24_87,es,2010-09-17,,25797.01
5,23_22,es,2010-09-17,,22516.44
6,37_95,es,2010-09-17,,52558.09
3,34_91,es,2010-09-17,,33180.25
1,4_8,es,2010-09-17,,61297.48
6,16_95,es,2010-09-17,,25743.45
4,10_34,es,2010-09-17,,37885.69
5,44_94,es,2010-09-17,,21051.83
2,40_4,es,2010-09-24,,22841.26
7,10_5,es,2010-09-24,,44171.1
4,23_16,es,2010-09-24,,8541.86
1,13_13,es,2010-09-24,,48297.19
1,29_40,es,2010-09-24,,28330.7
1,23_74,es,2010-09-24,,35267.96
4,1_97,es,2010-09-24,,31177.11
3,16_40,es,2010-09-24,,31406.83
2,40_2,es,2010-09-24,,24357.43
1,24_90,es,2010-09-24,,63774.92
6,23_72,es,2010-09-24,,59700.24
4,31_13,es,2010-09-24,,39873.99
1,26_40,es,2010-09-24,,37714.17
5,20_7,es,2010-09-24,,28847.15
4,19_2,es,2010-09-24,,50173.88
1,6_72,es,2010-09-24,,67800.41
3,26_92,es,2010-09-24,,72274.17
3,2_81,es,2010-09-24,,29350.11
4,17_95,es,2010-09-24,,52457.74
3,31_2,es,2010-09-24,,55660.66
7,4_94,es,2010-09-24,,61126.68
2,35_14,es,2010-09-24,,24633.05
5,11_93,es,2010-09-24,,28850.85
4,6_96,es,2010-09-24,,26301.23
7,45_13,es,2010-09-24,,27974.11
4,12_34,es,2010-09-24,,18649
6,42_38,es,2010-09-24,,36473.43
7,4_96,es,2010-09-24,,34144.6
1,6_93,es,2010-09-24,,32964.85
2,14_2,es,2010-09-24,,78482.35
2,15_72,es,2010-09-24,,27448.32
7,2_16,es,2010-09-24,,17588.99
7,19_9,es,2010-09-24,,36236.88
2,18_72,es,2010-09-24,,52412.74
4,32_90,es,2010-09-24,,57294.44
2,22_38,es,2010-09-24,,68011.11
2,9_38,es,2010-09-24,,73226.14
2,16_72,es,2010-09-24,,29808.37
7,10_72,es,2010-09-24,,114519.07
3,1_1,es,2010-09-24,,18122.52
2,31_46,es,2010-09-24,,22132.05
3,36_95,es,2010-09-24,,43597.1
6,10_40,es,2010-09-24,,95085.47
7,30_92,es,2010-09-24,,52741.06
3,11_46,es,2010-09-24,,22980.57
3,41_91,es,2010-09-24,,50309.83
5,4_9,es,2010-09-24,,31716.32
4,2_2,es,2010-09-24,,65789.27
4,32_95,es,2010-09-24,,79793.9
2,30_95,es,2010-09-24,,49047.11
1,26_4,es,2010-09-24,,23079.05
7,16_38,es,2010-09-24,,55279.62
3,11_95,es,2010-09-24,,73803.97
1,22_9,es,2010-09-24,,18643.92
5,11_92,es,2010-09-24,,69159.37
3,11_74,es,2010-09-24,,20259.2
3,11_13,es,2010-09-24,,39740.2
1,12_40,es,2010-09-24,,45447.55
4,7_40,es,2010-09-24,,27299.12
3,41_40,es,2010-09-24,,50785.55
3,43_38,es,2010-09-24,,51681.06
5,10_23,es,2010-09-24,,48266.23
1,20_92,es,2010-09-24,,132659.73
7,28_91,es,2010-09-24,,47178.75
5,17_4,es,2010-09-24,,23198.73
3,18_74,es,2010-09-24,,21487.08
3,19_23,es,2010-09-24,,25547.14
4,13_4,es,2010-09-24,,37540.41
6,13_91,es,2010-09-24,,74507.98
1,23_40,es,2010-09-24,,63868.93
3,32_92,es,2010-09-24,,89466.72
6,6_38,es,2010-09-24,,63530.58
5,12_8,es,2010-09-24,,40461.42
2,10_16,es,2010-09-24,,18364.07
5,14_91,es,2010-09-24,,92542.18
2,20_91,es,2010-09-24,,65865.59
6,27_80,es,2010-09-24,,25589.65
6,22_40,es,2010-09-24,,54694.52
5,20_9,es,2010-09-24,,35114.42
7,14_1,es,2010-09-24,,20436.46
1,30_91,es,2010-09-24,,33877.53
3,38_38,es,2010-09-24,,35411.34
1,13_23,es,2010-09-24,,23330.45
1,1_38,es,2010-09-24,,87720.98
4,11_7,es,2010-09-24,,22074.85
1,10_38,es,2010-09-24,,71577.84
5,23_92,es,2010-09-24,,34310.5
1,21_72,es,2010-09-24,,33576.32
7,20_90,es,2010-09-24,,81760.78
6,2_87,es,2010-09-24,,25775.83
1,3_72,es,2010-09-24,,10449.57
2,4_95,es,2010-09-24,,135549.47
1,24_87,es,2010-09-24,,22199.36
2,23_22,es,2010-09-24,,18831.19
5,37_95,es,2010-09-24,,50631.94
5,34_91,es,2010-09-24,,31982.2
3,4_8,es,2010-09-24,,61292.91
6,16_95,es,2010-09-24,,26017.35
3,10_34,es,2010-09-24,,36210.28
7,44_94,es,2010-09-24,,21131.78
5,40_4,es,2010-10-01,,23983.73
6,10_5,es,2010-10-01,,57195.49
7,23_16,es,2010-10-01,,7170.39
3,13_13,es,2010-10-01,,48250.09
1,29_40,es,2010-10-01,,26020.77
4,23_74,es,2010-10-01,,34316.99
6,1_97,es,2010-10-01,,32954.82
2,16_40,es,2010-10-01,,30887.52
7,40_2,es,2010-10-01,,27169.57
6,24_90,es,2010-10-01,,65442.33
3,23_72,es,2010-10-01,,64177.04
6,31_13,es,2010-10-01,,41765.66
6,26_40,es,2010-10-01,,38907.77
6,20_7,es,2010-10-01,,32676.83
2,19_2,es,2010-10-01,,50677.46
5,6_72,es,2010-10-01,,64756.84
1,26_92,es,2010-10-01,,73079.27
3,2_81,es,2010-10-01,,30572.39
7,17_95,es,2010-10-01,,54795.08
6,31_2,es,2010-10-01,,54857.66
5,4_94,es,2010-10-01,,55932.64
5,35_14,es,2010-10-01,,23779.83
1,11_93,es,2010-10-01,,25918.94
3,6_96,es,2010-10-01,,26360.91
4,45_13,es,2010-10-01,,27970.82
5,12_34,es,2010-10-01,,18301.89
3,42_38,es,2010-10-01,,40387.42
1,4_96,es,2010-10-01,,34360.06
5,6_93,es,2010-10-01,,33366.35
4,14_2,es,2010-10-01,,77368.78
1,15_72,es,2010-10-01,,34904.76
3,2_16,es,2010-10-01,,13570.97
3,19_9,es,2010-10-01,,54026.46
7,18_72,es,2010-10-01,,52146.84
7,32_90,es,2010-10-01,,57169.96
6,22_38,es,2010-10-01,,62571.49
5,9_38,es,2010-10-01,,76201.32
4,16_72,es,2010-10-01,,27300.35
3,10_72,es,2010-10-01,,116384.09
4,1_1,es,2010-10-01,,20094.19
2,31_46,es,2010-10-01,,20770.81
3,36_95,es,2010-10-01,,41785.66
1,10_40,es,2010-10-01,,91639.34
4,30_92,es,2010-10-01,,53528.3
4,11_46,es,2010-10-01,,23017.9
6,41_91,es,2010-10-01,,50764.23
7,4_9,es,2010-10-01,,30366.19
5,2_2,es,2010-10-01,,66423.44
6,32_95,es,2010-10-01,,80122.48
4,30_95,es,2010-10-01,,47267.34
5,26_4,es,2010-10-01,,23307.06
1,16_38,es,2010-10-01,,52447.04
7,11_95,es,2010-10-01,,70013.22
1,22_9,es,2010-10-01,,19295.3
2,11_92,es,2010-10-01,,65078.86
2,11_74,es,2010-10-01,,22393.8
3,11_13,es,2010-10-01,,40033.69
2,12_40,es,2010-10-01,,45208.42
6,7_40,es,2010-10-01,,26989.49
7,41_40,es,2010-10-01,,51400.45
7,43_38,es,2010-10-01,,50694.04
7,10_23,es,2010-10-01,,47006.61
3,20_92,es,2010-10-01,,145153.72
2,28_91,es,2010-10-01,,58135.3
5,17_4,es,2010-10-01,,21298.27
2,18_74,es,2010-10-01,,21420.53
5,19_23,es,2010-10-01,,28157.51
1,13_4,es,2010-10-01,,38712.93
7,13_91,es,2010-10-01,,72049.72
3,23_40,es,2010-10-01,,59630.15
3,32_92,es,2010-10-01,,90820.05
5,6_38,es,2010-10-01,,74960.52
3,12_8,es,2010-10-01,,39399.11
3,10_16,es,2010-10-01,,16616.66
3,14_91,es,2010-10-01,,91169.79
4,20_91,es,2010-10-01,,70497.47
5,27_80,es,2010-10-01,,25095.44
1,22_40,es,2010-10-01,,50734.4
3,20_9,es,2010-10-01,,49393.29
3,14_1,es,2010-10-01,,23721.15
7,30_91,es,2010-10-01,,33209.37
1,38_38,es,2010-10-01,,46241.68
7,13_23,es,2010-10-01,,22751.4
2,1_38,es,2010-10-01,,112126.81
7,11_7,es,2010-10-01,,25243.58
2,10_38,es,2010-10-01,,72547.4
4,23_92,es,2010-10-01,,36266.14
7,21_72,es,2010-10-01,,35457.67
7,20_90,es,2010-10-01,,87662.61
4,2_87,es,2010-10-01,,35362.84
3,3_72,es,2010-10-01,,11766.17
6,4_95,es,2010-10-01,,132029.95
1,24_87,es,2010-10-01,,24029.4
7,23_22,es,2010-10-01,,17528.59
1,37_95,es,2010-10-01,,53408.55
5,34_91,es,2010-10-01,,30000.3
7,4_8,es,2010-10-01,,65810.71
7,16_95,es,2010-10-01,,24643.04
4,10_34,es,2010-10-01,,33377.99
2,44_94,es,2010-10-01,,21104.32
2,40_4,es,2010-10-08,,24510.55
6,10_5,es,2010-10-08,,54949.05
5,23_16,es,2010-10-08,,7131.23
3,13_13,es,2010-10-08,,48826.38
4,29_40,es,2010-10-08,,29550.1
4,23_74,es,2010-10-08,,36966.65
5,1_97,es,2010-10-08,,37839.71
5,16_40,es,2010-10-08,,29734.17
2,40_2,es,2010-10-08,,27929.1
3,24_90,es,2010-10-08,,76143.91
2,23_72,es,2010-10-08,,71896.24
2,31_13,es,2010-10-08,,41481.32
5,26_40,es,2010-10-08,,40056.44
4,20_7,es,2010-10-08,,33716.66
1,19_2,es,2010-10-08,,53241.14
5,6_72,es,2010-10-08,,61139.56
4,26_92,es,2010-10-08,,93268.29
3,2_81,es,2010-10-08,,31469.32
5,17_95,es,2010-10-08,,51496.08
5,31_2,es,2010-10-08,,54507.37
6,4_94,es,2010-10-08,,54056.25
3,35_14,es,2010-10-08,,26007.08
4,11_93,es,2010-10-08,,32824.65
6,6_96,es,2010-10-08,,25506.52
4,45_13,es,2010-10-08,,30656.09
3,12_34,es,2010-10-08,,21659.34
7,42_38,es,2010-10-08,,35837.15
2,4_96,es,2010-10-08,,34179.11
6,6_93,es,2010-10-08,,39182.71
1,14_2,es,2010-10-08,,80639.83
6,15_72,es,2010-10-08,,35786.73
5,2_16,es,2010-10-08,,13689.36
4,19_9,es,2010-10-08,,31768.55
3,18_72,es,2010-10-08,,53925.99
6,32_90,es,2010-10-08,,61562.96
1,22_38,es,2010-10-08,,58549.52
2,9_38,es,2010-10-08,,80104.71
7,16_72,es,2010-10-08,,26864.79
6,10_72,es,2010-10-08,,127854.98
4,1_1,es,2010-10-08,,23388.03
3,31_46,es,2010-10-08,,21647.86
5,36_95,es,2010-10-08,,44636.45
2,10_40,es,2010-10-08,,97832.4
2,30_92,es,2010-10-08,,54534.69
5,11_46,es,2010-10-08,,24238.8
4,41_91,es,2010-10-08,,54736.11
7,4_9,es,2010-10-08,,26285.29
5,2_2,es,2010-10-08,,64252.04
2,32_95,es,2010-10-08,,81416.51
2,30_95,es,2010-10-08,,49056.19
3,26_4,es,2010-10-08,,25237.9
7,16_38,es,2010-10-08,,46104.53
4,11_95,es,2010-10-08,,78645.34
6,22_9,es,2010-10-08,,16969.74
6,11_92,es,2010-10-08,,76158.84
7,11_74,es,2010-10-08,,22135.27
1,11_13,es,2010-10-08,,42986.36
2,12_40,es,2010-10-08,,46271.99
1,7_40,es,2010-10-08,,26607.99
3,41_40,es,2010-10-08,,51127.18
7,43_38,es,2010-10-08,,56140.53
6,10_23,es,2010-10-08,,55083.34
6,20_92,es,2010-10-08,,173432.09
5,28_91,es,2010-10-08,,71881.05
2,17_4,es,2010-10-08,,20878.23
1,18_74,es,2010-10-08,,22264.26
4,19_23,es,2010-10-08,,28674.21
5,13_4,es,2010-10-08,,39875.22
7,13_91,es,2010-10-08,,80959.43
2,23_40,es,2010-10-08,,57694.84
5,32_92,es,2010-10-08,,97331.22
7,6_38,es,2010-10-08,,69931.54
2,12_8,es,2010-10-08,,41841.52
3,10_16,es,2010-10-08,,14874.8
3,14_91,es,2010-10-08,,113418.68
2,20_91,es,2010-10-08,,89023
4,27_80,es,2010-10-08,,27698.7
5,22_40,es,2010-10-08,,55556.31
1,20_9,es,2010-10-08,,34881.06
5,14_1,es,2010-10-08,,28356.92
4,30_91,es,2010-10-08,,32517.13
5,38_38,es,2010-10-08,,34338.34
5,13_23,es,2010-10-08,,26668.46
4,1_38,es,2010-10-08,,73963.61
5,11_7,es,2010-10-08,,24762.98
5,10_38,es,2010-10-08,,75244
7,23_92,es,2010-10-08,,39151.33
2,21_72,es,2010-10-08,,35024.19
1,20_90,es,2010-10-08,,96447.13
5,2_87,es,2010-10-08,,24865.2
2,3_72,es,2010-10-08,,11596.46
1,4_95,es,2010-10-08,,136720.67
4,24_87,es,2010-10-08,,24518.62
5,23_22,es,2010-10-08,,21340.93
3,37_95,es,2010-10-08,,51687.57
1,34_91,es,2010-10-08,,33636.63
6,4_8,es,2010-10-08,,65169.63
7,16_95,es,2010-10-08,,23037.35
6,10_34,es,2010-10-08,,37308.83
1,44_94,es,2010-10-08,,20941.26
6,40_4,es,2010-10-15,,22681.74
1,10_5,es,2010-10-15,,52206.49
6,23_16,es,2010-10-15,,7050.44
1,13_13,es,2010-10-15,,48739.29
3,29_40,es,2010-10-15,,28190.4
7,23_74,es,2010-10-15,,32508.77
4,1_97,es,2010-10-15,,38436.02
3,16_40,es,2010-10-15,,26131.82
5,40_2,es,2010-10-15,,25892.31
3,24_90,es,2010-10-15,,68566.39
5,23_72,es,2010-10-15,,58747.95
4,31_13,es,2010-10-15,,39237.58
7,26_40,es,2010-10-15,,37702.19
7,20_7,es,2010-10-15,,37411.98
3,19_2,es,2010-10-15,,50087.19
4,6_72,es,2010-10-15,,56190.23
3,26_92,es,2010-10-15,,79214.72
6,2_81,es,2010-10-15,,30264.11
5,17_95,es,2010-10-15,,47059.3
3,31_2,es,2010-10-15,,54655.54
3,4_94,es,2010-10-15,,56504.69
2,35_14,es,2010-10-15,,24641.69
4,11_93,es,2010-10-15,,31453.99
7,6_96,es,2010-10-15,,26087.36
2,45_13,es,2010-10-15,,28513.4
6,12_34,es,2010-10-15,,20293.5
5,42_38,es,2010-10-15,,38652.25
1,4_96,es,2010-10-15,,34844.95
6,6_93,es,2010-10-15,,39614.85
4,14_2,es,2010-10-15,,76400.47
6,15_72,es,2010-10-15,,40903.23
5,2_16,es,2010-10-15,,11764.12
4,19_9,es,2010-10-15,,41982.23
7,18_72,es,2010-10-15,,54825.12
2,32_90,es,2010-10-15,,59779.88
1,22_38,es,2010-10-15,,62042.98
5,9_38,es,2010-10-15,,72914.8
3,16_72,es,2010-10-15,,25907.32
1,10_72,es,2010-10-15,,112657.09
3,1_1,es,2010-10-15,,26978.34
7,31_46,es,2010-10-15,,22644.18
3,36_95,es,2010-10-15,,47847.5
6,10_40,es,2010-10-15,,94529.46
6,30_92,es,2010-10-15,,53928.08
6,11_46,es,2010-10-15,,22445.41
4,41_91,es,2010-10-15,,50539.49
6,4_9,es,2010-10-15,,28478.05
4,2_2,es,2010-10-15,,63597.23
6,32_95,es,2010-10-15,,81077.18
6,30_95,es,2010-10-15,,48661.62
4,26_4,es,2010-10-15,,23230.42
7,16_38,es,2010-10-15,,48924.18
3,11_95,es,2010-10-15,,74787.36
1,22_9,es,2010-10-15,,19505.29
3,11_92,es,2010-10-15,,75243.71
3,11_74,es,2010-10-15,,18900.08
1,11_13,es,2010-10-15,,37563.67
5,12_40,es,2010-10-15,,43654.83
3,7_40,es,2010-10-15,,23669.69
4,41_40,es,2010-10-15,,51009.95
5,43_38,es,2010-10-15,,51407.89
3,10_23,es,2010-10-15,,54144.54
1,20_92,es,2010-10-15,,164808.33
4,28_91,es,2010-10-15,,50750.54
3,17_4,es,2010-10-15,,21683.36
2,18_74,es,2010-10-15,,21773.94
6,19_23,es,2010-10-15,,25431.8
6,13_4,es,2010-10-15,,37670.21
7,13_91,es,2010-10-15,,82950.63
2,23_40,es,2010-10-15,,54270.9
2,32_92,es,2010-10-15,,98100.46
6,6_38,es,2010-10-15,,69236.15
5,12_8,es,2010-10-15,,38565.09
4,10_16,es,2010-10-15,,15472.56
3,14_91,es,2010-10-15,,98879.73
7,20_91,es,2010-10-15,,88121.08
3,27_80,es,2010-10-15,,27101.32
4,22_40,es,2010-10-15,,55131.69
6,20_9,es,2010-10-15,,33663.21
2,14_1,es,2010-10-15,,34142.32
5,30_91,es,2010-10-15,,33837.03
3,38_38,es,2010-10-15,,38922.82
1,13_23,es,2010-10-15,,30875.59
3,1_38,es,2010-10-15,,73027.2
5,11_7,es,2010-10-15,,20947.47
4,10_38,es,2010-10-15,,82106.64
5,23_92,es,2010-10-15,,38040.76
1,21_72,es,2010-10-15,,30838.13
4,20_90,es,2010-10-15,,96078.43
4,2_87,es,2010-10-15,,23752.15
1,3_72,es,2010-10-15,,10392.1
7,4_95,es,2010-10-15,,136778.53
3,24_87,es,2010-10-15,,22318.27
4,23_22,es,2010-10-15,,17982.5
3,37_95,es,2010-10-15,,50508.87
5,34_91,es,2010-10-15,,31283.07
2,4_8,es,2010-10-15,,63404.62
6,16_95,es,2010-10-15,,22334.47
6,10_34,es,2010-10-15,,37221.9
2,44_94,es,2010-10-15,,19937.27
1,40_4,es,2010-10-22,,22125.99
1,10_5,es,2010-10-22,,47913.97
1,23_16,es,2010-10-22,,6002.66
1,13_13,es,2010-10-22,,47162.16
3,29_40,es,2010-10-22,,28364.72
5,23_74,es,2010-10-22,,31157.75
2,1_97,es,2010-10-22,,32393.82
7,16_40,es,2010-10-22,,27169.13
5,40_2,es,2010-10-22,,24048.43
5,24_90,es,2010-10-22,,65853.24
1,23_72,es,2010-10-22,,60534.35
7,31_13,es,2010-10-22,,42152.05
1,26_40,es,2010-10-22,,37388.72
1,20_7,es,2010-10-22,,33694.49
7,19_2,es,2010-10-22,,50650.03
6,6_72,es,2010-10-22,,58400.42
5,26_92,es,2010-10-22,,74821.24
7,2_81,es,2010-10-22,,29138.39
3,17_95,es,2010-10-22,,44368.59
7,31_2,es,2010-10-22,,56419.58
4,4_94,es,2010-10-22,,57909.52
3,35_14,es,2010-10-22,,27294.6
7,11_93,es,2010-10-22,,27937.66
2,6_96,es,2010-10-22,,26004.18
4,45_13,es,2010-10-22,,28279.92
4,12_34,es,2010-10-22,,19553.5
7,42_38,es,2010-10-22,,47284.09
5,4_96,es,2010-10-22,,32791.81
1,6_93,es,2010-10-22,,36237.13
2,14_2,es,2010-10-22,,75017
1,15_72,es,2010-10-22,,40921.01
3,2_16,es,2010-10-22,,9896.08
2,19_9,es,2010-10-22,,33794.51
5,18_72,es,2010-10-22,,49957.76
6,32_90,es,2010-10-22,,59064.77
6,22_38,es,2010-10-22,,61718.44
6,9_38,es,2010-10-22,,73187.64
7,16_72,es,2010-10-22,,28519.66
6,10_72,es,2010-10-22,,113003.67
2,1_1,es,2010-10-22,,25543.04
3,31_46,es,2010-10-22,,22753.51
4,36_95,es,2010-10-22,,45028.01
2,10_40,es,2010-10-22,,97115.77
2,30_92,es,2010-10-22,,53743.47
4,11_46,es,2010-10-22,,22236.85
1,41_91,es,2010-10-22,,51401.32
7,4_9,es,2010-10-22,,27326.88
3,2_2,es,2010-10-22,,62810.47
4,32_95,es,2010-10-22,,78397.92
6,30_95,es,2010-10-22,,49388.56
6,26_4,es,2010-10-22,,22444.47
1,16_38,es,2010-10-22,,49093.65
6,11_95,es,2010-10-22,,70216.09
4,22_9,es,2010-10-22,,17063.7
1,11_92,es,2010-10-22,,69306.16
1,11_74,es,2010-10-22,,18510.86
7,11_13,es,2010-10-22,,39910.16
4,12_40,es,2010-10-22,,42779.87
5,7_40,es,2010-10-22,,25129.89
5,41_40,es,2010-10-22,,49560.22
4,43_38,es,2010-10-22,,50418.78
1,10_23,es,2010-10-22,,59377.95
2,20_92,es,2010-10-22,,149218.62
7,28_91,es,2010-10-22,,45651.98
2,17_4,es,2010-10-22,,23368.38
7,18_74,es,2010-10-22,,22813.08
1,19_23,es,2010-10-22,,27717.2
5,13_4,es,2010-10-22,,38469.3
7,13_91,es,2010-10-22,,74955.2
5,23_40,es,2010-10-22,,52726.67
2,32_92,es,2010-10-22,,96707.33
7,6_38,es,2010-10-22,,71195.76
7,12_8,es,2010-10-22,,37948.5
4,10_16,es,2010-10-22,,13466.04
3,14_91,es,2010-10-22,,96975.96
6,20_91,es,2010-10-22,,73571.55
3,27_80,es,2010-10-22,,27838.19
5,22_40,es,2010-10-22,,54220.26
7,20_9,es,2010-10-22,,33476.05
5,14_1,es,2010-10-22,,46819.58
1,30_91,es,2010-10-22,,33202.65
4,38_38,es,2010-10-22,,45028.67
1,13_23,es,2010-10-22,,28433.5
7,1_38,es,2010-10-22,,71814.32
1,11_7,es,2010-10-22,,23256.03
7,10_38,es,2010-10-22,,81085.33
4,23_92,es,2010-10-22,,36705.95
2,21_72,es,2010-10-22,,40074.32
1,20_90,es,2010-10-22,,88475.41
6,2_87,es,2010-10-22,,21954.18
6,3_72,es,2010-10-22,,11600.1
5,4_95,es,2010-10-22,,135125.43
6,24_87,es,2010-10-22,,23803.29
3,23_22,es,2010-10-22,,18293.85
1,37_95,es,2010-10-22,,52718.44
3,34_91,es,2010-10-22,,32974.13
7,4_8,es,2010-10-22,,63417.23
7,16_95,es,2010-10-22,,24409.68
4,10_34,es,2010-10-22,,39899.38
1,44_94,es,2010-10-22,,19501.15
5,40_4,es,2010-10-29,,21633.53
1,10_5,es,2010-10-29,,38374.84
4,23_16,es,2010-10-29,,5843.27
4,13_13,es,2010-10-29,,47581.54
6,29_40,es,2010-10-29,,28722.34
6,23_74,es,2010-10-29,,26987.54
2,1_97,es,2010-10-29,,32281.74
2,16_40,es,2010-10-29,,26444.27
3,40_2,es,2010-10-29,,22394.52
7,24_90,es,2010-10-29,,67106.53
1,23_72,es,2010-10-29,,52798
4,31_13,es,2010-10-29,,39894.74
6,26_40,es,2010-10-29,,36315.53
7,20_7,es,2010-10-29,,36163.75
2,19_2,es,2010-10-29,,50163.53
1,6_72,es,2010-10-29,,62931.73
5,26_92,es,2010-10-29,,73189.93
1,2_81,es,2010-10-29,,28863.73
6,17_95,es,2010-10-29,,44278.98
6,31_2,es,2010-10-29,,53608.74
7,4_94,es,2010-10-29,,58264.93
1,35_14,es,2010-10-29,,24194
1,11_93,es,2010-10-29,,26073.46
6,6_96,es,2010-10-29,,26469.7
4,45_13,es,2010-10-29,,27108.12
1,12_34,es,2010-10-29,,21571.8
2,42_38,es,2010-10-29,,36924.31
5,4_96,es,2010-10-29,,34777.47
5,6_93,es,2010-10-29,,35306.78
5,14_2,es,2010-10-29,,77162.62
1,15_72,es,2010-10-29,,34797.82
6,2_16,es,2010-10-29,,8448.19
4,19_9,es,2010-10-29,,28299.3
6,18_72,es,2010-10-29,,50083.09
3,32_90,es,2010-10-29,,59003.64
7,22_38,es,2010-10-29,,74189.47
7,9_38,es,2010-10-29,,83454.3
4,16_72,es,2010-10-29,,26740.43
4,10_72,es,2010-10-29,,97326.82
4,1_1,es,2010-10-29,,38640.93
5,31_46,es,2010-10-29,,22450.13
2,36_95,es,2010-10-29,,41738.1
4,10_40,es,2010-10-29,,95448.66
2,30_92,es,2010-10-29,,52153.68
1,11_46,es,2010-10-29,,21424.79
2,41_91,es,2010-10-29,,47696.23
1,4_9,es,2010-10-29,,30989.32
2,2_2,es,2010-10-29,,63125.76
6,32_95,es,2010-10-29,,77629.5
1,30_95,es,2010-10-29,,47514.71
1,26_4,es,2010-10-29,,22072.9
1,16_38,es,2010-10-29,,44146.02
4,11_95,es,2010-10-29,,67185.22
5,22_9,es,2010-10-29,,17081.55
6,11_92,es,2010-10-29,,66597.37
6,11_74,es,2010-10-29,,18543.7
1,11_13,es,2010-10-29,,38114.91
3,12_40,es,2010-10-29,,43879.41
4,7_40,es,2010-10-29,,22007.26
2,41_40,es,2010-10-29,,50368.54
3,43_38,es,2010-10-29,,53182.12
2,10_23,es,2010-10-29,,62048.07
2,20_92,es,2010-10-29,,140538.41
4,28_91,es,2010-10-29,,44545.02
7,17_4,es,2010-10-29,,22696.09
4,18_74,es,2010-10-29,,22234.63
6,19_23,es,2010-10-29,,31366.32
7,13_4,es,2010-10-29,,41142.42
7,13_91,es,2010-10-29,,70603.98
1,23_40,es,2010-10-29,,49852.54
7,32_92,es,2010-10-29,,96485.72
7,6_38,es,2010-10-29,,67516.34
7,12_8,es,2010-10-29,,42787.25
4,10_16,es,2010-10-29,,12351.64
2,14_91,es,2010-10-29,,94540.56
2,20_91,es,2010-10-29,,66406.06
1,27_80,es,2010-10-29,,26605.39
1,22_40,es,2010-10-29,,54711.16
4,20_9,es,2010-10-29,,34125.92
1,14_1,es,2010-10-29,,88190.46
1,30_91,es,2010-10-29,,30949.45
7,38_38,es,2010-10-29,,44372.44
7,13_23,es,2010-10-29,,36715.93
4,1_38,es,2010-10-29,,70733.35
3,11_7,es,2010-10-29,,23900.96
1,10_38,es,2010-10-29,,80812.96
6,23_92,es,2010-10-29,,33516.41
4,21_72,es,2010-10-29,,31224.34
5,20_90,es,2010-10-29,,87089
1,2_87,es,2010-10-29,,22511.25
2,3_72,es,2010-10-29,,13477.63
6,4_95,es,2010-10-29,,128244.89
7,24_87,es,2010-10-29,,21574.91
6,23_22,es,2010-10-29,,16660.66
4,37_95,es,2010-10-29,,51084.8
3,34_91,es,2010-10-29,,28298.18
3,4_8,es,2010-10-29,,62949.8
3,16_95,es,2010-10-29,,21134.1
7,10_34,es,2010-10-29,,42616.56
2,44_94,es,2010-10-29,,20610.68
5,40_4,es,2010-11-05,,23719.13
6,10_5,es,2010-11-05,,62690.21
5,23_16,es,2010-11-05,,4831.56
7,13_13,es,2010-11-05,,49738.81
7,29_40,es,2010-11-05,,27186.22
5,23_74,es,2010-11-05,,27368.32
6,1_97,es,2010-11-05,,35669.19
3,16_40,es,2010-11-05,,26207.27
3,40_2,es,2010-11-05,,25449.88
3,24_90,es,2010-11-05,,71063.28
4,23_72,es,2010-11-05,,67119.46
5,31_13,es,2010-11-05,,43181.49
5,26_40,es,2010-11-05,,37616.12
4,20_7,es,2010-11-05,,51748.96
4,19_2,es,2010-11-05,,48761.19
2,6_72,es,2010-11-05,,62123.71
3,26_92,es,2010-11-05,,87468.21
3,2_81,es,2010-11-05,,31223.48
2,17_95,es,2010-11-05,,43752.22
1,31_2,es,2010-11-05,,54226.77
4,4_94,es,2010-11-05,,55970.39
2,35_14,es,2010-11-05,,26534.62
2,11_93,es,2010-11-05,,32102.87
2,6_96,es,2010-11-05,,27812.65
6,45_13,es,2010-11-05,,27550.44
3,12_34,es,2010-11-05,,19798
6,42_38,es,2010-11-05,,38955.22
3,4_96,es,2010-11-05,,33139.55
2,6_93,es,2010-11-05,,43646.92
7,14_2,es,2010-11-05,,79431.84
7,15_72,es,2010-11-05,,37215.67
2,2_16,es,2010-11-05,,7414.42
4,19_9,es,2010-11-05,,29916.03
1,18_72,es,2010-11-05,,54477.53
4,32_90,es,2010-11-05,,60317
7,22_38,es,2010-11-05,,73073
2,9_38,es,2010-11-05,,82565
2,16_72,es,2010-11-05,,23715.12
2,10_72,es,2010-11-05,,121087.03
2,1_1,es,2010-11-05,,34238.88
6,31_46,es,2010-11-05,,23067.69
1,36_95,es,2010-11-05,,39636.78
2,10_40,es,2010-11-05,,104017.37
6,30_92,es,2010-11-05,,58604.94
7,11_46,es,2010-11-05,,24479.85
4,41_91,es,2010-11-05,,52407.77
1,4_9,es,2010-11-05,,28490.09
2,2_2,es,2010-11-05,,64267.74
2,32_95,es,2010-11-05,,76816.36
2,30_95,es,2010-11-05,,47761.89
7,26_4,es,2010-11-05,,23712
4,16_38,es,2010-11-05,,44024.56
6,11_95,es,2010-11-05,,71407.58
7,22_9,es,2010-11-05,,15106.02
2,11_92,es,2010-11-05,,80474.68
3,11_74,es,2010-11-05,,23223.79
6,11_13,es,2010-11-05,,42000.28
3,12_40,es,2010-11-05,,44873.03
4,7_40,es,2010-11-05,,25079.77
3,41_40,es,2010-11-05,,51535.81
3,43_38,es,2010-11-05,,66563.97
1,10_23,es,2010-11-05,,62677.46
1,20_92,es,2010-11-05,,178190.25
5,28_91,es,2010-11-05,,79280.59
1,17_4,es,2010-11-05,,24612.58
2,18_74,es,2010-11-05,,21468.04
6,19_23,es,2010-11-05,,30120.36
1,13_4,es,2010-11-05,,41414.66
2,13_91,es,2010-11-05,,72768.91
2,23_40,es,2010-11-05,,55038.57
6,32_92,es,2010-11-05,,98606.35
3,6_38,es,2010-11-05,,78426.79
4,12_8,es,2010-11-05,,42045.31
2,10_16,es,2010-11-05,,13931.68
7,14_91,es,2010-11-05,,109085.42
6,20_91,es,2010-11-05,,83779.98
3,27_80,es,2010-11-05,,26305.27
4,22_40,es,2010-11-05,,53775.14
6,20_9,es,2010-11-05,,34533.9
4,14_1,es,2010-11-05,,52501.8
4,30_91,es,2010-11-05,,32648.29
2,38_38,es,2010-11-05,,39138.53
1,13_23,es,2010-11-05,,27504.9
7,1_38,es,2010-11-05,,77547.67
7,11_7,es,2010-11-05,,25469.57
6,10_38,es,2010-11-05,,93683.63
4,23_92,es,2010-11-05,,51079.28
3,21_72,es,2010-11-05,,29032.7
6,20_90,es,2010-11-05,,99636.03
7,2_87,es,2010-11-05,,26125.62
2,3_72,es,2010-11-05,,13581.42
5,4_95,es,2010-11-05,,133460.31
3,24_87,es,2010-11-05,,25960.93
2,23_22,es,2010-11-05,,20731.47
2,37_95,es,2010-11-05,,50723.1
2,34_91,es,2010-11-05,,32144.6
6,4_8,es,2010-11-05,,68822.67
7,16_95,es,2010-11-05,,19713.98
2,10_34,es,2010-11-05,,38261.13
3,44_94,es,2010-11-05,,18544.07
3,40_4,es,2010-11-12,,23915.41
5,10_5,es,2010-11-12,,62657.61
2,23_16,es,2010-11-12,,5416.41
6,13_13,es,2010-11-12,,48379.88
1,29_40,es,2010-11-12,,29550.64
5,23_74,es,2010-11-12,,32656.95
2,1_97,es,2010-11-12,,36255.13
2,16_40,es,2010-11-12,,26683.59
3,40_2,es,2010-11-12,,25324.79
6,24_90,es,2010-11-12,,74649.84
4,23_72,es,2010-11-12,,87924.61
4,31_13,es,2010-11-12,,42721.95
6,26_40,es,2010-11-12,,37303.33
2,20_7,es,2010-11-12,,74878.36
4,19_2,es,2010-11-12,,48519.51
3,6_72,es,2010-11-12,,82920.11
7,26_92,es,2010-11-12,,92564.14
4,2_81,es,2010-11-12,,31553.54
6,17_95,es,2010-11-12,,43534.54
4,31_2,es,2010-11-12,,56780.73
6,4_94,es,2010-11-12,,55905.59
6,35_14,es,2010-11-12,,28033.16
4,11_93,es,2010-11-12,,36416.73
2,6_96,es,2010-11-12,,28240.02
2,45_13,es,2010-11-12,,27098.29
3,12_34,es,2010-11-12,,23078.06
6,42_38,es,2010-11-12,,31562.08
1,4_96,es,2010-11-12,,32294.63
2,6_93,es,2010-11-12,,47530.08
5,14_2,es,2010-11-12,,76829.21
3,15_72,es,2010-11-12,,54949.73
2,2_16,es,2010-11-12,,6766.04
5,19_9,es,2010-11-12,,27287.44
7,18_72,es,2010-11-12,,83657.03
1,32_90,es,2010-11-12,,62908.49
1,22_38,es,2010-11-12,,61294.54
2,9_38,es,2010-11-12,,83488.88
3,16_72,es,2010-11-12,,35862.91
6,10_72,es,2010-11-12,,163229.35
3,1_1,es,2010-11-12,,19549.39
6,31_46,es,2010-11-12,,23030.53
2,36_95,es,2010-11-12,,40358.02
5,10_40,es,2010-11-12,,101523.88
2,30_92,es,2010-11-12,,56394.13
4,11_46,es,2010-11-12,,22925.98
1,41_91,es,2010-11-12,,51579.75
1,4_9,es,2010-11-12,,37245.01
6,2_2,es,2010-11-12,,62367.28
2,32_95,es,2010-11-12,,77729.37
1,30_95,es,2010-11-12,,43246.93
6,26_4,es,2010-11-12,,24176.65
2,16_38,es,2010-11-12,,43952.52
1,11_95,es,2010-11-12,,71949.01
7,22_9,es,2010-11-12,,15265.16
2,11_92,es,2010-11-12,,82897.45
7,11_74,es,2010-11-12,,23829.23
7,11_13,es,2010-11-12,,38956.88
3,12_40,es,2010-11-12,,46189.18
4,7_40,es,2010-11-12,,26366.16
3,41_40,es,2010-11-12,,48436.79
6,43_38,es,2010-11-12,,58521.84
3,10_23,es,2010-11-12,,68418.91
6,20_92,es,2010-11-12,,180840.3
6,28_91,es,2010-11-12,,55098.65
1,17_4,es,2010-11-12,,22915.04
4,18_74,es,2010-11-12,,20755.72
1,19_23,es,2010-11-12,,26106.03
7,13_4,es,2010-11-12,,41620.38
5,13_91,es,2010-11-12,,78304.41
3,23_40,es,2010-11-12,,62106.6
4,32_92,es,2010-11-12,,106011.72
4,6_38,es,2010-11-12,,64300.01
3,12_8,es,2010-11-12,,42976.9
7,10_16,es,2010-11-12,,10527.19
3,14_91,es,2010-11-12,,97264.08
3,20_91,es,2010-11-12,,85171.18
4,27_80,es,2010-11-12,,28250.87
6,22_40,es,2010-11-12,,54121.76
6,20_9,es,2010-11-12,,35807.04
1,14_1,es,2010-11-12,,19577.54
6,30_91,es,2010-11-12,,30734.85
1,38_38,es,2010-11-12,,40795.96
6,13_23,es,2010-11-12,,30734.87
4,1_38,es,2010-11-12,,82395.79
4,11_7,es,2010-11-12,,33485.07
6,10_38,es,2010-11-12,,76026.62
2,23_92,es,2010-11-12,,70974.75
4,21_72,es,2010-11-12,,40332.76
1,20_90,es,2010-11-12,,102672.68
3,2_87,es,2010-11-12,,23895.98
1,3_72,es,2010-11-12,,23394.75
3,4_95,es,2010-11-12,,131724.27
5,24_87,es,2010-11-12,,21459.52
7,23_22,es,2010-11-12,,21645.89
6,37_95,es,2010-11-12,,49104.95
1,34_91,es,2010-11-12,,32369.61
5,4_8,es,2010-11-12,,63175.82
5,16_95,es,2010-11-12,,20398.74
3,10_34,es,2010-11-12,,42794.51
1,44_94,es,2010-11-12,,19193.6
7,40_4,es,2010-11-19,,21333.08
6,10_5,es,2010-11-19,,63648.46
5,23_16,es,2010-11-19,,4542.39
2,13_13,es,2010-11-19,,45223.02
7,29_40,es,2010-11-19,,27362.91
4,23_74,es,2010-11-19,,30031.63
6,1_97,es,2010-11-19,,34756.36
1,16_40,es,2010-11-19,,26663.7
5,40_2,es,2010-11-19,,21892.76
3,24_90,es,2010-11-19,,72424.03
5,23_72,es,2010-11-19,,65988.31
4,31_13,es,2010-11-19,,42729.38
1,26_40,es,2010-11-19,,35374.23
2,20_7,es,2010-11-19,,70224.61
6,19_2,es,2010-11-19,,46351.25
4,6_72,es,2010-11-19,,63496.25
2,26_92,es,2010-11-19,,81824.27
3,2_81,es,2010-11-19,,31701.09
1,17_95,es,2010-11-19,,42222.48
3,31_2,es,2010-11-19,,55220.01
4,4_94,es,2010-11-19,,57121.85
6,35_14,es,2010-11-19,,30853.18
6,11_93,es,2010-11-19,,39498.75
7,6_96,es,2010-11-19,,25361.13
2,45_13,es,2010-11-19,,27041.45
5,12_34,es,2010-11-19,,20388.5
6,42_38,es,2010-11-19,,42313.15
2,4_96,es,2010-11-19,,30966.6
6,6_93,es,2010-11-19,,48912.52
6,14_2,es,2010-11-19,,72381.5
5,15_72,es,2010-11-19,,35769.81
6,2_16,es,2010-11-19,,7492.7
1,19_9,es,2010-11-19,,44258.44
7,18_72,es,2010-11-19,,53632.56
7,32_90,es,2010-11-19,,61510.54
5,22_38,es,2010-11-19,,66401.33
5,9_38,es,2010-11-19,,84955.71
6,16_72,es,2010-11-19,,25511.52
6,10_72,es,2010-11-19,,130566.54
4,1_1,es,2010-11-19,,19552.84
5,31_46,es,2010-11-19,,22550.08
4,36_95,es,2010-11-19,,37923.23
1,10_40,es,2010-11-19,,99819.96
3,30_92,es,2010-11-19,,55304.92
3,11_46,es,2010-11-19,,24094.58
4,41_91,es,2010-11-19,,50903.39
2,4_9,es,2010-11-19,,34521.1
3,2_2,es,2010-11-19,,65120.69
4,32_95,es,2010-11-19,,75845.61
6,30_95,es,2010-11-19,,39386.03
3,26_4,es,2010-11-19,,22685.37
5,16_38,es,2010-11-19,,54878.79
4,11_95,es,2010-11-19,,69556.61
1,22_9,es,2010-11-19,,15384.33
5,11_92,es,2010-11-19,,87796.62
4,11_74,es,2010-11-19,,18322.25
4,11_13,es,2010-11-19,,39552.36
5,12_40,es,2010-11-19,,45152.28
4,7_40,es,2010-11-19,,24455.92
2,41_40,es,2010-11-19,,50406.21
4,43_38,es,2010-11-19,,57997.12
7,10_23,es,2010-11-19,,77539.34
1,20_92,es,2010-11-19,,176338.48
3,28_91,es,2010-11-19,,47580.54
3,17_4,es,2010-11-19,,20122.49
7,18_74,es,2010-11-19,,18276.34
1,19_23,es,2010-11-19,,24335.54
1,13_4,es,2010-11-19,,40588.58
2,13_91,es,2010-11-19,,81474.35
4,23_40,es,2010-11-19,,58767.01
4,32_92,es,2010-11-19,,108840.64
5,6_38,es,2010-11-19,,71599.08
5,12_8,es,2010-11-19,,43034.49
6,10_16,es,2010-11-19,,8921.67
4,14_91,es,2010-11-19,,91414.64
7,20_91,es,2010-11-19,,78163.53
6,27_80,es,2010-11-19,,27791.82
7,22_40,es,2010-11-19,,52235.74
3,20_9,es,2010-11-19,,40304.02
2,14_1,es,2010-11-19,,21638.78
1,30_91,es,2010-11-19,,28086.1
2,38_38,es,2010-11-19,,43477.96
2,13_23,es,2010-11-19,,31729.95
3,1_38,es,2010-11-19,,73121.25
1,11_7,es,2010-11-19,,33521.37
1,10_38,es,2010-11-19,,86231.54
2,23_92,es,2010-11-19,,68667.98
7,21_72,es,2010-11-19,,39637.04
3,20_90,es,2010-11-19,,99560.45
1,2_87,es,2010-11-19,,22118.82
1,3_72,es,2010-11-19,,14983.08
5,4_95,es,2010-11-19,,129972.97
2,24_87,es,2010-11-19,,20528.2
2,23_22,es,2010-11-19,,19578.96
5,37_95,es,2010-11-19,,48807.13
1,34_91,es,2010-11-19,,32355.47
4,4_8,es,2010-11-19,,69442.5
6,16_95,es,2010-11-19,,20669.31
6,10_34,es,2010-11-19,,52894.8
1,44_94,es,2010-11-19,,18855.47
4,40_4,es,2010-11-26,,24478.78
6,10_5,es,2010-11-26,,183294.86
4,23_16,es,2010-11-26,,4358.35
4,13_13,es,2010-11-26,,43319.7
5,29_40,es,2010-11-26,,27652.5
3,23_74,es,2010-11-26,,43926.61
4,1_97,es,2010-11-26,,28754.58
6,16_40,es,2010-11-26,,25129.65
2,40_2,es,2010-11-26,,25251.73
3,24_90,es,2010-11-26,,82116.32
4,23_72,es,2010-11-26,,369830.98
2,31_13,es,2010-11-26,,43740.81
3,26_40,es,2010-11-26,,31169.42
6,20_7,es,2010-11-26,,172139.24
4,19_2,es,2010-11-26,,48483.7
6,6_72,es,2010-11-26,,342578.65
5,26_92,es,2010-11-26,,83599.91
7,2_81,es,2010-11-26,,33443.08
3,17_95,es,2010-11-26,,32734.15
6,31_2,es,2010-11-26,,56920.82
7,4_94,es,2010-11-26,,61327.08
6,35_14,es,2010-11-26,,60196.25
4,11_93,es,2010-11-26,,38744.17
6,6_96,es,2010-11-26,,38107.03
1,45_13,es,2010-11-26,,25116.53
3,12_34,es,2010-11-26,,32579.5
3,42_38,es,2010-11-26,,25278.31
3,4_96,es,2010-11-26,,47530.44
2,6_93,es,2010-11-26,,52240
4,14_2,es,2010-11-26,,70025.37
3,15_72,es,2010-11-26,,292555.25
4,2_16,es,2010-11-26,,10354.51
5,19_9,es,2010-11-26,,34606.43
4,18_72,es,2010-11-26,,353008.64
3,32_90,es,2010-11-26,,74707.49
1,22_38,es,2010-11-26,,50857.36
6,9_38,es,2010-11-26,,59979.1
1,16_72,es,2010-11-26,,121805.62
2,10_72,es,2010-11-26,,693099.36
4,1_1,es,2010-11-26,,18820.29
2,31_46,es,2010-11-26,,23554.34
7,36_95,es,2010-11-26,,39878.04
1,10_40,es,2010-11-26,,85813.73
6,30_92,es,2010-11-26,,70774.83
5,11_46,es,2010-11-26,,23903.26
7,41_91,es,2010-11-26,,52020.31
1,4_9,es,2010-11-26,,41307.26
2,2_2,es,2010-11-26,,66864.2
2,32_95,es,2010-11-26,,80369.63
1,30_95,es,2010-11-26,,41470.22
5,26_4,es,2010-11-26,,23112.1
2,16_38,es,2010-11-26,,35652.42
2,11_95,es,2010-11-26,,71278.62
2,22_9,es,2010-11-26,,22920.27
6,11_92,es,2010-11-26,,94427.71
7,11_74,es,2010-11-26,,29379.12
7,11_13,es,2010-11-26,,39582.98
1,12_40,es,2010-11-26,,42906.41
6,7_40,es,2010-11-26,,28357.66
6,41_40,es,2010-11-26,,47244.25
5,43_38,es,2010-11-26,,40703.08
1,10_23,es,2010-11-26,,100274.46
4,20_92,es,2010-11-26,,169141.08
5,28_91,es,2010-11-26,,44692.77
6,17_4,es,2010-11-26,,17177.83
1,18_74,es,2010-11-26,,35229.48
4,19_23,es,2010-11-26,,41852.78
4,13_4,es,2010-11-26,,46037.8
1,13_91,es,2010-11-26,,78247.77
6,23_40,es,2010-11-26,,51577.37
1,32_92,es,2010-11-26,,132223.06
7,6_38,es,2010-11-26,,57068.76
4,12_8,es,2010-11-26,,42216.61
2,10_16,es,2010-11-26,,8044.68
5,14_91,es,2010-11-26,,82322.61
7,20_91,es,2010-11-26,,62570.84
5,27_80,es,2010-11-26,,27449.89
3,22_40,es,2010-11-26,,45552.65
3,20_9,es,2010-11-26,,58848.28
7,14_1,es,2010-11-26,,25731.19
7,30_91,es,2010-11-26,,28888.52
4,38_38,es,2010-11-26,,43663.38
1,13_23,es,2010-11-26,,55704.13
1,1_38,es,2010-11-26,,55973.77
6,11_7,es,2010-11-26,,79423.12
3,10_38,es,2010-11-26,,69159.33
6,23_92,es,2010-11-26,,64466.4
1,21_72,es,2010-11-26,,242589.91
4,20_90,es,2010-11-26,,102134.85
6,2_87,es,2010-11-26,,26018.32
5,3_72,es,2010-11-26,,93974.21
7,4_95,es,2010-11-26,,122847.58
3,24_87,es,2010-11-26,,23352.54
5,23_22,es,2010-11-26,,31875.16
5,37_95,es,2010-11-26,,46290.89
6,34_91,es,2010-11-26,,33719.55
3,4_8,es,2010-11-26,,60883.4
4,16_95,es,2010-11-26,,19390.89
2,10_34,es,2010-11-26,,61243.46
2,44_94,es,2010-11-26,,22219.33
2,40_4,es,2010-12-03,,23326.81
5,10_5,es,2010-12-03,,89737.04
1,23_16,es,2010-12-03,,4756.13
4,13_13,es,2010-12-03,,46391.17
5,29_40,es,2010-12-03,,31142.72
4,23_74,es,2010-12-03,,28020.13
2,1_97,es,2010-12-03,,30659.4
7,16_40,es,2010-12-03,,31052.55
2,40_2,es,2010-12-03,,25472.18
4,24_90,es,2010-12-03,,65872.48
7,23_72,es,2010-12-03,,117503.24
1,31_13,es,2010-12-03,,39531.81
6,26_40,es,2010-12-03,,39433.9
4,20_7,es,2010-12-03,,119493.03
1,19_2,es,2010-12-03,,50999.03
6,6_72,es,2010-12-03,,104295.19
4,26_92,es,2010-12-03,,74153.46
4,2_81,es,2010-12-03,,28776.89
3,17_95,es,2010-12-03,,43806.07
1,31_2,es,2010-12-03,,50361.17
5,4_94,es,2010-12-03,,47999.05
3,35_14,es,2010-12-03,,28230
7,11_93,es,2010-12-03,,27958.24
6,6_96,es,2010-12-03,,24924.23
2,45_13,es,2010-12-03,,26646.53
2,12_34,es,2010-12-03,,22558.54
1,42_38,es,2010-12-03,,39369.49
5,4_96,es,2010-12-03,,28777.36
6,6_93,es,2010-12-03,,34385.61
7,14_2,es,2010-12-03,,72226.9
4,15_72,es,2010-12-03,,65466.49
3,2_16,es,2010-12-03,,4512.83
5,19_9,es,2010-12-03,,18688.12
5,18_72,es,2010-12-03,,89964.72
6,32_90,es,2010-12-03,,56660.79
5,22_38,es,2010-12-03,,73652.53
7,9_38,es,2010-12-03,,86844.11
1,16_72,es,2010-12-03,,42787.76
7,10_72,es,2010-12-03,,218559.54
2,1_1,es,2010-12-03,,22517.56
2,31_46,es,2010-12-03,,21773.51
7,36_95,es,2010-12-03,,33102.92
5,10_40,es,2010-12-03,,101613.03
5,30_92,es,2010-12-03,,50221.39
5,11_46,es,2010-12-03,,23741.31
2,41_91,es,2010-12-03,,46157.07
4,4_9,es,2010-12-03,,25680.73
1,2_2,es,2010-12-03,,62758.12
2,32_95,es,2010-12-03,,75023.93
3,30_95,es,2010-12-03,,38710.66
6,26_4,es,2010-12-03,,24514.11
6,16_38,es,2010-12-03,,57100.27
2,11_95,es,2010-12-03,,64034.49
4,22_9,es,2010-12-03,,15937.9
2,11_92,es,2010-12-03,,71735.7
2,11_74,es,2010-12-03,,20215.31
7,11_13,es,2010-12-03,,38004.63
2,12_40,es,2010-12-03,,48494.68
5,7_40,es,2010-12-03,,29515.29
7,41_40,es,2010-12-03,,52033.37
7,43_38,es,2010-12-03,,67459.73
3,10_23,es,2010-12-03,,91674.32
5,20_92,es,2010-12-03,,155408.27
1,28_91,es,2010-12-03,,63552.77
5,17_4,es,2010-12-03,,22823.96
2,18_74,es,2010-12-03,,16201.72
2,19_23,es,2010-12-03,,31605.66
1,13_4,es,2010-12-03,,41394.81
3,13_91,es,2010-12-03,,67075.09
4,23_40,es,2010-12-03,,60818.15
1,32_92,es,2010-12-03,,95426.47
5,6_38,es,2010-12-03,,85323.2
7,12_8,es,2010-12-03,,45149.14
5,10_16,es,2010-12-03,,4502.43
4,14_91,es,2010-12-03,,85980.7
5,20_91,es,2010-12-03,,71706.77
5,27_80,es,2010-12-03,,25382.57
5,22_40,es,2010-12-03,,55246.88
6,20_9,es,2010-12-03,,51715.44
1,14_1,es,2010-12-03,,34406.89
3,30_91,es,2010-12-03,,27923.32
3,38_38,es,2010-12-03,,40771.73
4,13_23,es,2010-12-03,,39901.79
2,1_38,es,2010-12-03,,87338.34
4,11_7,es,2010-12-03,,61955.69
3,10_38,es,2010-12-03,,95230.62
2,23_92,es,2010-12-03,,65820.93
4,21_72,es,2010-12-03,,47279.21
5,20_90,es,2010-12-03,,91156.44
5,2_87,es,2010-12-03,,27108.86
2,3_72,es,2010-12-03,,23694.11
1,4_95,es,2010-12-03,,112357.52
4,24_87,es,2010-12-03,,25187.1
1,23_22,es,2010-12-03,,21405.78
5,37_95,es,2010-12-03,,45575.58
5,34_91,es,2010-12-03,,27649.73
3,4_8,es,2010-12-03,,64423.09
6,16_95,es,2010-12-03,,18896.55
7,10_34,es,2010-12-03,,48547.21
4,44_94,es,2010-12-03,,17621.17
3,40_4,es,2010-12-10,,22922.74
1,10_5,es,2010-12-10,,134269.26
3,23_16,es,2010-12-10,,7052.58
1,13_13,es,2010-12-10,,45018.93
1,29_40,es,2010-12-10,,30268.55
4,23_74,es,2010-12-10,,30102.53
7,1_97,es,2010-12-10,,36498.68
4,16_40,es,2010-12-10,,29397.24
6,40_2,es,2010-12-10,,29968.16
6,24_90,es,2010-12-10,,78020.99
1,23_72,es,2010-12-10,,125201.71
5,31_13,es,2010-12-10,,38822.26
1,26_40,es,2010-12-10,,36401.21
7,20_7,es,2010-12-10,,155897.11
7,19_2,es,2010-12-10,,53141.17
2,6_72,es,2010-12-10,,100963.79
6,26_92,es,2010-12-10,,99183.73
4,2_81,es,2010-12-10,,32413.83
4,17_95,es,2010-12-10,,44244.31
6,31_2,es,2010-12-10,,53446.6
2,4_94,es,2010-12-10,,53294.2
6,35_14,es,2010-12-10,,33889.2
3,11_93,es,2010-12-10,,32607.07
3,6_96,es,2010-12-10,,26954.16
1,45_13,es,2010-12-10,,25897.19
3,12_34,es,2010-12-10,,23665
4,42_38,es,2010-12-10,,38742.02
7,4_96,es,2010-12-10,,32903.78
7,6_93,es,2010-12-10,,42246.58
7,14_2,es,2010-12-10,,82697.33
7,15_72,es,2010-12-10,,61145.54
5,2_16,es,2010-12-10,,5824.27
1,19_9,es,2010-12-10,,22066.78
6,18_72,es,2010-12-10,,85485.15
7,32_90,es,2010-12-10,,64823.5
1,22_38,es,2010-12-10,,67019.66
2,9_38,es,2010-12-10,,84651.17
5,16_72,es,2010-12-10,,50003.55
6,10_72,es,2010-12-10,,177442.44
3,1_1,es,2010-12-10,,31497.65
7,31_46,es,2010-12-10,,24076.54
3,36_95,es,2010-12-10,,37652.43
3,10_40,es,2010-12-10,,105935.76
5,30_92,es,2010-12-10,,55545.95
3,11_46,es,2010-12-10,,28393.71
7,41_91,es,2010-12-10,,55875.15
2,4_9,es,2010-12-10,,30166.76
2,2_2,es,2010-12-10,,66513.13
3,32_95,es,2010-12-10,,81548.95
5,30_95,es,2010-12-10,,41119.77
1,26_4,es,2010-12-10,,23779.31
5,16_38,es,2010-12-10,,55270.99
4,11_95,es,2010-12-10,,71702.55
5,22_9,es,2010-12-10,,18817.52
1,11_92,es,2010-12-10,,84311.86
2,11_74,es,2010-12-10,,17028.71
6,11_13,es,2010-12-10,,35690.28
1,12_40,es,2010-12-10,,44892.6
4,7_40,es,2010-12-10,,28220.72
5,41_40,es,2010-12-10,,50032.43
3,43_38,es,2010-12-10,,66799.25
5,10_23,es,2010-12-10,,84213.97
6,20_92,es,2010-12-10,,197374.95
7,28_91,es,2010-12-10,,59686.58
3,17_4,es,2010-12-10,,20966.74
3,18_74,es,2010-12-10,,17121.72
3,19_23,es,2010-12-10,,45494.8
5,13_4,es,2010-12-10,,43538.12
4,13_91,es,2010-12-10,,79161.41
2,23_40,es,2010-12-10,,61043.09
2,32_92,es,2010-12-10,,112438.48
5,6_38,es,2010-12-10,,75574.6
2,12_8,es,2010-12-10,,44727.82
7,10_16,es,2010-12-10,,5472.27
1,14_91,es,2010-12-10,,104293.67
6,20_91,es,2010-12-10,,91669.24
4,27_80,es,2010-12-10,,28413.36
2,22_40,es,2010-12-10,,57510.18
2,20_9,es,2010-12-10,,31988.63
6,14_1,es,2010-12-10,,48776.64
4,30_91,es,2010-12-10,,29665.49
1,38_38,es,2010-12-10,,45978.27
7,13_23,es,2010-12-10,,43395.78
3,1_38,es,2010-12-10,,69386.52
4,11_7,es,2010-12-10,,87602.48
2,10_38,es,2010-12-10,,99230.43
6,23_92,es,2010-12-10,,71007.73
4,21_72,es,2010-12-10,,49291.82
4,20_90,es,2010-12-10,,108533.63
3,2_87,es,2010-12-10,,24503.06
2,3_72,es,2010-12-10,,20214.67
3,4_95,es,2010-12-10,,125057.36
7,24_87,es,2010-12-10,,23858.42
5,23_22,es,2010-12-10,,25614.3
3,37_95,es,2010-12-10,,47430.14
2,34_91,es,2010-12-10,,32362.79
1,4_8,es,2010-12-10,,65890.02
7,16_95,es,2010-12-10,,21688.66
2,10_34,es,2010-12-10,,50225.68
3,44_94,es,2010-12-10,,17628.96
5,40_4,es,2010-12-17,,21521.68
2,10_5,es,2010-12-17,,186875.35
5,23_16,es,2010-12-17,,6481.93
2,13_13,es,2010-12-17,,44334.03
3,29_40,es,2010-12-17,,31130.67
5,23_74,es,2010-12-17,,31227.21
6,1_97,es,2010-12-17,,35614.14
5,16_40,es,2010-12-17,,31647.56
6,40_2,es,2010-12-17,,31575.65
2,24_90,es,2010-12-17,,77516.92
7,23_72,es,2010-12-17,,181905.35
5,31_13,es,2010-12-17,,39690.3
3,26_40,es,2010-12-17,,35194.07
4,20_7,es,2010-12-17,,176021.53
2,19_2,es,2010-12-17,,59258.41
4,6_72,es,2010-12-17,,135009.23
1,26_92,es,2010-12-17,,86887.97
5,2_81,es,2010-12-17,,32170.62
7,17_95,es,2010-12-17,,43767.1
4,31_2,es,2010-12-17,,57129.3
2,4_94,es,2010-12-17,,54997.69
6,35_14,es,2010-12-17,,43378.32
1,11_93,es,2010-12-17,,35303.96
2,6_96,es,2010-12-17,,28021.72
1,45_13,es,2010-12-17,,23548.8
2,12_34,es,2010-12-17,,27413
6,42_38,es,2010-12-17,,33864.33
4,4_96,es,2010-12-17,,35171.54
4,6_93,es,2010-12-17,,44302.13
1,14_2,es,2010-12-17,,86872.19
3,15_72,es,2010-12-17,,79934.62
1,2_16,es,2010-12-17,,5383.66
7,19_9,es,2010-12-17,,25631.42
1,18_72,es,2010-12-17,,109257.16
6,32_90,es,2010-12-17,,66483
6,22_38,es,2010-12-17,,74543.98
7,9_38,es,2010-12-17,,76401.13
6,16_72,es,2010-12-17,,43698.2
6,10_72,es,2010-12-17,,268789.69
3,1_1,es,2010-12-17,,44912.86
1,31_46,es,2010-12-17,,31408.49
3,36_95,es,2010-12-17,,40105.93
4,10_40,es,2010-12-17,,101891.97
6,30_92,es,2010-12-17,,57409.7
6,11_46,es,2010-12-17,,38455.26
6,41_91,es,2010-12-17,,50641.21
3,4_9,es,2010-12-17,,36904.83
6,2_2,es,2010-12-17,,74559.82
3,32_95,es,2010-12-17,,82599.7
6,30_95,es,2010-12-17,,42072.77
7,26_4,es,2010-12-17,,23129.65
2,16_38,es,2010-12-17,,49653.2
7,11_95,es,2010-12-17,,77253.06
5,22_9,es,2010-12-17,,22600.08
3,11_92,es,2010-12-17,,88529.62
2,11_74,es,2010-12-17,,22306.74
3,11_13,es,2010-12-17,,35803.08
4,12_40,es,2010-12-17,,46428.22
6,7_40,es,2010-12-17,,32468.54
5,41_40,es,2010-12-17,,52695.77
4,43_38,es,2010-12-17,,63569.79
6,10_23,es,2010-12-17,,101456.57
7,20_92,es,2010-12-17,,190354.16
3,28_91,es,2010-12-17,,44794.77
1,17_4,es,2010-12-17,,21382.91
5,18_74,es,2010-12-17,,17628.98
7,19_23,es,2010-12-17,,56276.77
5,13_4,es,2010-12-17,,43486.54
1,13_91,es,2010-12-17,,81009.31
1,23_40,es,2010-12-17,,61725.6
7,32_92,es,2010-12-17,,113852.64
7,6_38,es,2010-12-17,,69807.04
3,12_8,es,2010-12-17,,44419.15
1,10_16,es,2010-12-17,,4045.95
1,14_91,es,2010-12-17,,88219.96
6,20_91,es,2010-12-17,,79463.27
5,27_80,es,2010-12-17,,29262.09
4,22_40,es,2010-12-17,,55640.45
5,20_9,es,2010-12-17,,35506.51
7,14_1,es,2010-12-17,,70817.74
7,30_91,es,2010-12-17,,28343.84
5,38_38,es,2010-12-17,,37486.1
4,13_23,es,2010-12-17,,55785.25
5,1_38,es,2010-12-17,,81069.74
4,11_7,es,2010-12-17,,135592.19
5,10_38,es,2010-12-17,,85597.82
6,23_92,es,2010-12-17,,73934.92
1,21_72,es,2010-12-17,,71209.43
4,20_90,es,2010-12-17,,106368.18
3,2_87,es,2010-12-17,,27401.18
2,3_72,es,2010-12-17,,26460.44
3,4_95,es,2010-12-17,,133205.77
4,24_87,es,2010-12-17,,22903.34
6,23_22,es,2010-12-17,,32905.56
2,37_95,es,2010-12-17,,47702.28
2,34_91,es,2010-12-17,,31863.43
1,4_8,es,2010-12-17,,68922.99
4,16_95,es,2010-12-17,,25047.72
6,10_34,es,2010-12-17,,54199.63
3,44_94,es,2010-12-17,,18519.47
2,40_4,es,2010-12-24,,25876.14
6,10_5,es,2010-12-24,,259955.82
6,23_16,es,2010-12-24,,7411.38
7,13_13,es,2010-12-24,,44343.42
3,29_40,es,2010-12-24,,33501.15
6,23_74,es,2010-12-24,,38529.28
7,1_97,es,2010-12-24,,40058.17
7,16_40,es,2010-12-24,,44681.03
2,40_2,es,2010-12-24,,52961.05
7,24_90,es,2010-12-24,,103408.6
6,23_72,es,2010-12-24,,225156.09
6,31_13,es,2010-12-24,,42187.5
4,26_40,es,2010-12-24,,39720.88
5,20_7,es,2010-12-24,,261136.32
4,19_2,es,2010-12-24,,84541.59
4,6_72,es,2010-12-24,,204271.34
7,26_92,es,2010-12-24,,98138.1
3,2_81,es,2010-12-24,,35995.54
6,17_95,es,2010-12-24,,48112.46
2,31_2,es,2010-12-24,,68706.61
7,4_94,es,2010-12-24,,71065.2
5,35_14,es,2010-12-24,,75655.88
3,11_93,es,2010-12-24,,42890.45
2,6_96,es,2010-12-24,,38197.94
1,45_13,es,2010-12-24,,25707.09
7,12_34,es,2010-12-24,,37267.5
7,42_38,es,2010-12-24,,35589.81
1,4_96,es,2010-12-24,,60435.5
5,6_93,es,2010-12-24,,57706.34
5,14_2,es,2010-12-24,,117588.65
6,15_72,es,2010-12-24,,137773.02
7,2_16,es,2010-12-24,,6912.04
3,19_9,es,2010-12-24,,47084.5
3,18_72,es,2010-12-24,,181627.39
2,32_90,es,2010-12-24,,85168.36
5,22_38,es,2010-12-24,,66253.77
5,9_38,es,2010-12-24,,72707.56
3,16_72,es,2010-12-24,,91830.52
4,10_72,es,2010-12-24,,404245.03
7,1_1,es,2010-12-24,,55931.23
5,31_46,es,2010-12-24,,44628.82
3,36_95,es,2010-12-24,,39937.79
4,10_40,es,2010-12-24,,100877.03
5,30_92,es,2010-12-24,,75109.75
2,11_46,es,2010-12-24,,61464.3
3,41_91,es,2010-12-24,,59481.21
7,4_9,es,2010-12-24,,57098.47
3,2_2,es,2010-12-24,,91738.44
3,32_95,es,2010-12-24,,91238.47
5,30_95,es,2010-12-24,,47888.79
4,26_4,es,2010-12-24,,26780
5,16_38,es,2010-12-24,,53381.96
3,11_95,es,2010-12-24,,76436.44
3,22_9,es,2010-12-24,,36392.99
2,11_92,es,2010-12-24,,94109.56
2,11_74,es,2010-12-24,,22636.14
5,11_13,es,2010-12-24,,36074.12
1,12_40,es,2010-12-24,,46098.91
6,7_40,es,2010-12-24,,43899.9
7,41_40,es,2010-12-24,,58247.76
3,43_38,es,2010-12-24,,51314.96
2,10_23,es,2010-12-24,,154458.02
4,20_92,es,2010-12-24,,199674.33
6,28_91,es,2010-12-24,,46372.81
5,17_4,es,2010-12-24,,21104.99
4,18_74,es,2010-12-24,,19170.06
3,19_23,es,2010-12-24,,89336.88
3,13_4,es,2010-12-24,,50945.14
7,13_91,es,2010-12-24,,85957.28
2,23_40,es,2010-12-24,,71133.61
7,32_92,es,2010-12-24,,134404.9
3,6_38,es,2010-12-24,,73280.06
3,12_8,es,2010-12-24,,48404.67
3,10_16,es,2010-12-24,,4333.22
1,14_91,es,2010-12-24,,97691.35
6,20_91,es,2010-12-24,,74121.22
3,27_80,es,2010-12-24,,35230.15
2,22_40,es,2010-12-24,,59788.36
4,20_9,es,2010-12-24,,62941.42
4,14_1,es,2010-12-24,,95271
1,30_91,es,2010-12-24,,31218.16
4,38_38,es,2010-12-24,,42955.91
1,13_23,es,2010-12-24,,85804.5
5,1_38,es,2010-12-24,,57718.48
7,11_7,es,2010-12-24,,235557.3
7,10_38,es,2010-12-24,,85784.13
4,23_92,es,2010-12-24,,78010.41
2,21_72,es,2010-12-24,,127227.47
5,20_90,es,2010-12-24,,129404.36
6,2_87,es,2010-12-24,,36804.52
7,3_72,es,2010-12-24,,39703.33
3,4_95,es,2010-12-24,,139301.54
1,24_87,es,2010-12-24,,37424.35
5,23_22,es,2010-12-24,,33406.81
4,37_95,es,2010-12-24,,49996.41
4,34_91,es,2010-12-24,,36237.75
6,4_8,es,2010-12-24,,76078.03
5,16_95,es,2010-12-24,,32374.96
4,10_34,es,2010-12-24,,70060.8
3,44_94,es,2010-12-24,,25797.76
4,40_4,es,2010-12-31,,22467.31
1,10_5,es,2010-12-31,,69231.19
2,23_16,es,2010-12-31,,5336.83
3,13_13,es,2010-12-31,,39128.45
6,29_40,es,2010-12-31,,27483.79
6,23_74,es,2010-12-31,,35707.53
7,1_97,es,2010-12-31,,28591.28
7,16_40,es,2010-12-31,,41757.25
2,40_2,es,2010-12-31,,18851.45
7,24_90,es,2010-12-31,,67131.27
2,23_72,es,2010-12-31,,83414.76
7,31_13,es,2010-12-31,,37748.22
6,26_40,es,2010-12-31,,36260.53
6,20_7,es,2010-12-31,,26464.69
6,19_2,es,2010-12-31,,38007.95
6,6_72,es,2010-12-31,,109801.34
5,26_92,es,2010-12-31,,63802.8
6,2_81,es,2010-12-31,,25435.48
7,17_95,es,2010-12-31,,29462.93
2,31_2,es,2010-12-31,,51068.79
3,4_94,es,2010-12-31,,50530.8
6,35_14,es,2010-12-31,,21041.31
5,11_93,es,2010-12-31,,25362.32
1,6_96,es,2010-12-31,,31722.6
3,45_13,es,2010-12-31,,21776.72
3,12_34,es,2010-12-31,,19119.25
5,42_38,es,2010-12-31,,25335.37
2,4_96,es,2010-12-31,,44961.67
4,6_93,es,2010-12-31,,36267.45
5,14_2,es,2010-12-31,,55734.4
2,15_72,es,2010-12-31,,45805.54
7,2_16,es,2010-12-31,,4678.67
2,19_9,es,2010-12-31,,13427
2,18_72,es,2010-12-31,,52555.56
4,32_90,es,2010-12-31,,53004.71
5,22_38,es,2010-12-31,,58465.42
5,9_38,es,2010-12-31,,60294.64
3,16_72,es,2010-12-31,,39048.66
5,10_72,es,2010-12-31,,147532.16
4,1_1,es,2010-12-31,,19124.58
6,31_46,es,2010-12-31,,24247.63
7,36_95,es,2010-12-31,,33569.56
2,10_40,es,2010-12-31,,90374.54
7,30_92,es,2010-12-31,,46455.87
5,11_46,es,2010-12-31,,26662.02
2,41_91,es,2010-12-31,,41678.84
2,4_9,es,2010-12-31,,25334.2
5,2_2,es,2010-12-31,,55375.52
6,32_95,es,2010-12-31,,64522.77
1,30_95,es,2010-12-31,,39951.05
4,26_4,es,2010-12-31,,23103.27
2,16_38,es,2010-12-31,,56734.52
5,11_95,es,2010-12-31,,61346.21
7,22_9,es,2010-12-31,,9625.58
4,11_92,es,2010-12-31,,59742.84
5,11_74,es,2010-12-31,,25477.09
2,11_13,es,2010-12-31,,33890.31
6,12_40,es,2010-12-31,,43444.95
6,7_40,es,2010-12-31,,46745.35
3,41_40,es,2010-12-31,,51338.44
7,43_38,es,2010-12-31,,49455.34
6,10_23,es,2010-12-31,,56126.52
5,20_92,es,2010-12-31,,114348.68
7,28_91,es,2010-12-31,,35459.59
1,17_4,es,2010-12-31,,17312.92
4,18_74,es,2010-12-31,,19616.28
4,19_23,es,2010-12-31,,18646.66
6,13_4,es,2010-12-31,,37814.53
4,13_91,es,2010-12-31,,65902.27
4,23_40,es,2010-12-31,,58402.8
3,32_92,es,2010-12-31,,80496.77
2,6_38,es,2010-12-31,,71458.73
6,12_8,es,2010-12-31,,37945.75
2,10_16,es,2010-12-31,,3298.26
2,14_91,es,2010-12-31,,78639.29
7,20_91,es,2010-12-31,,57371.09
1,27_80,es,2010-12-31,,25119.68
1,22_40,es,2010-12-31,,44767.55
3,20_9,es,2010-12-31,,17916.77
5,14_1,es,2010-12-31,,14338.06
3,30_91,es,2010-12-31,,26633.17
2,38_38,es,2010-12-31,,43476.16
3,13_23,es,2010-12-31,,20763.81
4,1_38,es,2010-12-31,,67182.76
7,11_7,es,2010-12-31,,27586.73
6,10_38,es,2010-12-31,,74536.36
1,23_92,es,2010-12-31,,48939.2
3,21_72,es,2010-12-31,,40468.99
2,20_90,es,2010-12-31,,81196.78
4,2_87,es,2010-12-31,,22206.22
2,3_72,es,2010-12-31,,19551.9
1,4_95,es,2010-12-31,,107910.87
2,24_87,es,2010-12-31,,20608.23
1,23_22,es,2010-12-31,,16300.52
4,37_95,es,2010-12-31,,42466.17
3,34_91,es,2010-12-31,,29067.57
2,4_8,es,2010-12-31,,61888.56
1,16_95,es,2010-12-31,,26502.04
1,10_34,es,2010-12-31,,35145.76
5,44_94,es,2010-12-31,,16593.28
6,40_4,es,2011-01-07,,24691.51
3,10_5,es,2011-01-07,,49255.31
1,23_16,es,2011-01-07,,3707.25
6,13_13,es,2011-01-07,,50591.11
1,29_40,es,2011-01-07,,29671.96
2,23_74,es,2011-01-07,,39021.43
1,1_97,es,2011-01-07,,35362.9
4,16_40,es,2011-01-07,,41403.37
7,40_2,es,2011-01-07,,22450.25
7,24_90,es,2011-01-07,,70971.83
6,23_72,es,2011-01-07,,74441.29
1,31_13,es,2011-01-07,,40822.89
6,26_40,es,2011-01-07,,38029.31
1,20_7,es,2011-01-07,,15863.19
2,19_2,es,2011-01-07,,42431.88
5,6_72,es,2011-01-07,,68762.84
1,26_92,es,2011-01-07,,93628.5
5,2_81,es,2011-01-07,,30530.1
6,17_95,es,2011-01-07,,47126.56
6,31_2,es,2011-01-07,,52483.9
2,4_94,es,2011-01-07,,57693.68
5,35_14,es,2011-01-07,,23909.88
7,11_93,es,2011-01-07,,30558.33
6,6_96,es,2011-01-07,,18817.96
5,45_13,es,2011-01-07,,26742.57
4,12_34,es,2011-01-07,,19015.75
7,42_38,es,2011-01-07,,39580.8
7,4_96,es,2011-01-07,,22242.27
4,6_93,es,2011-01-07,,38947.79
2,14_2,es,2011-01-07,,70335.01
2,15_72,es,2011-01-07,,41403.47
4,2_16,es,2011-01-07,,5668.32
4,19_9,es,2011-01-07,,13207.04
2,18_72,es,2011-01-07,,52699.7
5,32_90,es,2011-01-07,,60184.08
4,22_38,es,2011-01-07,,76917.31
3,9_38,es,2011-01-07,,95290.63
5,16_72,es,2011-01-07,,42983.95
3,10_72,es,2011-01-07,,116112.11
3,1_1,es,2011-01-07,,15984.24
7,31_46,es,2011-01-07,,22166.5
3,36_95,es,2011-01-07,,35217.61
3,10_40,es,2011-01-07,,109513.44
2,30_92,es,2011-01-07,,56400.96
2,11_46,es,2011-01-07,,21588.86
2,41_91,es,2011-01-07,,57559.7
4,4_9,es,2011-01-07,,20591.73
6,2_2,es,2011-01-07,,62974.44
2,32_95,es,2011-01-07,,76644.73
1,30_95,es,2011-01-07,,42486.41
7,26_4,es,2011-01-07,,25262.31
1,16_38,es,2011-01-07,,74846.16
4,11_95,es,2011-01-07,,67739.4
7,22_9,es,2011-01-07,,14530.02
5,11_92,es,2011-01-07,,77914.07
6,11_74,es,2011-01-07,,29677.7
6,11_13,es,2011-01-07,,39464.95
3,12_40,es,2011-01-07,,51909.06
7,7_40,es,2011-01-07,,43812.8
7,41_40,es,2011-01-07,,57415.62
7,43_38,es,2011-01-07,,74140.54
6,10_23,es,2011-01-07,,54281.23
3,20_92,es,2011-01-07,,165284.7
5,28_91,es,2011-01-07,,83761.23
5,17_4,es,2011-01-07,,39775.45
3,18_74,es,2011-01-07,,26597.37
4,19_23,es,2011-01-07,,15176.77
3,13_4,es,2011-01-07,,44431.39
6,13_91,es,2011-01-07,,82581.02
1,23_40,es,2011-01-07,,58638.29
1,32_92,es,2011-01-07,,100818.34
5,6_38,es,2011-01-07,,101194.55
6,12_8,es,2011-01-07,,42630.11
2,10_16,es,2011-01-07,,5668.63
3,14_91,es,2011-01-07,,110711.42
7,20_91,es,2011-01-07,,90296.32
3,27_80,es,2011-01-07,,25117.89
3,22_40,es,2011-01-07,,57539.99
7,20_9,es,2011-01-07,,14003.25
1,14_1,es,2011-01-07,,13527.45
3,30_91,es,2011-01-07,,32086.64
7,38_38,es,2011-01-07,,42940.87
2,13_23,es,2011-01-07,,20260.54
5,1_38,es,2011-01-07,,85242.8
3,11_7,es,2011-01-07,,18443.17
6,10_38,es,2011-01-07,,97824.48
5,23_92,es,2011-01-07,,60417.15
5,21_72,es,2011-01-07,,36198.57
5,20_90,es,2011-01-07,,93681.49
7,2_87,es,2011-01-07,,22308.76
2,3_72,es,2011-01-07,,13689.24
4,4_95,es,2011-01-07,,119611.19
5,24_87,es,2011-01-07,,23863.48
2,23_22,es,2011-01-07,,18791.93
1,37_95,es,2011-01-07,,47617.87
5,34_91,es,2011-01-07,,34385.86
2,4_8,es,2011-01-07,,64561.77
6,16_95,es,2011-01-07,,29072.02
1,10_34,es,2011-01-07,,37081.23
7,44_94,es,2011-01-07,,21596.66
1,40_4,es,2011-01-14,,21980.89
2,10_5,es,2011-01-14,,46074.44
1,23_16,es,2011-01-14,,4280.67
3,13_13,es,2011-01-14,,48633.01
2,29_40,es,2011-01-14,,25679.03
2,23_74,es,2011-01-14,,29610.33
3,1_97,es,2011-01-14,,36612.04
4,16_40,es,2011-01-14,,35759.82
1,40_2,es,2011-01-14,,20379.09
2,24_90,es,2011-01-14,,74687.43
2,23_72,es,2011-01-14,,62177.55
4,31_13,es,2011-01-14,,40024.06
7,26_40,es,2011-01-14,,35661.31
2,20_7,es,2011-01-14,,17100.68
1,19_2,es,2011-01-14,,41492.93
3,6_72,es,2011-01-14,,68440.64
1,26_92,es,2011-01-14,,79739.74
7,2_81,es,2011-01-14,,32710.67
4,17_95,es,2011-01-14,,42524.72
3,31_2,es,2011-01-14,,52283.18
6,4_94,es,2011-01-14,,57876.6
2,35_14,es,2011-01-14,,21688.79
6,11_93,es,2011-01-14,,33226.89
1,6_96,es,2011-01-14,,21509.81
1,45_13,es,2011-01-14,,25262.19
5,12_34,es,2011-01-14,,16958.25
3,42_38,es,2011-01-14,,45703.02
2,4_96,es,2011-01-14,,28359.15
4,6_93,es,2011-01-14,,40591.79
1,14_2,es,2011-01-14,,65416.03
4,15_72,es,2011-01-14,,36455.88
5,2_16,es,2011-01-14,,7539.94
1,19_9,es,2011-01-14,,11212.48
3,18_72,es,2011-01-14,,38315.5
3,32_90,es,2011-01-14,,62076.77
6,22_38,es,2011-01-14,,71323.13
7,9_38,es,2011-01-14,,83424.84
7,16_72,es,2011-01-14,,32893.68
2,10_72,es,2011-01-14,,137309.8
4,1_1,es,2011-01-14,,17359.7
1,31_46,es,2011-01-14,,21564.67
3,36_95,es,2011-01-14,,37775.08
6,10_40,es,2011-01-14,,103707.85
3,30_92,es,2011-01-14,,62352.54
7,11_46,es,2011-01-14,,20766.47
4,41_91,es,2011-01-14,,55247.17
5,4_9,es,2011-01-14,,24768.94
6,2_2,es,2011-01-14,,56606.3
4,32_95,es,2011-01-14,,82187.12
3,30_95,es,2011-01-14,,46102.53
6,26_4,es,2011-01-14,,20881.42
4,16_38,es,2011-01-14,,55142.74
6,11_95,es,2011-01-14,,72793.65
1,22_9,es,2011-01-14,,11463
6,11_92,es,2011-01-14,,82363.84
1,11_74,es,2011-01-14,,23738.98
3,11_13,es,2011-01-14,,36637.03
4,12_40,es,2011-01-14,,48263.66
5,7_40,es,2011-01-14,,36701.58
3,41_40,es,2011-01-14,,52972.32
1,43_38,es,2011-01-14,,60094.71
1,10_23,es,2011-01-14,,51357.84
5,20_92,es,2011-01-14,,190728.6
6,28_91,es,2011-01-14,,51336.41
4,17_4,es,2011-01-14,,22178.95
2,18_74,es,2011-01-14,,17535.18
5,19_23,es,2011-01-14,,17377.27
2,13_4,es,2011-01-14,,41225.19
5,13_91,es,2011-01-14,,83574.66
3,23_40,es,2011-01-14,,53528.32
4,32_92,es,2011-01-14,,101833.07
5,6_38,es,2011-01-14,,76434.89
3,12_8,es,2011-01-14,,39586.42
5,10_16,es,2011-01-14,,10840.25
6,14_91,es,2011-01-14,,99292.69
4,20_91,es,2011-01-14,,102324.99
3,27_80,es,2011-01-14,,26534.06
4,22_40,es,2011-01-14,,50604.51
3,20_9,es,2011-01-14,,12407.61
7,14_1,es,2011-01-14,,13961.62
7,30_91,es,2011-01-14,,34794.37
4,38_38,es,2011-01-14,,47028.8
2,13_23,es,2011-01-14,,20145.99
2,1_38,es,2011-01-14,,80921.16
7,11_7,es,2011-01-14,,14601.35
4,10_38,es,2011-01-14,,106078.7
4,23_92,es,2011-01-14,,51638.4
1,21_72,es,2011-01-14,,28257.32
3,20_90,es,2011-01-14,,110218.99
3,2_87,es,2011-01-14,,21891.1
2,3_72,es,2011-01-14,,16215.49
7,4_95,es,2011-01-14,,128988.92
1,24_87,es,2011-01-14,,19417.41
6,23_22,es,2011-01-14,,15898.38
6,37_95,es,2011-01-14,,49701.44
6,34_91,es,2011-01-14,,35342.59
6,4_8,es,2011-01-14,,64828.44
1,16_95,es,2011-01-14,,25427.47
6,10_34,es,2011-01-14,,33885.3
1,44_94,es,2011-01-14,,21616.97
5,40_4,es,2011-01-21,,21182.7
4,10_5,es,2011-01-21,,43718.95
2,23_16,es,2011-01-21,,4803.66
6,13_13,es,2011-01-21,,48517.18
3,29_40,es,2011-01-21,,28016.62
7,23_74,es,2011-01-21,,30697.96
6,1_97,es,2011-01-21,,31942.34
5,16_40,es,2011-01-21,,34618.85
1,40_2,es,2011-01-21,,21904.22
1,24_90,es,2011-01-21,,70398.13
1,23_72,es,2011-01-21,,68583.7
3,31_13,es,2011-01-21,,44041.21
7,26_40,es,2011-01-21,,37260.94
3,20_7,es,2011-01-21,,19049.08
6,19_2,es,2011-01-21,,44348.21
1,6_72,es,2011-01-21,,64437.53
7,26_92,es,2011-01-21,,74736.76
3,2_81,es,2011-01-21,,32002.56
6,17_95,es,2011-01-21,,43907.33
2,31_2,es,2011-01-21,,56063.9
4,4_94,es,2011-01-21,,62783.75
3,35_14,es,2011-01-21,,23225.36
6,11_93,es,2011-01-21,,30738.3
6,6_96,es,2011-01-21,,20801.45
6,45_13,es,2011-01-21,,26893.81
7,12_34,es,2011-01-21,,14735.13
7,42_38,es,2011-01-21,,43017.63
2,4_96,es,2011-01-21,,31146.4
3,6_93,es,2011-01-21,,36156.76
7,14_2,es,2011-01-21,,71126.18
5,15_72,es,2011-01-21,,39322.7
6,2_16,es,2011-01-21,,7192.85
5,19_9,es,2011-01-21,,10373.17
7,18_72,es,2011-01-21,,46741.94
1,32_90,es,2011-01-21,,64290.56
4,22_38,es,2011-01-21,,65749.22
6,9_38,es,2011-01-21,,82758.54
4,16_72,es,2011-01-21,,31778.34
4,10_72,es,2011-01-21,,142161.79
2,1_1,es,2011-01-21,,17341.47
7,31_46,es,2011-01-21,,24461.55
2,36_95,es,2011-01-21,,38041.92
5,10_40,es,2011-01-21,,101904.95
3,30_92,es,2011-01-21,,55248.09
5,11_46,es,2011-01-21,,23030.35
1,41_91,es,2011-01-21,,55503.79
3,4_9,es,2011-01-21,,20946.98
6,2_2,es,2011-01-21,,62126.32
2,32_95,es,2011-01-21,,84944.61
1,30_95,es,2011-01-21,,43788.22
3,26_4,es,2011-01-21,,21490.66
7,16_38,es,2011-01-21,,48594.72
7,11_95,es,2011-01-21,,71399.55
1,22_9,es,2011-01-21,,12614.9
1,11_92,es,2011-01-21,,77181.78
7,11_74,es,2011-01-21,,24192.88
7,11_13,es,2011-01-21,,40086.08
7,12_40,es,2011-01-21,,49036.74
3,7_40,es,2011-01-21,,34692.38
4,41_40,es,2011-01-21,,54568.83
4,43_38,es,2011-01-21,,58761.5
5,10_23,es,2011-01-21,,49953.49
3,20_92,es,2011-01-21,,158178.08
6,28_91,es,2011-01-21,,47288.58
5,17_4,es,2011-01-21,,22773.89
4,18_74,es,2011-01-21,,23220.16
2,19_23,es,2011-01-21,,19476.76
2,13_4,es,2011-01-21,,39646.28
1,13_91,es,2011-01-21,,89507.66
2,23_40,es,2011-01-21,,58731.77
3,32_92,es,2011-01-21,,104424.39
2,6_38,es,2011-01-21,,75120.98
2,12_8,es,2011-01-21,,40305.93
3,10_16,es,2011-01-21,,16206.09
2,14_91,es,2011-01-21,,92675.81
3,20_91,es,2011-01-21,,87238.34
2,27_80,es,2011-01-21,,27729.79
4,22_40,es,2011-01-21,,53226.95
7,20_9,es,2011-01-21,,13979.57
5,14_1,es,2011-01-21,,17631.09
6,30_91,es,2011-01-21,,33561.97
4,38_38,es,2011-01-21,,48246.43
2,13_23,es,2011-01-21,,19744.33
5,1_38,es,2011-01-21,,79827.55
1,11_7,es,2011-01-21,,18414.19
5,10_38,es,2011-01-21,,86684.83
3,23_92,es,2011-01-21,,57433.73
3,21_72,es,2011-01-21,,39023.92
4,20_90,es,2011-01-21,,97059.53
7,2_87,es,2011-01-21,,22760.65
4,3_72,es,2011-01-21,,17567.94
7,4_95,es,2011-01-21,,140182.04
6,24_87,es,2011-01-21,,19375.44
1,23_22,es,2011-01-21,,18673.55
1,37_95,es,2011-01-21,,49199.88
4,34_91,es,2011-01-21,,35172.21
1,4_8,es,2011-01-21,,65014.35
7,16_95,es,2011-01-21,,25109.24
4,10_34,es,2011-01-21,,31088.25
6,44_94,es,2011-01-21,,20585.75
6,40_4,es,2011-01-28,,20532.44
4,10_5,es,2011-01-28,,52026.64
3,23_16,es,2011-01-28,,4287.03
4,13_13,es,2011-01-28,,43712.33
6,29_40,es,2011-01-28,,25439.68
4,23_74,es,2011-01-28,,27236.66
1,1_97,es,2011-01-28,,29371.79
4,16_40,es,2011-01-28,,35060.29
6,40_2,es,2011-01-28,,21241.19
4,24_90,es,2011-01-28,,69893.71
2,23_72,es,2011-01-28,,59089.11
6,31_13,es,2011-01-28,,39662.73
3,26_40,es,2011-01-28,,36475.6
7,20_7,es,2011-01-28,,22070.59
6,19_2,es,2011-01-28,,46595.62
4,6_72,es,2011-01-28,,72476.46
5,26_92,es,2011-01-28,,74056.55
7,2_81,es,2011-01-28,,29957.52
1,17_95,es,2011-01-28,,43968
7,31_2,es,2011-01-28,,52549.09
5,4_94,es,2011-01-28,,56587.87
4,35_14,es,2011-01-28,,19053.6
3,11_93,es,2011-01-28,,27300.57
1,6_96,es,2011-01-28,,22109.15
5,45_13,es,2011-01-28,,21921.69
3,12_34,es,2011-01-28,,15934.09
2,42_38,es,2011-01-28,,30904.37
3,4_96,es,2011-01-28,,30446.4
6,6_93,es,2011-01-28,,34713.24
2,14_2,es,2011-01-28,,60182.59
2,15_72,es,2011-01-28,,37470.49
2,2_16,es,2011-01-28,,8558.07
5,19_9,es,2011-01-28,,12147.76
2,18_72,es,2011-01-28,,52689.68
4,32_90,es,2011-01-28,,59936.97
3,22_38,es,2011-01-28,,58144.53
5,9_38,es,2011-01-28,,85823.42
4,16_72,es,2011-01-28,,30105.72
1,10_72,es,2011-01-28,,157727.81
7,1_1,es,2011-01-28,,18461.18
2,31_46,es,2011-01-28,,23820.67
4,36_95,es,2011-01-28,,36191.87
3,10_40,es,2011-01-28,,103889.59
7,30_92,es,2011-01-28,,52118.96
2,11_46,es,2011-01-28,,21702.7
4,41_91,es,2011-01-28,,52105.75
6,4_9,es,2011-01-28,,20223.97
6,2_2,es,2011-01-28,,59940.76
7,32_95,es,2011-01-28,,79852.47
6,30_95,es,2011-01-28,,42132.48
1,26_4,es,2011-01-28,,20616.43
6,16_38,es,2011-01-28,,55561.45
3,11_95,es,2011-01-28,,65509.96
7,22_9,es,2011-01-28,,10938.36
1,11_92,es,2011-01-28,,66620.73
4,11_74,es,2011-01-28,,22522.56
7,11_13,es,2011-01-28,,35537.62
1,12_40,es,2011-01-28,,50171.62
7,7_40,es,2011-01-28,,35622.82
7,41_40,es,2011-01-28,,54175.88
3,43_38,es,2011-01-28,,58940.59
4,10_23,es,2011-01-28,,49076.39
5,20_92,es,2011-01-28,,140499.83
3,28_91,es,2011-01-28,,42508.52
3,17_4,es,2011-01-28,,20752.3
5,18_74,es,2011-01-28,,17889.24
3,19_23,es,2011-01-28,,20324.76
2,13_4,es,2011-01-28,,37130.25
4,13_91,es,2011-01-28,,77139.96
6,23_40,es,2011-01-28,,56564.25
6,32_92,es,2011-01-28,,97119.69
1,6_38,es,2011-01-28,,87354.71
6,12_8,es,2011-01-28,,42461.3
1,10_16,es,2011-01-28,,18447.76
3,14_91,es,2011-01-28,,89265.75
2,20_91,es,2011-01-28,,73427.83
7,27_80,es,2011-01-28,,25206.05
2,22_40,es,2011-01-28,,46502.32
3,20_9,es,2011-01-28,,11150.36
4,14_1,es,2011-01-28,,19621.33
1,30_91,es,2011-01-28,,30327.61
1,38_38,es,2011-01-28,,50725.29
3,13_23,es,2011-01-28,,19021.07
4,1_38,es,2011-01-28,,71672.01
2,11_7,es,2011-01-28,,18185.74
4,10_38,es,2011-01-28,,97833.81
7,23_92,es,2011-01-28,,55800.46
4,21_72,es,2011-01-28,,36784.09
5,20_90,es,2011-01-28,,89222.54
3,2_87,es,2011-01-28,,18928.48
5,3_72,es,2011-01-28,,19842.06
7,4_95,es,2011-01-28,,127101.39
1,24_87,es,2011-01-28,,21130.79
2,23_22,es,2011-01-28,,16860.52
5,37_95,es,2011-01-28,,48916.87
3,34_91,es,2011-01-28,,31226.81
5,4_8,es,2011-01-28,,62350.08
6,16_95,es,2011-01-28,,24253.61
1,10_34,es,2011-01-28,,30254.58
6,44_94,es,2011-01-28,,21788.24
6,40_4,es,2011-02-04,,23147.61
4,10_5,es,2011-02-04,,55377.61
6,23_16,es,2011-02-04,,5803.02
4,13_13,es,2011-02-04,,46724.99
4,29_40,es,2011-02-04,,28333.14
7,23_74,es,2011-02-04,,27442.45
3,1_97,es,2011-02-04,,37785.87
5,16_40,es,2011-02-04,,36011.59
1,40_2,es,2011-02-04,,23727.43
6,24_90,es,2011-02-04,,78370.11
7,23_72,es,2011-02-04,,89289.05
6,31_13,es,2011-02-04,,40132.28
6,26_40,es,2011-02-04,,36489.15
4,20_7,es,2011-02-04,,31454.03
2,19_2,es,2011-02-04,,45599.75
1,6_72,es,2011-02-04,,112270.88
6,26_92,es,2011-02-04,,78664.55
1,2_81,es,2011-02-04,,35795.44
3,17_95,es,2011-02-04,,52085.11
3,31_2,es,2011-02-04,,52735.73
6,4_94,es,2011-02-04,,62840.3
1,35_14,es,2011-02-04,,23939.35
1,11_93,es,2011-02-04,,33886.32
2,6_96,es,2011-02-04,,23788.34
3,45_13,es,2011-02-04,,26922.7
5,12_34,es,2011-02-04,,25229.03
6,42_38,es,2011-02-04,,34119.84
2,4_96,es,2011-02-04,,35222.37
4,6_93,es,2011-02-04,,44521.97
5,14_2,es,2011-02-04,,74569.15
5,15_72,es,2011-02-04,,63354.61
2,2_16,es,2011-02-04,,11660.16
3,19_9,es,2011-02-04,,12358.93
6,18_72,es,2011-02-04,,79190.7
7,32_90,es,2011-02-04,,66431.1
2,22_38,es,2011-02-04,,69315.67
7,9_38,es,2011-02-04,,83428.18
3,16_72,es,2011-02-04,,33305.91
7,10_72,es,2011-02-04,,198883.53
6,1_1,es,2011-02-04,,21665.76
2,31_46,es,2011-02-04,,20032.63
4,36_95,es,2011-02-04,,38077.86
5,10_40,es,2011-02-04,,107929.61
6,30_92,es,2011-02-04,,69472.66
2,11_46,es,2011-02-04,,26011.91
3,41_91,es,2011-02-04,,58721.26
2,4_9,es,2011-02-04,,23422.2
4,2_2,es,2011-02-04,,60069.23
5,32_95,es,2011-02-04,,82553.17
2,30_95,es,2011-02-04,,51691.31
6,26_4,es,2011-02-04,,22865.72
7,16_38,es,2011-02-04,,53309.72
3,11_95,es,2011-02-04,,78774.47
1,22_9,es,2011-02-04,,13608.04
3,11_92,es,2011-02-04,,85843.63
1,11_74,es,2011-02-04,,28482.55
2,11_13,es,2011-02-04,,43515.05
1,12_40,es,2011-02-04,,54940.3
2,7_40,es,2011-02-04,,36454.08
4,41_40,es,2011-02-04,,56343.37
6,43_38,es,2011-02-04,,57543.85
3,10_23,es,2011-02-04,,67360.83
6,20_92,es,2011-02-04,,189494.49
1,28_91,es,2011-02-04,,78254.31
7,17_4,es,2011-02-04,,21827.2
3,18_74,es,2011-02-04,,19427.27
2,19_23,es,2011-02-04,,21932.19
7,13_4,es,2011-02-04,,42732.11
2,13_91,es,2011-02-04,,81924.75
7,23_40,es,2011-02-04,,54888.67
4,32_92,es,2011-02-04,,106460.36
6,6_38,es,2011-02-04,,88339.56
5,12_8,es,2011-02-04,,44162.63
5,10_16,es,2011-02-04,,20019.53
4,14_91,es,2011-02-04,,115890.42
6,20_91,es,2011-02-04,,99633.26
3,27_80,es,2011-02-04,,28404.48
7,22_40,es,2011-02-04,,53398.83
1,20_9,es,2011-02-04,,16832.46
4,14_1,es,2011-02-04,,29204.74
3,30_91,es,2011-02-04,,39513.06
2,38_38,es,2011-02-04,,50388.74
2,13_23,es,2011-02-04,,24289.02
5,1_38,es,2011-02-04,,86132.01
7,11_7,es,2011-02-04,,23525.37
1,10_38,es,2011-02-04,,89661.25
2,23_92,es,2011-02-04,,58510.63
2,21_72,es,2011-02-04,,40493.91
4,20_90,es,2011-02-04,,110802.21
2,2_87,es,2011-02-04,,23636.93
2,3_72,es,2011-02-04,,26576.4
6,4_95,es,2011-02-04,,139320.75
7,24_87,es,2011-02-04,,26164.68
4,23_22,es,2011-02-04,,18097.65
4,37_95,es,2011-02-04,,56758.08
3,34_91,es,2011-02-04,,37663.3
1,4_8,es,2011-02-04,,70970.73
3,16_95,es,2011-02-04,,24764.95
1,10_34,es,2011-02-04,,38318.61
2,44_94,es,2011-02-04,,21754.37
6,40_4,es,2011-02-11,,20613.39
1,10_5,es,2011-02-11,,61898.2
4,23_16,es,2011-02-11,,4170.02
3,13_13,es,2011-02-11,,44767.29
1,29_40,es,2011-02-11,,28249.97
2,23_74,es,2011-02-11,,28159.03
2,1_97,es,2011-02-11,,36562.46
3,16_40,es,2011-02-11,,35701.71
2,40_2,es,2011-02-11,,24379.58
7,24_90,es,2011-02-11,,76213.95
2,23_72,es,2011-02-11,,100510.38
6,31_13,es,2011-02-11,,43520.96
5,26_40,es,2011-02-11,,38464.79
2,20_7,es,2011-02-11,,33898.2
4,19_2,es,2011-02-11,,47935.16
7,6_72,es,2011-02-11,,99955.43
6,26_92,es,2011-02-11,,96826.64
2,2_81,es,2011-02-11,,35716.49
3,17_95,es,2011-02-11,,47827.35
2,31_2,es,2011-02-11,,60344.64
6,4_94,es,2011-02-11,,66931.11
7,35_14,es,2011-02-11,,28819.06
2,11_93,es,2011-02-11,,33810.88
6,6_96,es,2011-02-11,,25496.17
2,45_13,es,2011-02-11,,25123.08
7,12_34,es,2011-02-11,,24162.02
7,42_38,es,2011-02-11,,42322.42
1,4_96,es,2011-02-11,,36732.91
4,6_93,es,2011-02-11,,38674.98
2,14_2,es,2011-02-11,,73519.71
4,15_72,es,2011-02-11,,56790.13
1,2_16,es,2011-02-11,,12075.76
1,19_9,es,2011-02-11,,13111.8
3,18_72,es,2011-02-11,,77705.87
2,32_90,es,2011-02-11,,63265.44
5,22_38,es,2011-02-11,,66655.48
6,9_38,es,2011-02-11,,78847.35
5,16_72,es,2011-02-11,,34738.21
2,10_72,es,2011-02-11,,222651.02
7,1_1,es,2011-02-11,,37887.17
1,31_46,es,2011-02-11,,26833.75
6,36_95,es,2011-02-11,,37696.72
1,10_40,es,2011-02-11,,114882.51
6,30_92,es,2011-02-11,,60647.77
6,11_46,es,2011-02-11,,28537.76
6,41_91,es,2011-02-11,,54988.06
5,4_9,es,2011-02-11,,20550.96
5,2_2,es,2011-02-11,,70619.64
3,32_95,es,2011-02-11,,81194.17
5,30_95,es,2011-02-11,,47173.92
7,26_4,es,2011-02-11,,23325.05
2,16_38,es,2011-02-11,,52341.4
7,11_95,es,2011-02-11,,75748.58
1,22_9,es,2011-02-11,,14374.99
4,11_92,es,2011-02-11,,79662.93
1,11_74,es,2011-02-11,,25176.16
3,11_13,es,2011-02-11,,42844.65
6,12_40,es,2011-02-11,,55647.51
2,7_40,es,2011-02-11,,33889.78
4,41_40,es,2011-02-11,,52606.95
1,43_38,es,2011-02-11,,63170.71
1,10_23,es,2011-02-11,,64200.63
3,20_92,es,2011-02-11,,175120.6
5,28_91,es,2011-02-11,,59259.09
5,17_4,es,2011-02-11,,22114.24
4,18_74,es,2011-02-11,,23036.13
2,19_23,es,2011-02-11,,24292.06
6,13_4,es,2011-02-11,,40016.16
5,13_91,es,2011-02-11,,85355.07
4,23_40,es,2011-02-11,,58281.5
7,32_92,es,2011-02-11,,105217.76
4,6_38,es,2011-02-11,,68911.01
3,12_8,es,2011-02-11,,43568.88
7,10_16,es,2011-02-11,,19482.13
5,14_91,es,2011-02-11,,105912.67
5,20_91,es,2011-02-11,,92743.65
1,27_80,es,2011-02-11,,27527.15
4,22_40,es,2011-02-11,,55909.94
1,20_9,es,2011-02-11,,16815.49
6,14_1,es,2011-02-11,,40290.75
6,30_91,es,2011-02-11,,33245.19
3,38_38,es,2011-02-11,,49141.69
5,13_23,es,2011-02-11,,26796.84
1,1_38,es,2011-02-11,,70151.05
6,11_7,es,2011-02-11,,25199.35
1,10_38,es,2011-02-11,,110501.42
3,23_92,es,2011-02-11,,54980.64
5,21_72,es,2011-02-11,,57291.91
1,20_90,es,2011-02-11,,103204.45
4,2_87,es,2011-02-11,,26420.05
4,3_72,es,2011-02-11,,29171.73
4,4_95,es,2011-02-11,,140880.59
7,24_87,es,2011-02-11,,25359.7
6,23_22,es,2011-02-11,,21723.05
3,37_95,es,2011-02-11,,50189.9
4,34_91,es,2011-02-11,,36725.05
2,4_8,es,2011-02-11,,65100.15
1,16_95,es,2011-02-11,,24555.36
4,10_34,es,2011-02-11,,42977.03
2,44_94,es,2011-02-11,,21908.52
2,40_4,es,2011-02-18,,22119.35
6,10_5,es,2011-02-18,,59774.06
7,23_16,es,2011-02-18,,4106.33
2,13_13,es,2011-02-18,,48336.92
5,29_40,es,2011-02-18,,28984.32
6,23_74,es,2011-02-18,,35994.27
7,1_97,es,2011-02-18,,32770.02
1,16_40,es,2011-02-18,,36694.11
3,40_2,es,2011-02-18,,26461.66
3,24_90,es,2011-02-18,,72522.56
2,23_72,es,2011-02-18,,106811.69
3,31_13,es,2011-02-18,,45463.58
5,26_40,es,2011-02-18,,38513.1
7,20_7,es,2011-02-18,,42960.35
7,19_2,es,2011-02-18,,51400.35
6,6_72,es,2011-02-18,,94836.34
4,26_92,es,2011-02-18,,77526.35
5,2_81,es,2011-02-18,,30120.56
1,17_95,es,2011-02-18,,43883.53
6,31_2,es,2011-02-18,,61691.69
2,4_94,es,2011-02-18,,80295.61
5,35_14,es,2011-02-18,,29130.33
6,11_93,es,2011-02-18,,33631.69
7,6_96,es,2011-02-18,,25242.34
5,45_13,es,2011-02-18,,27706.81
5,12_34,es,2011-02-18,,22394.54
1,42_38,es,2011-02-18,,37764.32
3,4_96,es,2011-02-18,,34634.8
4,6_93,es,2011-02-18,,38346.85
3,14_2,es,2011-02-18,,75057.65
5,15_72,es,2011-02-18,,62165.54
2,2_16,es,2011-02-18,,15566.84
2,19_9,es,2011-02-18,,12926.82
4,18_72,es,2011-02-18,,97392.93
3,32_90,es,2011-02-18,,62249.23
7,22_38,es,2011-02-18,,59758.04
1,9_38,es,2011-02-18,,93093.72
4,16_72,es,2011-02-18,,40972.06
2,10_72,es,2011-02-18,,207773.4
4,1_1,es,2011-02-18,,46845.87
3,31_46,es,2011-02-18,,29456.9
1,36_95,es,2011-02-18,,41059.26
1,10_40,es,2011-02-18,,114775.6
6,30_92,es,2011-02-18,,48291.79
4,11_46,es,2011-02-18,,32225.84
6,41_91,es,2011-02-18,,52626.81
4,4_9,es,2011-02-18,,30759.95
2,2_2,es,2011-02-18,,69487.17
3,32_95,es,2011-02-18,,80437.96
5,30_95,es,2011-02-18,,40008.85
7,26_4,es,2011-02-18,,21659.63
2,16_38,es,2011-02-18,,48441.27
5,11_95,es,2011-02-18,,75277.82
7,22_9,es,2011-02-18,,14301.32
7,11_92,es,2011-02-18,,80172.3
4,11_74,es,2011-02-18,,30997.32
1,11_13,es,2011-02-18,,46790.77
1,12_40,es,2011-02-18,,55162.89
3,7_40,es,2011-02-18,,36740.04
2,41_40,es,2011-02-18,,58672.39
5,43_38,es,2011-02-18,,58650.02
4,10_23,es,2011-02-18,,68937.22
7,20_92,es,2011-02-18,,164732.76
4,28_91,es,2011-02-18,,49935.18
7,17_4,es,2011-02-18,,20814.78
2,18_74,es,2011-02-18,,20566.26
6,19_23,es,2011-02-18,,27232.34
5,13_4,es,2011-02-18,,39921
5,13_91,es,2011-02-18,,85093.7
1,23_40,es,2011-02-18,,62063.96
6,32_92,es,2011-02-18,,99233.97
5,6_38,es,2011-02-18,,85467.99
5,12_8,es,2011-02-18,,42286.44
7,10_16,es,2011-02-18,,25099.41
2,14_91,es,2011-02-18,,97201.14
5,20_91,es,2011-02-18,,86224.01
3,27_80,es,2011-02-18,,26475.24
2,22_40,es,2011-02-18,,54166.06
6,20_9,es,2011-02-18,,21915.83
2,14_1,es,2011-02-18,,44609.33
6,30_91,es,2011-02-18,,29262.59
7,38_38,es,2011-02-18,,47666.86
1,13_23,es,2011-02-18,,26489
1,1_38,es,2011-02-18,,75224.27
6,11_7,es,2011-02-18,,31035.64
7,10_38,es,2011-02-18,,87535.2
1,23_92,es,2011-02-18,,56211.08
7,21_72,es,2011-02-18,,65406.69
6,20_90,es,2011-02-18,,95436.56
1,2_87,es,2011-02-18,,24117.13
1,3_72,es,2011-02-18,,32925.67
4,4_95,es,2011-02-18,,141578.51
7,24_87,es,2011-02-18,,28827.31
1,23_22,es,2011-02-18,,26294.18
4,37_95,es,2011-02-18,,47888.58
6,34_91,es,2011-02-18,,34756.2
1,4_8,es,2011-02-18,,68019.7
4,16_95,es,2011-02-18,,25442.71
1,10_34,es,2011-02-18,,41365.67
6,44_94,es,2011-02-18,,23640.84
5,40_4,es,2011-02-25,,21892.4
2,10_5,es,2011-02-25,,58293.76
3,23_16,es,2011-02-25,,4007.71
4,13_13,es,2011-02-25,,49661.03
1,29_40,es,2011-02-25,,26293.29
2,23_74,es,2011-02-25,,34952.56
7,1_97,es,2011-02-25,,29680.01
1,16_40,es,2011-02-25,,34331.86
4,40_2,es,2011-02-25,,26067.98
7,24_90,es,2011-02-25,,70182.13
2,23_72,es,2011-02-25,,85258.5
6,31_13,es,2011-02-25,,46859.25
7,26_40,es,2011-02-25,,36927.48
6,20_7,es,2011-02-25,,32787.24
6,19_2,es,2011-02-25,,45722.81
2,6_72,es,2011-02-25,,83098.45
1,26_92,es,2011-02-25,,75700.65
7,2_81,es,2011-02-25,,29846.84
3,17_95,es,2011-02-25,,44744.8
7,31_2,es,2011-02-25,,60154.8
5,4_94,es,2011-02-25,,65236.04
5,35_14,es,2011-02-25,,24212.81
5,11_93,es,2011-02-25,,29613.68
4,6_96,es,2011-02-25,,24425.86
3,45_13,es,2011-02-25,,27258.76
4,12_34,es,2011-02-25,,21129.07
5,42_38,es,2011-02-25,,40150.91
7,4_96,es,2011-02-25,,33146.24
2,6_93,es,2011-02-25,,35709.64
6,14_2,es,2011-02-25,,74248.54
7,15_72,es,2011-02-25,,53712.21
2,2_16,es,2011-02-25,,23137.36
3,19_9,es,2011-02-25,,15971.24
2,18_72,es,2011-02-25,,82955.92
6,32_90,es,2011-02-25,,60902.08
3,22_38,es,2011-02-25,,58020.66
1,9_38,es,2011-02-25,,73210.57
1,16_72,es,2011-02-25,,38070.76
2,10_72,es,2011-02-25,,205507.71
7,1_1,es,2011-02-25,,19363.83
7,31_46,es,2011-02-25,,25547.43
3,36_95,es,2011-02-25,,38126.77
1,10_40,es,2011-02-25,,106634.52
5,30_92,es,2011-02-25,,50475.05
5,11_46,es,2011-02-25,,27340.16
1,41_91,es,2011-02-25,,51954.48
4,4_9,es,2011-02-25,,32747.75
5,2_2,es,2011-02-25,,65829.84
1,32_95,es,2011-02-25,,79849.3
2,30_95,es,2011-02-25,,43532.78
3,26_4,es,2011-02-25,,21632.59
3,16_38,es,2011-02-25,,62852.68
5,11_95,es,2011-02-25,,70741.56
3,22_9,es,2011-02-25,,14035.75
1,11_92,es,2011-02-25,,70930.05
1,11_74,es,2011-02-25,,29608.52
5,11_13,es,2011-02-25,,43823.14
3,12_40,es,2011-02-25,,52987.45
4,7_40,es,2011-02-25,,37438.02
5,41_40,es,2011-02-25,,53159.15
2,43_38,es,2011-02-25,,67868.81
3,10_23,es,2011-02-25,,64866.03
2,20_92,es,2011-02-25,,149038.52
5,28_91,es,2011-02-25,,47438.97
3,17_4,es,2011-02-25,,21330.39
5,18_74,es,2011-02-25,,19797.27
4,19_23,es,2011-02-25,,20058.48
5,13_4,es,2011-02-25,,40263.35
7,13_91,es,2011-02-25,,80084.64
6,23_40,es,2011-02-25,,58632.04
6,32_92,es,2011-02-25,,96680.02
5,6_38,es,2011-02-25,,69121.23
2,12_8,es,2011-02-25,,43702.9
3,10_16,es,2011-02-25,,23028.81
3,14_91,es,2011-02-25,,96388.2
1,20_91,es,2011-02-25,,76936.79
2,27_80,es,2011-02-25,,27465.18
4,22_40,es,2011-02-25,,50273.94
3,20_9,es,2011-02-25,,21921.96
7,14_1,es,2011-02-25,,17612.3
7,30_91,es,2011-02-25,,29777.33
3,38_38,es,2011-02-25,,46549.79
1,13_23,es,2011-02-25,,24787.08
3,1_38,es,2011-02-25,,66624.1
2,11_7,es,2011-02-25,,25920.38
3,10_38,es,2011-02-25,,94470.01
5,23_92,es,2011-02-25,,54441.54
3,21_72,es,2011-02-25,,53539.59
5,20_90,es,2011-02-25,,92990.15
2,2_87,es,2011-02-25,,24164.44
4,3_72,es,2011-02-25,,24423.62
7,4_95,es,2011-02-25,,133747.8
5,24_87,es,2011-02-25,,24469.82
7,23_22,es,2011-02-25,,25388.05
5,37_95,es,2011-02-25,,49266.91
4,34_91,es,2011-02-25,,33635.37
6,4_8,es,2011-02-25,,64907.86
6,16_95,es,2011-02-25,,24251.48
6,10_34,es,2011-02-25,,39603.41
4,44_94,es,2011-02-25,,22514.39
4,40_4,es,2011-03-04,,23829.76
2,10_5,es,2011-03-04,,65772.76
4,23_16,es,2011-03-04,,5352.38
4,13_13,es,2011-03-04,,54119.48
5,29_40,es,2011-03-04,,31976.96
7,23_74,es,2011-03-04,,35152.48
6,1_97,es,2011-03-04,,35305.67
6,16_40,es,2011-03-04,,37832.08
5,40_2,es,2011-03-04,,27352.83
1,24_90,es,2011-03-04,,77906.08
3,23_72,es,2011-03-04,,86758.53
6,31_13,es,2011-03-04,,45217.71
7,26_40,es,2011-03-04,,39350.29
3,20_7,es,2011-03-04,,35494.47
4,19_2,es,2011-03-04,,53704.73
1,6_72,es,2011-03-04,,83001.49
6,26_92,es,2011-03-04,,80648.08
6,2_81,es,2011-03-04,,32200.95
2,17_95,es,2011-03-04,,49332
2,31_2,es,2011-03-04,,61715.03
3,4_94,es,2011-03-04,,61995.47
2,35_14,es,2011-03-04,,26142.34
5,11_93,es,2011-03-04,,31100.45
3,6_96,es,2011-03-04,,26169.11
4,45_13,es,2011-03-04,,29532.65
4,12_34,es,2011-03-04,,21922.71
4,42_38,es,2011-03-04,,44489.97
7,4_96,es,2011-03-04,,31605.17
7,6_93,es,2011-03-04,,39218.92
7,14_2,es,2011-03-04,,85526.63
4,15_72,es,2011-03-04,,48775.41
4,2_16,es,2011-03-04,,29704.92
6,19_9,es,2011-03-04,,15056.91
2,18_72,es,2011-03-04,,85886.32
2,32_90,es,2011-03-04,,62407.22
1,22_38,es,2011-03-04,,60539.24
5,9_38,es,2011-03-04,,92572.22
2,16_72,es,2011-03-04,,36265.75
2,10_72,es,2011-03-04,,175471.97
6,1_1,es,2011-03-04,,20327.61
4,31_46,es,2011-03-04,,26210.03
6,36_95,es,2011-03-04,,40388.61
5,10_40,es,2011-03-04,,110671.46
5,30_92,es,2011-03-04,,51466.97
5,11_46,es,2011-03-04,,27640.82
5,41_91,es,2011-03-04,,56849.82
3,4_9,es,2011-03-04,,28740.91
3,2_2,es,2011-03-04,,70042.14
1,32_95,es,2011-03-04,,85434.28
6,30_95,es,2011-03-04,,46018.79
6,26_4,es,2011-03-04,,23327.69
4,16_38,es,2011-03-04,,45954.63
5,11_95,es,2011-03-04,,74836.7
6,22_9,es,2011-03-04,,15451.95
3,11_92,es,2011-03-04,,75241.29
5,11_74,es,2011-03-04,,29779.14
5,11_13,es,2011-03-04,,46466.62
4,12_40,es,2011-03-04,,55213.39
2,7_40,es,2011-03-04,,37351
1,41_40,es,2011-03-04,,59681.26
2,43_38,es,2011-03-04,,60215.51
3,10_23,es,2011-03-04,,65558.72
1,20_92,es,2011-03-04,,163168.74
4,28_91,es,2011-03-04,,82087.14
2,17_4,es,2011-03-04,,22900.45
7,18_74,es,2011-03-04,,23379.24
3,19_23,es,2011-03-04,,22601.53
2,13_4,es,2011-03-04,,41507.07
7,13_91,es,2011-03-04,,79490.75
5,23_40,es,2011-03-04,,63787.94
7,32_92,es,2011-03-04,,101579.95
6,6_38,es,2011-03-04,,84250.69
1,12_8,es,2011-03-04,,46542.56
2,10_16,es,2011-03-04,,26168.9
7,14_91,es,2011-03-04,,106341.3
4,20_91,es,2011-03-04,,81207.8
1,27_80,es,2011-03-04,,28145.14
1,22_40,es,2011-03-04,,58535.08
3,20_9,es,2011-03-04,,26462.99
3,14_1,es,2011-03-04,,20609.28
4,30_91,es,2011-03-04,,31531.11
6,38_38,es,2011-03-04,,56465.42
1,13_23,es,2011-03-04,,24700.59
3,1_38,es,2011-03-04,,89649.84
5,11_7,es,2011-03-04,,29954.68
3,10_38,es,2011-03-04,,109290.66
1,23_92,es,2011-03-04,,65749.23
6,21_72,es,2011-03-04,,64918.61
2,20_90,es,2011-03-04,,97188.56
6,2_87,es,2011-03-04,,26183.26
6,3_72,es,2011-03-04,,21632
4,4_95,es,2011-03-04,,137539.21
1,24_87,es,2011-03-04,,31667.42
3,23_22,es,2011-03-04,,22997.14
7,37_95,es,2011-03-04,,51249.79
7,34_91,es,2011-03-04,,34540.04
6,4_8,es,2011-03-04,,68859.26
4,16_95,es,2011-03-04,,28229.47
4,10_34,es,2011-03-04,,41130.19
3,44_94,es,2011-03-04,,22468.03
4,40_4,es,2011-03-11,,20974.85
1,10_5,es,2011-03-11,,52259.93
7,23_16,es,2011-03-11,,5784.49
2,13_13,es,2011-03-11,,47464.21
5,29_40,es,2011-03-11,,30319.25
4,23_74,es,2011-03-11,,26832.02
4,1_97,es,2011-03-11,,36603.97
2,16_40,es,2011-03-11,,35695.01
6,40_2,es,2011-03-11,,22492.29
2,24_90,es,2011-03-11,,76538.84
3,23_72,es,2011-03-11,,68708.49
6,31_13,es,2011-03-11,,42649.81
3,26_40,es,2011-03-11,,35733.97
6,20_7,es,2011-03-11,,31315.93
3,19_2,es,2011-03-11,,46756.2
3,6_72,es,2011-03-11,,80868.2
2,26_92,es,2011-03-11,,94098.49
4,2_81,es,2011-03-11,,32377.2
1,17_95,es,2011-03-11,,46083.77
5,31_2,es,2011-03-11,,59998.52
6,4_94,es,2011-03-11,,65710.33
1,35_14,es,2011-03-11,,26272.78
6,11_93,es,2011-03-11,,31512.82
2,6_96,es,2011-03-11,,26492.14
2,45_13,es,2011-03-11,,27770.86
5,12_34,es,2011-03-11,,19465.14
2,42_38,es,2011-03-11,,42041.53
4,4_96,es,2011-03-11,,33541.12
7,6_93,es,2011-03-11,,40649.6
1,14_2,es,2011-03-11,,75404.09
1,15_72,es,2011-03-11,,37723.96
4,2_16,es,2011-03-11,,25803.25
4,19_9,es,2011-03-11,,12993.83
6,18_72,es,2011-03-11,,72656.21
5,32_90,es,2011-03-11,,63990.23
2,22_38,es,2011-03-11,,80949.64
3,9_38,es,2011-03-11,,90755.75
1,16_72,es,2011-03-11,,36057.91
5,10_72,es,2011-03-11,,173299.84
1,1_1,es,2011-03-11,,21280.4
6,31_46,es,2011-03-11,,26332.68
7,36_95,es,2011-03-11,,41091.58
7,10_40,es,2011-03-11,,109522.53
3,30_92,es,2011-03-11,,51208.45
2,11_46,es,2011-03-11,,28129.17
6,41_91,es,2011-03-11,,54574.5
6,4_9,es,2011-03-11,,27289.89
7,2_2,es,2011-03-11,,67898.82
2,32_95,es,2011-03-11,,85426.72
7,30_95,es,2011-03-11,,44637.24
7,26_4,es,2011-03-11,,20759.44
4,16_38,es,2011-03-11,,44344.27
6,11_95,es,2011-03-11,,72652.77
3,22_9,es,2011-03-11,,18749.14
1,11_92,es,2011-03-11,,75419.49
6,11_74,es,2011-03-11,,26485.85
3,11_13,es,2011-03-11,,41585.15
5,12_40,es,2011-03-11,,54605.92
4,7_40,es,2011-03-11,,36103.16
4,41_40,es,2011-03-11,,56024
3,43_38,es,2011-03-11,,60364.99
1,10_23,es,2011-03-11,,61709.18
2,20_92,es,2011-03-11,,176574.47
7,28_91,es,2011-03-11,,60588.03
2,17_4,es,2011-03-11,,21832.45
4,18_74,es,2011-03-11,,21978.22
3,19_23,es,2011-03-11,,21052.75
5,13_4,es,2011-03-11,,38449.07
7,13_91,es,2011-03-11,,85044.1
5,23_40,es,2011-03-11,,50515.44
1,32_92,es,2011-03-11,,103280.57
1,6_38,es,2011-03-11,,72995.34
3,12_8,es,2011-03-11,,42159.25
5,10_16,es,2011-03-11,,39629.37
1,14_91,es,2011-03-11,,102577.23
5,20_91,es,2011-03-11,,91928.69
4,27_80,es,2011-03-11,,26661.88
3,22_40,es,2011-03-11,,51419.44
4,20_9,es,2011-03-11,,21980.9
6,14_1,es,2011-03-11,,22614.46
3,30_91,es,2011-03-11,,31172.4
4,38_38,es,2011-03-11,,40351.7
7,13_23,es,2011-03-11,,25235.7
7,1_38,es,2011-03-11,,65990.45
2,11_7,es,2011-03-11,,29410.49
1,10_38,es,2011-03-11,,101366.83
1,23_92,es,2011-03-11,,51412.21
5,21_72,es,2011-03-11,,46285.88
7,20_90,es,2011-03-11,,101573.39
5,2_87,es,2011-03-11,,20048.72
6,3_72,es,2011-03-11,,21795.96
2,4_95,es,2011-03-11,,142247.17
4,24_87,es,2011-03-11,,22884.75
2,23_22,es,2011-03-11,,16203.52
5,37_95,es,2011-03-11,,49224.01
3,34_91,es,2011-03-11,,34304.28
4,4_8,es,2011-03-11,,64646.22
7,16_95,es,2011-03-11,,26525.31
3,10_34,es,2011-03-11,,40943.9
1,44_94,es,2011-03-11,,23378.4
7,40_4,es,2011-03-18,,20445.01
1,10_5,es,2011-03-18,,46838.32
7,23_16,es,2011-03-18,,5996.79
4,13_13,es,2011-03-18,,47185.5
6,29_40,es,2011-03-18,,29397.93
5,23_74,es,2011-03-18,,30110.77
5,1_97,es,2011-03-18,,38218.31
4,16_40,es,2011-03-18,,36484.38
4,40_2,es,2011-03-18,,25627.6
6,24_90,es,2011-03-18,,66340.84
7,23_72,es,2011-03-18,,62903.02
5,31_13,es,2011-03-18,,44765.94
6,26_40,es,2011-03-18,,36956.38
2,20_7,es,2011-03-18,,33777.15
3,19_2,es,2011-03-18,,45116.86
2,6_72,es,2011-03-18,,81380.11
1,26_92,es,2011-03-18,,76981.72
4,2_81,es,2011-03-18,,32904.99
1,17_95,es,2011-03-18,,44457.95
6,31_2,es,2011-03-18,,59561.73
3,4_94,es,2011-03-18,,69806
2,35_14,es,2011-03-18,,29826.52
4,11_93,es,2011-03-18,,33494.41
2,6_96,es,2011-03-18,,36328.88
4,45_13,es,2011-03-18,,27201.62
2,12_34,es,2011-03-18,,20876.93
1,42_38,es,2011-03-18,,38948.35
3,4_96,es,2011-03-18,,36166.13
2,6_93,es,2011-03-18,,44342.68
6,14_2,es,2011-03-18,,77468.02
4,15_72,es,2011-03-18,,40322.85
2,2_16,es,2011-03-18,,43939.89
7,19_9,es,2011-03-18,,16744.85
2,18_72,es,2011-03-18,,57653.67
6,32_90,es,2011-03-18,,62451.86
6,22_38,es,2011-03-18,,61412.83
3,9_38,es,2011-03-18,,72854.3
6,16_72,es,2011-03-18,,25171.95
6,10_72,es,2011-03-18,,130430.46
3,1_1,es,2011-03-18,,20334.23
5,31_46,es,2011-03-18,,26313.6
3,36_95,es,2011-03-18,,45321.87
5,10_40,es,2011-03-18,,104969.28
2,30_92,es,2011-03-18,,49372.1
4,11_46,es,2011-03-18,,29636.17
3,41_91,es,2011-03-18,,52171.68
2,4_9,es,2011-03-18,,36166.56
7,2_2,es,2011-03-18,,64567.4
4,32_95,es,2011-03-18,,83360.04
3,30_95,es,2011-03-18,,43621.45
3,26_4,es,2011-03-18,,20959.56
2,16_38,es,2011-03-18,,55969.94
3,11_95,es,2011-03-18,,82967.1
7,22_9,es,2011-03-18,,19037.19
6,11_92,es,2011-03-18,,79059.64
3,11_74,es,2011-03-18,,27156.41
2,11_13,es,2011-03-18,,43444.53
3,12_40,es,2011-03-18,,53345.48
2,7_40,es,2011-03-18,,41659.74
3,41_40,es,2011-03-18,,53950.49
3,43_38,es,2011-03-18,,57515.78
5,10_23,es,2011-03-18,,65813.75
3,20_92,es,2011-03-18,,161145.49
6,28_91,es,2011-03-18,,51425.72
6,17_4,es,2011-03-18,,20365.95
5,18_74,es,2011-03-18,,20782.42
3,19_23,es,2011-03-18,,22184.38
7,13_4,es,2011-03-18,,36929.41
5,13_91,es,2011-03-18,,81953.85
3,23_40,es,2011-03-18,,59957.09
6,32_92,es,2011-03-18,,97811.13
4,6_38,es,2011-03-18,,66213.23
4,12_8,es,2011-03-18,,41514.09
5,10_16,es,2011-03-18,,45339.64
4,14_91,es,2011-03-18,,94670.5
6,20_91,es,2011-03-18,,82367.08
3,27_80,es,2011-03-18,,26706.18
7,22_40,es,2011-03-18,,52958.16
7,20_9,es,2011-03-18,,27404.5
4,14_1,es,2011-03-18,,26434.95
2,30_91,es,2011-03-18,,31013.98
3,38_38,es,2011-03-18,,37381.83
3,13_23,es,2011-03-18,,26804.88
2,1_38,es,2011-03-18,,69452.49
1,11_7,es,2011-03-18,,32232.18
3,10_38,es,2011-03-18,,93650.09
5,23_92,es,2011-03-18,,57194.3
5,21_72,es,2011-03-18,,42377.04
2,20_90,es,2011-03-18,,93814.7
5,2_87,es,2011-03-18,,19710.8
3,3_72,es,2011-03-18,,17811.27
4,4_95,es,2011-03-18,,146602.65
4,24_87,es,2011-03-18,,20891.14
6,23_22,es,2011-03-18,,21573.26
3,37_95,es,2011-03-18,,47499.39
7,34_91,es,2011-03-18,,36648.77
7,4_8,es,2011-03-18,,64786.83
7,16_95,es,2011-03-18,,29623.28
1,10_34,es,2011-03-18,,43364.69
6,44_94,es,2011-03-18,,23748.7
3,40_4,es,2011-03-25,,21231.59
4,10_5,es,2011-03-25,,45320.74
2,23_16,es,2011-03-25,,6594.56
3,13_13,es,2011-03-25,,46267.14
7,29_40,es,2011-03-25,,27523.55
5,23_74,es,2011-03-25,,31015.77
1,1_97,es,2011-03-25,,34150.08
5,16_40,es,2011-03-25,,35931.47
6,40_2,es,2011-03-25,,26026.54
2,24_90,es,2011-03-25,,68404.12
6,23_72,es,2011-03-25,,62084.09
3,31_13,es,2011-03-25,,42168.15
6,26_40,es,2011-03-25,,37005.93
6,20_7,es,2011-03-25,,33253.51
3,19_2,es,2011-03-25,,48025.49
1,6_72,es,2011-03-25,,63149.13
3,26_92,es,2011-03-25,,73958.4
7,2_81,es,2011-03-25,,29340.45
6,17_95,es,2011-03-25,,42690.12
4,31_2,es,2011-03-25,,58050.56
2,4_94,es,2011-03-25,,63572.22
6,35_14,es,2011-03-25,,26581.69
6,11_93,es,2011-03-25,,26942.98
4,6_96,es,2011-03-25,,28283.55
5,45_13,es,2011-03-25,,26094.28
5,12_34,es,2011-03-25,,18386.66
2,42_38,es,2011-03-25,,39290.95
2,4_96,es,2011-03-25,,32080.15
4,6_93,es,2011-03-25,,34601.24
4,14_2,es,2011-03-25,,77227.14
3,15_72,es,2011-03-25,,35033.89
6,2_16,es,2011-03-25,,52536.38
1,19_9,es,2011-03-25,,20301.94
6,18_72,es,2011-03-25,,49741.25
7,32_90,es,2011-03-25,,57897.96
4,22_38,es,2011-03-25,,60006.61
2,9_38,es,2011-03-25,,81866.37
1,16_72,es,2011-03-25,,30993.03
4,10_72,es,2011-03-25,,136106.44
2,1_1,es,2011-03-25,,20881.1
2,31_46,es,2011-03-25,,25844.1
2,36_95,es,2011-03-25,,39876.95
3,10_40,es,2011-03-25,,103454.78
4,30_92,es,2011-03-25,,48771.88
7,11_46,es,2011-03-25,,24597.46
5,41_91,es,2011-03-25,,52017.54
4,4_9,es,2011-03-25,,34453.07
3,2_2,es,2011-03-25,,60715.5
3,32_95,es,2011-03-25,,79574.4
1,30_95,es,2011-03-25,,43910.78
6,26_4,es,2011-03-25,,20777.21
3,16_38,es,2011-03-25,,47275.9
2,11_95,es,2011-03-25,,71307.23
6,22_9,es,2011-03-25,,18351.14
3,11_92,es,2011-03-25,,67982.82
1,11_74,es,2011-03-25,,24172.08
4,11_13,es,2011-03-25,,40616.83
1,12_40,es,2011-03-25,,51884
6,7_40,es,2011-03-25,,36108.03
6,41_40,es,2011-03-25,,57078.4
3,43_38,es,2011-03-25,,56407.77
4,10_23,es,2011-03-25,,61404.99
3,20_92,es,2011-03-25,,139059.98
6,28_91,es,2011-03-25,,47058.44
6,17_4,es,2011-03-25,,20384.71
4,18_74,es,2011-03-25,,19017.21
5,19_23,es,2011-03-25,,21231.65
6,13_4,es,2011-03-25,,38120.02
1,13_91,es,2011-03-25,,77901.63
4,23_40,es,2011-03-25,,57481.55
1,32_92,es,2011-03-25,,91851.43
4,6_38,es,2011-03-25,,78245.26
1,12_8,es,2011-03-25,,41937.91
2,10_16,es,2011-03-25,,44178.11
2,14_91,es,2011-03-25,,86272.9
6,20_91,es,2011-03-25,,68586.17
7,27_80,es,2011-03-25,,27251.96
7,22_40,es,2011-03-25,,53899.04
1,20_9,es,2011-03-25,,33140.28
5,14_1,es,2011-03-25,,28089.35
7,30_91,es,2011-03-25,,30435.18
7,38_38,es,2011-03-25,,49104.78
5,13_23,es,2011-03-25,,24398.19
6,1_38,es,2011-03-25,,69677.06
5,11_7,es,2011-03-25,,24681.49
1,10_38,es,2011-03-25,,82024.98
6,23_92,es,2011-03-25,,52654
2,21_72,es,2011-03-25,,32846.15
2,20_90,es,2011-03-25,,86711.39
3,2_87,es,2011-03-25,,22288.39
2,3_72,es,2011-03-25,,17626.48
3,4_95,es,2011-03-25,,129959.58
1,24_87,es,2011-03-25,,25394.29
5,23_22,es,2011-03-25,,20210.09
1,37_95,es,2011-03-25,,52249.12
7,34_91,es,2011-03-25,,33355.8
5,4_8,es,2011-03-25,,59404.77
3,16_95,es,2011-03-25,,25582.38
4,10_34,es,2011-03-25,,43784.22
3,44_94,es,2011-03-25,,23475.02
3,40_4,es,2011-04-01,,22285.61
3,10_5,es,2011-04-01,,52650.5
6,23_16,es,2011-04-01,,9370.99
2,13_13,es,2011-04-01,,46862.72
5,29_40,es,2011-04-01,,28143.66
1,23_74,es,2011-04-01,,31442.58
7,1_97,es,2011-04-01,,32320.8
6,16_40,es,2011-04-01,,33428.25
4,40_2,es,2011-04-01,,24292.29
6,24_90,es,2011-04-01,,68926.71
7,23_72,es,2011-04-01,,68235.41
4,31_13,es,2011-04-01,,40502.98
3,26_40,es,2011-04-01,,35415.76
4,20_7,es,2011-04-01,,33851.37
4,19_2,es,2011-04-01,,50529.26
3,6_72,es,2011-04-01,,65714.84
6,26_92,es,2011-04-01,,71259.29
3,2_81,es,2011-04-01,,29913.36
4,17_95,es,2011-04-01,,44452.06
4,31_2,es,2011-04-01,,56206.69
2,4_94,es,2011-04-01,,70408.42
2,35_14,es,2011-04-01,,26136.96
3,11_93,es,2011-04-01,,28387.56
2,6_96,es,2011-04-01,,28482.58
4,45_13,es,2011-04-01,,25641.41
2,12_34,es,2011-04-01,,21432.52
3,42_38,es,2011-04-01,,35041.66
5,4_96,es,2011-04-01,,33023.8
6,6_93,es,2011-04-01,,36286.42
6,14_2,es,2011-04-01,,76068.04
7,15_72,es,2011-04-01,,34087.62
7,2_16,es,2011-04-01,,40585.79
1,19_9,es,2011-04-01,,19523.76
1,18_72,es,2011-04-01,,46427.32
7,32_90,es,2011-04-01,,57685.23
1,22_38,es,2011-04-01,,71462.21
1,9_38,es,2011-04-01,,87508.08
2,16_72,es,2011-04-01,,26662.93
5,10_72,es,2011-04-01,,120085.83
4,1_1,es,2011-04-01,,20398.09
3,31_46,es,2011-04-01,,25475.52
2,36_95,es,2011-04-01,,38309.02
5,10_40,es,2011-04-01,,103065.22
5,30_92,es,2011-04-01,,52035.25
5,11_46,es,2011-04-01,,24649.47
7,41_91,es,2011-04-01,,56437.97
2,4_9,es,2011-04-01,,35684.65
2,2_2,es,2011-04-01,,65018.79
5,32_95,es,2011-04-01,,76836.83
5,30_95,es,2011-04-01,,43667.75
3,26_4,es,2011-04-01,,20440
6,16_38,es,2011-04-01,,57659.83
4,11_95,es,2011-04-01,,69327.03
7,22_9,es,2011-04-01,,21167.15
4,11_92,es,2011-04-01,,66730.47
4,11_74,es,2011-04-01,,20456.98
2,11_13,es,2011-04-01,,42306.73
6,12_40,es,2011-04-01,,51888.66
1,7_40,es,2011-04-01,,31303.83
1,41_40,es,2011-04-01,,56106.99
5,43_38,es,2011-04-01,,65282.55
4,10_23,es,2011-04-01,,59909.73
2,20_92,es,2011-04-01,,149479.15
5,28_91,es,2011-04-01,,58786.49
2,17_4,es,2011-04-01,,20232.43
2,18_74,es,2011-04-01,,17872.31
4,19_23,es,2011-04-01,,24052.41
5,13_4,es,2011-04-01,,38715.82
3,13_91,es,2011-04-01,,74767.44
7,23_40,es,2011-04-01,,55506.43
2,32_92,es,2011-04-01,,89481.23
4,6_38,es,2011-04-01,,75616.83
6,12_8,es,2011-04-01,,43725.31
6,10_16,es,2011-04-01,,45325
7,14_91,es,2011-04-01,,92764.5
1,20_91,es,2011-04-01,,73193.16
5,27_80,es,2011-04-01,,27326.66
1,22_40,es,2011-04-01,,53029.28
4,20_9,es,2011-04-01,,31404.21
7,14_1,es,2011-04-01,,32014.12
2,30_91,es,2011-04-01,,30756.34
5,38_38,es,2011-04-01,,50302.21
3,13_23,es,2011-04-01,,25193.04
6,1_38,es,2011-04-01,,74614.02
3,11_7,es,2011-04-01,,24735.4
5,10_38,es,2011-04-01,,107604.71
2,23_92,es,2011-04-01,,55179.74
2,21_72,es,2011-04-01,,40083.81
7,20_90,es,2011-04-01,,91821.11
4,2_87,es,2011-04-01,,21007.26
7,3_72,es,2011-04-01,,12886.41
2,4_95,es,2011-04-01,,128718.56
6,24_87,es,2011-04-01,,26425.15
1,23_22,es,2011-04-01,,19397.06
4,37_95,es,2011-04-01,,52242.54
3,34_91,es,2011-04-01,,30942.61
3,4_8,es,2011-04-01,,58162.65
5,16_95,es,2011-04-01,,24026.2
6,10_34,es,2011-04-01,,42646.17
5,44_94,es,2011-04-01,,23135.32
5,40_4,es,2011-04-08,,23063.69
2,10_5,es,2011-04-08,,50842.59
6,23_16,es,2011-04-08,,15124.61
5,13_13,es,2011-04-08,,47436
2,29_40,es,2011-04-08,,28378.75
5,23_74,es,2011-04-08,,32585.85
6,1_97,es,2011-04-08,,38632.57
4,16_40,es,2011-04-08,,31382.73
7,40_2,es,2011-04-08,,27303.19
6,24_90,es,2011-04-08,,75174.61
5,23_72,es,2011-04-08,,63836.07
5,31_13,es,2011-04-08,,41745.39
1,26_40,es,2011-04-08,,37406.25
1,20_7,es,2011-04-08,,37626.5
6,19_2,es,2011-04-08,,52220.54
5,6_72,es,2011-04-08,,61127.2
7,26_92,es,2011-04-08,,97393.25
2,2_81,es,2011-04-08,,32018.15
2,17_95,es,2011-04-08,,45532.49
1,31_2,es,2011-04-08,,59685.72
7,4_94,es,2011-04-08,,75504.53
2,35_14,es,2011-04-08,,27094.29
5,11_93,es,2011-04-08,,33588.25
2,6_96,es,2011-04-08,,30685.41
1,45_13,es,2011-04-08,,26526.8
5,12_34,es,2011-04-08,,21615.36
5,42_38,es,2011-04-08,,37681.92
7,4_96,es,2011-04-08,,37161.29
2,6_93,es,2011-04-08,,41033.47
5,14_2,es,2011-04-08,,80087.33
3,15_72,es,2011-04-08,,37082.54
3,2_16,es,2011-04-08,,48360.42
3,19_9,es,2011-04-08,,23823.13
2,18_72,es,2011-04-08,,53216.76
4,32_90,es,2011-04-08,,63012.12
2,22_38,es,2011-04-08,,65769.94
2,9_38,es,2011-04-08,,87951.12
3,16_72,es,2011-04-08,,23067.85
2,10_72,es,2011-04-08,,126734.81
6,1_1,es,2011-04-08,,23873.79
5,31_46,es,2011-04-08,,26239.73
7,36_95,es,2011-04-08,,42251.08
3,10_40,es,2011-04-08,,105603.8
3,30_92,es,2011-04-08,,50857.92
4,11_46,es,2011-04-08,,24559.03
2,41_91,es,2011-04-08,,58449.3
5,4_9,es,2011-04-08,,38026.35
3,2_2,es,2011-04-08,,61878.07
7,32_95,es,2011-04-08,,85331.28
1,30_95,es,2011-04-08,,45567.41
1,26_4,es,2011-04-08,,22806.03
1,16_38,es,2011-04-08,,56535.78
6,11_95,es,2011-04-08,,79648.29
2,22_9,es,2011-04-08,,23832.18
7,11_92,es,2011-04-08,,77739.8
3,11_74,es,2011-04-08,,23315.71
7,11_13,es,2011-04-08,,42604.76
2,12_40,es,2011-04-08,,53662.43
1,7_40,es,2011-04-08,,31902.98
2,41_40,es,2011-04-08,,55080.42
7,43_38,es,2011-04-08,,56312.84
7,10_23,es,2011-04-08,,65711.64
6,20_92,es,2011-04-08,,173517.32
3,28_91,es,2011-04-08,,74378.17
1,17_4,es,2011-04-08,,22405.57
6,18_74,es,2011-04-08,,19372.65
5,19_23,es,2011-04-08,,23217.53
6,13_4,es,2011-04-08,,39084.46
3,13_91,es,2011-04-08,,81744.03
4,23_40,es,2011-04-08,,57109.36
4,32_92,es,2011-04-08,,101644.61
1,6_38,es,2011-04-08,,84728.1
2,12_8,es,2011-04-08,,43553.16
1,10_16,es,2011-04-08,,48110.07
2,14_91,es,2011-04-08,,108192.39
4,20_91,es,2011-04-08,,87293.96
3,27_80,es,2011-04-08,,28417.04
2,22_40,es,2011-04-08,,53255.05
5,20_9,es,2011-04-08,,36652.58
6,14_1,es,2011-04-08,,41257.36
7,30_91,es,2011-04-08,,31000.81
4,38_38,es,2011-04-08,,49754.77
6,13_23,es,2011-04-08,,24518.9
4,1_38,es,2011-04-08,,84294.6
1,11_7,es,2011-04-08,,29559.53
6,10_38,es,2011-04-08,,94069.76
2,23_92,es,2011-04-08,,58435.98
3,21_72,es,2011-04-08,,43758.62
7,20_90,es,2011-04-08,,100479.26
5,2_87,es,2011-04-08,,20969.93
4,3_72,es,2011-04-08,,18436.12
5,4_95,es,2011-04-08,,149003.77
1,24_87,es,2011-04-08,,26134.79
4,23_22,es,2011-04-08,,19855.66
5,37_95,es,2011-04-08,,51553.4
3,34_91,es,2011-04-08,,37909.93
7,4_8,es,2011-04-08,,61918.54
1,16_95,es,2011-04-08,,23242.47
6,10_34,es,2011-04-08,,42853.82
3,44_94,es,2011-04-08,,22961.12
6,40_4,es,2011-04-15,,20623.18
3,10_5,es,2011-04-15,,60626.22
1,23_16,es,2011-04-15,,30499.49
7,13_13,es,2011-04-15,,44359.21
6,29_40,es,2011-04-15,,27517.24
1,23_74,es,2011-04-15,,28451.47
7,1_97,es,2011-04-15,,39347.42
2,16_40,es,2011-04-15,,29916.34
7,40_2,es,2011-04-15,,24030.45
5,24_90,es,2011-04-15,,69976.18
3,23_72,es,2011-04-15,,63001.01
1,31_13,es,2011-04-15,,41948.77
5,26_40,es,2011-04-15,,32643.81
4,20_7,es,2011-04-15,,43723.44
4,19_2,es,2011-04-15,,52296.77
6,6_72,es,2011-04-15,,65438.83
7,26_92,es,2011-04-15,,71758.62
1,2_81,es,2011-04-15,,31550.77
4,17_95,es,2011-04-15,,40438.48
3,31_2,es,2011-04-15,,58711.98
4,4_94,es,2011-04-15,,68714.85
6,35_14,es,2011-04-15,,29018.05
2,11_93,es,2011-04-15,,34652.22
5,6_96,es,2011-04-15,,29030.68
7,45_13,es,2011-04-15,,26309.97
7,12_34,es,2011-04-15,,21544.76
3,42_38,es,2011-04-15,,41565.24
6,4_96,es,2011-04-15,,34744.64
5,6_93,es,2011-04-15,,40806.13
7,14_2,es,2011-04-15,,79254.56
7,15_72,es,2011-04-15,,30395.53
5,2_16,es,2011-04-15,,43826.18
2,19_9,es,2011-04-15,,28325.24
7,18_72,es,2011-04-15,,57638.7
1,32_90,es,2011-04-15,,61494.62
6,22_38,es,2011-04-15,,80456.92
7,9_38,es,2011-04-15,,76234.96
3,16_72,es,2011-04-15,,24766.01
5,10_72,es,2011-04-15,,133360.97
2,1_1,es,2011-04-15,,28762.37
4,31_46,es,2011-04-15,,25761.69
7,36_95,es,2011-04-15,,43097.91
1,10_40,es,2011-04-15,,97973.92
1,30_92,es,2011-04-15,,48790.84
4,11_46,es,2011-04-15,,26774.81
6,41_91,es,2011-04-15,,56689.97
3,4_9,es,2011-04-15,,35978.27
1,2_2,es,2011-04-15,,62959.75
5,32_95,es,2011-04-15,,84190.97
2,30_95,es,2011-04-15,,44867.69
1,26_4,es,2011-04-15,,19897.92
3,16_38,es,2011-04-15,,52925.68
2,11_95,es,2011-04-15,,79896.69
1,22_9,es,2011-04-15,,29886.82
2,11_92,es,2011-04-15,,75412.19
2,11_74,es,2011-04-15,,21916.95
5,11_13,es,2011-04-15,,39622.22
2,12_40,es,2011-04-15,,49612.13
4,7_40,es,2011-04-15,,26042.94
5,41_40,es,2011-04-15,,54964.88
1,43_38,es,2011-04-15,,55912.35
4,10_23,es,2011-04-15,,59111.58
7,20_92,es,2011-04-15,,168593.35
3,28_91,es,2011-04-15,,52929.28
1,17_4,es,2011-04-15,,23590.8
5,18_74,es,2011-04-15,,18151.6
4,19_23,es,2011-04-15,,24991.66
7,13_4,es,2011-04-15,,39498.88
7,13_91,es,2011-04-15,,83809.11
4,23_40,es,2011-04-15,,55731.29
4,32_92,es,2011-04-15,,99346.8
4,6_38,es,2011-04-15,,64434.05
6,12_8,es,2011-04-15,,43587.87
2,10_16,es,2011-04-15,,35910.49
5,14_91,es,2011-04-15,,93737.26
3,20_91,es,2011-04-15,,85120.47
6,27_80,es,2011-04-15,,26142.5
4,22_40,es,2011-04-15,,53713.68
5,20_9,es,2011-04-15,,68859.68
6,14_1,es,2011-04-15,,55056.2
2,30_91,es,2011-04-15,,31867.52
3,38_38,es,2011-04-15,,46414.14
7,13_23,es,2011-04-15,,23790.56
5,1_38,es,2011-04-15,,76028.75
4,11_7,es,2011-04-15,,35551.14
4,10_38,es,2011-04-15,,79722.9
3,23_92,es,2011-04-15,,51615.47
2,21_72,es,2011-04-15,,43961.02
5,20_90,es,2011-04-15,,99325.08
3,2_87,es,2011-04-15,,19751.99
2,3_72,es,2011-04-15,,16274.29
3,4_95,es,2011-04-15,,144982.94
6,24_87,es,2011-04-15,,21341.86
6,23_22,es,2011-04-15,,16326.18
7,37_95,es,2011-04-15,,53705.13
4,34_91,es,2011-04-15,,34469.68
1,4_8,es,2011-04-15,,57666.67
2,16_95,es,2011-04-15,,21224.65
4,10_34,es,2011-04-15,,37724.25
2,44_94,es,2011-04-15,,22808.68
6,40_4,es,2011-04-22,,21845.42
3,10_5,es,2011-04-22,,61353.17
7,23_16,es,2011-04-22,,25784.19
3,13_13,es,2011-04-22,,46777.36
5,29_40,es,2011-04-22,,28414.84
2,23_74,es,2011-04-22,,33173.56
6,1_97,es,2011-04-22,,34137.86
5,16_40,es,2011-04-22,,23584.85
1,40_2,es,2011-04-22,,24615.74
1,24_90,es,2011-04-22,,79252.44
6,23_72,es,2011-04-22,,63275.44
1,31_13,es,2011-04-22,,43384.1
7,26_40,es,2011-04-22,,34654
5,20_7,es,2011-04-22,,81643.49
6,19_2,es,2011-04-22,,50432.4
3,6_72,es,2011-04-22,,65054.59
3,26_92,es,2011-04-22,,77876.1
2,2_81,es,2011-04-22,,30182.72
1,17_95,es,2011-04-22,,48112.39
1,31_2,es,2011-04-22,,61172
7,4_94,es,2011-04-22,,76646
1,35_14,es,2011-04-22,,29156.88
4,11_93,es,2011-04-22,,33637.09
4,6_96,es,2011-04-22,,32899.08
7,45_13,es,2011-04-22,,26192.26
1,12_34,es,2011-04-22,,20953.2
4,42_38,es,2011-04-22,,31239.5
5,4_96,es,2011-04-22,,41699.76
3,6_93,es,2011-04-22,,45704.04
5,14_2,es,2011-04-22,,83080.71
2,15_72,es,2011-04-22,,35348.9
4,2_16,es,2011-04-22,,43993.76
3,19_9,es,2011-04-22,,23955.77
3,18_72,es,2011-04-22,,50443.22
1,32_90,es,2011-04-22,,66268.46
1,22_38,es,2011-04-22,,68168.79
7,9_38,es,2011-04-22,,77479.1
4,16_72,es,2011-04-22,,16286.4
1,10_72,es,2011-04-22,,114309.08
1,1_1,es,2011-04-22,,50510.31
6,31_46,es,2011-04-22,,28023.21
5,36_95,es,2011-04-22,,39702.01
3,10_40,es,2011-04-22,,101418.72
7,30_92,es,2011-04-22,,50108.89
6,11_46,es,2011-04-22,,28899.07
3,41_91,es,2011-04-22,,55814.51
7,4_9,es,2011-04-22,,39233.84
2,2_2,es,2011-04-22,,64738.13
4,32_95,es,2011-04-22,,87200.3
3,30_95,es,2011-04-22,,44368.22
6,26_4,es,2011-04-22,,21869.52
5,16_38,es,2011-04-22,,42897.31
7,11_95,es,2011-04-22,,75564.94
3,22_9,es,2011-04-22,,32373.63
6,11_92,es,2011-04-22,,71449.32
2,11_74,es,2011-04-22,,21697.45
3,11_13,es,2011-04-22,,40606
1,12_40,es,2011-04-22,,48116.71
7,7_40,es,2011-04-22,,27760.43
4,41_40,es,2011-04-22,,54873.79
1,43_38,es,2011-04-22,,55051.41
6,10_23,es,2011-04-22,,73478.87
3,20_92,es,2011-04-22,,174112.68
3,28_91,es,2011-04-22,,48678.18
7,17_4,es,2011-04-22,,27570.72
2,18_74,es,2011-04-22,,23938.69
3,19_23,es,2011-04-22,,23235.07
3,13_4,es,2011-04-22,,40519.57
2,13_91,es,2011-04-22,,80554.68
6,23_40,es,2011-04-22,,57466.92
1,32_92,es,2011-04-22,,103825.85
1,6_38,es,2011-04-22,,75396.48
3,12_8,es,2011-04-22,,41648.73
6,10_16,es,2011-04-22,,49164.48
2,14_91,es,2011-04-22,,96240.57
1,20_91,es,2011-04-22,,79699.46
7,27_80,es,2011-04-22,,27258.95
3,22_40,es,2011-04-22,,53629.55
5,20_9,es,2011-04-22,,57049.02
7,14_1,es,2011-04-22,,133744.51
4,30_91,es,2011-04-22,,31403.25
6,38_38,es,2011-04-22,,50297.69
7,13_23,es,2011-04-22,,27858
5,1_38,es,2011-04-22,,66718.84
3,11_7,es,2011-04-22,,41294.17
2,10_38,es,2011-04-22,,90268.15
4,23_92,es,2011-04-22,,60338.08
3,21_72,es,2011-04-22,,39349.53
4,20_90,es,2011-04-22,,110904.97
7,2_87,es,2011-04-22,,21775.23
1,3_72,es,2011-04-22,,16187.53
6,4_95,es,2011-04-22,,160249.35
1,24_87,es,2011-04-22,,22487.1
1,23_22,es,2011-04-22,,19150.62
5,37_95,es,2011-04-22,,53323.26
5,34_91,es,2011-04-22,,34866.1
3,4_8,es,2011-04-22,,61255.69
7,16_95,es,2011-04-22,,17818.95
1,10_34,es,2011-04-22,,50425.43
2,44_94,es,2011-04-22,,21086.33
2,40_4,es,2011-04-29,,20070.98
7,10_5,es,2011-04-29,,50220.12
6,23_16,es,2011-04-29,,28872.66
5,13_13,es,2011-04-29,,43535.38
4,29_40,es,2011-04-29,,24831.41
2,23_74,es,2011-04-29,,28928.42
6,1_97,es,2011-04-29,,31939.43
5,16_40,es,2011-04-29,,24572.75
6,40_2,es,2011-04-29,,22473.58
7,24_90,es,2011-04-29,,63234.89
5,23_72,es,2011-04-29,,55956.68
5,31_13,es,2011-04-29,,39359.5
6,26_40,es,2011-04-29,,30845.35
5,20_7,es,2011-04-29,,52335.98
6,19_2,es,2011-04-29,,44403.79
5,6_72,es,2011-04-29,,61571.32
4,26_92,es,2011-04-29,,67449.98
1,2_81,es,2011-04-29,,28707.78
5,17_95,es,2011-04-29,,40731.59
4,31_2,es,2011-04-29,,58153.72
7,4_94,es,2011-04-29,,64577.36
1,35_14,es,2011-04-29,,25080.03
2,11_93,es,2011-04-29,,35970.06
1,6_96,es,2011-04-29,,30041.18
3,45_13,es,2011-04-29,,23633.85
6,12_34,es,2011-04-29,,23094.58
5,42_38,es,2011-04-29,,36395.02
7,4_96,es,2011-04-29,,38245.21
7,6_93,es,2011-04-29,,39136.18
7,14_2,es,2011-04-29,,74093.84
7,15_72,es,2011-04-29,,30472.45
2,2_16,es,2011-04-29,,38636.29
2,19_9,es,2011-04-29,,25584.87
5,18_72,es,2011-04-29,,48458.08
4,32_90,es,2011-04-29,,58638.77
3,22_38,es,2011-04-29,,60490.9
5,9_38,es,2011-04-29,,79699.58
4,16_72,es,2011-04-29,,25454.24
4,10_72,es,2011-04-29,,121610.5
2,1_1,es,2011-04-29,,41512.39
3,31_46,es,2011-04-29,,26821.74
7,36_95,es,2011-04-29,,37730.37
5,10_40,es,2011-04-29,,98558.93
4,30_92,es,2011-04-29,,46303.14
7,11_46,es,2011-04-29,,26417.94
7,41_91,es,2011-04-29,,48537.73
4,4_9,es,2011-04-29,,35557.6
2,2_2,es,2011-04-29,,62751.61
7,32_95,es,2011-04-29,,77983.18
5,30_95,es,2011-04-29,,42728.12
7,26_4,es,2011-04-29,,20674.13
2,16_38,es,2011-04-29,,43090.81
1,11_95,es,2011-04-29,,80593.61
4,22_9,es,2011-04-29,,21644.93
4,11_92,es,2011-04-29,,72936.39
7,11_74,es,2011-04-29,,20201.69
6,11_13,es,2011-04-29,,40364.94
1,12_40,es,2011-04-29,,50169.89
6,7_40,es,2011-04-29,,22057.98
3,41_40,es,2011-04-29,,51536.28
5,43_38,es,2011-04-29,,58690.13
2,10_23,es,2011-04-29,,69794.85
4,20_92,es,2011-04-29,,122493.98
4,28_91,es,2011-04-29,,41665.88
1,17_4,es,2011-04-29,,20484.44
1,18_74,es,2011-04-29,,18601.01
2,19_23,es,2011-04-29,,25620.49
4,13_4,es,2011-04-29,,38458.01
2,13_91,es,2011-04-29,,67770.07
5,23_40,es,2011-04-29,,50102.32
5,32_92,es,2011-04-29,,90138.89
6,6_38,es,2011-04-29,,83846.43
6,12_8,es,2011-04-29,,40912.47
4,10_16,es,2011-04-29,,45758.66
4,14_91,es,2011-04-29,,72589.73
5,20_91,es,2011-04-29,,57184.07
4,27_80,es,2011-04-29,,24927.19
7,22_40,es,2011-04-29,,47633.81
5,20_9,es,2011-04-29,,44958.13
7,14_1,es,2011-04-29,,58740.65
3,30_91,es,2011-04-29,,28059.56
2,38_38,es,2011-04-29,,46557.08
1,13_23,es,2011-04-29,,27696.08
1,1_38,es,2011-04-29,,82034.82
3,11_7,es,2011-04-29,,34717.35
5,10_38,es,2011-04-29,,86499.42
1,23_92,es,2011-04-29,,47380.73
5,21_72,es,2011-04-29,,45882.32
1,20_90,es,2011-04-29,,78884.65
7,2_87,es,2011-04-29,,21188.68
6,3_72,es,2011-04-29,,14367.65
4,4_95,es,2011-04-29,,135265.31
4,24_87,es,2011-04-29,,22584.03
3,23_22,es,2011-04-29,,15315.94
5,37_95,es,2011-04-29,,49033.54
7,34_91,es,2011-04-29,,28364.52
1,4_8,es,2011-04-29,,57973.66
3,16_95,es,2011-04-29,,18668.89
6,10_34,es,2011-04-29,,47664.92
5,44_94,es,2011-04-29,,23509.15
7,40_4,es,2011-05-06,,26139.35
7,10_5,es,2011-05-06,,44869.48
2,23_16,es,2011-05-06,,84546.29
6,13_13,es,2011-05-06,,47877.36
4,29_40,es,2011-05-06,,31044.7
4,23_74,es,2011-05-06,,34162.26
1,1_97,es,2011-05-06,,38463.79
2,16_40,es,2011-05-06,,27397.16
2,40_2,es,2011-05-06,,25055.61
2,24_90,es,2011-05-06,,72206.02
6,23_72,es,2011-05-06,,61091.78
1,31_13,es,2011-05-06,,40665.49
3,26_40,es,2011-05-06,,35949.49
6,20_7,es,2011-05-06,,34080.47
6,19_2,es,2011-05-06,,49113.66
3,6_72,es,2011-05-06,,59685.65
1,26_92,es,2011-05-06,,92991.67
6,2_81,es,2011-05-06,,30744.55
7,17_95,es,2011-05-06,,52138.18
7,31_2,es,2011-05-06,,57414.11
7,4_94,es,2011-05-06,,71606.82
5,35_14,es,2011-05-06,,31302.02
7,11_93,es,2011-05-06,,34785.51
3,6_96,es,2011-05-06,,27803.33
1,45_13,es,2011-05-06,,27629.25
5,12_34,es,2011-05-06,,24800.81
5,42_38,es,2011-05-06,,43272.25
7,4_96,es,2011-05-06,,39555.75
3,6_93,es,2011-05-06,,40792.75
7,14_2,es,2011-05-06,,77389.62
1,15_72,es,2011-05-06,,37307.73
4,2_16,es,2011-05-06,,37593.03
1,19_9,es,2011-05-06,,27457.59
1,18_72,es,2011-05-06,,47288.24
4,32_90,es,2011-05-06,,62080.24
7,22_38,es,2011-05-06,,75354.27
1,9_38,es,2011-05-06,,85052.32
3,16_72,es,2011-05-06,,24362.03
7,10_72,es,2011-05-06,,125918.72
6,1_1,es,2011-05-06,,20138.19
7,31_46,es,2011-05-06,,26273.38
2,36_95,es,2011-05-06,,41050.38
4,10_40,es,2011-05-06,,105323.95
4,30_92,es,2011-05-06,,51428.73
2,11_46,es,2011-05-06,,25503.41
6,41_91,es,2011-05-06,,55582.95
2,4_9,es,2011-05-06,,31408
7,2_2,es,2011-05-06,,63235.76
3,32_95,es,2011-05-06,,86527.36
2,30_95,es,2011-05-06,,44321.55
4,26_4,es,2011-05-06,,24165.98
1,16_38,es,2011-05-06,,50149.21
5,11_95,es,2011-05-06,,76807.91
5,22_9,es,2011-05-06,,27691.74
6,11_92,es,2011-05-06,,74980.85
1,11_74,es,2011-05-06,,21011.26
5,11_13,es,2011-05-06,,41137.82
5,12_40,es,2011-05-06,,50982.72
5,7_40,es,2011-05-06,,21705.09
1,41_40,es,2011-05-06,,58815.76
3,43_38,es,2011-05-06,,59831.96
2,10_23,es,2011-05-06,,64606.77
4,20_92,es,2011-05-06,,161605.8
4,28_91,es,2011-05-06,,86410.7
6,17_4,es,2011-05-06,,23238.35
2,18_74,es,2011-05-06,,22705.84
7,19_23,es,2011-05-06,,21292.34
3,13_4,es,2011-05-06,,44092.02
4,13_91,es,2011-05-06,,79792.29
4,23_40,es,2011-05-06,,55820.67
5,32_92,es,2011-05-06,,101995.52
5,6_38,es,2011-05-06,,82398.48
4,12_8,es,2011-05-06,,43472.12
6,10_16,es,2011-05-06,,52461.31
6,14_91,es,2011-05-06,,103690.61
4,20_91,es,2011-05-06,,83359.28
6,27_80,es,2011-05-06,,27124.61
1,22_40,es,2011-05-06,,58727.38
2,20_9,es,2011-05-06,,39714.15
4,14_1,es,2011-05-06,,16746.8
7,30_91,es,2011-05-06,,30999.64
4,38_38,es,2011-05-06,,60655.13
3,13_23,es,2011-05-06,,25244.53
5,1_38,es,2011-05-06,,87761.73
7,11_7,es,2011-05-06,,30949.27
4,10_38,es,2011-05-06,,87253.3
2,23_92,es,2011-05-06,,61889.9
7,21_72,es,2011-05-06,,37107.12
5,20_90,es,2011-05-06,,93996.62
2,2_87,es,2011-05-06,,21711.37
1,3_72,es,2011-05-06,,20462.87
5,4_95,es,2011-05-06,,149545.53
2,24_87,es,2011-05-06,,25893.32
2,23_22,es,2011-05-06,,16879.87
4,37_95,es,2011-05-06,,52932.75
1,34_91,es,2011-05-06,,34612.85
1,4_8,es,2011-05-06,,66226.12
2,16_95,es,2011-05-06,,20730.93
2,10_34,es,2011-05-06,,44634.88
6,44_94,es,2011-05-06,,24579.28
7,40_4,es,2011-05-13,,22904.63
4,10_5,es,2011-05-13,,36712.35
3,23_16,es,2011-05-13,,68536.62
1,13_13,es,2011-05-13,,44006.78
2,29_40,es,2011-05-13,,30898.65
2,23_74,es,2011-05-13,,34092.86
6,1_97,es,2011-05-13,,39672.38
1,16_40,es,2011-05-13,,25439.13
2,40_2,es,2011-05-13,,23850.12
4,24_90,es,2011-05-13,,69149.02
2,23_72,es,2011-05-13,,51023.12
1,31_13,es,2011-05-13,,39394.43
1,26_40,es,2011-05-13,,34217.03
3,20_7,es,2011-05-13,,35096.57
3,19_2,es,2011-05-13,,44653.48
7,6_72,es,2011-05-13,,67459.39
4,26_92,es,2011-05-13,,77407.27
4,2_81,es,2011-05-13,,30768.44
5,17_95,es,2011-05-13,,50151.42
4,31_2,es,2011-05-13,,57336.42
1,4_94,es,2011-05-13,,85354.11
4,35_14,es,2011-05-13,,26830.03
4,11_93,es,2011-05-13,,35173.07
5,6_96,es,2011-05-13,,27394.56
3,45_13,es,2011-05-13,,24974.7
4,12_34,es,2011-05-13,,28560.78
1,42_38,es,2011-05-13,,33809.18
5,4_96,es,2011-05-13,,38368.06
5,6_93,es,2011-05-13,,40464.92
1,14_2,es,2011-05-13,,72071.59
4,15_72,es,2011-05-13,,29282.2
7,2_16,es,2011-05-13,,43716.62
1,19_9,es,2011-05-13,,27091.64
7,18_72,es,2011-05-13,,45335.3
6,32_90,es,2011-05-13,,60946.4
4,22_38,es,2011-05-13,,74208.49
2,9_38,es,2011-05-13,,71556.11
6,16_72,es,2011-05-13,,23757.97
5,10_72,es,2011-05-13,,114133.37
4,1_1,es,2011-05-13,,17235.15
2,31_46,es,2011-05-13,,27379.89
5,36_95,es,2011-05-13,,42142.03
7,10_40,es,2011-05-13,,97138.38
7,30_92,es,2011-05-13,,46393.65
6,11_46,es,2011-05-13,,27825.18
5,41_91,es,2011-05-13,,50415.5
5,4_9,es,2011-05-13,,34672.52
1,2_2,es,2011-05-13,,62941.61
3,32_95,es,2011-05-13,,86648.48
1,30_95,es,2011-05-13,,42654.39
7,26_4,es,2011-05-13,,23346.87
4,16_38,es,2011-05-13,,44612.34
1,11_95,es,2011-05-13,,79980.07
6,22_9,es,2011-05-13,,25582.73
1,11_92,es,2011-05-13,,74210.69
2,11_74,es,2011-05-13,,22175.34
1,11_13,es,2011-05-13,,37247.34
2,12_40,es,2011-05-13,,48757.09
3,7_40,es,2011-05-13,,21027.18
4,41_40,es,2011-05-13,,52537.32
3,43_38,es,2011-05-13,,63496.58
2,10_23,es,2011-05-13,,59280.93
5,20_92,es,2011-05-13,,154747.55
3,28_91,es,2011-05-13,,55257.11
5,17_4,es,2011-05-13,,22040.39
4,18_74,es,2011-05-13,,18774.09
1,19_23,es,2011-05-13,,24255.12
2,13_4,es,2011-05-13,,39435.65
2,13_91,es,2011-05-13,,78974.7
1,23_40,es,2011-05-13,,55252.61
3,32_92,es,2011-05-13,,95002.96
6,6_38,es,2011-05-13,,82183.23
2,12_8,es,2011-05-13,,40034.76
4,10_16,es,2011-05-13,,43802.83
2,14_91,es,2011-05-13,,85094.35
4,20_91,es,2011-05-13,,80959.82
7,27_80,es,2011-05-13,,27330.41
6,22_40,es,2011-05-13,,56395.38
7,20_9,es,2011-05-13,,41075.24
6,14_1,es,2011-05-13,,16351.69
6,30_91,es,2011-05-13,,29976.68
5,38_38,es,2011-05-13,,43312.36
4,13_23,es,2011-05-13,,24792.24
7,1_38,es,2011-05-13,,100494.82
3,11_7,es,2011-05-13,,27584.74
4,10_38,es,2011-05-13,,90449.06
1,23_92,es,2011-05-13,,49127.97
1,21_72,es,2011-05-13,,40287.54
7,20_90,es,2011-05-13,,91786.06
2,2_87,es,2011-05-13,,19701.43
5,3_72,es,2011-05-13,,18640.4
7,4_95,es,2011-05-13,,151118.92
2,24_87,es,2011-05-13,,22182.36
4,23_22,es,2011-05-13,,16546.73
1,37_95,es,2011-05-13,,53596.73
7,34_91,es,2011-05-13,,34035.98
1,4_8,es,2011-05-13,,60980.07
2,16_95,es,2011-05-13,,21102.14
7,10_34,es,2011-05-13,,41395.89
7,44_94,es,2011-05-13,,29003.52
6,40_4,es,2011-05-20,,23325.25
6,10_5,es,2011-05-20,,40782.43
3,23_16,es,2011-05-20,,52084.48
3,13_13,es,2011-05-20,,42619.88
4,29_40,es,2011-05-20,,28629.13
7,23_74,es,2011-05-20,,36148.51
3,1_97,es,2011-05-20,,35237.13
1,16_40,es,2011-05-20,,26032.56
3,40_2,es,2011-05-20,,24703.14
7,24_90,es,2011-05-20,,67859.5
4,23_72,es,2011-05-20,,54044.91
3,31_13,es,2011-05-20,,42433.11
3,26_40,es,2011-05-20,,35499.44
7,20_7,es,2011-05-20,,34029.37
5,19_2,es,2011-05-20,,48352.12
6,6_72,es,2011-05-20,,58260.69
5,26_92,es,2011-05-20,,79355.17
7,2_81,es,2011-05-20,,29405.16
7,17_95,es,2011-05-20,,51207.11
1,31_2,es,2011-05-20,,59463.16
2,4_94,es,2011-05-20,,67366.78
5,35_14,es,2011-05-20,,23550
1,11_93,es,2011-05-20,,31683.26
3,6_96,es,2011-05-20,,28277.74
2,45_13,es,2011-05-20,,25862.48
1,12_34,es,2011-05-20,,21558.99
6,42_38,es,2011-05-20,,31941.47
5,4_96,es,2011-05-20,,35655.66
1,6_93,es,2011-05-20,,39092.96
2,14_2,es,2011-05-20,,80099.5
3,15_72,es,2011-05-20,,27463.31
6,2_16,es,2011-05-20,,39997.54
6,19_9,es,2011-05-20,,26130.82
3,18_72,es,2011-05-20,,45086.98
1,32_90,es,2011-05-20,,62751.22
3,22_38,es,2011-05-20,,78427.65
3,9_38,es,2011-05-20,,80008.7
2,16_72,es,2011-05-20,,18712.62
7,10_72,es,2011-05-20,,105380.16
4,1_1,es,2011-05-20,,15136.78
4,31_46,es,2011-05-20,,28415.37
3,36_95,es,2011-05-20,,43077.01
1,10_40,es,2011-05-20,,99071.79
4,30_92,es,2011-05-20,,49789.22
1,11_46,es,2011-05-20,,21642.59
1,41_91,es,2011-05-20,,53592.42
5,4_9,es,2011-05-20,,37179.72
1,2_2,es,2011-05-20,,61960.83
3,32_95,es,2011-05-20,,88078.44
4,30_95,es,2011-05-20,,44285.5
1,26_4,es,2011-05-20,,23642.34
6,16_38,es,2011-05-20,,48779.01
7,11_95,es,2011-05-20,,79542.26
7,22_9,es,2011-05-20,,28063.24
3,11_92,es,2011-05-20,,70641.76
4,11_74,es,2011-05-20,,22770.97
6,11_13,es,2011-05-20,,39748.01
6,12_40,es,2011-05-20,,46763.07
7,7_40,es,2011-05-20,,22393.13
3,41_40,es,2011-05-20,,55858.31
3,43_38,es,2011-05-20,,63197.12
5,10_23,es,2011-05-20,,62192.69
7,20_92,es,2011-05-20,,148187.6
1,28_91,es,2011-05-20,,49418.52
6,17_4,es,2011-05-20,,22551.05
5,18_74,es,2011-05-20,,22357.12
7,19_23,es,2011-05-20,,26164.4
4,13_4,es,2011-05-20,,39002.51
2,13_91,es,2011-05-20,,79681.23
6,23_40,es,2011-05-20,,59743.44
4,32_92,es,2011-05-20,,101903.69
5,6_38,es,2011-05-20,,60239.47
3,12_8,es,2011-05-20,,39780.44
4,10_16,es,2011-05-20,,44774.29
3,14_91,es,2011-05-20,,91701.93
3,20_91,es,2011-05-20,,75702.41
7,27_80,es,2011-05-20,,27422.15
6,22_40,es,2011-05-20,,55907.88
2,20_9,es,2011-05-20,,37121.18
5,14_1,es,2011-05-20,,16498.86
4,30_91,es,2011-05-20,,31466.66
4,38_38,es,2011-05-20,,45683.37
4,13_23,es,2011-05-20,,27661.04
6,1_38,es,2011-05-20,,84842.8
1,11_7,es,2011-05-20,,32387.78
3,10_38,es,2011-05-20,,91829.06
3,23_92,es,2011-05-20,,57847.54
7,21_72,es,2011-05-20,,39816.77
3,20_90,es,2011-05-20,,88700.13
5,2_87,es,2011-05-20,,16946.1
1,3_72,es,2011-05-20,,22012.69
1,4_95,es,2011-05-20,,151391.82
2,24_87,es,2011-05-20,,24297.47
4,23_22,es,2011-05-20,,18723.32
7,37_95,es,2011-05-20,,53498.68
4,34_91,es,2011-05-20,,35604.76
1,4_8,es,2011-05-20,,61061.1
6,16_95,es,2011-05-20,,22561.57
4,10_34,es,2011-05-20,,40507.48
6,44_94,es,2011-05-20,,25812.45
5,40_4,es,2011-05-27,,24160.87
1,10_5,es,2011-05-27,,44109.66
2,23_16,es,2011-05-27,,68668.62
7,13_13,es,2011-05-27,,42688.39
6,29_40,es,2011-05-27,,26919.51
4,23_74,es,2011-05-27,,36446.34
7,1_97,es,2011-05-27,,34836.36
4,16_40,es,2011-05-27,,26015.66
6,40_2,es,2011-05-27,,25729.44
2,24_90,es,2011-05-27,,70822.38
3,23_72,es,2011-05-27,,57552.26
1,31_13,es,2011-05-27,,41914.57
5,26_40,es,2011-05-27,,35635.66
6,20_7,es,2011-05-27,,39038.54
2,19_2,es,2011-05-27,,49229.43
1,6_72,es,2011-05-27,,60039.01
5,26_92,es,2011-05-27,,77715.58
5,2_81,es,2011-05-27,,31107.76
3,17_95,es,2011-05-27,,52321.17
5,31_2,es,2011-05-27,,59754.64
6,4_94,es,2011-05-27,,66480.1
2,35_14,es,2011-05-27,,24370.34
2,11_93,es,2011-05-27,,28117.57
6,6_96,es,2011-05-27,,36499.35
2,45_13,es,2011-05-27,,26457.04
3,12_34,es,2011-05-27,,22983.85
5,42_38,es,2011-05-27,,32634.7
7,4_96,es,2011-05-27,,44788.75
6,6_93,es,2011-05-27,,39625.73
4,14_2,es,2011-05-27,,78782.74
5,15_72,es,2011-05-27,,33141.48
3,2_16,es,2011-05-27,,39900.87
4,19_9,es,2011-05-27,,32385.06
7,18_72,es,2011-05-27,,35806.48
4,32_90,es,2011-05-27,,61760.02
5,22_38,es,2011-05-27,,64501.74
3,9_38,es,2011-05-27,,68748.84
1,16_72,es,2011-05-27,,19764.62
1,10_72,es,2011-05-27,,106756.03
7,1_1,es,2011-05-27,,15741.6
2,31_46,es,2011-05-27,,28899.98
1,36_95,es,2011-05-27,,39688.19
7,10_40,es,2011-05-27,,93346.87
4,30_92,es,2011-05-27,,47138.89
6,11_46,es,2011-05-27,,28118.88
6,41_91,es,2011-05-27,,49982.77
6,4_9,es,2011-05-27,,44655.38
7,2_2,es,2011-05-27,,64755.07
2,32_95,es,2011-05-27,,90236.82
3,30_95,es,2011-05-27,,44870.02
4,26_4,es,2011-05-27,,24185.4
7,16_38,es,2011-05-27,,39926.12
6,11_95,es,2011-05-27,,74613.13
1,22_9,es,2011-05-27,,29095.31
5,11_92,es,2011-05-27,,63496.14
5,11_74,es,2011-05-27,,21312.74
2,11_13,es,2011-05-27,,37797.96
5,12_40,es,2011-05-27,,46342.45
6,7_40,es,2011-05-27,,23224.72
6,41_40,es,2011-05-27,,51606.03
3,43_38,es,2011-05-27,,42837.46
2,10_23,es,2011-05-27,,63871.69
1,20_92,es,2011-05-27,,137466.26
6,28_91,es,2011-05-27,,46181.27
5,17_4,es,2011-05-27,,22624.71
3,18_74,es,2011-05-27,,22690.73
2,19_23,es,2011-05-27,,28258.79
7,13_4,es,2011-05-27,,39537.93
2,13_91,es,2011-05-27,,73691.26
2,23_40,es,2011-05-27,,58857.67
1,32_92,es,2011-05-27,,97267.62
1,6_38,es,2011-05-27,,75965.71
5,12_8,es,2011-05-27,,41391.92
5,10_16,es,2011-05-27,,48198
2,14_91,es,2011-05-27,,83091.12
4,20_91,es,2011-05-27,,64071.52
4,27_80,es,2011-05-27,,28156.59
3,22_40,es,2011-05-27,,52262.31
7,20_9,es,2011-05-27,,39612.03
7,14_1,es,2011-05-27,,16169
6,30_91,es,2011-05-27,,29704.98
2,38_38,es,2011-05-27,,51911.59
7,13_23,es,2011-05-27,,25887.3
2,1_38,es,2011-05-27,,70061.97
4,11_7,es,2011-05-27,,33341.1
2,10_38,es,2011-05-27,,85037.2
1,23_92,es,2011-05-27,,57557.79
5,21_72,es,2011-05-27,,38157.32
3,20_90,es,2011-05-27,,83981.86
3,2_87,es,2011-05-27,,17157.45
6,3_72,es,2011-05-27,,21732.69
3,4_95,es,2011-05-27,,150426.72
2,24_87,es,2011-05-27,,21758.7
5,23_22,es,2011-05-27,,19497.9
5,37_95,es,2011-05-27,,52087.74
2,34_91,es,2011-05-27,,30717.88
4,4_8,es,2011-05-27,,62368.7
2,16_95,es,2011-05-27,,23409.76
5,10_34,es,2011-05-27,,40209.84
3,44_94,es,2011-05-27,,25601.65
4,40_4,es,2011-06-03,,27091.65
1,10_5,es,2011-06-03,,41583.6
6,23_16,es,2011-06-03,,73940.64
1,13_13,es,2011-06-03,,44761.3
5,29_40,es,2011-06-03,,29684.8
5,23_74,es,2011-06-03,,42788.57
3,1_97,es,2011-06-03,,39013.79
5,16_40,es,2011-06-03,,28881.5
2,40_2,es,2011-06-03,,28477.2
4,24_90,es,2011-06-03,,69995.12
6,23_72,es,2011-06-03,,64917.84
1,31_13,es,2011-06-03,,41433.22
7,26_40,es,2011-06-03,,35908.18
1,20_7,es,2011-06-03,,66977.87
6,19_2,es,2011-06-03,,48104.11
4,6_72,es,2011-06-03,,66691.62
1,26_92,es,2011-06-03,,75145.65
6,2_81,es,2011-06-03,,30655.85
4,17_95,es,2011-06-03,,52340.66
2,31_2,es,2011-06-03,,59489.44
4,4_94,es,2011-06-03,,68368.22
1,35_14,es,2011-06-03,,23845.26
7,11_93,es,2011-06-03,,33535.17
2,6_96,es,2011-06-03,,38461.04
2,45_13,es,2011-06-03,,25664.92
1,12_34,es,2011-06-03,,21706.67
4,42_38,es,2011-06-03,,37840.25
2,4_96,es,2011-06-03,,40227.95
6,6_93,es,2011-06-03,,42813.34
2,14_2,es,2011-06-03,,76037.95
4,15_72,es,2011-06-03,,32708.93
3,2_16,es,2011-06-03,,60383.42
3,19_9,es,2011-06-03,,34933.62
6,18_72,es,2011-06-03,,45665.11
2,32_90,es,2011-06-03,,59543.53
4,22_38,es,2011-06-03,,61239.46
6,9_38,es,2011-06-03,,82075.37
4,16_72,es,2011-06-03,,23611.06
1,10_72,es,2011-06-03,,105907.32
6,1_1,es,2011-06-03,,16434.15
7,31_46,es,2011-06-03,,31539.49
6,36_95,es,2011-06-03,,46045.77
3,10_40,es,2011-06-03,,94989.76
3,30_92,es,2011-06-03,,47174
3,11_46,es,2011-06-03,,31044.92
1,41_91,es,2011-06-03,,50055.95
5,4_9,es,2011-06-03,,45275.85
6,2_2,es,2011-06-03,,65848.98
7,32_95,es,2011-06-03,,87189.62
4,30_95,es,2011-06-03,,47102.43
2,26_4,es,2011-06-03,,25560.56
5,16_38,es,2011-06-03,,51946.12
1,11_95,es,2011-06-03,,81244.94
2,22_9,es,2011-06-03,,31705.15
7,11_92,es,2011-06-03,,68962.42
4,11_74,es,2011-06-03,,22105.56
5,11_13,es,2011-06-03,,39691.7
2,12_40,es,2011-06-03,,47657.63
3,7_40,es,2011-06-03,,25251.13
4,41_40,es,2011-06-03,,54975.15
3,43_38,es,2011-06-03,,49572.6
1,10_23,es,2011-06-03,,63300.18
4,20_92,es,2011-06-03,,142006.73
3,28_91,es,2011-06-03,,75203.33
5,17_4,es,2011-06-03,,25861.63
2,18_74,es,2011-06-03,,23612.17
7,19_23,es,2011-06-03,,31964.21
5,13_4,es,2011-06-03,,43668.02
1,13_91,es,2011-06-03,,73671.12
3,23_40,es,2011-06-03,,56830.85
4,32_92,es,2011-06-03,,91657.2
3,6_38,es,2011-06-03,,68870.91
7,12_8,es,2011-06-03,,42264.56
7,10_16,es,2011-06-03,,51987.55
2,14_91,es,2011-06-03,,79624.52
2,20_91,es,2011-06-03,,69186.48
2,27_80,es,2011-06-03,,29987.29
5,22_40,es,2011-06-03,,53098.79
6,20_9,es,2011-06-03,,51190.09
4,14_1,es,2011-06-03,,16164.61
1,30_91,es,2011-06-03,,29743.41
2,38_38,es,2011-06-03,,58335.6
3,13_23,es,2011-06-03,,27662.15
1,1_38,es,2011-06-03,,89269.8
4,11_7,es,2011-06-03,,38486.67
3,10_38,es,2011-06-03,,79218.4
6,23_92,es,2011-06-03,,64396.98
1,21_72,es,2011-06-03,,33914.8
5,20_90,es,2011-06-03,,83475.56
6,2_87,es,2011-06-03,,24481
2,3_72,es,2011-06-03,,18719.17
1,4_95,es,2011-06-03,,155049.49
7,24_87,es,2011-06-03,,29816.41
4,23_22,es,2011-06-03,,25739.22
2,37_95,es,2011-06-03,,51517.02
5,34_91,es,2011-06-03,,34193.33
1,4_8,es,2011-06-03,,63177.67
5,16_95,es,2011-06-03,,26379.21
1,10_34,es,2011-06-03,,40601.07
5,44_94,es,2011-06-03,,27487.7
5,40_4,es,2011-06-10,,25650.16
6,10_5,es,2011-06-10,,47513.32
5,23_16,es,2011-06-10,,74656.9
2,13_13,es,2011-06-10,,43757.81
5,29_40,es,2011-06-10,,28375.33
2,23_74,es,2011-06-10,,35574.22
3,1_97,es,2011-06-10,,40101.21
2,16_40,es,2011-06-10,,33381.06
4,40_2,es,2011-06-10,,25203.79
7,24_90,es,2011-06-10,,73830.63
1,23_72,es,2011-06-10,,60400.77
4,31_13,es,2011-06-10,,40517.86
6,26_40,es,2011-06-10,,37390.16
6,20_7,es,2011-06-10,,47991.49
3,19_2,es,2011-06-10,,49146.65
4,6_72,es,2011-06-10,,62938.31
3,26_92,es,2011-06-10,,95796.7
5,2_81,es,2011-06-10,,31090.96
2,17_95,es,2011-06-10,,50985.08
7,31_2,es,2011-06-10,,57426.99
1,4_94,es,2011-06-10,,63651.91
3,35_14,es,2011-06-10,,24959.42
4,11_93,es,2011-06-10,,36515.15
3,6_96,es,2011-06-10,,32934.85
4,45_13,es,2011-06-10,,25499.17
7,12_34,es,2011-06-10,,23471.14
3,42_38,es,2011-06-10,,33079.79
3,4_96,es,2011-06-10,,38595.03
2,6_93,es,2011-06-10,,42694.07
1,14_2,es,2011-06-10,,80338.3
4,15_72,es,2011-06-10,,24989.52
7,2_16,es,2011-06-10,,51390.09
6,19_9,es,2011-06-10,,32728.09
7,18_72,es,2011-06-10,,40853.91
2,32_90,es,2011-06-10,,61808.16
4,22_38,es,2011-06-10,,84583.58
6,9_38,es,2011-06-10,,83295.74
1,16_72,es,2011-06-10,,21535.24
6,10_72,es,2011-06-10,,98535.57
3,1_1,es,2011-06-10,,15883.52
4,31_46,es,2011-06-10,,30139.28
6,36_95,es,2011-06-10,,46011.63
5,10_40,es,2011-06-10,,94161.62
1,30_92,es,2011-06-10,,47709.25
3,11_46,es,2011-06-10,,30153.69
3,41_91,es,2011-06-10,,55192.15
1,4_9,es,2011-06-10,,42303.52
5,2_2,es,2011-06-10,,66831.49
5,32_95,es,2011-06-10,,93925.01
2,30_95,es,2011-06-10,,47194.34
4,26_4,es,2011-06-10,,26000.18
7,16_38,es,2011-06-10,,57497.66
7,11_95,es,2011-06-10,,84408.55
5,22_9,es,2011-06-10,,31670.44
3,11_92,es,2011-06-10,,75853.61
7,11_74,es,2011-06-10,,22469.22
1,11_13,es,2011-06-10,,38846.9
1,12_40,es,2011-06-10,,46406.29
4,7_40,es,2011-06-10,,30336.75
5,41_40,es,2011-06-10,,53984.79
4,43_38,es,2011-06-10,,54525.33
5,10_23,es,2011-06-10,,62140.66
7,20_92,es,2011-06-10,,174557.98
2,28_91,es,2011-06-10,,63992.7
6,17_4,es,2011-06-10,,23416.66
6,18_74,es,2011-06-10,,21022.58
1,19_23,es,2011-06-10,,30322.26
2,13_4,es,2011-06-10,,41961.89
4,13_91,es,2011-06-10,,82700.89
6,23_40,es,2011-06-10,,61183.82
1,32_92,es,2011-06-10,,97694
2,6_38,es,2011-06-10,,75032.33
3,12_8,es,2011-06-10,,43287.84
1,10_16,es,2011-06-10,,45334.32
1,14_91,es,2011-06-10,,98886.58
7,20_91,es,2011-06-10,,85425.37
5,27_80,es,2011-06-10,,27874.75
4,22_40,es,2011-06-10,,52870.47
7,20_9,es,2011-06-10,,41476.92
6,14_1,es,2011-06-10,,17220.18
5,30_91,es,2011-06-10,,32596.39
5,38_38,es,2011-06-10,,43162.76
3,13_23,es,2011-06-10,,31538.74
4,1_38,es,2011-06-10,,73273.96
1,11_7,es,2011-06-10,,34748.53
7,10_38,es,2011-06-10,,87071.15
3,23_92,es,2011-06-10,,59679.86
1,21_72,es,2011-06-10,,39574.49
4,20_90,es,2011-06-10,,96188.62
6,2_87,es,2011-06-10,,25341.9
4,3_72,es,2011-06-10,,19121.36
3,4_95,es,2011-06-10,,167233.69
1,24_87,es,2011-06-10,,25629.63
5,23_22,es,2011-06-10,,22532.14
5,37_95,es,2011-06-10,,52016.04
7,34_91,es,2011-06-10,,36791.22
1,4_8,es,2011-06-10,,60206.42
1,16_95,es,2011-06-10,,30148.79
6,10_34,es,2011-06-10,,42168.85
5,44_94,es,2011-06-10,,26031.14
4,40_4,es,2011-06-17,,24287.23
4,10_5,es,2011-06-17,,48662.46
7,23_16,es,2011-06-17,,62216.64
3,13_13,es,2011-06-17,,45868.77
1,29_40,es,2011-06-17,,28312.35
1,23_74,es,2011-06-17,,39435.17
7,1_97,es,2011-06-17,,40178.65
1,16_40,es,2011-06-17,,32420.43
5,40_2,es,2011-06-17,,27118.87
6,24_90,es,2011-06-17,,69164.81
7,23_72,es,2011-06-17,,70306.23
5,31_13,es,2011-06-17,,42160.17
4,26_40,es,2011-06-17,,33712.35
3,20_7,es,2011-06-17,,42628.92
5,19_2,es,2011-06-17,,47868.61
7,6_72,es,2011-06-17,,75024.11
5,26_92,es,2011-06-17,,76377.08
3,2_81,es,2011-06-17,,31290.41
6,17_95,es,2011-06-17,,52162.75
3,31_2,es,2011-06-17,,62842
1,4_94,es,2011-06-17,,67282.62
5,35_14,es,2011-06-17,,22229.56
2,11_93,es,2011-06-17,,35629.78
4,6_96,es,2011-06-17,,32869.63
7,45_13,es,2011-06-17,,25733.63
7,12_34,es,2011-06-17,,25468.66
4,42_38,es,2011-06-17,,31988.03
1,4_96,es,2011-06-17,,31861.69
2,6_93,es,2011-06-17,,44062.17
7,14_2,es,2011-06-17,,78656.26
6,15_72,es,2011-06-17,,31377.86
4,2_16,es,2011-06-17,,46432.64
2,19_9,es,2011-06-17,,37107.23
4,18_72,es,2011-06-17,,51259.5
4,32_90,es,2011-06-17,,57795.93
7,22_38,es,2011-06-17,,78074.66
1,9_38,es,2011-06-17,,77123.33
3,16_72,es,2011-06-17,,25501.1
1,10_72,es,2011-06-17,,127450.66
6,1_1,es,2011-06-17,,14978.09
3,31_46,es,2011-06-17,,32048.92
3,36_95,es,2011-06-17,,50253.67
2,10_40,es,2011-06-17,,95683.47
1,30_92,es,2011-06-17,,48179.96
2,11_46,es,2011-06-17,,31898.84
3,41_91,es,2011-06-17,,51536.73
1,4_9,es,2011-06-17,,46926.23
2,2_2,es,2011-06-17,,66648.26
7,32_95,es,2011-06-17,,90437.27
3,30_95,es,2011-06-17,,45977.3
7,26_4,es,2011-06-17,,24134.47
2,16_38,es,2011-06-17,,54905.58
7,11_95,es,2011-06-17,,89150.42
1,22_9,es,2011-06-17,,30510.12
6,11_92,es,2011-06-17,,78871.96
3,11_74,es,2011-06-17,,21324.62
6,11_13,es,2011-06-17,,38533.07
2,12_40,es,2011-06-17,,47121.66
5,7_40,es,2011-06-17,,28413.28
6,41_40,es,2011-06-17,,52662.39
6,43_38,es,2011-06-17,,58501.54
6,10_23,es,2011-06-17,,69864.26
6,20_92,es,2011-06-17,,160850.97
7,28_91,es,2011-06-17,,54283.68
6,17_4,es,2011-06-17,,24234.3
6,18_74,es,2011-06-17,,23272.16
6,19_23,es,2011-06-17,,32331.45
2,13_4,es,2011-06-17,,42336.28
1,13_91,es,2011-06-17,,87175.25
7,23_40,es,2011-06-17,,62004.37
6,32_92,es,2011-06-17,,91525.23
3,6_38,es,2011-06-17,,72553.84
5,12_8,es,2011-06-17,,40974.76
6,10_16,es,2011-06-17,,50640.91
4,14_91,es,2011-06-17,,88486.86
5,20_91,es,2011-06-17,,79958.96
4,27_80,es,2011-06-17,,29082.88
7,22_40,es,2011-06-17,,51176.36
4,20_9,es,2011-06-17,,46386.26
2,14_1,es,2011-06-17,,17764.48
3,30_91,es,2011-06-17,,33541.63
3,38_38,es,2011-06-17,,40679.39
5,13_23,es,2011-06-17,,39824.2
6,1_38,es,2011-06-17,,72699.23
6,11_7,es,2011-06-17,,32132.28
1,10_38,es,2011-06-17,,94962.81
7,23_92,es,2011-06-17,,59331.92
6,21_72,es,2011-06-17,,41135.01
2,20_90,es,2011-06-17,,92489.72
1,2_87,es,2011-06-17,,23298.62
4,3_72,es,2011-06-17,,24587.08
6,4_95,es,2011-06-17,,177156.22
5,24_87,es,2011-06-17,,22987.51
2,23_22,es,2011-06-17,,21961.77
4,37_95,es,2011-06-17,,52181.71
4,34_91,es,2011-06-17,,37944.66
1,4_8,es,2011-06-17,,60673.72
4,16_95,es,2011-06-17,,30841.1
2,10_34,es,2011-06-17,,41781.9
7,44_94,es,2011-06-17,,25269.32
7,40_4,es,2011-06-24,,25344.33
5,10_5,es,2011-06-24,,42844.96
3,23_16,es,2011-06-24,,60106.01
5,13_13,es,2011-06-24,,42024.14
2,29_40,es,2011-06-24,,26939.66
6,23_74,es,2011-06-24,,37518.27
5,1_97,es,2011-06-24,,33724.87
2,16_40,es,2011-06-24,,34205.84
1,40_2,es,2011-06-24,,27242.19
3,24_90,es,2011-06-24,,65759.45
7,23_72,es,2011-06-24,,60368.62
3,31_13,es,2011-06-24,,41494.14
2,26_40,es,2011-06-24,,37058.74
3,20_7,es,2011-06-24,,39541.7
1,19_2,es,2011-06-24,,49256.48
4,6_72,es,2011-06-24,,69799.97
6,26_92,es,2011-06-24,,76536.45
1,2_81,es,2011-06-24,,28504.91
5,17_95,es,2011-06-24,,56138.86
7,31_2,es,2011-06-24,,58723.54
3,4_94,es,2011-06-24,,68804.95
7,35_14,es,2011-06-24,,22525.34
7,11_93,es,2011-06-24,,31377.34
5,6_96,es,2011-06-24,,35779.74
1,45_13,es,2011-06-24,,24961.04
3,12_34,es,2011-06-24,,24528.34
6,42_38,es,2011-06-24,,32740.04
2,4_96,es,2011-06-24,,41202.24
7,6_93,es,2011-06-24,,37450.8
1,14_2,es,2011-06-24,,79332.91
2,15_72,es,2011-06-24,,25673.94
5,2_16,es,2011-06-24,,41742.56
2,19_9,es,2011-06-24,,44062.29
1,18_72,es,2011-06-24,,55524.77
6,32_90,es,2011-06-24,,58585.84
3,22_38,es,2011-06-24,,66551.78
2,9_38,es,2011-06-24,,76365.75
7,16_72,es,2011-06-24,,31321.93
4,10_72,es,2011-06-24,,117948.54
2,1_1,es,2011-06-24,,15682.81
5,31_46,es,2011-06-24,,29455.88
2,36_95,es,2011-06-24,,42469.63
7,10_40,es,2011-06-24,,91111.7
3,30_92,es,2011-06-24,,44670.46
6,11_46,es,2011-06-24,,27906.81
4,41_91,es,2011-06-24,,48652.15
4,4_9,es,2011-06-24,,40398.07
5,2_2,es,2011-06-24,,61507.28
2,32_95,es,2011-06-24,,88009.98
7,30_95,es,2011-06-24,,43383.21
7,26_4,es,2011-06-24,,24750.58
5,16_38,es,2011-06-24,,47748.51
3,11_95,es,2011-06-24,,77571.19
3,22_9,es,2011-06-24,,31537.84
4,11_92,es,2011-06-24,,67896.38
4,11_74,es,2011-06-24,,19449.13
1,11_13,es,2011-06-24,,36721.83
5,12_40,es,2011-06-24,,42611.17
4,7_40,es,2011-06-24,,32104.67
5,41_40,es,2011-06-24,,52990.28
1,43_38,es,2011-06-24,,46646.65
6,10_23,es,2011-06-24,,67398.37
2,20_92,es,2011-06-24,,136790.65
3,28_91,es,2011-06-24,,47905.65
5,17_4,es,2011-06-24,,24478.42
7,18_74,es,2011-06-24,,23399.42
4,19_23,es,2011-06-24,,34500.3
3,13_4,es,2011-06-24,,41206.46
1,13_91,es,2011-06-24,,78342.37
4,23_40,es,2011-06-24,,58930.08
3,32_92,es,2011-06-24,,90413.23
2,6_38,es,2011-06-24,,74812.71
1,12_8,es,2011-06-24,,43390.29
7,10_16,es,2011-06-24,,43979.99
3,14_91,es,2011-06-24,,83356.36
6,20_91,es,2011-06-24,,66141.71
4,27_80,es,2011-06-24,,28426.31
5,22_40,es,2011-06-24,,47940.36
3,20_9,es,2011-06-24,,47224.2
6,14_1,es,2011-06-24,,18158.21
3,30_91,es,2011-06-24,,31641.99
3,38_38,es,2011-06-24,,50727.07
1,13_23,es,2011-06-24,,37541.49
5,1_38,es,2011-06-24,,69283.24
4,11_7,es,2011-06-24,,29929.09
3,10_38,es,2011-06-24,,79620.21
7,23_92,es,2011-06-24,,58991.08
2,21_72,es,2011-06-24,,39618.06
1,20_90,es,2011-06-24,,84479.2
4,2_87,es,2011-06-24,,22923.53
5,3_72,es,2011-06-24,,24602.08
1,4_95,es,2011-06-24,,164350.28
1,24_87,es,2011-06-24,,28594.48
3,23_22,es,2011-06-24,,20853.59
7,37_95,es,2011-06-24,,51033.1
1,34_91,es,2011-06-24,,34137.05
4,4_8,es,2011-06-24,,59938.96
3,16_95,es,2011-06-24,,30258.34
3,10_34,es,2011-06-24,,40595.22
7,44_94,es,2011-06-24,,24942.72
1,40_4,es,2011-07-01,,29244.06
2,10_5,es,2011-07-01,,45006.16
7,23_16,es,2011-07-01,,53968.38
5,13_13,es,2011-07-01,,44918.2
1,29_40,es,2011-07-01,,29087.47
1,23_74,es,2011-07-01,,38744.09
5,1_97,es,2011-07-01,,36457.02
4,16_40,es,2011-07-01,,36101.55
6,40_2,es,2011-07-01,,29035.32
6,24_90,es,2011-07-01,,74992.91
7,23_72,es,2011-07-01,,64535.33
5,31_13,es,2011-07-01,,40896.04
2,26_40,es,2011-07-01,,38483.04
6,20_7,es,2011-07-01,,49774.18
4,19_2,es,2011-07-01,,51711.34
4,6_72,es,2011-07-01,,88216.9
5,26_92,es,2011-07-01,,83599.56
2,2_81,es,2011-07-01,,30777.84
3,17_95,es,2011-07-01,,59435.11
3,31_2,es,2011-07-01,,59493.09
4,4_94,es,2011-07-01,,70835.13
6,35_14,es,2011-07-01,,24303.61
5,11_93,es,2011-07-01,,31749.4
5,6_96,es,2011-07-01,,42592.68
3,45_13,es,2011-07-01,,26649.29
4,12_34,es,2011-07-01,,23387.31
5,42_38,es,2011-07-01,,32484.51
2,4_96,es,2011-07-01,,45989.87
6,6_93,es,2011-07-01,,46222.13
3,14_2,es,2011-07-01,,82998.47
6,15_72,es,2011-07-01,,32667.85
4,2_16,es,2011-07-01,,45377.7
2,19_9,es,2011-07-01,,45414.94
7,18_72,es,2011-07-01,,38459.1
2,32_90,es,2011-07-01,,61097.57
2,22_38,es,2011-07-01,,77317.9
7,9_38,es,2011-07-01,,83780.4
2,16_72,es,2011-07-01,,27269.58
7,10_72,es,2011-07-01,,114398.47
1,1_1,es,2011-07-01,,15363.5
1,31_46,es,2011-07-01,,27531.47
4,36_95,es,2011-07-01,,41394.27
2,10_40,es,2011-07-01,,90822.08
4,30_92,es,2011-07-01,,47888.52
7,11_46,es,2011-07-01,,30161.89
5,41_91,es,2011-07-01,,50852.62
5,4_9,es,2011-07-01,,39740.56
7,2_2,es,2011-07-01,,64838.42
5,32_95,es,2011-07-01,,98704.9
7,30_95,es,2011-07-01,,45247.55
5,26_4,es,2011-07-01,,27278.51
5,16_38,es,2011-07-01,,66396.05
4,11_95,es,2011-07-01,,80935.26
5,22_9,es,2011-07-01,,35906.37
4,11_92,es,2011-07-01,,70456.3
7,11_74,es,2011-07-01,,21961.75
6,11_13,es,2011-07-01,,39324.89
1,12_40,es,2011-07-01,,44494.42
7,7_40,es,2011-07-01,,36669.67
6,41_40,es,2011-07-01,,55925.52
5,43_38,es,2011-07-01,,48305.53
5,10_23,es,2011-07-01,,60859.57
7,20_92,es,2011-07-01,,150608.02
1,28_91,es,2011-07-01,,60153.43
5,17_4,es,2011-07-01,,26767.86
4,18_74,es,2011-07-01,,22947.89
7,19_23,es,2011-07-01,,26307.73
5,13_4,es,2011-07-01,,47198.27
3,13_91,es,2011-07-01,,78930.21
5,23_40,es,2011-07-01,,61812.21
5,32_92,es,2011-07-01,,93145.6
3,6_38,es,2011-07-01,,68157.28
6,12_8,es,2011-07-01,,41853.7
5,10_16,es,2011-07-01,,43526.47
4,14_91,es,2011-07-01,,82917.53
4,20_91,es,2011-07-01,,69181.92
5,27_80,es,2011-07-01,,29766.54
1,22_40,es,2011-07-01,,51701.28
5,20_9,es,2011-07-01,,50457.02
2,14_1,es,2011-07-01,,18694.11
5,30_91,es,2011-07-01,,31889.94
2,38_38,es,2011-07-01,,55793.83
3,13_23,es,2011-07-01,,34137.82
7,1_38,es,2011-07-01,,68879.85
4,11_7,es,2011-07-01,,26244.89
4,10_38,es,2011-07-01,,85992.74
4,23_92,es,2011-07-01,,68160.44
6,21_72,es,2011-07-01,,36088.1
5,20_90,es,2011-07-01,,89321.82
4,2_87,es,2011-07-01,,24532.12
3,3_72,es,2011-07-01,,17343.36
4,4_95,es,2011-07-01,,165692.38
7,24_87,es,2011-07-01,,30033.55
4,23_22,es,2011-07-01,,23026.27
4,37_95,es,2011-07-01,,50884.55
3,34_91,es,2011-07-01,,33045.19
2,4_8,es,2011-07-01,,65670.52
7,16_95,es,2011-07-01,,34005.37
6,10_34,es,2011-07-01,,44389.23
1,44_94,es,2011-07-01,,26498.2
4,40_4,es,2011-07-08,,28904.93
3,10_5,es,2011-07-08,,38896.24
5,23_16,es,2011-07-08,,53521.45
7,13_13,es,2011-07-08,,48069.52
6,29_40,es,2011-07-08,,27956.66
2,23_74,es,2011-07-08,,36055.96
6,1_97,es,2011-07-08,,39544.16
1,16_40,es,2011-07-08,,39733.66
3,40_2,es,2011-07-08,,29447.13
6,24_90,es,2011-07-08,,78993
1,23_72,es,2011-07-08,,57874.98
7,31_13,es,2011-07-08,,39250.47
4,26_40,es,2011-07-08,,37846.27
7,20_7,es,2011-07-08,,53009.04
4,19_2,es,2011-07-08,,48033.25
2,6_72,es,2011-07-08,,81515.1
4,26_92,es,2011-07-08,,95081.88
6,2_81,es,2011-07-08,,30996.07
1,17_95,es,2011-07-08,,59050.1
6,31_2,es,2011-07-08,,59345.89
5,4_94,es,2011-07-08,,71660.58
5,35_14,es,2011-07-08,,22187.62
7,11_93,es,2011-07-08,,39300.35
7,6_96,es,2011-07-08,,44709.46
2,45_13,es,2011-07-08,,25992.23
1,12_34,es,2011-07-08,,24053.87
7,42_38,es,2011-07-08,,30853.83
7,4_96,es,2011-07-08,,46084.97
6,6_93,es,2011-07-08,,47413.97
6,14_2,es,2011-07-08,,82661.34
7,15_72,es,2011-07-08,,26827.8
2,2_16,es,2011-07-08,,46554.94
7,19_9,es,2011-07-08,,47710.43
3,18_72,es,2011-07-08,,43574.52
4,32_90,es,2011-07-08,,57911.51
5,22_38,es,2011-07-08,,70542.14
1,9_38,es,2011-07-08,,69054.86
1,16_72,es,2011-07-08,,32391.42
7,10_72,es,2011-07-08,,108519.93
4,1_1,es,2011-07-08,,16148.87
1,31_46,es,2011-07-08,,26570.99
2,36_95,es,2011-07-08,,46377.58
2,10_40,es,2011-07-08,,87316.81
6,30_92,es,2011-07-08,,47044.41
5,11_46,es,2011-07-08,,28952.86
1,41_91,es,2011-07-08,,53709.3
1,4_9,es,2011-07-08,,47344.76
2,2_2,es,2011-07-08,,64206.49
5,32_95,es,2011-07-08,,88947.06
1,30_95,es,2011-07-08,,44194.7
7,26_4,es,2011-07-08,,27296.4
4,16_38,es,2011-07-08,,52783.2
4,11_95,es,2011-07-08,,86883.11
5,22_9,es,2011-07-08,,34811.03
1,11_92,es,2011-07-08,,78521.15
3,11_74,es,2011-07-08,,22059.62
7,11_13,es,2011-07-08,,41398.05
4,12_40,es,2011-07-08,,43753.57
7,7_40,es,2011-07-08,,39950.07
2,41_40,es,2011-07-08,,52519.07
1,43_38,es,2011-07-08,,54517.49
5,10_23,es,2011-07-08,,63421.03
7,20_92,es,2011-07-08,,166809.86
6,28_91,es,2011-07-08,,74669.32
2,17_4,es,2011-07-08,,26479.47
3,18_74,es,2011-07-08,,21308.15
3,19_23,es,2011-07-08,,27983.65
6,13_4,es,2011-07-08,,45566.65
4,13_91,es,2011-07-08,,79391.94
4,23_40,es,2011-07-08,,57064.41
7,32_92,es,2011-07-08,,91893.28
7,6_38,es,2011-07-08,,72592.17
1,12_8,es,2011-07-08,,41620.72
2,10_16,es,2011-07-08,,40906.44
4,14_91,es,2011-07-08,,90997.65
1,20_91,es,2011-07-08,,78501.57
6,27_80,es,2011-07-08,,32367.53
5,22_40,es,2011-07-08,,48816.41
7,20_9,es,2011-07-08,,53626.42
4,14_1,es,2011-07-08,,17774.44
2,30_91,es,2011-07-08,,31316.39
1,38_38,es,2011-07-08,,54012.07
4,13_23,es,2011-07-08,,31139.57
7,1_38,es,2011-07-08,,70660.17
5,11_7,es,2011-07-08,,31241.62
1,10_38,es,2011-07-08,,72763.07
7,23_92,es,2011-07-08,,57382.07
5,21_72,es,2011-07-08,,30617.86
2,20_90,es,2011-07-08,,98001.11
7,2_87,es,2011-07-08,,24501.45
6,3_72,es,2011-07-08,,21060.7
1,4_95,es,2011-07-08,,168999.59
6,24_87,es,2011-07-08,,31214.42
4,23_22,es,2011-07-08,,20749.8
4,37_95,es,2011-07-08,,49202.08
7,34_91,es,2011-07-08,,36249.28
7,4_8,es,2011-07-08,,61372.97
2,16_95,es,2011-07-08,,34462.99
2,10_34,es,2011-07-08,,43657.13
3,44_94,es,2011-07-08,,25069.04
7,40_4,es,2011-07-15,,26273.31
6,10_5,es,2011-07-15,,36626.51
2,23_16,es,2011-07-15,,38981.61
6,13_13,es,2011-07-15,,47907.66
5,29_40,es,2011-07-15,,26919
7,23_74,es,2011-07-15,,36230.17
2,1_97,es,2011-07-15,,38860.63
4,16_40,es,2011-07-15,,36396.18
4,40_2,es,2011-07-15,,28642.07
7,24_90,es,2011-07-15,,71260.6
2,23_72,es,2011-07-15,,55392.18
1,31_13,es,2011-07-15,,40883.64
5,26_40,es,2011-07-15,,38081.15
4,20_7,es,2011-07-15,,39962.36
4,19_2,es,2011-07-15,,49623.99
6,6_72,es,2011-07-15,,63542.08
1,26_92,es,2011-07-15,,82547.66
4,2_81,es,2011-07-15,,28865.2
7,17_95,es,2011-07-15,,55698.51
1,31_2,es,2011-07-15,,59595.92
1,4_94,es,2011-07-15,,69945.35
1,35_14,es,2011-07-15,,24509.03
1,11_93,es,2011-07-15,,34964.31
3,6_96,es,2011-07-15,,34649.66
4,45_13,es,2011-07-15,,26215.21
3,12_34,es,2011-07-15,,22769.44
3,42_38,es,2011-07-15,,33075.94
7,4_96,es,2011-07-15,,39923.81
2,6_93,es,2011-07-15,,42288.32
2,14_2,es,2011-07-15,,83055.6
4,15_72,es,2011-07-15,,27833.76
1,2_16,es,2011-07-15,,32239.86
7,19_9,es,2011-07-15,,35315.39
7,18_72,es,2011-07-15,,39413.58
1,32_90,es,2011-07-15,,60059.89
3,22_38,es,2011-07-15,,66221.33
2,9_38,es,2011-07-15,,82968.49
5,16_72,es,2011-07-15,,27139.05
1,10_72,es,2011-07-15,,115004.83
3,1_1,es,2011-07-15,,15654.85
3,31_46,es,2011-07-15,,28200.93
3,36_95,es,2011-07-15,,44620.88
2,10_40,es,2011-07-15,,93165.92
5,30_92,es,2011-07-15,,47233.65
7,11_46,es,2011-07-15,,25717.84
6,41_91,es,2011-07-15,,51968.91
5,4_9,es,2011-07-15,,32406.5
5,2_2,es,2011-07-15,,63850.33
1,32_95,es,2011-07-15,,88053.96
5,30_95,es,2011-07-15,,43747.83
5,26_4,es,2011-07-15,,25992.65
5,16_38,es,2011-07-15,,62342.76
2,11_95,es,2011-07-15,,82248.2
2,22_9,es,2011-07-15,,32035.9
7,11_92,es,2011-07-15,,79631.05
4,11_74,es,2011-07-15,,21790.91
2,11_13,es,2011-07-15,,38682.97
3,12_40,es,2011-07-15,,44114.93
7,7_40,es,2011-07-15,,35389.29
1,41_40,es,2011-07-15,,51703.68
2,43_38,es,2011-07-15,,58520.94
3,10_23,es,2011-07-15,,63023.01
7,20_92,es,2011-07-15,,169013.07
5,28_91,es,2011-07-15,,55518.33
7,17_4,es,2011-07-15,,25632.2
3,18_74,es,2011-07-15,,21244.19
6,19_23,es,2011-07-15,,26757.71
7,13_4,es,2011-07-15,,43150.32
2,13_91,es,2011-07-15,,84981.02
1,23_40,es,2011-07-15,,58024.25
2,32_92,es,2011-07-15,,92340.47
4,6_38,es,2011-07-15,,81701.38
7,12_8,es,2011-07-15,,42118.75
2,10_16,es,2011-07-15,,38071.15
2,14_91,es,2011-07-15,,87848.98
4,20_91,es,2011-07-15,,85690.55
4,27_80,es,2011-07-15,,28160.12
7,22_40,es,2011-07-15,,49179.21
6,20_9,es,2011-07-15,,51281.55
3,14_1,es,2011-07-15,,19107.43
1,30_91,es,2011-07-15,,31814.63
5,38_38,es,2011-07-15,,44421.93
2,13_23,es,2011-07-15,,29618.36
3,1_38,es,2011-07-15,,81709.41
4,11_7,es,2011-07-15,,27249.3
7,10_38,es,2011-07-15,,92150.53
1,23_92,es,2011-07-15,,58845
4,21_72,es,2011-07-15,,32242.35
6,20_90,es,2011-07-15,,98291.13
2,2_87,es,2011-07-15,,23662.61
6,3_72,es,2011-07-15,,19602.36
2,4_95,es,2011-07-15,,164206.58
2,24_87,es,2011-07-15,,25357.1
7,23_22,es,2011-07-15,,22376.65
1,37_95,es,2011-07-15,,50733.41
4,34_91,es,2011-07-15,,34387.31
7,4_8,es,2011-07-15,,58879.34
7,16_95,es,2011-07-15,,32061.06
4,10_34,es,2011-07-15,,44074.09
2,44_94,es,2011-07-15,,23809.21
7,40_4,es,2011-07-22,,25946.62
1,10_5,es,2011-07-22,,41486.48
5,23_16,es,2011-07-22,,35290.92
5,13_13,es,2011-07-22,,47920.33
5,29_40,es,2011-07-22,,27528.12
3,23_74,es,2011-07-22,,36281.46
2,1_97,es,2011-07-22,,35158.35
6,16_40,es,2011-07-22,,38340.44
7,40_2,es,2011-07-22,,29375.21
1,24_90,es,2011-07-22,,68757.94
2,23_72,es,2011-07-22,,64463.05
5,31_13,es,2011-07-22,,42715.02
3,26_40,es,2011-07-22,,36576.14
2,20_7,es,2011-07-22,,34520.48
3,19_2,es,2011-07-22,,49352.42
3,6_72,es,2011-07-22,,67637.94
2,26_92,es,2011-07-22,,76278.21
5,2_81,es,2011-07-22,,28551.15
6,17_95,es,2011-07-22,,58334.84
3,31_2,es,2011-07-22,,63121.08
7,4_94,es,2011-07-22,,73316.95
3,35_14,es,2011-07-22,,20694.6
1,11_93,es,2011-07-22,,29462.14
2,6_96,es,2011-07-22,,34671.45
6,45_13,es,2011-07-22,,25688.29
2,12_34,es,2011-07-22,,20763.48
5,42_38,es,2011-07-22,,36746.75
2,4_96,es,2011-07-22,,38018.45
2,6_93,es,2011-07-22,,38394.01
6,14_2,es,2011-07-22,,79666.34
2,15_72,es,2011-07-22,,30082.87
6,2_16,es,2011-07-22,,31599.97
3,19_9,es,2011-07-22,,36170.51
7,18_72,es,2011-07-22,,44850.32
3,32_90,es,2011-07-22,,60448.45
5,22_38,es,2011-07-22,,66813.52
4,9_38,es,2011-07-22,,76624.92
7,16_72,es,2011-07-22,,31720.06
4,10_72,es,2011-07-22,,110068.58
2,1_1,es,2011-07-22,,15766.6
4,31_46,es,2011-07-22,,26642.67
4,36_95,es,2011-07-22,,41589.71
6,10_40,es,2011-07-22,,90188.25
4,30_92,es,2011-07-22,,47258.64
4,11_46,es,2011-07-22,,28118.07
6,41_91,es,2011-07-22,,51855.93
4,4_9,es,2011-07-22,,31968.91
6,2_2,es,2011-07-22,,64188.7
1,32_95,es,2011-07-22,,91959.06
3,30_95,es,2011-07-22,,45252.57
6,26_4,es,2011-07-22,,25857.22
6,16_38,es,2011-07-22,,56782.49
3,11_95,es,2011-07-22,,78655.5
4,22_9,es,2011-07-22,,29940.32
3,11_92,es,2011-07-22,,72408.66
2,11_74,es,2011-07-22,,22830.17
2,11_13,es,2011-07-22,,41603.4
3,12_40,es,2011-07-22,,45045.74
7,7_40,es,2011-07-22,,35733.76
3,41_40,es,2011-07-22,,52778.94
4,43_38,es,2011-07-22,,45113.86
4,10_23,es,2011-07-22,,64102.76
1,20_92,es,2011-07-22,,144966.99
1,28_91,es,2011-07-22,,50789.23
3,17_4,es,2011-07-22,,26116.9
1,18_74,es,2011-07-22,,23877.12
3,19_23,es,2011-07-22,,29336.23
1,13_4,es,2011-07-22,,41928.22
1,13_91,es,2011-07-22,,82866.55
4,23_40,es,2011-07-22,,56343.1
2,32_92,es,2011-07-22,,90507.46
7,6_38,es,2011-07-22,,78702.93
1,12_8,es,2011-07-22,,41663.63
5,10_16,es,2011-07-22,,33696.16
3,14_91,es,2011-07-22,,80495.27
3,20_91,es,2011-07-22,,68156.14
6,27_80,es,2011-07-22,,28961.01
2,22_40,es,2011-07-22,,50075.17
5,20_9,es,2011-07-22,,41778.63
6,14_1,es,2011-07-22,,18080.93
6,30_91,es,2011-07-22,,32077.73
4,38_38,es,2011-07-22,,45542.03
5,13_23,es,2011-07-22,,27703.51
6,1_38,es,2011-07-22,,65138.27
4,11_7,es,2011-07-22,,26797.17
4,10_38,es,2011-07-22,,68803.36
6,23_92,es,2011-07-22,,57390.38
3,21_72,es,2011-07-22,,39446.83
7,20_90,es,2011-07-22,,88227.04
2,2_87,es,2011-07-22,,21385.76
3,3_72,es,2011-07-22,,19705.6
2,4_95,es,2011-07-22,,163241.85
6,24_87,es,2011-07-22,,26884.08
4,23_22,es,2011-07-22,,19152.96
2,37_95,es,2011-07-22,,48546.44
5,34_91,es,2011-07-22,,35670.52
3,4_8,es,2011-07-22,,59683.29
7,16_95,es,2011-07-22,,33767.91
5,10_34,es,2011-07-22,,46633.83
1,44_94,es,2011-07-22,,25037.72
5,40_4,es,2011-07-29,,26456.87
1,10_5,es,2011-07-29,,36288.49
1,23_16,es,2011-07-29,,29094.58
7,13_13,es,2011-07-29,,44859.4
4,29_40,es,2011-07-29,,25258.43
4,23_74,es,2011-07-29,,40455.97
7,1_97,es,2011-07-29,,32060.9
4,16_40,es,2011-07-29,,38032.39
6,40_2,es,2011-07-29,,28244.89
6,24_90,es,2011-07-29,,70057.7
6,23_72,es,2011-07-29,,63504.49
3,31_13,es,2011-07-29,,38956.5
6,26_40,es,2011-07-29,,37443.93
2,20_7,es,2011-07-29,,28182.34
4,19_2,es,2011-07-29,,48824.33
3,6_72,es,2011-07-29,,70658
6,26_92,es,2011-07-29,,80427.06
2,2_81,es,2011-07-29,,27212.89
2,17_95,es,2011-07-29,,56796.33
4,31_2,es,2011-07-29,,57391.55
7,4_94,es,2011-07-29,,68641.01
2,35_14,es,2011-07-29,,20141.05
7,11_93,es,2011-07-29,,28364.27
3,6_96,es,2011-07-29,,33119.56
2,45_13,es,2011-07-29,,26800.85
1,12_34,es,2011-07-29,,21118.24
7,42_38,es,2011-07-29,,33074.79
6,4_96,es,2011-07-29,,40811.32
1,6_93,es,2011-07-29,,37931.07
7,14_2,es,2011-07-29,,81266.9
3,15_72,es,2011-07-29,,30903.77
3,2_16,es,2011-07-29,,26455.06
3,19_9,es,2011-07-29,,33740.04
4,18_72,es,2011-07-29,,37444.07
3,32_90,es,2011-07-29,,58865.21
4,22_38,es,2011-07-29,,65710.94
3,9_38,es,2011-07-29,,72473.38
2,16_72,es,2011-07-29,,29760.66
4,10_72,es,2011-07-29,,108258.38
5,1_1,es,2011-07-29,,15922.41
5,31_46,es,2011-07-29,,25825.18
3,36_95,es,2011-07-29,,40836.2
1,10_40,es,2011-07-29,,88742.79
4,30_92,es,2011-07-29,,46581.15
1,11_46,es,2011-07-29,,25609.37
1,41_91,es,2011-07-29,,47711.65
7,4_9,es,2011-07-29,,33467.4
2,2_2,es,2011-07-29,,62022.55
5,32_95,es,2011-07-29,,90932.44
6,30_95,es,2011-07-29,,44558.63
3,26_4,es,2011-07-29,,26507.14
5,16_38,es,2011-07-29,,54053.9
5,11_95,es,2011-07-29,,76203.31
4,22_9,es,2011-07-29,,25728.84
5,11_92,es,2011-07-29,,66620.43
6,11_74,es,2011-07-29,,20286.28
4,11_13,es,2011-07-29,,37400.2
1,12_40,es,2011-07-29,,41494.4
4,7_40,es,2011-07-29,,36385.43
2,41_40,es,2011-07-29,,52831.82
1,43_38,es,2011-07-29,,46180.97
7,10_23,es,2011-07-29,,61758.84
6,20_92,es,2011-07-29,,139187.44
5,28_91,es,2011-07-29,,45355.79
3,17_4,es,2011-07-29,,24866.36
4,18_74,es,2011-07-29,,22982.12
5,19_23,es,2011-07-29,,25991.28
3,13_4,es,2011-07-29,,42967.44
1,13_91,es,2011-07-29,,73524.25
1,23_40,es,2011-07-29,,58266.04
3,32_92,es,2011-07-29,,90993.55
6,6_38,es,2011-07-29,,75643.35
6,12_8,es,2011-07-29,,39289.57
5,10_16,es,2011-07-29,,32617.76
2,14_91,es,2011-07-29,,79924.24
3,20_91,es,2011-07-29,,63473.78
7,27_80,es,2011-07-29,,27616.61
6,22_40,es,2011-07-29,,49702.2
6,20_9,es,2011-07-29,,39236.99
5,14_1,es,2011-07-29,,17904.65
4,30_91,es,2011-07-29,,30278.61
7,38_38,es,2011-07-29,,51573.52
2,13_23,es,2011-07-29,,27959.91
2,1_38,es,2011-07-29,,68425.21
3,11_7,es,2011-07-29,,25608.69
5,10_38,es,2011-07-29,,85038.76
3,23_92,es,2011-07-29,,56368.24
5,21_72,es,2011-07-29,,37047.9
3,20_90,es,2011-07-29,,85545.11
4,2_87,es,2011-07-29,,22011.62
1,3_72,es,2011-07-29,,17620.81
4,4_95,es,2011-07-29,,151115.36
4,24_87,es,2011-07-29,,29095.78
4,23_22,es,2011-07-29,,22190.24
4,37_95,es,2011-07-29,,49765.82
5,34_91,es,2011-07-29,,29751.82
6,4_8,es,2011-07-29,,57131.07
4,16_95,es,2011-07-29,,36748.17
2,10_34,es,2011-07-29,,44984.79
6,44_94,es,2011-07-29,,24216.6
2,40_4,es,2011-08-05,,29709.39
6,10_5,es,2011-08-05,,43187.64
3,23_16,es,2011-08-05,,22816.83
7,13_13,es,2011-08-05,,53669.24
6,29_40,es,2011-08-05,,26615.18
1,23_74,es,2011-08-05,,46688.21
1,1_97,es,2011-08-05,,37986.05
2,16_40,es,2011-08-05,,37519.34
2,40_2,es,2011-08-05,,30689.9
4,24_90,es,2011-08-05,,77804.67
7,23_72,es,2011-08-05,,67280.69
3,31_13,es,2011-08-05,,42033.46
6,26_40,es,2011-08-05,,39141.73
5,20_7,es,2011-08-05,,31850.72
5,19_2,es,2011-08-05,,54845.42
7,6_72,es,2011-08-05,,80258.52
6,26_92,es,2011-08-05,,96906.53
6,2_81,es,2011-08-05,,30169.87
1,17_95,es,2011-08-05,,52301.54
2,31_2,es,2011-08-05,,60732
3,4_94,es,2011-08-05,,75362.66
6,35_14,es,2011-08-05,,24521.22
7,11_93,es,2011-08-05,,35331.39
7,6_96,es,2011-08-05,,32025.82
5,45_13,es,2011-08-05,,26740.6
5,12_34,es,2011-08-05,,27333.57
2,42_38,es,2011-08-05,,31893.67
7,4_96,es,2011-08-05,,42374.66
4,6_93,es,2011-08-05,,39872.11
6,14_2,es,2011-08-05,,86682.47
6,15_72,es,2011-08-05,,35392.85
4,2_16,es,2011-08-05,,23871.68
7,19_9,es,2011-08-05,,32417.12
6,18_72,es,2011-08-05,,43072.2
5,32_90,es,2011-08-05,,62832.62
6,22_38,es,2011-08-05,,65543.99
1,9_38,es,2011-08-05,,86246.24
7,16_72,es,2011-08-05,,32165.38
7,10_72,es,2011-08-05,,128649.15
2,1_1,es,2011-08-05,,15295.55
6,31_46,es,2011-08-05,,25589.08
2,36_95,es,2011-08-05,,41885.14
6,10_40,es,2011-08-05,,93233.24
7,30_92,es,2011-08-05,,49206.85
3,11_46,es,2011-08-05,,28601.51
1,41_91,es,2011-08-05,,53665.95
3,4_9,es,2011-08-05,,34384.83
5,2_2,es,2011-08-05,,67755.05
7,32_95,es,2011-08-05,,94673.1
3,30_95,es,2011-08-05,,45588.07
4,26_4,es,2011-08-05,,28152.23
3,16_38,es,2011-08-05,,51382.27
3,11_95,es,2011-08-05,,88954.45
3,22_9,es,2011-08-05,,27698.37
4,11_92,es,2011-08-05,,83538.14
2,11_74,es,2011-08-05,,23398.46
3,11_13,es,2011-08-05,,44550.71
7,12_40,es,2011-08-05,,46274.42
2,7_40,es,2011-08-05,,36545.55
2,41_40,es,2011-08-05,,57621.59
2,43_38,es,2011-08-05,,57741.27
1,10_23,es,2011-08-05,,72764.77
1,20_92,es,2011-08-05,,172936.71
1,28_91,es,2011-08-05,,88261.48
5,17_4,es,2011-08-05,,22909.27
3,18_74,es,2011-08-05,,27923
7,19_23,es,2011-08-05,,25078.91
5,13_4,es,2011-08-05,,47641.46
4,13_91,es,2011-08-05,,81708.9
3,23_40,es,2011-08-05,,61336.15
2,32_92,es,2011-08-05,,100498.32
1,6_38,es,2011-08-05,,79526.26
5,12_8,es,2011-08-05,,43581.2
5,10_16,es,2011-08-05,,40620.73
3,14_91,es,2011-08-05,,97728.65
1,20_91,es,2011-08-05,,82873.35
2,27_80,es,2011-08-05,,26543.04
6,22_40,es,2011-08-05,,52224.63
3,20_9,es,2011-08-05,,42010.18
2,14_1,es,2011-08-05,,18296.65
4,30_91,es,2011-08-05,,33574.44
4,38_38,es,2011-08-05,,66011.27
5,13_23,es,2011-08-05,,30913.6
2,1_38,es,2011-08-05,,96719.55
7,11_7,es,2011-08-05,,27422.44
4,10_38,es,2011-08-05,,81325.17
6,23_92,es,2011-08-05,,67442.05
4,21_72,es,2011-08-05,,42728.29
7,20_90,es,2011-08-05,,98670.41
4,2_87,es,2011-08-05,,28359.46
3,3_72,es,2011-08-05,,21456.5
6,4_95,es,2011-08-05,,159259.22
7,24_87,es,2011-08-05,,32852.89
7,23_22,es,2011-08-05,,26126.83
6,37_95,es,2011-08-05,,50591.65
2,34_91,es,2011-08-05,,35401.7
2,4_8,es,2011-08-05,,63685.15
6,16_95,es,2011-08-05,,37513.12
7,10_34,es,2011-08-05,,50046.3
4,44_94,es,2011-08-05,,25935.81
7,40_4,es,2011-08-12,,27360.11
7,10_5,es,2011-08-12,,37897.15
5,23_16,es,2011-08-12,,17724.38
5,13_13,es,2011-08-12,,47330.49
5,29_40,es,2011-08-12,,26997.13
3,23_74,es,2011-08-12,,47004.69
2,1_97,es,2011-08-12,,37747.44
2,16_40,es,2011-08-12,,37667.49
4,40_2,es,2011-08-12,,29521.47
5,24_90,es,2011-08-12,,79112.81
4,23_72,es,2011-08-12,,64383.87
3,31_13,es,2011-08-12,,41751.79
6,26_40,es,2011-08-12,,39197.7
4,20_7,es,2011-08-12,,25753.96
4,19_2,es,2011-08-12,,52880.06
6,6_72,es,2011-08-12,,69171.8
7,26_92,es,2011-08-12,,93798.16
4,2_81,es,2011-08-12,,29995.64
4,17_95,es,2011-08-12,,47527.17
4,31_2,es,2011-08-12,,59477.38
3,4_94,es,2011-08-12,,74975.11
5,35_14,es,2011-08-12,,23775.3
2,11_93,es,2011-08-12,,34591.41
6,6_96,es,2011-08-12,,34529.32
3,45_13,es,2011-08-12,,25869.33
5,12_34,es,2011-08-12,,22609.2
3,42_38,es,2011-08-12,,28843.57
7,4_96,es,2011-08-12,,40623.91
4,6_93,es,2011-08-12,,40223.74
4,14_2,es,2011-08-12,,81752.97
2,15_72,es,2011-08-12,,31898.96
3,2_16,es,2011-08-12,,21574.38
1,19_9,es,2011-08-12,,29564.88
5,18_72,es,2011-08-12,,38863.59
6,32_90,es,2011-08-12,,63096.26
2,22_38,es,2011-08-12,,73586.93
4,9_38,es,2011-08-12,,87993.83
1,16_72,es,2011-08-12,,27000.46
6,10_72,es,2011-08-12,,129239
3,1_1,es,2011-08-12,,14539.79
4,31_46,es,2011-08-12,,24770.65
1,36_95,es,2011-08-12,,44609.41
5,10_40,es,2011-08-12,,93704.22
5,30_92,es,2011-08-12,,48854.61
7,11_46,es,2011-08-12,,28337.85
3,41_91,es,2011-08-12,,54532.21
2,4_9,es,2011-08-12,,31204.51
4,2_2,es,2011-08-12,,66849.04
3,32_95,es,2011-08-12,,93741.43
1,30_95,es,2011-08-12,,46866.18
5,26_4,es,2011-08-12,,27904.43
4,16_38,es,2011-08-12,,55001.79
4,11_95,es,2011-08-12,,87498.33
5,22_9,es,2011-08-12,,24682.57
3,11_92,es,2011-08-12,,82991.62
1,11_74,es,2011-08-12,,24861.8
5,11_13,es,2011-08-12,,42420.15
6,12_40,es,2011-08-12,,45174.39
7,7_40,es,2011-08-12,,36634.3
2,41_40,es,2011-08-12,,53591.12
7,43_38,es,2011-08-12,,52353.83
7,10_23,es,2011-08-12,,76763.05
7,20_92,es,2011-08-12,,173616.04
3,28_91,es,2011-08-12,,59261.81
3,17_4,es,2011-08-12,,20813.04
1,18_74,es,2011-08-12,,27937.94
7,19_23,es,2011-08-12,,24302.15
2,13_4,es,2011-08-12,,42561.39
2,13_91,es,2011-08-12,,81423.08
2,23_40,es,2011-08-12,,60326.29
6,32_92,es,2011-08-12,,100054.87
6,6_38,es,2011-08-12,,64896.66
7,12_8,es,2011-08-12,,41520.03
3,10_16,es,2011-08-12,,31063.6
5,14_91,es,2011-08-12,,89657.48
2,20_91,es,2011-08-12,,86820.15
2,27_80,es,2011-08-12,,27614.18
5,22_40,es,2011-08-12,,49493.3
1,20_9,es,2011-08-12,,37131.62
6,14_1,es,2011-08-12,,17671.97
7,30_91,es,2011-08-12,,33997.03
7,38_38,es,2011-08-12,,54356.16
3,13_23,es,2011-08-12,,30219.94
7,1_38,es,2011-08-12,,69572.84
1,11_7,es,2011-08-12,,24010.02
7,10_38,es,2011-08-12,,83514.5
6,23_92,es,2011-08-12,,58398.13
2,21_72,es,2011-08-12,,39379.28
6,20_90,es,2011-08-12,,101418.55
2,2_87,es,2011-08-12,,21085.27
4,3_72,es,2011-08-12,,21711.73
2,4_95,es,2011-08-12,,167571.2
5,24_87,es,2011-08-12,,28669.15
6,23_22,es,2011-08-12,,23874.54
7,37_95,es,2011-08-12,,52171.71
1,34_91,es,2011-08-12,,36727.09
4,4_8,es,2011-08-12,,55951.73
2,16_95,es,2011-08-12,,32474
1,10_34,es,2011-08-12,,50332.55
1,44_94,es,2011-08-12,,24973.05
4,40_4,es,2011-08-19,,26512.66
2,10_5,es,2011-08-19,,40381.49
4,23_16,es,2011-08-19,,14442.23
7,13_13,es,2011-08-19,,51720.19
1,29_40,es,2011-08-19,,26170.86
2,23_74,es,2011-08-19,,52821.44
2,1_97,es,2011-08-19,,38711.47
6,16_40,es,2011-08-19,,34998.64
7,40_2,es,2011-08-19,,28742.79
7,24_90,es,2011-08-19,,73663.03
5,23_72,es,2011-08-19,,74450.97
2,31_13,es,2011-08-19,,45419.41
6,26_40,es,2011-08-19,,36467.04
4,20_7,es,2011-08-19,,31326.35
2,19_2,es,2011-08-19,,53848.31
1,6_72,es,2011-08-19,,65710.37
3,26_92,es,2011-08-19,,84216.4
6,2_81,es,2011-08-19,,28834.69
1,17_95,es,2011-08-19,,46379.05
1,31_2,es,2011-08-19,,64694.22
5,4_94,es,2011-08-19,,77493.27
3,35_14,es,2011-08-19,,28561.33
4,11_93,es,2011-08-19,,32930.85
3,6_96,es,2011-08-19,,30214.38
3,45_13,es,2011-08-19,,27702.37
1,12_34,es,2011-08-19,,22427.34
6,42_38,es,2011-08-19,,31564.97
6,4_96,es,2011-08-19,,39067.23
4,6_93,es,2011-08-19,,37849.02
4,14_2,es,2011-08-19,,80928.81
2,15_72,es,2011-08-19,,28839.52
5,2_16,es,2011-08-19,,19526.92
2,19_9,es,2011-08-19,,40282.2
3,18_72,es,2011-08-19,,41171.13
3,32_90,es,2011-08-19,,63442.63
7,22_38,es,2011-08-19,,64001.7
2,9_38,es,2011-08-19,,80156.68
7,16_72,es,2011-08-19,,39580.69
3,10_72,es,2011-08-19,,152246.75
2,1_1,es,2011-08-19,,14689.24
7,31_46,es,2011-08-19,,25890.08
4,36_95,es,2011-08-19,,42815.96
4,10_40,es,2011-08-19,,92525.37
5,30_92,es,2011-08-19,,48004.26
1,11_46,es,2011-08-19,,29624.06
7,41_91,es,2011-08-19,,53808.06
6,4_9,es,2011-08-19,,30244.59
2,2_2,es,2011-08-19,,67360.35
2,32_95,es,2011-08-19,,93715.31
5,30_95,es,2011-08-19,,42678.93
4,26_4,es,2011-08-19,,27582.69
6,16_38,es,2011-08-19,,63208.69
3,11_95,es,2011-08-19,,89679.64
4,22_9,es,2011-08-19,,22320.65
2,11_92,es,2011-08-19,,84088.95
2,11_74,es,2011-08-19,,26893.05
6,11_13,es,2011-08-19,,47559.32
4,12_40,es,2011-08-19,,42831.77
4,7_40,es,2011-08-19,,37010.87
7,41_40,es,2011-08-19,,55702.95
3,43_38,es,2011-08-19,,52462
3,10_23,es,2011-08-19,,68116.85
5,20_92,es,2011-08-19,,154544.41
6,28_91,es,2011-08-19,,50754.74
5,17_4,es,2011-08-19,,21175.43
5,18_74,es,2011-08-19,,28980.4
4,19_23,es,2011-08-19,,25262.96
5,13_4,es,2011-08-19,,47437.61
1,13_91,es,2011-08-19,,85079.48
3,23_40,es,2011-08-19,,63821.97
6,32_92,es,2011-08-19,,96749.35
5,6_38,es,2011-08-19,,69180.03
2,12_8,es,2011-08-19,,40650.78
4,10_16,es,2011-08-19,,33087.25
4,14_91,es,2011-08-19,,83730.39
6,20_91,es,2011-08-19,,72312.4
4,27_80,es,2011-08-19,,26359.49
3,22_40,es,2011-08-19,,50863.6
3,20_9,es,2011-08-19,,38187.37
4,14_1,es,2011-08-19,,18218.25
6,30_91,es,2011-08-19,,32845.22
5,38_38,es,2011-08-19,,46119.51
7,13_23,es,2011-08-19,,33724.63
5,1_38,es,2011-08-19,,71090.57
3,11_7,es,2011-08-19,,23047.1
1,10_38,es,2011-08-19,,79557.55
5,23_92,es,2011-08-19,,58665.91
1,21_72,es,2011-08-19,,42254.39
3,20_90,es,2011-08-19,,94998.98
4,2_87,es,2011-08-19,,18737.89
4,3_72,es,2011-08-19,,20762.82
4,4_95,es,2011-08-19,,168722.92
2,24_87,es,2011-08-19,,26922.77
3,23_22,es,2011-08-19,,29679.99
1,37_95,es,2011-08-19,,51238.77
6,34_91,es,2011-08-19,,35960.11
7,4_8,es,2011-08-19,,60312.08
6,16_95,es,2011-08-19,,28989.81
2,10_34,es,2011-08-19,,46721.54
3,44_94,es,2011-08-19,,23961.68
4,40_4,es,2011-08-26,,27182.48
3,10_5,es,2011-08-26,,37838.57
1,23_16,es,2011-08-26,,12798.67
4,13_13,es,2011-08-26,,53482.66
1,29_40,es,2011-08-26,,29529.16
4,23_74,es,2011-08-26,,66301.3
4,1_97,es,2011-08-26,,33691.44
1,16_40,es,2011-08-26,,31785.88
7,40_2,es,2011-08-26,,30453.73
7,24_90,es,2011-08-26,,78140.16
5,23_72,es,2011-08-26,,88503.68
7,31_13,es,2011-08-26,,42480.95
2,26_40,es,2011-08-26,,38572.02
5,20_7,es,2011-08-26,,30152.88
3,19_2,es,2011-08-26,,62338.12
5,6_72,es,2011-08-26,,65571.8
7,26_92,es,2011-08-26,,87235.57
1,2_81,es,2011-08-26,,28040.42
2,17_95,es,2011-08-26,,48183.09
2,31_2,es,2011-08-26,,61707.64
4,4_94,es,2011-08-26,,73028.12
4,35_14,es,2011-08-26,,25683.64
4,11_93,es,2011-08-26,,28976.57
3,6_96,es,2011-08-26,,27653.76
6,45_13,es,2011-08-26,,29436.28
6,12_34,es,2011-08-26,,21335.3
6,42_38,es,2011-08-26,,38479.03
2,4_96,es,2011-08-26,,38967.06
7,6_93,es,2011-08-26,,33122.27
3,14_2,es,2011-08-26,,87691.21
7,15_72,es,2011-08-26,,27451.68
1,2_16,es,2011-08-26,,18011.32
7,19_9,es,2011-08-26,,35708.91
6,18_72,es,2011-08-26,,50015.85
1,32_90,es,2011-08-26,,63662.46
3,22_38,es,2011-08-26,,67652.79
1,9_38,es,2011-08-26,,68660.07
1,16_72,es,2011-08-26,,34727.35
4,10_72,es,2011-08-26,,125855.98
2,1_1,es,2011-08-26,,14537.37
4,31_46,es,2011-08-26,,26249.3
1,36_95,es,2011-08-26,,41497.44
5,10_40,es,2011-08-26,,90741.13
5,30_92,es,2011-08-26,,45774.11
3,11_46,es,2011-08-26,,28073.27
6,41_91,es,2011-08-26,,53275.58
6,4_9,es,2011-08-26,,34082.96
2,2_2,es,2011-08-26,,69418.62
2,32_95,es,2011-08-26,,91455.23
5,30_95,es,2011-08-26,,40912.7
3,26_4,es,2011-08-26,,27958.68
4,16_38,es,2011-08-26,,51494.92
3,11_95,es,2011-08-26,,82623.45
6,22_9,es,2011-08-26,,35857.56
1,11_92,es,2011-08-26,,71656.05
7,11_74,es,2011-08-26,,23729.51
6,11_13,es,2011-08-26,,41514.87
6,12_40,es,2011-08-26,,41814.56
4,7_40,es,2011-08-26,,34481.24
5,41_40,es,2011-08-26,,55168.15
3,43_38,es,2011-08-26,,42879.9
4,10_23,es,2011-08-26,,55395.83
2,20_92,es,2011-08-26,,144088.38
1,28_91,es,2011-08-26,,45448.74
5,17_4,es,2011-08-26,,22408.18
5,18_74,es,2011-08-26,,28469.54
6,19_23,es,2011-08-26,,26260.84
1,13_4,es,2011-08-26,,46806.82
7,13_91,es,2011-08-26,,80455.84
5,23_40,es,2011-08-26,,71871.95
1,32_92,es,2011-08-26,,99469.87
3,6_38,es,2011-08-26,,66918.12
4,12_8,es,2011-08-26,,41843.2
2,10_16,es,2011-08-26,,28191.23
2,14_91,es,2011-08-26,,97952.46
4,20_91,es,2011-08-26,,66772.06
7,27_80,es,2011-08-26,,30124.75
1,22_40,es,2011-08-26,,56167
4,20_9,es,2011-08-26,,34789.01
7,14_1,es,2011-08-26,,20448.9
4,30_91,es,2011-08-26,,31018.41
5,38_38,es,2011-08-26,,53119.68
5,13_23,es,2011-08-26,,30450.7
5,1_38,es,2011-08-26,,60459.08
5,11_7,es,2011-08-26,,21293.99
3,10_38,es,2011-08-26,,70091.05
3,23_92,es,2011-08-26,,72937.54
7,21_72,es,2011-08-26,,28927.66
2,20_90,es,2011-08-26,,93728.36
6,2_87,es,2011-08-26,,21253.25
3,3_72,es,2011-08-26,,18753.03
4,4_95,es,2011-08-26,,155105.39
4,24_87,es,2011-08-26,,24864.74
3,23_22,es,2011-08-26,,30925.64
6,37_95,es,2011-08-26,,54922.69
3,34_91,es,2011-08-26,,31613.13
5,4_8,es,2011-08-26,,57193.32
2,16_95,es,2011-08-26,,31178.44
5,10_34,es,2011-08-26,,39004.9
5,44_94,es,2011-08-26,,25724.73
1,40_4,es,2011-09-02,,26046.42
4,10_5,es,2011-09-02,,33630.17
3,23_16,es,2011-09-02,,9472.42
4,13_13,es,2011-09-02,,53292.8
1,29_40,es,2011-09-02,,23403.91
4,23_74,es,2011-09-02,,52045.99
4,1_97,es,2011-09-02,,36907.61
2,16_40,es,2011-09-02,,33323.91
2,40_2,es,2011-09-02,,27253.08
3,24_90,es,2011-09-02,,64730.71
6,23_72,es,2011-09-02,,81111.56
2,31_13,es,2011-09-02,,44226.92
6,26_40,es,2011-09-02,,37039.7
2,20_7,es,2011-09-02,,29923.64
4,19_2,es,2011-09-02,,59970.83
4,6_72,es,2011-09-02,,65146.4
1,26_92,es,2011-09-02,,83393.48
5,2_81,es,2011-09-02,,28991.82
1,17_95,es,2011-09-02,,49286.59
5,31_2,es,2011-09-02,,61736.86
5,4_94,es,2011-09-02,,70893.22
5,35_14,es,2011-09-02,,21750.85
4,11_93,es,2011-09-02,,32466.29
5,6_96,es,2011-09-02,,35365.2
7,45_13,es,2011-09-02,,26453.78
5,12_34,es,2011-09-02,,23816.72
1,42_38,es,2011-09-02,,36709.96
7,4_96,es,2011-09-02,,44365.81
4,6_93,es,2011-09-02,,38718.93
6,14_2,es,2011-09-02,,69212.39
6,15_72,es,2011-09-02,,45184.15
1,2_16,es,2011-09-02,,18111.52
5,19_9,es,2011-09-02,,40775.72
2,18_72,es,2011-09-02,,31163.36
5,32_90,es,2011-09-02,,64138.01
7,22_38,es,2011-09-02,,68698.75
4,9_38,es,2011-09-02,,82635
6,16_72,es,2011-09-02,,34024.49
3,10_72,es,2011-09-02,,139659.53
7,1_1,es,2011-09-02,,15277.27
2,31_46,es,2011-09-02,,25147.07
6,36_95,es,2011-09-02,,40810.26
4,10_40,es,2011-09-02,,96273.26
2,30_92,es,2011-09-02,,42569.85
6,11_46,es,2011-09-02,,26266.45
6,41_91,es,2011-09-02,,54134.03
4,4_9,es,2011-09-02,,50539.05
3,2_2,es,2011-09-02,,66006.89
1,32_95,es,2011-09-02,,92053.31
4,30_95,es,2011-09-02,,39999.25
5,26_4,es,2011-09-02,,27244.31
7,16_38,es,2011-09-02,,61469.73
1,11_95,es,2011-09-02,,84137.07
2,22_9,es,2011-09-02,,23062.05
4,11_92,es,2011-09-02,,73949.57
1,11_74,es,2011-09-02,,22458.14
1,11_13,es,2011-09-02,,43921.02
2,12_40,es,2011-09-02,,45515.88
2,7_40,es,2011-09-02,,31801.47
4,41_40,es,2011-09-02,,55671.3
7,43_38,es,2011-09-02,,60360.18
1,10_23,es,2011-09-02,,49337.1
3,20_92,es,2011-09-02,,164320.09
7,28_91,es,2011-09-02,,68989.56
7,17_4,es,2011-09-02,,26725.61
2,18_74,es,2011-09-02,,10984.18
4,19_23,es,2011-09-02,,29443.05
3,13_4,es,2011-09-02,,46643.92
6,13_91,es,2011-09-02,,77904.56
3,23_40,es,2011-09-02,,60171.78
2,32_92,es,2011-09-02,,98188.62
5,6_38,es,2011-09-02,,72892.66
4,12_8,es,2011-09-02,,42604.21
3,10_16,es,2011-09-02,,29295.78
2,14_91,es,2011-09-02,,68981.8
3,20_91,es,2011-09-02,,71858.92
2,27_80,es,2011-09-02,,23522.02
2,22_40,es,2011-09-02,,43584.48
4,20_9,es,2011-09-02,,39569.69
1,14_1,es,2011-09-02,,15794.13
4,30_91,es,2011-09-02,,27778.78
1,38_38,es,2011-09-02,,53546.34
4,13_23,es,2011-09-02,,23402.06
1,1_38,es,2011-09-02,,86374.76
3,11_7,es,2011-09-02,,23819.05
5,10_38,es,2011-09-02,,98658.34
2,23_92,es,2011-09-02,,72796.29
7,21_72,es,2011-09-02,,33546.56
6,20_90,es,2011-09-02,,101540.91
1,2_87,es,2011-09-02,,25586.38
6,3_72,es,2011-09-02,,18623.49
7,4_95,es,2011-09-02,,163045.62
4,24_87,es,2011-09-02,,31814.87
4,23_22,es,2011-09-02,,25766
1,37_95,es,2011-09-02,,56167.71
3,34_91,es,2011-09-02,,31942.75
3,4_8,es,2011-09-02,,61627.1
7,16_95,es,2011-09-02,,30917.8
2,10_34,es,2011-09-02,,36140.78
4,44_94,es,2011-09-02,,23532.28
5,40_4,es,2011-09-09,,27988.79
4,10_5,es,2011-09-09,,38749.03
3,23_16,es,2011-09-09,,9483.52
4,13_13,es,2011-09-09,,51472.28
1,29_40,es,2011-09-09,,26698.93
4,23_74,es,2011-09-09,,48244.88
4,1_97,es,2011-09-09,,39703.09
7,16_40,es,2011-09-09,,34252.51
3,40_2,es,2011-09-09,,29712.24
2,24_90,es,2011-09-09,,87388.78
1,23_72,es,2011-09-09,,78996.78
1,31_13,es,2011-09-09,,42107.19
6,26_40,es,2011-09-09,,37301.3
5,20_7,es,2011-09-09,,29893.41
1,19_2,es,2011-09-09,,55916.15
6,6_72,es,2011-09-09,,74476.16
6,26_92,es,2011-09-09,,103147.18
5,2_81,es,2011-09-09,,29674.69
4,17_95,es,2011-09-09,,55518.77
7,31_2,es,2011-09-09,,56711.76
3,4_94,es,2011-09-09,,71860.57
5,35_14,es,2011-09-09,,26447.78
4,11_93,es,2011-09-09,,35148.36
2,6_96,es,2011-09-09,,32022.01
4,45_13,es,2011-09-09,,28728.26
5,12_34,es,2011-09-09,,25419.27
4,42_38,es,2011-09-09,,29342.46
6,4_96,es,2011-09-09,,42256.84
7,6_93,es,2011-09-09,,41014.01
1,14_2,es,2011-09-09,,89013.67
7,15_72,es,2011-09-09,,30204.54
1,2_16,es,2011-09-09,,16794.46
5,19_9,es,2011-09-09,,39187.09
4,18_72,es,2011-09-09,,41685.65
2,32_90,es,2011-09-09,,66057.47
2,22_38,es,2011-09-09,,67276.63
6,9_38,es,2011-09-09,,83424.12
4,16_72,es,2011-09-09,,30248.12
6,10_72,es,2011-09-09,,123021.88
2,1_1,es,2011-09-09,,17746.68
7,31_46,es,2011-09-09,,22901.07
1,36_95,es,2011-09-09,,39929.82
6,10_40,es,2011-09-09,,93133.89
4,30_92,es,2011-09-09,,44023.11
4,11_46,es,2011-09-09,,24594.87
3,41_91,es,2011-09-09,,53203.46
1,4_9,es,2011-09-09,,44608.45
6,2_2,es,2011-09-09,,60703.72
1,32_95,es,2011-09-09,,86420.86
3,30_95,es,2011-09-09,,40598.54
7,26_4,es,2011-09-09,,27716.61
5,16_38,es,2011-09-09,,51627.76
2,11_95,es,2011-09-09,,81993.27
2,22_9,es,2011-09-09,,22507.25
5,11_92,es,2011-09-09,,76597.84
5,11_74,es,2011-09-09,,21958.42
1,11_13,es,2011-09-09,,41609.78
1,12_40,es,2011-09-09,,45783.45
4,7_40,es,2011-09-09,,30497.43
7,41_40,es,2011-09-09,,53523.39
4,43_38,es,2011-09-09,,60491
2,10_23,es,2011-09-09,,46835.92
6,20_92,es,2011-09-09,,177797.45
7,28_91,es,2011-09-09,,66880.69
3,17_4,es,2011-09-09,,45608.07
1,18_74,es,2011-09-09,,21231.63
2,19_23,es,2011-09-09,,30766.22
2,13_4,es,2011-09-09,,44023.1
3,13_91,es,2011-09-09,,79528.19
5,23_40,es,2011-09-09,,65330.78
4,32_92,es,2011-09-09,,102431
5,6_38,es,2011-09-09,,72475.64
2,12_8,es,2011-09-09,,42381.8
2,10_16,es,2011-09-09,,28999.75
2,14_91,es,2011-09-09,,101500.47
3,20_91,es,2011-09-09,,80149.04
5,27_80,es,2011-09-09,,28906.64
6,22_40,es,2011-09-09,,51093.99
2,20_9,es,2011-09-09,,38375.38
1,14_1,es,2011-09-09,,18495.98
5,30_91,es,2011-09-09,,28318.59
3,38_38,es,2011-09-09,,51304.25
5,13_23,es,2011-09-09,,21223.23
4,1_38,es,2011-09-09,,77634.79
7,11_7,es,2011-09-09,,24078
1,10_38,es,2011-09-09,,74690.39
6,23_92,es,2011-09-09,,70297.55
2,21_72,es,2011-09-09,,28140.37
5,20_90,es,2011-09-09,,107991.82
1,2_87,es,2011-09-09,,20688.38
7,3_72,es,2011-09-09,,24113.68
2,4_95,es,2011-09-09,,161286.24
3,24_87,es,2011-09-09,,30454.65
1,23_22,es,2011-09-09,,26965.96
6,37_95,es,2011-09-09,,51455.97
1,34_91,es,2011-09-09,,34459.67
5,4_8,es,2011-09-09,,61749.78
7,16_95,es,2011-09-09,,30165.68
7,10_34,es,2011-09-09,,36157.22
6,44_94,es,2011-09-09,,22801.45
3,40_4,es,2011-09-16,,26130.16
5,10_5,es,2011-09-16,,48452.46
7,23_16,es,2011-09-16,,7355.64
3,13_13,es,2011-09-16,,50208.22
6,29_40,es,2011-09-16,,26616.28
7,23_74,es,2011-09-16,,39797.15
3,1_97,es,2011-09-16,,38823.04
4,16_40,es,2011-09-16,,31429.31
3,40_2,es,2011-09-16,,26721.81
6,24_90,es,2011-09-16,,71708.44
7,23_72,es,2011-09-16,,68241.38
6,31_13,es,2011-09-16,,42199.07
6,26_40,es,2011-09-16,,38426.85
4,20_7,es,2011-09-16,,28062.79
2,19_2,es,2011-09-16,,48066.87
5,6_72,es,2011-09-16,,61254.69
1,26_92,es,2011-09-16,,82957.62
3,2_81,es,2011-09-16,,28390.32
3,17_95,es,2011-09-16,,53435.85
7,31_2,es,2011-09-16,,58887.81
2,4_94,es,2011-09-16,,70416.42
6,35_14,es,2011-09-16,,21762.11
7,11_93,es,2011-09-16,,36002.75
4,6_96,es,2011-09-16,,28189.33
2,45_13,es,2011-09-16,,30317.18
3,12_34,es,2011-09-16,,17517
2,42_38,es,2011-09-16,,32534.17
1,4_96,es,2011-09-16,,42781.12
5,6_93,es,2011-09-16,,38159.59
6,14_2,es,2011-09-16,,76045.64
1,15_72,es,2011-09-16,,34721.6
1,2_16,es,2011-09-16,,12371.14
4,19_9,es,2011-09-16,,37641.15
7,18_72,es,2011-09-16,,42525.86
3,32_90,es,2011-09-16,,64339.19
3,22_38,es,2011-09-16,,82999.73
4,9_38,es,2011-09-16,,82488.65
1,16_72,es,2011-09-16,,29568.92
6,10_72,es,2011-09-16,,113522.35
3,1_1,es,2011-09-16,,18535.48
6,31_46,es,2011-09-16,,23884.85
7,36_95,es,2011-09-16,,39943.04
6,10_40,es,2011-09-16,,91755.68
5,30_92,es,2011-09-16,,43417.45
2,11_46,es,2011-09-16,,25730.35
6,41_91,es,2011-09-16,,51481.85
5,4_9,es,2011-09-16,,39519.7
7,2_2,es,2011-09-16,,59135.08
2,32_95,es,2011-09-16,,86166.76
7,30_95,es,2011-09-16,,39114.21
7,26_4,es,2011-09-16,,24960.58
5,16_38,es,2011-09-16,,62851.21
2,11_95,es,2011-09-16,,82841.93
5,22_9,es,2011-09-16,,19582.58
3,11_92,es,2011-09-16,,81496.82
2,11_74,es,2011-09-16,,20396.63
3,11_13,es,2011-09-16,,41302.87
6,12_40,es,2011-09-16,,46324.06
6,7_40,es,2011-09-16,,28098.79
5,41_40,es,2011-09-16,,57082.97
2,43_38,es,2011-09-16,,54595.74
2,10_23,es,2011-09-16,,50779.91
7,20_92,es,2011-09-16,,174558.24
7,28_91,es,2011-09-16,,50511.51
3,17_4,es,2011-09-16,,30924.03
6,18_74,es,2011-09-16,,19442.67
7,19_23,es,2011-09-16,,25677.53
6,13_4,es,2011-09-16,,42856.79
5,13_91,es,2011-09-16,,86643.76
3,23_40,es,2011-09-16,,57943.58
2,32_92,es,2011-09-16,,102062.47
7,6_38,es,2011-09-16,,71692.79
5,12_8,es,2011-09-16,,40539.58
5,10_16,es,2011-09-16,,19744.71
1,14_91,es,2011-09-16,,84958.86
7,20_91,es,2011-09-16,,85744.84
3,27_80,es,2011-09-16,,27249.84
7,22_40,es,2011-09-16,,52190.76
3,20_9,es,2011-09-16,,36483.05
7,14_1,es,2011-09-16,,20940.6
6,30_91,es,2011-09-16,,28387.6
5,38_38,es,2011-09-16,,74547.99
4,13_23,es,2011-09-16,,20136.16
3,1_38,es,2011-09-16,,73226.9
2,11_7,es,2011-09-16,,25519.13
3,10_38,es,2011-09-16,,84057.42
6,23_92,es,2011-09-16,,62436.85
7,21_72,es,2011-09-16,,35043.14
5,20_90,es,2011-09-16,,102603.8
1,2_87,es,2011-09-16,,20009.37
1,3_72,es,2011-09-16,,20363.71
2,4_95,es,2011-09-16,,160298.69
2,24_87,es,2011-09-16,,25006.81
2,23_22,es,2011-09-16,,21887.74
5,37_95,es,2011-09-16,,54815.09
2,34_91,es,2011-09-16,,34970.9
1,4_8,es,2011-09-16,,59392.79
6,16_95,es,2011-09-16,,25712.08
1,10_34,es,2011-09-16,,37592.16
5,44_94,es,2011-09-16,,22257.72
2,40_4,es,2011-09-23,,23803.56
5,10_5,es,2011-09-23,,47777.08
6,23_16,es,2011-09-23,,6941.11
1,13_13,es,2011-09-23,,49472.94
2,29_40,es,2011-09-23,,28481.22
6,23_74,es,2011-09-23,,41756.07
4,1_97,es,2011-09-23,,33436.59
3,16_40,es,2011-09-23,,31424.95
1,40_2,es,2011-09-23,,25785.37
1,24_90,es,2011-09-23,,69533.74
1,23_72,es,2011-09-23,,68050.06
6,31_13,es,2011-09-23,,44043.59
3,26_40,es,2011-09-23,,37055.56
2,20_7,es,2011-09-23,,31719.35
1,19_2,es,2011-09-23,,47691.97
3,6_72,es,2011-09-23,,65346.06
1,26_92,es,2011-09-23,,80254.53
5,2_81,es,2011-09-23,,26661.68
1,17_95,es,2011-09-23,,51258.44
3,31_2,es,2011-09-23,,59729.69
5,4_94,es,2011-09-23,,66277.31
3,35_14,es,2011-09-23,,20457.46
4,11_93,es,2011-09-23,,29426.17
4,6_96,es,2011-09-23,,28462.31
1,45_13,es,2011-09-23,,28370.94
6,12_34,es,2011-09-23,,16228.04
4,42_38,es,2011-09-23,,31324.76
2,4_96,es,2011-09-23,,41526.81
5,6_93,es,2011-09-23,,33402.82
4,14_2,es,2011-09-23,,73926.25
4,15_72,es,2011-09-23,,29388.08
6,2_16,es,2011-09-23,,11305.76
7,19_9,es,2011-09-23,,39363.12
1,18_72,es,2011-09-23,,41481.17
3,32_90,es,2011-09-23,,62628.96
1,22_38,es,2011-09-23,,62434.75
1,9_38,es,2011-09-23,,81917.04
2,16_72,es,2011-09-23,,31814.73
3,10_72,es,2011-09-23,,116602.04
5,1_1,es,2011-09-23,,17859.3
5,31_46,es,2011-09-23,,24519.68
4,36_95,es,2011-09-23,,35641.66
4,10_40,es,2011-09-23,,94732
7,30_92,es,2011-09-23,,45831.47
7,11_46,es,2011-09-23,,24613.75
6,41_91,es,2011-09-23,,50048.95
4,4_9,es,2011-09-23,,34970.77
2,2_2,es,2011-09-23,,61107.02
3,32_95,es,2011-09-23,,83124.86
3,30_95,es,2011-09-23,,39569.48
4,26_4,es,2011-09-23,,24572.32
3,16_38,es,2011-09-23,,55492.99
4,11_95,es,2011-09-23,,77442.85
4,22_9,es,2011-09-23,,19324.06
5,11_92,es,2011-09-23,,71411.97
1,11_74,es,2011-09-23,,20301.53
1,11_13,es,2011-09-23,,41537.52
7,12_40,es,2011-09-23,,47648.37
2,7_40,es,2011-09-23,,27604.89
2,41_40,es,2011-09-23,,55459.87
1,43_38,es,2011-09-23,,49589.84
6,10_23,es,2011-09-23,,50189.1
7,20_92,es,2011-09-23,,153460.19
3,28_91,es,2011-09-23,,46171.79
5,17_4,es,2011-09-23,,24460.3
2,18_74,es,2011-09-23,,20251.33
6,19_23,es,2011-09-23,,27072.54
7,13_4,es,2011-09-23,,41407.74
2,13_91,es,2011-09-23,,78614.15
4,23_40,es,2011-09-23,,59469.89
2,32_92,es,2011-09-23,,100090.1
2,6_38,es,2011-09-23,,71776.72
1,12_8,es,2011-09-23,,41749.17
1,10_16,es,2011-09-23,,22060.37
3,14_91,es,2011-09-23,,87464.02
6,20_91,es,2011-09-23,,70389
6,27_80,es,2011-09-23,,24310.84
6,22_40,es,2011-09-23,,52578.4
4,20_9,es,2011-09-23,,37839.24
1,14_1,es,2011-09-23,,21799.18
5,30_91,es,2011-09-23,,28923.12
6,38_38,es,2011-09-23,,67477.61
3,13_23,es,2011-09-23,,22676.62
5,1_38,es,2011-09-23,,71469.16
5,11_7,es,2011-09-23,,23783.29
1,10_38,es,2011-09-23,,83300.23
1,23_92,es,2011-09-23,,63214.94
1,21_72,es,2011-09-23,,34835.29
5,20_90,es,2011-09-23,,95252.02
6,2_87,es,2011-09-23,,20776.12
2,3_72,es,2011-09-23,,19524.12
3,4_95,es,2011-09-23,,152195.84
5,24_87,es,2011-09-23,,24696.59
6,23_22,es,2011-09-23,,21388.95
5,37_95,es,2011-09-23,,53378.13
2,34_91,es,2011-09-23,,32446.35
7,4_8,es,2011-09-23,,58897.54
6,16_95,es,2011-09-23,,23663.35
7,10_34,es,2011-09-23,,33354.03
5,44_94,es,2011-09-23,,21858.81
6,40_4,es,2011-09-30,,25338.69
7,10_5,es,2011-09-30,,41554.29
6,23_16,es,2011-09-30,,5792.55
3,13_13,es,2011-09-30,,47698.32
4,29_40,es,2011-09-30,,26055.8
6,23_74,es,2011-09-30,,37475.82
4,1_97,es,2011-09-30,,32167.23
4,16_40,es,2011-09-30,,30934.29
5,40_2,es,2011-09-30,,25832.93
1,24_90,es,2011-09-30,,72853.84
3,23_72,es,2011-09-30,,67770.14
6,31_13,es,2011-09-30,,41569.73
7,26_40,es,2011-09-30,,37989.83
5,20_7,es,2011-09-30,,32771.52
4,19_2,es,2011-09-30,,49291.39
4,6_72,es,2011-09-30,,61300.94
3,26_92,es,2011-09-30,,79311.99
2,2_81,es,2011-09-30,,27370.3
4,17_95,es,2011-09-30,,51190.16
5,31_2,es,2011-09-30,,57310.51
2,4_94,es,2011-09-30,,63663.75
5,35_14,es,2011-09-30,,24384.37
5,11_93,es,2011-09-30,,28819.83
5,6_96,es,2011-09-30,,26305.58
1,45_13,es,2011-09-30,,30290.75
1,12_34,es,2011-09-30,,15394.47
5,42_38,es,2011-09-30,,42369.5
1,4_96,es,2011-09-30,,40911.13
6,6_93,es,2011-09-30,,34174.77
1,14_2,es,2011-09-30,,76028.85
5,15_72,es,2011-09-30,,24558.69
2,2_16,es,2011-09-30,,10694.72
1,19_9,es,2011-09-30,,53043.8
7,18_72,es,2011-09-30,,45074.25
6,32_90,es,2011-09-30,,61911.45
4,22_38,es,2011-09-30,,94309.4
7,9_38,es,2011-09-30,,73974.77
5,16_72,es,2011-09-30,,24264.37
1,10_72,es,2011-09-30,,123573.06
6,1_1,es,2011-09-30,,18337.68
7,31_46,es,2011-09-30,,23353.9
5,36_95,es,2011-09-30,,35634.49
5,10_40,es,2011-09-30,,92255.21
1,30_92,es,2011-09-30,,47806.63
5,11_46,es,2011-09-30,,24402.45
7,41_91,es,2011-09-30,,48219.38
2,4_9,es,2011-09-30,,31544.52
2,2_2,es,2011-09-30,,61698.6
3,32_95,es,2011-09-30,,83901.21
4,30_95,es,2011-09-30,,40843.11
3,26_4,es,2011-09-30,,25516.63
7,16_38,es,2011-09-30,,54517.01
1,11_95,es,2011-09-30,,74209.74
5,22_9,es,2011-09-30,,19691.97
7,11_92,es,2011-09-30,,68931.59
7,11_74,es,2011-09-30,,20893.5
3,11_13,es,2011-09-30,,39916.42
3,12_40,es,2011-09-30,,46850.64
1,7_40,es,2011-09-30,,27515.36
3,41_40,es,2011-09-30,,53165.3
3,43_38,es,2011-09-30,,54009.69
7,10_23,es,2011-09-30,,46833.86
6,20_92,es,2011-09-30,,150256.26
2,28_91,es,2011-09-30,,43969.9
4,17_4,es,2011-09-30,,22573.12
2,18_74,es,2011-09-30,,19554.25
1,19_23,es,2011-09-30,,23015.38
3,13_4,es,2011-09-30,,40831.88
3,13_91,es,2011-09-30,,77533.43
1,23_40,es,2011-09-30,,58453.16
2,32_92,es,2011-09-30,,98649.04
7,6_38,es,2011-09-30,,70946.97
4,12_8,es,2011-09-30,,42102.8
2,10_16,es,2011-09-30,,21897.09
4,14_91,es,2011-09-30,,82196.43
3,20_91,es,2011-09-30,,66867.96
5,27_80,es,2011-09-30,,25217.85
3,22_40,es,2011-09-30,,54808.36
2,20_9,es,2011-09-30,,55115.68
2,14_1,es,2011-09-30,,24104.79
3,30_91,es,2011-09-30,,25841.8
5,38_38,es,2011-09-30,,44301.57
4,13_23,es,2011-09-30,,22530.64
2,1_38,es,2011-09-30,,72839.02
1,11_7,es,2011-09-30,,25002.98
1,10_38,es,2011-09-30,,84365.26
7,23_92,es,2011-09-30,,67523.84
3,21_72,es,2011-09-30,,32290.05
6,20_90,es,2011-09-30,,93623.38
5,2_87,es,2011-09-30,,23292.29
6,3_72,es,2011-09-30,,20710.07
4,4_95,es,2011-09-30,,146715.05
4,24_87,es,2011-09-30,,25677.68
3,23_22,es,2011-09-30,,23556.87
7,37_95,es,2011-09-30,,53584.05
5,34_91,es,2011-09-30,,30708.62
4,4_8,es,2011-09-30,,58750.26
6,16_95,es,2011-09-30,,24283.32
6,10_34,es,2011-09-30,,33973.41
1,44_94,es,2011-09-30,,21135.94
6,40_4,es,2011-10-07,,28446.26
2,10_5,es,2011-10-07,,57616.25
6,23_16,es,2011-10-07,,5178.83
6,13_13,es,2011-10-07,,54237.09
1,29_40,es,2011-10-07,,28195.93
5,23_74,es,2011-10-07,,41191.44
1,1_97,es,2011-10-07,,40724.52
1,16_40,es,2011-10-07,,29899.37
2,40_2,es,2011-10-07,,28690.71
5,24_90,es,2011-10-07,,80857.32
7,23_72,es,2011-10-07,,81254.76
1,31_13,es,2011-10-07,,45559.09
3,26_40,es,2011-10-07,,41690.97
5,20_7,es,2011-10-07,,36548.54
4,19_2,es,2011-10-07,,49809.34
2,6_72,es,2011-10-07,,76236.88
7,26_92,es,2011-10-07,,110575.24
5,2_81,es,2011-10-07,,29750.22
3,17_95,es,2011-10-07,,52599.36
4,31_2,es,2011-10-07,,58996.4
7,4_94,es,2011-10-07,,65462.15
5,35_14,es,2011-10-07,,24219.08
1,11_93,es,2011-10-07,,34617.76
2,6_96,es,2011-10-07,,29124.79
7,45_13,es,2011-10-07,,30017.39
7,12_34,es,2011-10-07,,18838.04
3,42_38,es,2011-10-07,,32985.29
1,4_96,es,2011-10-07,,42861.93
1,6_93,es,2011-10-07,,40939.45
5,14_2,es,2011-10-07,,81123.63
7,15_72,es,2011-10-07,,28438.06
1,2_16,es,2011-10-07,,11698.05
4,19_9,es,2011-10-07,,40628.81
2,18_72,es,2011-10-07,,42507.32
5,32_90,es,2011-10-07,,66480.31
4,22_38,es,2011-10-07,,64931.41
6,9_38,es,2011-10-07,,87434.86
2,16_72,es,2011-10-07,,31101.56
7,10_72,es,2011-10-07,,126638.92
6,1_1,es,2011-10-07,,20797.58
7,31_46,es,2011-10-07,,24985.87
1,36_95,es,2011-10-07,,37439.3
5,10_40,es,2011-10-07,,99169.95
4,30_92,es,2011-10-07,,51487.8
5,11_46,es,2011-10-07,,26058.33
4,41_91,es,2011-10-07,,56748.99
3,4_9,es,2011-10-07,,30714.4
1,2_2,es,2011-10-07,,64978.04
3,32_95,es,2011-10-07,,88020.38
5,30_95,es,2011-10-07,,43741.96
2,26_4,es,2011-10-07,,27828.31
1,16_38,es,2011-10-07,,52041.41
1,11_95,es,2011-10-07,,82706.7
1,22_9,es,2011-10-07,,16531.46
7,11_92,es,2011-10-07,,84208.53
2,11_74,es,2011-10-07,,22377.98
4,11_13,es,2011-10-07,,44207.38
6,12_40,es,2011-10-07,,47296.04
7,7_40,es,2011-10-07,,27644.75
5,41_40,es,2011-10-07,,55472.87
5,43_38,es,2011-10-07,,71520.64
1,10_23,es,2011-10-07,,55787.23
2,20_92,es,2011-10-07,,187148.37
7,28_91,es,2011-10-07,,91715.98
6,17_4,es,2011-10-07,,23383.71
7,18_74,es,2011-10-07,,19103.64
2,19_23,es,2011-10-07,,30333.29
6,13_4,es,2011-10-07,,45361.55
6,13_91,es,2011-10-07,,85817.13
7,23_40,es,2011-10-07,,62658.61
2,32_92,es,2011-10-07,,106090.2
6,6_38,es,2011-10-07,,83846.66
5,12_8,es,2011-10-07,,42050.83
6,10_16,es,2011-10-07,,18724.89
3,14_91,es,2011-10-07,,111635.07
1,20_91,es,2011-10-07,,82492.4
7,27_80,es,2011-10-07,,24910.44
1,22_40,es,2011-10-07,,57330.65
7,20_9,es,2011-10-07,,40628.54
4,14_1,es,2011-10-07,,31258.49
3,30_91,es,2011-10-07,,30333.04
1,38_38,es,2011-10-07,,59311.5
7,13_23,es,2011-10-07,,30615.12
2,1_38,es,2011-10-07,,83059.47
3,11_7,es,2011-10-07,,26913.22
6,10_38,es,2011-10-07,,90270.56
7,23_92,es,2011-10-07,,77023.06
3,21_72,es,2011-10-07,,33738.1
2,20_90,es,2011-10-07,,107425.84
3,2_87,es,2011-10-07,,24201.86
7,3_72,es,2011-10-07,,21570.95
1,4_95,es,2011-10-07,,161042.12
6,24_87,es,2011-10-07,,29153.06
3,23_22,es,2011-10-07,,27156.03
6,37_95,es,2011-10-07,,54573.57
1,34_91,es,2011-10-07,,35800.08
1,4_8,es,2011-10-07,,64457.83
7,16_95,es,2011-10-07,,25375.61
5,10_34,es,2011-10-07,,37405.32
2,44_94,es,2011-10-07,,22909.67
1,40_4,es,2011-10-14,,25050.33
3,10_5,es,2011-10-14,,53009.89
3,23_16,es,2011-10-14,,5625.3
4,13_13,es,2011-10-14,,50613.39
7,29_40,es,2011-10-14,,27017.94
4,23_74,es,2011-10-14,,34467.34
1,1_97,es,2011-10-14,,37394.9
7,16_40,es,2011-10-14,,27753.43
4,40_2,es,2011-10-14,,25033.58
5,24_90,es,2011-10-14,,75336.25
6,23_72,es,2011-10-14,,63619.88
5,31_13,es,2011-10-14,,43719.19
7,26_40,es,2011-10-14,,39709.06
5,20_7,es,2011-10-14,,36824.17
7,19_2,es,2011-10-14,,47279.87
6,6_72,es,2011-10-14,,65459.42
4,26_92,es,2011-10-14,,88398.33
4,2_81,es,2011-10-14,,28381.76
1,17_95,es,2011-10-14,,49708.62
4,31_2,es,2011-10-14,,57718.9
6,4_94,es,2011-10-14,,64438.46
3,35_14,es,2011-10-14,,23284.61
2,11_93,es,2011-10-14,,34620.4
7,6_96,es,2011-10-14,,28907.45
4,45_13,es,2011-10-14,,27389.78
3,12_34,es,2011-10-14,,19509.47
1,42_38,es,2011-10-14,,33254.34
4,4_96,es,2011-10-14,,43889.35
2,6_93,es,2011-10-14,,37799.19
3,14_2,es,2011-10-14,,75554.32
4,15_72,es,2011-10-14,,25338.93
2,2_16,es,2011-10-14,,8461.04
1,19_9,es,2011-10-14,,45120.75
7,18_72,es,2011-10-14,,44937.24
4,32_90,es,2011-10-14,,66358.47
6,22_38,es,2011-10-14,,80620.39
3,9_38,es,2011-10-14,,86055.78
4,16_72,es,2011-10-14,,29170.36
6,10_72,es,2011-10-14,,117679.29
4,1_1,es,2011-10-14,,23077.55
6,31_46,es,2011-10-14,,23358.22
3,36_95,es,2011-10-14,,39604.71
6,10_40,es,2011-10-14,,95710.94
2,30_92,es,2011-10-14,,52539.58
4,11_46,es,2011-10-14,,23913.41
2,41_91,es,2011-10-14,,54499.41
4,4_9,es,2011-10-14,,33700.45
4,2_2,es,2011-10-14,,62476.91
6,32_95,es,2011-10-14,,83625.55
4,30_95,es,2011-10-14,,41689.71
1,26_4,es,2011-10-14,,23962.91
4,16_38,es,2011-10-14,,59843.83
1,11_95,es,2011-10-14,,75866.36
7,22_9,es,2011-10-14,,16333.2
3,11_92,es,2011-10-14,,82996.67
5,11_74,es,2011-10-14,,20054.04
2,11_13,es,2011-10-14,,42107.95
7,12_40,es,2011-10-14,,44963.3
5,7_40,es,2011-10-14,,25837.18
1,41_40,es,2011-10-14,,52866.82
3,43_38,es,2011-10-14,,48834.55
5,10_23,es,2011-10-14,,61447.35
1,20_92,es,2011-10-14,,182995.14
6,28_91,es,2011-10-14,,54995.16
1,17_4,es,2011-10-14,,22523
4,18_74,es,2011-10-14,,19770.97
3,19_23,es,2011-10-14,,23312.05
2,13_4,es,2011-10-14,,41003.77
3,13_91,es,2011-10-14,,82763.03
4,23_40,es,2011-10-14,,57943.46
6,32_92,es,2011-10-14,,111341.51
7,6_38,es,2011-10-14,,76015.3
4,12_8,es,2011-10-14,,41582.31
7,10_16,es,2011-10-14,,15496.18
2,14_91,es,2011-10-14,,93614.42
5,20_91,es,2011-10-14,,88067.03
5,27_80,es,2011-10-14,,26534.36
6,22_40,es,2011-10-14,,51931.91
3,20_9,es,2011-10-14,,37964.9
3,14_1,es,2011-10-14,,32669.97
1,30_91,es,2011-10-14,,30250.32
3,38_38,es,2011-10-14,,61039.01
4,13_23,es,2011-10-14,,27920.62
5,1_38,es,2011-10-14,,67590.65
2,11_7,es,2011-10-14,,25339.44
7,10_38,es,2011-10-14,,78538.35
2,23_92,es,2011-10-14,,65676.19
5,21_72,es,2011-10-14,,31853.65
1,20_90,es,2011-10-14,,103722.06
6,2_87,es,2011-10-14,,20161.96
5,3_72,es,2011-10-14,,23725.32
7,4_95,es,2011-10-14,,150298.33
1,24_87,es,2011-10-14,,26354.57
1,23_22,es,2011-10-14,,19689.89
1,37_95,es,2011-10-14,,52329.09
3,34_91,es,2011-10-14,,33078.67
3,4_8,es,2011-10-14,,60515.72
3,16_95,es,2011-10-14,,25449.16
5,10_34,es,2011-10-14,,36956.65
3,44_94,es,2011-10-14,,21575.57
3,40_4,es,2011-10-21,,23355.77
6,10_5,es,2011-10-21,,64236.97
7,23_16,es,2011-10-21,,4615.68
5,13_13,es,2011-10-21,,49135.39
5,29_40,es,2011-10-21,,28987.99
5,23_74,es,2011-10-21,,39291.23
7,1_97,es,2011-10-21,,34172.38
5,16_40,es,2011-10-21,,27377.17
5,40_2,es,2011-10-21,,25880.08
7,24_90,es,2011-10-21,,70878.92
6,23_72,es,2011-10-21,,93962.81
1,31_13,es,2011-10-21,,44647.83
3,26_40,es,2011-10-21,,37230.29
2,20_7,es,2011-10-21,,73104.29
7,19_2,es,2011-10-21,,47796.98
4,6_72,es,2011-10-21,,76700.89
5,26_92,es,2011-10-21,,81041.07
3,2_81,es,2011-10-21,,27723.18
3,17_95,es,2011-10-21,,50605.34
5,31_2,es,2011-10-21,,58352.83
2,4_94,es,2011-10-21,,67672.13
1,35_14,es,2011-10-21,,24773.92
1,11_93,es,2011-10-21,,31555.87
7,6_96,es,2011-10-21,,26781.65
6,45_13,es,2011-10-21,,28807.67
5,12_34,es,2011-10-21,,17580.52
3,42_38,es,2011-10-21,,24863.77
6,4_96,es,2011-10-21,,43740.79
2,6_93,es,2011-10-21,,34944.57
2,14_2,es,2011-10-21,,75579.03
7,15_72,es,2011-10-21,,51286.73
1,2_16,es,2011-10-21,,8275.43
5,19_9,es,2011-10-21,,35769.74
7,18_72,es,2011-10-21,,62544.32
1,32_90,es,2011-10-21,,62077.49
1,22_38,es,2011-10-21,,67654.96
4,9_38,es,2011-10-21,,88271.46
7,16_72,es,2011-10-21,,24695.4
6,10_72,es,2011-10-21,,145623.07
4,1_1,es,2011-10-21,,23351.8
3,31_46,es,2011-10-21,,24378.72
2,36_95,es,2011-10-21,,35806.86
2,10_40,es,2011-10-21,,92492.33
6,30_92,es,2011-10-21,,53108.41
1,11_46,es,2011-10-21,,26222.8
4,41_91,es,2011-10-21,,49715.58
7,4_9,es,2011-10-21,,36007.25
5,2_2,es,2011-10-21,,60669.07
7,32_95,es,2011-10-21,,81474.01
1,30_95,es,2011-10-21,,43475.5
7,26_4,es,2011-10-21,,24638.43
6,16_38,es,2011-10-21,,43473.56
7,11_95,es,2011-10-21,,76092.29
6,22_9,es,2011-10-21,,16119.57
6,11_92,es,2011-10-21,,77697.48
5,11_74,es,2011-10-21,,21188.13
3,11_13,es,2011-10-21,,41620.66
6,12_40,es,2011-10-21,,45262
6,7_40,es,2011-10-21,,25966.19
5,41_40,es,2011-10-21,,50810.16
2,43_38,es,2011-10-21,,55441.98
6,10_23,es,2011-10-21,,53643.42
1,20_92,es,2011-10-21,,168519.99
6,28_91,es,2011-10-21,,47261.27
7,17_4,es,2011-10-21,,23050.99
7,18_74,es,2011-10-21,,19807.78
4,19_23,es,2011-10-21,,28912.21
1,13_4,es,2011-10-21,,39894.92
3,13_91,es,2011-10-21,,85211.51
3,23_40,es,2011-10-21,,63730.09
1,32_92,es,2011-10-21,,106470.01
2,6_38,es,2011-10-21,,72333.68
4,12_8,es,2011-10-21,,41914.07
1,10_16,es,2011-10-21,,11785.44
7,14_91,es,2011-10-21,,88199.47
1,20_91,es,2011-10-21,,75449.82
2,27_80,es,2011-10-21,,25797.22
1,22_40,es,2011-10-21,,51924.93
1,20_9,es,2011-10-21,,38343.82
4,14_1,es,2011-10-21,,40963.89
3,30_91,es,2011-10-21,,31024.87
1,38_38,es,2011-10-21,,69247.49
6,13_23,es,2011-10-21,,26743.88
6,1_38,es,2011-10-21,,76702.9
1,11_7,es,2011-10-21,,40934.12
3,10_38,es,2011-10-21,,78613.61
7,23_92,es,2011-10-21,,67472.06
5,21_72,es,2011-10-21,,48566.85
5,20_90,es,2011-10-21,,99709.46
5,2_87,es,2011-10-21,,23045.15
4,3_72,es,2011-10-21,,29002.78
2,4_95,es,2011-10-21,,157955.97
1,24_87,es,2011-10-21,,26259.58
2,23_22,es,2011-10-21,,24069.73
5,37_95,es,2011-10-21,,53365.68
1,34_91,es,2011-10-21,,33517.88
5,4_8,es,2011-10-21,,63001.6
7,16_95,es,2011-10-21,,28853.32
2,10_34,es,2011-10-21,,35333.99
3,44_94,es,2011-10-21,,21145.96
4,40_4,es,2011-10-28,,23453.91
1,10_5,es,2011-10-28,,62747.68
1,23_16,es,2011-10-28,,5259.77
3,13_13,es,2011-10-28,,46940.97
1,29_40,es,2011-10-28,,27365.95
5,23_74,es,2011-10-28,,34027.39
4,1_97,es,2011-10-28,,31358.04
4,16_40,es,2011-10-28,,28445.22
2,40_2,es,2011-10-28,,24191.29
7,24_90,es,2011-10-28,,74241.32
5,23_72,es,2011-10-28,,83214.33
7,31_13,es,2011-10-28,,41332.47
2,26_40,es,2011-10-28,,36433.05
3,20_7,es,2011-10-28,,65791.98
1,19_2,es,2011-10-28,,47655.67
7,6_72,es,2011-10-28,,73178.81
1,26_92,es,2011-10-28,,81395.79
1,2_81,es,2011-10-28,,27167.49
5,17_95,es,2011-10-28,,50056.99
7,31_2,es,2011-10-28,,55985.15
4,4_94,es,2011-10-28,,67020.21
4,35_14,es,2011-10-28,,24977.8
7,11_93,es,2011-10-28,,27896.65
2,6_96,es,2011-10-28,,26610.38
2,45_13,es,2011-10-28,,26219.23
3,12_34,es,2011-10-28,,18881.91
4,42_38,es,2011-10-28,,38429.15
4,4_96,es,2011-10-28,,46213.2
4,6_93,es,2011-10-28,,33306.09
7,14_2,es,2011-10-28,,76477.54
2,15_72,es,2011-10-28,,37475.39
3,2_16,es,2011-10-28,,8030.03
2,19_9,es,2011-10-28,,32504.35
4,18_72,es,2011-10-28,,62138.59
6,32_90,es,2011-10-28,,63927.55
3,22_38,es,2011-10-28,,67520.54
4,9_38,es,2011-10-28,,78987.05
3,16_72,es,2011-10-28,,27112.32
4,10_72,es,2011-10-28,,148579.95
6,1_1,es,2011-10-28,,31579.9
5,31_46,es,2011-10-28,,23038.92
1,36_95,es,2011-10-28,,33190.94
1,10_40,es,2011-10-28,,93319.55
7,30_92,es,2011-10-28,,52826.75
6,11_46,es,2011-10-28,,24497.22
4,41_91,es,2011-10-28,,51354.17
2,4_9,es,2011-10-28,,37046.69
4,2_2,es,2011-10-28,,59276.11
1,32_95,es,2011-10-28,,80017.67
1,30_95,es,2011-10-28,,42959.96
3,26_4,es,2011-10-28,,24036.6
7,16_38,es,2011-10-28,,58326.9
6,11_95,es,2011-10-28,,69298.21
5,22_9,es,2011-10-28,,18050.61
1,11_92,es,2011-10-28,,71724.53
6,11_74,es,2011-10-28,,20044.65
5,11_13,es,2011-10-28,,39379.75
6,12_40,es,2011-10-28,,47483.12
5,7_40,es,2011-10-28,,24068.94
5,41_40,es,2011-10-28,,52408.07
7,43_38,es,2011-10-28,,55119.29
3,10_23,es,2011-10-28,,53764.46
3,20_92,es,2011-10-28,,159043.55
2,28_91,es,2011-10-28,,45378.76
4,17_4,es,2011-10-28,,23165.08
5,18_74,es,2011-10-28,,20568.75
5,19_23,es,2011-10-28,,33819.7
5,13_4,es,2011-10-28,,40924.39
1,13_91,es,2011-10-28,,75386.48
4,23_40,es,2011-10-28,,58963.13
6,32_92,es,2011-10-28,,105649.42
6,6_38,es,2011-10-28,,76703.15
6,12_8,es,2011-10-28,,42992.96
1,10_16,es,2011-10-28,,8328.67
5,14_91,es,2011-10-28,,85294.8
4,20_91,es,2011-10-28,,66995.08
2,27_80,es,2011-10-28,,26946.28
5,22_40,es,2011-10-28,,55943.09
2,20_9,es,2011-10-28,,37196.74
2,14_1,es,2011-10-28,,70912.19
3,30_91,es,2011-10-28,,29885.37
1,38_38,es,2011-10-28,,49155.64
2,13_23,es,2011-10-28,,29882.97
1,1_38,es,2011-10-28,,67148.18
4,11_7,es,2011-10-28,,37363.03
3,10_38,es,2011-10-28,,82021.14
1,23_92,es,2011-10-28,,67168.46
1,21_72,es,2011-10-28,,47768.71
3,20_90,es,2011-10-28,,95502.73
7,2_87,es,2011-10-28,,19531.41
5,3_72,es,2011-10-28,,27034.31
5,4_95,es,2011-10-28,,142834.93
1,24_87,es,2011-10-28,,24616.21
1,23_22,es,2011-10-28,,20120.68
2,37_95,es,2011-10-28,,52654.95
6,34_91,es,2011-10-28,,30678.2
3,4_8,es,2011-10-28,,60906.48
7,16_95,es,2011-10-28,,25765.81
2,10_34,es,2011-10-28,,35300.95
3,44_94,es,2011-10-28,,22784.56
5,40_4,es,2011-11-04,,25352.14
2,10_5,es,2011-11-04,,63989.84
4,23_16,es,2011-11-04,,5554.64
2,13_13,es,2011-11-04,,50957.05
4,29_40,es,2011-11-04,,28480.47
6,23_74,es,2011-11-04,,36123.79
3,1_97,es,2011-11-04,,36482.93
3,16_40,es,2011-11-04,,26103.37
6,40_2,es,2011-11-04,,26510.67
4,24_90,es,2011-11-04,,76743.12
4,23_72,es,2011-11-04,,85255.09
2,31_13,es,2011-11-04,,43234.46
6,26_40,es,2011-11-04,,36825.13
3,20_7,es,2011-11-04,,81532.41
4,19_2,es,2011-11-04,,49075.58
6,6_72,es,2011-11-04,,71247.09
3,26_92,es,2011-11-04,,85040.12
2,2_81,es,2011-11-04,,28105.66
5,17_95,es,2011-11-04,,49591.16
1,31_2,es,2011-11-04,,59946.93
1,4_94,es,2011-11-04,,61582.26
5,35_14,es,2011-11-04,,19992.79
3,11_93,es,2011-11-04,,33118.62
6,6_96,es,2011-11-04,,27584.45
1,45_13,es,2011-11-04,,25466.52
7,12_34,es,2011-11-04,,20651.64
6,42_38,es,2011-11-04,,36591.28
7,4_96,es,2011-11-04,,42409.27
6,6_93,es,2011-11-04,,41516.01
2,14_2,es,2011-11-04,,77372.95
6,15_72,es,2011-11-04,,48023.26
1,2_16,es,2011-11-04,,7047.32
5,19_9,es,2011-11-04,,31795.82
3,18_72,es,2011-11-04,,50644.49
6,32_90,es,2011-11-04,,68536.28
2,22_38,es,2011-11-04,,63650.79
1,9_38,es,2011-11-04,,77064.3
4,16_72,es,2011-11-04,,31006.61
5,10_72,es,2011-11-04,,164085.5
4,1_1,es,2011-11-04,,39886.06
7,31_46,es,2011-11-04,,24950.56
5,36_95,es,2011-11-04,,31079.95
7,10_40,es,2011-11-04,,97892.92
3,30_92,es,2011-11-04,,54366.87
1,11_46,es,2011-11-04,,27391.83
2,41_91,es,2011-11-04,,53660.24
5,4_9,es,2011-11-04,,34063.43
3,2_2,es,2011-11-04,,65483.49
1,32_95,es,2011-11-04,,78948.84
2,30_95,es,2011-11-04,,40561.04
3,26_4,es,2011-11-04,,24141.66
7,16_38,es,2011-11-04,,44960.03
4,11_95,es,2011-11-04,,72831.94
2,22_9,es,2011-11-04,,22485.93
7,11_92,es,2011-11-04,,83789.41
3,11_74,es,2011-11-04,,21014.68
4,11_13,es,2011-11-04,,44593.72
1,12_40,es,2011-11-04,,49782.85
3,7_40,es,2011-11-04,,24227.87
1,41_40,es,2011-11-04,,53253.24
6,43_38,es,2011-11-04,,65454.85
1,10_23,es,2011-11-04,,63587.16
4,20_92,es,2011-11-04,,186064.73
7,28_91,es,2011-11-04,,80290.27
7,17_4,es,2011-11-04,,23957.06
5,18_74,es,2011-11-04,,13354.57
7,19_23,es,2011-11-04,,29501.66
7,13_4,es,2011-11-04,,47204.93
4,13_91,es,2011-11-04,,76642.75
2,23_40,es,2011-11-04,,61228.35
6,32_92,es,2011-11-04,,115695.92
6,6_38,es,2011-11-04,,82790.03
1,12_8,es,2011-11-04,,44732.99
7,10_16,es,2011-11-04,,8454.77
4,14_91,es,2011-11-04,,97570.72
2,20_91,es,2011-11-04,,77378.61
2,27_80,es,2011-11-04,,24262.5
6,22_40,es,2011-11-04,,53242.52
6,20_9,es,2011-11-04,,39509.77
5,14_1,es,2011-11-04,,68830.51
4,30_91,es,2011-11-04,,28299.89
5,38_38,es,2011-11-04,,62757.63
1,13_23,es,2011-11-04,,32290.71
5,1_38,es,2011-11-04,,115249.43
5,11_7,es,2011-11-04,,37966.72
7,10_38,es,2011-11-04,,88487.51
7,23_92,es,2011-11-04,,78533.69
2,21_72,es,2011-11-04,,43104.43
6,20_90,es,2011-11-04,,103224.19
3,2_87,es,2011-11-04,,27870.86
5,3_72,es,2011-11-04,,33329.49
2,4_95,es,2011-11-04,,146342.91
4,24_87,es,2011-11-04,,28956.93
2,23_22,es,2011-11-04,,20775.43
3,37_95,es,2011-11-04,,50968.55
1,34_91,es,2011-11-04,,34888.66
4,4_8,es,2011-11-04,,66422.81
6,16_95,es,2011-11-04,,24667.41
2,10_34,es,2011-11-04,,40084.13
6,44_94,es,2011-11-04,,20155.66
2,40_4,es,2011-11-11,,24848.39
7,10_5,es,2011-11-11,,78583.89
6,23_16,es,2011-11-11,,4689.47
5,13_13,es,2011-11-11,,49667.83
4,29_40,es,2011-11-11,,28365.34
6,23_74,es,2011-11-11,,36882.08
7,1_97,es,2011-11-11,,37047.49
1,16_40,es,2011-11-11,,27530.37
3,40_2,es,2011-11-11,,25801.51
1,24_90,es,2011-11-11,,81601.55
4,23_72,es,2011-11-11,,81054.15
6,31_13,es,2011-11-11,,45702.09
3,26_40,es,2011-11-11,,38802.75
7,20_7,es,2011-11-11,,77636.25
1,19_2,es,2011-11-11,,50399.44
1,6_72,es,2011-11-11,,79737.68
4,26_92,es,2011-11-11,,112168.26
4,2_81,es,2011-11-11,,29833.49
3,17_95,es,2011-11-11,,48840.71
7,31_2,es,2011-11-11,,61639.88
2,4_94,es,2011-11-11,,63555.46
4,35_14,es,2011-11-11,,26905.05
3,11_93,es,2011-11-11,,36209.59
5,6_96,es,2011-11-11,,27501.03
1,45_13,es,2011-11-11,,27820.64
7,12_34,es,2011-11-11,,28372.35
7,42_38,es,2011-11-11,,36791.91
7,4_96,es,2011-11-11,,40559.48
3,6_93,es,2011-11-11,,47026.74
5,14_2,es,2011-11-11,,76645.85
5,15_72,es,2011-11-11,,53160.45
5,2_16,es,2011-11-11,,5551.97
3,19_9,es,2011-11-11,,34329.47
5,18_72,es,2011-11-11,,55489.05
7,32_90,es,2011-11-11,,64842.24
6,22_38,es,2011-11-11,,81124.26
1,9_38,es,2011-11-11,,96788.03
5,16_72,es,2011-11-11,,37116.6
3,10_72,es,2011-11-11,,165484.28
7,1_1,es,2011-11-11,,18689.54
1,31_46,es,2011-11-11,,23719.85
1,36_95,es,2011-11-11,,34355.59
3,10_40,es,2011-11-11,,101560.23
6,30_92,es,2011-11-11,,55361.75
7,11_46,es,2011-11-11,,24962.39
7,41_91,es,2011-11-11,,54225.66
6,4_9,es,2011-11-11,,34146.04
3,2_2,es,2011-11-11,,61463.38
4,32_95,es,2011-11-11,,79888.63
7,30_95,es,2011-11-11,,40317.39
3,26_4,es,2011-11-11,,25876.86
1,16_38,es,2011-11-11,,53576.26
4,11_95,es,2011-11-11,,72528.06
3,22_9,es,2011-11-11,,16130.27
1,11_92,es,2011-11-11,,89976.35
7,11_74,es,2011-11-11,,22159.53
3,11_13,es,2011-11-11,,39439.8
7,12_40,es,2011-11-11,,48673.97
5,7_40,es,2011-11-11,,26853.82
3,41_40,es,2011-11-11,,55049.3
5,43_38,es,2011-11-11,,58284.07
1,10_23,es,2011-11-11,,84760
7,20_92,es,2011-11-11,,199274.47
3,28_91,es,2011-11-11,,60174.48
7,17_4,es,2011-11-11,,22926.47
5,18_74,es,2011-11-11,,18193.58
6,19_23,es,2011-11-11,,27959.18
7,13_4,es,2011-11-11,,45500.37
6,13_91,es,2011-11-11,,86775.9
2,23_40,es,2011-11-11,,61795.2
5,32_92,es,2011-11-11,,115898.76
3,6_38,es,2011-11-11,,73018.92
1,12_8,es,2011-11-11,,46705.9
5,10_16,es,2011-11-11,,7872.07
2,14_91,es,2011-11-11,,93381.04
1,20_91,es,2011-11-11,,89994.08
5,27_80,es,2011-11-11,,26067.4
4,22_40,es,2011-11-11,,56035.45
1,20_9,es,2011-11-11,,39008.94
1,14_1,es,2011-11-11,,16116.52
6,30_91,es,2011-11-11,,28681.01
1,38_38,es,2011-11-11,,63379.71
2,13_23,es,2011-11-11,,37430.55
3,1_38,es,2011-11-11,,86946.05
7,11_7,es,2011-11-11,,43681.86
2,10_38,es,2011-11-11,,98690.86
4,23_92,es,2011-11-11,,79987.77
4,21_72,es,2011-11-11,,42253.28
3,20_90,es,2011-11-11,,109837.1
4,2_87,es,2011-11-11,,26710.7
2,3_72,es,2011-11-11,,30846.91
2,4_95,es,2011-11-11,,142960.72
2,24_87,es,2011-11-11,,27839.85
3,23_22,es,2011-11-11,,22243.86
1,37_95,es,2011-11-11,,49721.4
1,34_91,es,2011-11-11,,34092.91
3,4_8,es,2011-11-11,,63988.98
7,16_95,es,2011-11-11,,24658.7
1,10_34,es,2011-11-11,,57783.54
6,44_94,es,2011-11-11,,20018.92
3,40_4,es,2011-11-18,,22588.77
6,10_5,es,2011-11-18,,67757.19
6,23_16,es,2011-11-18,,3949.47
7,13_13,es,2011-11-18,,47329.56
7,29_40,es,2011-11-18,,26388.85
7,23_74,es,2011-11-18,,31529.57
1,1_97,es,2011-11-18,,35561.29
7,16_40,es,2011-11-18,,27009.31
1,40_2,es,2011-11-18,,23723.19
7,24_90,es,2011-11-18,,75782.29
1,23_72,es,2011-11-18,,73856.33
7,31_13,es,2011-11-18,,46325.73
6,26_40,es,2011-11-18,,33486.66
6,20_7,es,2011-11-18,,73198.96
1,19_2,es,2011-11-18,,46618.62
6,6_72,es,2011-11-18,,73184.29
5,26_92,es,2011-11-18,,88833.94
7,2_81,es,2011-11-18,,31136.36
6,17_95,es,2011-11-18,,49004.5
6,31_2,es,2011-11-18,,62161.89
2,4_94,es,2011-11-18,,65593.19
2,35_14,es,2011-11-18,,26425.47
3,11_93,es,2011-11-18,,39110.1
3,6_96,es,2011-11-18,,26440.89
5,45_13,es,2011-11-18,,25576.3
4,12_34,es,2011-11-18,,21386.6
3,42_38,es,2011-11-18,,36540
7,4_96,es,2011-11-18,,38402.02
6,6_93,es,2011-11-18,,51482.94
3,14_2,es,2011-11-18,,73691.89
2,15_72,es,2011-11-18,,37906.11
5,2_16,es,2011-11-18,,6351.17
3,19_9,es,2011-11-18,,55059.26
2,18_72,es,2011-11-18,,52546.96
3,32_90,es,2011-11-18,,66675.02
7,22_38,es,2011-11-18,,72258.82
2,9_38,es,2011-11-18,,78665.21
4,16_72,es,2011-11-18,,34736.36
1,10_72,es,2011-11-18,,142730.01
5,1_1,es,2011-11-18,,19050.66
6,31_46,es,2011-11-18,,24991.16
7,36_95,es,2011-11-18,,35143.17
2,10_40,es,2011-11-18,,92908.93
7,30_92,es,2011-11-18,,59674.52
2,11_46,es,2011-11-18,,23729.8
1,41_91,es,2011-11-18,,52527.16
2,4_9,es,2011-11-18,,31857.2
2,2_2,es,2011-11-18,,61442.83
4,32_95,es,2011-11-18,,80983.4
6,30_95,es,2011-11-18,,42409.42
3,26_4,es,2011-11-18,,23249.16
3,16_38,es,2011-11-18,,57247.02
2,11_95,es,2011-11-18,,70072.66
2,22_9,es,2011-11-18,,17535.59
1,11_92,es,2011-11-18,,90067.43
2,11_74,es,2011-11-18,,18686.63
2,11_13,es,2011-11-18,,40249.27
4,12_40,es,2011-11-18,,47319.51
5,7_40,es,2011-11-18,,26929.88
1,41_40,es,2011-11-18,,52910.47
3,43_38,es,2011-11-18,,54718.96
6,10_23,es,2011-11-18,,71534.55
4,20_92,es,2011-11-18,,196839.2
5,28_91,es,2011-11-18,,48458.23
1,17_4,es,2011-11-18,,21896.58
4,18_74,es,2011-11-18,,17145.54
4,19_23,es,2011-11-18,,26378.3
4,13_4,es,2011-11-18,,44570.3
6,13_91,es,2011-11-18,,85851.61
4,23_40,es,2011-11-18,,56673.49
4,32_92,es,2011-11-18,,117676.94
4,6_38,es,2011-11-18,,82926.41
4,12_8,es,2011-11-18,,42498.72
7,10_16,es,2011-11-18,,7597.61
5,14_91,es,2011-11-18,,83846.04
4,20_91,es,2011-11-18,,77052.09
2,27_80,es,2011-11-18,,26141.68
6,22_40,es,2011-11-18,,54586.7
4,20_9,es,2011-11-18,,46912.83
2,14_1,es,2011-11-18,,20106.24
7,30_91,es,2011-11-18,,30309.81
7,38_38,es,2011-11-18,,67933.56
5,13_23,es,2011-11-18,,31660.03
6,1_38,es,2011-11-18,,70210.07
4,11_7,es,2011-11-18,,43101.18
4,10_38,es,2011-11-18,,83440.53
6,23_92,es,2011-11-18,,73044.05
7,21_72,es,2011-11-18,,36458.37
3,20_90,es,2011-11-18,,107030.39
5,2_87,es,2011-11-18,,25753.2
5,3_72,es,2011-11-18,,24291.67
6,4_95,es,2011-11-18,,145725.39
7,24_87,es,2011-11-18,,22530.86
6,23_22,es,2011-11-18,,21904.58
1,37_95,es,2011-11-18,,51386.06
4,34_91,es,2011-11-18,,34617.27
1,4_8,es,2011-11-18,,63458.15
2,16_95,es,2011-11-18,,23918.19
6,10_34,es,2011-11-18,,48304.27
1,44_94,es,2011-11-18,,20588.34
7,40_4,es,2011-11-25,,23227.83
6,10_5,es,2011-11-25,,207982.28
2,23_16,es,2011-11-25,,5828.59
7,13_13,es,2011-11-25,,45052.23
4,29_40,es,2011-11-25,,25717.43
7,23_74,es,2011-11-25,,48022.87
1,1_97,es,2011-11-25,,30320.41
7,16_40,es,2011-11-25,,27034.89
6,40_2,es,2011-11-25,,25526.89
4,24_90,es,2011-11-25,,86195.76
7,23_72,es,2011-11-25,,347680.08
5,31_13,es,2011-11-25,,47252.42
7,26_40,es,2011-11-25,,31988.32
2,20_7,es,2011-11-25,,164776.95
2,19_2,es,2011-11-25,,46388.62
1,6_72,es,2011-11-25,,326866.6
1,26_92,es,2011-11-25,,91010.25
7,2_81,es,2011-11-25,,32479.38
6,17_95,es,2011-11-25,,43512.27
2,31_2,es,2011-11-25,,60846.51
4,4_94,es,2011-11-25,,70961.34
2,35_14,es,2011-11-25,,56119.47
5,11_93,es,2011-11-25,,40275.52
5,6_96,es,2011-11-25,,37019.91
5,45_13,es,2011-11-25,,24862.64
6,12_34,es,2011-11-25,,25930.85
5,42_38,es,2011-11-25,,24726.09
4,4_96,es,2011-11-25,,53508.05
2,6_93,es,2011-11-25,,53081.01
5,14_2,es,2011-11-25,,70368
2,15_72,es,2011-11-25,,257439.62
2,2_16,es,2011-11-25,,9528.26
4,19_9,es,2011-11-25,,38398
6,18_72,es,2011-11-25,,305161.38
6,32_90,es,2011-11-25,,79634.03
2,22_38,es,2011-11-25,,71250.11
5,9_38,es,2011-11-25,,61138.35
7,16_72,es,2011-11-25,,129372.97
6,10_72,es,2011-11-25,,630999.19
3,1_1,es,2011-11-25,,20911.25
5,31_46,es,2011-11-25,,24266.85
6,36_95,es,2011-11-25,,33759.18
7,10_40,es,2011-11-25,,84132.61
4,30_92,es,2011-11-25,,75698.86
4,11_46,es,2011-11-25,,25508.18
3,41_91,es,2011-11-25,,53679.05
2,4_9,es,2011-11-25,,54314.2
1,2_2,es,2011-11-25,,64808.41
2,32_95,es,2011-11-25,,82041.42
4,30_95,es,2011-11-25,,40376.82
1,26_4,es,2011-11-25,,24580.32
7,16_38,es,2011-11-25,,54363.19
4,11_95,es,2011-11-25,,72993.98
4,22_9,es,2011-11-25,,27367.93
5,11_92,es,2011-11-25,,102491.94
7,11_74,es,2011-11-25,,28878.21
1,11_13,es,2011-11-25,,42494.92
7,12_40,es,2011-11-25,,44286.26
1,7_40,es,2011-11-25,,31470.14
3,41_40,es,2011-11-25,,53911.44
2,43_38,es,2011-11-25,,45370.74
4,10_23,es,2011-11-25,,100948.14
1,20_92,es,2011-11-25,,189038.14
1,28_91,es,2011-11-25,,47309.34
2,17_4,es,2011-11-25,,21527.92
2,18_74,es,2011-11-25,,36350.75
5,19_23,es,2011-11-25,,42664.23
7,13_4,es,2011-11-25,,49803.81
6,13_91,es,2011-11-25,,81690.27
6,23_40,es,2011-11-25,,49912.01
4,32_92,es,2011-11-25,,143790.49
1,6_38,es,2011-11-25,,55653.97
1,12_8,es,2011-11-25,,42571.74
6,10_16,es,2011-11-25,,9560.68
6,14_91,es,2011-11-25,,76375.51
2,20_91,es,2011-11-25,,65347.06
5,27_80,es,2011-11-25,,23930.25
4,22_40,es,2011-11-25,,47561.08
5,20_9,es,2011-11-25,,71696.98
5,14_1,es,2011-11-25,,22947.63
6,30_91,es,2011-11-25,,28377.63
3,38_38,es,2011-11-25,,45305.38
6,13_23,es,2011-11-25,,44759.43
6,1_38,es,2011-11-25,,57562.29
2,11_7,es,2011-11-25,,97838.18
4,10_38,es,2011-11-25,,69783.99
2,23_92,es,2011-11-25,,68181.16
2,21_72,es,2011-11-25,,244640.55
7,20_90,es,2011-11-25,,112653.7
6,2_87,es,2011-11-25,,31874.88
3,3_72,es,2011-11-25,,93736.77
4,4_95,es,2011-11-25,,139981.25
7,24_87,es,2011-11-25,,28173.51
6,23_22,es,2011-11-25,,32233
4,37_95,es,2011-11-25,,45815.51
2,34_91,es,2011-11-25,,34928.88
2,4_8,es,2011-11-25,,62029.03
5,16_95,es,2011-11-25,,25961.06
6,10_34,es,2011-11-25,,61125.31
5,44_94,es,2011-11-25,,23311.61
7,40_4,es,2011-12-02,,24346.86
2,10_5,es,2011-12-02,,72171.56
2,23_16,es,2011-12-02,,3920.43
3,13_13,es,2011-12-02,,43873.05
7,29_40,es,2011-12-02,,28707.89
7,23_74,es,2011-12-02,,26796.51
5,1_97,es,2011-12-02,,30023.13
6,16_40,es,2011-12-02,,28956.9
3,40_2,es,2011-12-02,,27566.42
6,24_90,es,2011-12-02,,69533.3
2,23_72,es,2011-12-02,,93837.55
5,31_13,es,2011-12-02,,42838.37
4,26_40,es,2011-12-02,,37769.6
7,20_7,es,2011-12-02,,99158.61
1,19_2,es,2011-12-02,,50318.76
3,6_72,es,2011-12-02,,103927.65
5,26_92,es,2011-12-02,,79237.5
1,2_81,es,2011-12-02,,27636.48
3,17_95,es,2011-12-02,,47251.54
6,31_2,es,2011-12-02,,55171.85
6,4_94,es,2011-12-02,,55118.83
7,35_14,es,2011-12-02,,27725.33
1,11_93,es,2011-12-02,,28835.34
6,6_96,es,2011-12-02,,26575.8
5,45_13,es,2011-12-02,,26122.9
5,12_34,es,2011-12-02,,20291.83
1,42_38,es,2011-12-02,,42506.11
1,4_96,es,2011-12-02,,33850.26
2,6_93,es,2011-12-02,,36015.96
2,14_2,es,2011-12-02,,77227.84
4,15_72,es,2011-12-02,,45707.8
3,2_16,es,2011-12-02,,5247.3
6,19_9,es,2011-12-02,,22488.25
3,18_72,es,2011-12-02,,61781.93
6,32_90,es,2011-12-02,,64196.65
1,22_38,es,2011-12-02,,83958.04
1,9_38,es,2011-12-02,,85603.76
5,16_72,es,2011-12-02,,35234.98
2,10_72,es,2011-12-02,,156039.04
6,1_1,es,2011-12-02,,25293.49
4,31_46,es,2011-12-02,,22767.86
5,36_95,es,2011-12-02,,27876.57
7,10_40,es,2011-12-02,,100044.69
5,30_92,es,2011-12-02,,53655.52
6,11_46,es,2011-12-02,,25076.72
1,41_91,es,2011-12-02,,47669.31
3,4_9,es,2011-12-02,,23982.48
6,2_2,es,2011-12-02,,60333.21
3,32_95,es,2011-12-02,,74680.79
2,30_95,es,2011-12-02,,40170.06
7,26_4,es,2011-12-02,,24478.27
5,16_38,es,2011-12-02,,60164.55
7,11_95,es,2011-12-02,,62506.03
2,22_9,es,2011-12-02,,17308.41
6,11_92,es,2011-12-02,,74796.16
1,11_74,es,2011-12-02,,20796.95
2,11_13,es,2011-12-02,,39398.58
7,12_40,es,2011-12-02,,49467.98
2,7_40,es,2011-12-02,,30986.98
3,41_40,es,2011-12-02,,52204.42
6,43_38,es,2011-12-02,,57957.5
2,10_23,es,2011-12-02,,74121.63
4,20_92,es,2011-12-02,,156281.98
3,28_91,es,2011-12-02,,64683.89
5,17_4,es,2011-12-02,,21504.53
1,18_74,es,2011-12-02,,17983.97
4,19_23,es,2011-12-02,,29808.49
3,13_4,es,2011-12-02,,42137.94
2,13_91,es,2011-12-02,,67968.13
5,23_40,es,2011-12-02,,60928.9
1,32_92,es,2011-12-02,,103431.15
2,6_38,es,2011-12-02,,88942.45
6,12_8,es,2011-12-02,,45245.54
7,10_16,es,2011-12-02,,7012.67
5,14_91,es,2011-12-02,,81410.3
2,20_91,es,2011-12-02,,67712.5
3,27_80,es,2011-12-02,,23216.19
2,22_40,es,2011-12-02,,56762.29
4,20_9,es,2011-12-02,,52997.87
2,14_1,es,2011-12-02,,33096.1
3,30_91,es,2011-12-02,,27641.17
1,38_38,es,2011-12-02,,65802.25
7,13_23,es,2011-12-02,,34837.49
7,1_38,es,2011-12-02,,98037.09
4,11_7,es,2011-12-02,,64560.77
5,10_38,es,2011-12-02,,107679.77
4,23_92,es,2011-12-02,,73528.07
1,21_72,es,2011-12-02,,48480.15
4,20_90,es,2011-12-02,,92957.39
5,2_87,es,2011-12-02,,29769.7
1,3_72,es,2011-12-02,,26771.65
7,4_95,es,2011-12-02,,126643.85
2,24_87,es,2011-12-02,,28751.12
5,23_22,es,2011-12-02,,20410.24
4,37_95,es,2011-12-02,,47798.64
4,34_91,es,2011-12-02,,31229.03
4,4_8,es,2011-12-02,,64584.56
7,16_95,es,2011-12-02,,25498.1
1,10_34,es,2011-12-02,,46117.94
5,44_94,es,2011-12-02,,17906.84
3,40_4,es,2011-12-09,,24713.42
7,10_5,es,2011-12-09,,103116.73
3,23_16,es,2011-12-09,,4535.92
5,13_13,es,2011-12-09,,46428.53
2,29_40,es,2011-12-09,,27585.42
4,23_74,es,2011-12-09,,28548.56
2,1_97,es,2011-12-09,,36644.98
6,16_40,es,2011-12-09,,30145.38
4,40_2,es,2011-12-09,,31767.28
1,24_90,es,2011-12-09,,82015.99
7,23_72,es,2011-12-09,,114936.96
4,31_13,es,2011-12-09,,41530.29
4,26_40,es,2011-12-09,,36202.61
4,20_7,es,2011-12-09,,131108.68
7,19_2,es,2011-12-09,,55007.21
3,6_72,es,2011-12-09,,107866.89
5,26_92,es,2011-12-09,,107089.44
1,2_81,es,2011-12-09,,30740.3
4,17_95,es,2011-12-09,,47404.89
2,31_2,es,2011-12-09,,56387.23
2,4_94,es,2011-12-09,,56982.91
1,35_14,es,2011-12-09,,32135.7
3,11_93,es,2011-12-09,,37111.01
2,6_96,es,2011-12-09,,27426.29
3,45_13,es,2011-12-09,,25131.78
4,12_34,es,2011-12-09,,23934.44
2,42_38,es,2011-12-09,,37928.74
4,4_96,es,2011-12-09,,37328.37
1,6_93,es,2011-12-09,,46142.06
2,14_2,es,2011-12-09,,83932.93
7,15_72,es,2011-12-09,,40725.49
6,2_16,es,2011-12-09,,5540.47
3,19_9,es,2011-12-09,,24214.77
6,18_72,es,2011-12-09,,54845.13
5,32_90,es,2011-12-09,,72626.94
3,22_38,es,2011-12-09,,68550.89
6,9_38,es,2011-12-09,,78792.48
3,16_72,es,2011-12-09,,39009.62
2,10_72,es,2011-12-09,,158289.3
5,1_1,es,2011-12-09,,33305.92
2,31_46,es,2011-12-09,,24434.14
7,36_95,es,2011-12-09,,30768.19
1,10_40,es,2011-12-09,,101623.23
7,30_92,es,2011-12-09,,61151.52
3,11_46,es,2011-12-09,,29884.04
5,41_91,es,2011-12-09,,57239.77
2,4_9,es,2011-12-09,,33285.64
7,2_2,es,2011-12-09,,66160.47
6,32_95,es,2011-12-09,,85904.47
1,30_95,es,2011-12-09,,42027.29
1,26_4,es,2011-12-09,,24600.84
3,16_38,es,2011-12-09,,51588.43
4,11_95,es,2011-12-09,,71518.82
7,22_9,es,2011-12-09,,19974.44
6,11_92,es,2011-12-09,,95229.08
4,11_74,es,2011-12-09,,16504.84
2,11_13,es,2011-12-09,,40761.28
6,12_40,es,2011-12-09,,50399.8
2,7_40,es,2011-12-09,,30385.84
5,41_40,es,2011-12-09,,55622.9
5,43_38,es,2011-12-09,,63267
4,10_23,es,2011-12-09,,102302.18
6,20_92,es,2011-12-09,,198053.83
7,28_91,es,2011-12-09,,67523.91
4,17_4,es,2011-12-09,,22688.87
5,18_74,es,2011-12-09,,18473.58
4,19_23,es,2011-12-09,,40955.37
3,13_4,es,2011-12-09,,46588.14
4,13_91,es,2011-12-09,,86259.17
1,23_40,es,2011-12-09,,62227.09
4,32_92,es,2011-12-09,,129450.02
7,6_38,es,2011-12-09,,77526.49
4,12_8,es,2011-12-09,,44276.93
7,10_16,es,2011-12-09,,6759.39
5,14_91,es,2011-12-09,,101103.17
6,20_91,es,2011-12-09,,85278.03
3,27_80,es,2011-12-09,,26483.46
7,22_40,es,2011-12-09,,58186.6
1,20_9,es,2011-12-09,,31705.66
4,14_1,es,2011-12-09,,50183.75
4,30_91,es,2011-12-09,,30383.45
7,38_38,es,2011-12-09,,80749.8
6,13_23,es,2011-12-09,,48216.73
7,1_38,es,2011-12-09,,83237.41
1,11_7,es,2011-12-09,,82090.41
1,10_38,es,2011-12-09,,108102.96
4,23_92,es,2011-12-09,,76571.78
5,21_72,es,2011-12-09,,44708.9
2,20_90,es,2011-12-09,,110622.23
5,2_87,es,2011-12-09,,28271.15
4,3_72,es,2011-12-09,,32415.94
2,4_95,es,2011-12-09,,140264.53
3,24_87,es,2011-12-09,,28477.49
2,23_22,es,2011-12-09,,23410.7
5,37_95,es,2011-12-09,,50812.69
2,34_91,es,2011-12-09,,35186.94
2,4_8,es,2011-12-09,,66574.47
5,16_95,es,2011-12-09,,26434.19
4,10_34,es,2011-12-09,,58205.95
6,44_94,es,2011-12-09,,18181.9
2,40_4,es,2011-12-16,,23198.36
3,10_5,es,2011-12-16,,112787.47
7,23_16,es,2011-12-16,,5128.73
4,13_13,es,2011-12-16,,43577.51
4,29_40,es,2011-12-16,,32149.6
2,23_74,es,2011-12-16,,32715.56
5,1_97,es,2011-12-16,,37639.31
7,16_40,es,2011-12-16,,32942.16
3,40_2,es,2011-12-16,,33543.44
1,24_90,es,2011-12-16,,81212.21
2,23_72,es,2011-12-16,,156177.34
7,31_13,es,2011-12-16,,43998.55
7,26_40,es,2011-12-16,,40684.39
7,20_7,es,2011-12-16,,142984.01
4,19_2,es,2011-12-16,,62038.76
6,6_72,es,2011-12-16,,110965.53
2,26_92,es,2011-12-16,,97339.91
6,2_81,es,2011-12-16,,30577.05
1,17_95,es,2011-12-16,,47872.2
3,31_2,es,2011-12-16,,64104.34
5,4_94,es,2011-12-16,,58196.13
6,35_14,es,2011-12-16,,39302.02
3,11_93,es,2011-12-16,,39119.98
2,6_96,es,2011-12-16,,28361.42
1,45_13,es,2011-12-16,,24573.47
5,12_34,es,2011-12-16,,27233.33
2,42_38,es,2011-12-16,,40065.53
1,4_96,es,2011-12-16,,38667.39
6,6_93,es,2011-12-16,,47962.41
7,14_2,es,2011-12-16,,93806.78
3,15_72,es,2011-12-16,,55351.77
5,2_16,es,2011-12-16,,4877.02
1,19_9,es,2011-12-16,,27415.87
3,18_72,es,2011-12-16,,74605.9
5,32_90,es,2011-12-16,,68221.55
6,22_38,es,2011-12-16,,79123.1
1,9_38,es,2011-12-16,,95878.91
4,16_72,es,2011-12-16,,61767.79
4,10_72,es,2011-12-16,,158010.38
7,1_1,es,2011-12-16,,45773.03
4,31_46,es,2011-12-16,,28727.1
2,36_95,es,2011-12-16,,34356.23
7,10_40,es,2011-12-16,,100175.96
7,30_92,es,2011-12-16,,61827.22
2,11_46,es,2011-12-16,,37400.81
2,41_91,es,2011-12-16,,53428.31
6,4_9,es,2011-12-16,,38602.13
7,2_2,es,2011-12-16,,73364.19
4,32_95,es,2011-12-16,,82874.88
1,30_95,es,2011-12-16,,42728.24
2,26_4,es,2011-12-16,,23370.84
6,16_38,es,2011-12-16,,56136.16
1,11_95,es,2011-12-16,,76478.89
3,22_9,es,2011-12-16,,22655.56
7,11_92,es,2011-12-16,,97234.31
1,11_74,es,2011-12-16,,20023.67
4,11_13,es,2011-12-16,,39629.99
2,12_40,es,2011-12-16,,48663.03
5,7_40,es,2011-12-16,,34031.01
1,41_40,es,2011-12-16,,55791.75
1,43_38,es,2011-12-16,,69298.61
5,10_23,es,2011-12-16,,107744.32
4,20_92,es,2011-12-16,,210877.54
2,28_91,es,2011-12-16,,48641.77
4,17_4,es,2011-12-16,,23898.84
2,18_74,es,2011-12-16,,16733.45
7,19_23,es,2011-12-16,,52817.69
5,13_4,es,2011-12-16,,46501.33
5,13_91,es,2011-12-16,,85913.95
7,23_40,es,2011-12-16,,63781.21
7,32_92,es,2011-12-16,,125509.09
1,6_38,es,2011-12-16,,86538.8
2,12_8,es,2011-12-16,,46418.79
7,10_16,es,2011-12-16,,6265.59
2,14_91,es,2011-12-16,,85304.23
2,20_91,es,2011-12-16,,82439.55
1,27_80,es,2011-12-16,,26441.87
3,22_40,es,2011-12-16,,59213.43
2,20_9,es,2011-12-16,,34965.8
1,14_1,es,2011-12-16,,69628.98
3,30_91,es,2011-12-16,,26731.52
5,38_38,es,2011-12-16,,63396.02
7,13_23,es,2011-12-16,,58115.28
5,1_38,es,2011-12-16,,77567.96
7,11_7,es,2011-12-16,,120875.11
6,10_38,es,2011-12-16,,86424.75
4,23_92,es,2011-12-16,,82799.16
2,21_72,es,2011-12-16,,47419.98
1,20_90,es,2011-12-16,,112751.75
7,2_87,es,2011-12-16,,28051.9
6,3_72,es,2011-12-16,,34324.12
6,4_95,es,2011-12-16,,140720.45
7,24_87,es,2011-12-16,,24569.77
7,23_22,es,2011-12-16,,28262.91
4,37_95,es,2011-12-16,,49915.84
1,34_91,es,2011-12-16,,32086.16
6,4_8,es,2011-12-16,,66708.87
7,16_95,es,2011-12-16,,29203.72
5,10_34,es,2011-12-16,,53715.95
2,44_94,es,2011-12-16,,18829.39
5,40_4,es,2011-12-23,,27543.69
1,10_5,es,2011-12-23,,177554.72
1,23_16,es,2011-12-23,,5931.78
7,13_13,es,2011-12-23,,45464.67
6,29_40,es,2011-12-23,,33248.17
5,23_74,es,2011-12-23,,33509.14
2,1_97,es,2011-12-23,,40044.91
1,16_40,es,2011-12-23,,42300.7
5,40_2,es,2011-12-23,,49470.42
1,24_90,es,2011-12-23,,102877.43
7,23_72,es,2011-12-23,,205813.32
5,31_13,es,2011-12-23,,46385.07
6,26_40,es,2011-12-23,,39262.95
2,20_7,es,2011-12-23,,224649.58
2,19_2,es,2011-12-23,,85706.27
2,6_72,es,2011-12-23,,175338.43
6,26_92,es,2011-12-23,,117673.52
1,2_81,es,2011-12-23,,35105.09
4,17_95,es,2011-12-23,,52099.3
1,31_2,es,2011-12-23,,75488.69
6,4_94,es,2011-12-23,,75675.91
3,35_14,es,2011-12-23,,65737.51
7,11_93,es,2011-12-23,,45972.15
4,6_96,es,2011-12-23,,37677.95
1,45_13,es,2011-12-23,,25179.77
4,12_34,es,2011-12-23,,34354.19
6,42_38,es,2011-12-23,,37072.26
6,4_96,es,2011-12-23,,62400.69
6,6_93,es,2011-12-23,,60116.7
3,14_2,es,2011-12-23,,114671.56
2,15_72,es,2011-12-23,,96546.87
3,2_16,es,2011-12-23,,6874.56
4,19_9,es,2011-12-23,,48329.89
6,18_72,es,2011-12-23,,110938.63
7,32_90,es,2011-12-23,,88403.24
5,22_38,es,2011-12-23,,75294.18
4,9_38,es,2011-12-23,,77319.29
3,16_72,es,2011-12-23,,84481.1
3,10_72,es,2011-12-23,,296628.29
3,1_1,es,2011-12-23,,46788.75
3,31_46,es,2011-12-23,,37731.61
7,36_95,es,2011-12-23,,30746.33
5,10_40,es,2011-12-23,,105179.65
4,30_92,es,2011-12-23,,73580.68
6,11_46,es,2011-12-23,,65092.31
2,41_91,es,2011-12-23,,59423.59
1,4_9,es,2011-12-23,,62726.39
6,2_2,es,2011-12-23,,93511.03
6,32_95,es,2011-12-23,,91383.37
4,30_95,es,2011-12-23,,43772.51
7,26_4,es,2011-12-23,,28323.4
5,16_38,es,2011-12-23,,56023.84
1,11_95,es,2011-12-23,,74365.6
4,22_9,es,2011-12-23,,37404.14
7,11_92,es,2011-12-23,,100490.79
5,11_74,es,2011-12-23,,24743.15
7,11_13,es,2011-12-23,,38858.55
1,12_40,es,2011-12-23,,47396.66
7,7_40,es,2011-12-23,,47038.13
1,41_40,es,2011-12-23,,66069.68
1,43_38,es,2011-12-23,,53992.45
5,10_23,es,2011-12-23,,165214.36
6,20_92,es,2011-12-23,,220321.48
2,28_91,es,2011-12-23,,48407.06
3,17_4,es,2011-12-23,,22039.24
7,18_74,es,2011-12-23,,21245.87
3,19_23,es,2011-12-23,,84267.51
7,13_4,es,2011-12-23,,53591.31
3,13_91,es,2011-12-23,,88165.53
5,23_40,es,2011-12-23,,63528.23
4,32_92,es,2011-12-23,,142658.86
3,6_38,es,2011-12-23,,72539.1
2,12_8,es,2011-12-23,,46727.91
5,10_16,es,2011-12-23,,8036.62
1,14_91,es,2011-12-23,,87312.36
7,20_91,es,2011-12-23,,72911.74
5,27_80,es,2011-12-23,,30294.22
5,22_40,es,2011-12-23,,61442.1
2,20_9,es,2011-12-23,,61007.6
2,14_1,es,2011-12-23,,101846.08
6,30_91,es,2011-12-23,,31250.88
6,38_38,es,2011-12-23,,62998.14
6,13_23,es,2011-12-23,,87705.68
4,1_38,es,2011-12-23,,65636.08
3,11_7,es,2011-12-23,,202870.36
5,10_38,es,2011-12-23,,94980.82
7,23_92,es,2011-12-23,,85856.21
1,21_72,es,2011-12-23,,88777.64
7,20_90,es,2011-12-23,,132656.56
1,2_87,es,2011-12-23,,43298.06
2,3_72,es,2011-12-23,,39851.41
2,4_95,es,2011-12-23,,156239.94
2,24_87,es,2011-12-23,,34575.09
1,23_22,es,2011-12-23,,41501.25
6,37_95,es,2011-12-23,,52917.93
1,34_91,es,2011-12-23,,35603.42
2,4_8,es,2011-12-23,,75216.3
1,16_95,es,2011-12-23,,37424.56
3,10_34,es,2011-12-23,,68581.84
1,44_94,es,2011-12-23,,23852.83
2,40_4,es,2011-12-30,,20958.23
2,10_5,es,2011-12-30,,67301.64
7,23_16,es,2011-12-30,,4405.65
4,13_13,es,2011-12-30,,40513.21
2,29_40,es,2011-12-30,,27337.35
1,23_74,es,2011-12-30,,31116.24
1,1_97,es,2011-12-30,,29166.73
5,16_40,es,2011-12-30,,41544.27
1,40_2,es,2011-12-30,,24531.03
3,24_90,es,2011-12-30,,70471.88
3,23_72,es,2011-12-30,,91656.89
3,31_13,es,2011-12-30,,39469.65
3,26_40,es,2011-12-30,,33139.43
3,20_7,es,2011-12-30,,53713.4
6,19_2,es,2011-12-30,,45810.03
2,6_72,es,2011-12-30,,105780.82
4,26_92,es,2011-12-30,,68677.14
2,2_81,es,2011-12-30,,23665.65
2,17_95,es,2011-12-30,,33279.03
6,31_2,es,2011-12-30,,59437.63
7,4_94,es,2011-12-30,,52259.21
3,35_14,es,2011-12-30,,35066.75
1,11_93,es,2011-12-30,,30954.02
3,6_96,es,2011-12-30,,33080.22
6,45_13,es,2011-12-30,,23285.05
3,12_34,es,2011-12-30,,24803.07
3,42_38,es,2011-12-30,,36512.23
1,4_96,es,2011-12-30,,50067.84
7,6_93,es,2011-12-30,,36695.28
4,14_2,es,2011-12-30,,63983.74
3,15_72,es,2011-12-30,,46251.03
1,2_16,es,2011-12-30,,6120.69
3,19_9,es,2011-12-30,,23203.08
3,18_72,es,2011-12-30,,47128.01
3,32_90,es,2011-12-30,,55286.62
2,22_38,es,2011-12-30,,66838.9
5,9_38,es,2011-12-30,,61215.18
2,16_72,es,2011-12-30,,59135.83
6,10_72,es,2011-12-30,,156431.46
3,1_1,es,2011-12-30,,23350.88
7,31_46,es,2011-12-30,,27243.19
3,36_95,es,2011-12-30,,28186.55
4,10_40,es,2011-12-30,,89567.37
1,30_92,es,2011-12-30,,47160.76
3,11_46,es,2011-12-30,,37729.42
3,41_91,es,2011-12-30,,39759.28
3,4_9,es,2011-12-30,,29762.73
4,2_2,es,2011-12-30,,57846.27
3,32_95,es,2011-12-30,,64118.66
6,30_95,es,2011-12-30,,33642.76
4,26_4,es,2011-12-30,,22217.85
1,16_38,es,2011-12-30,,56844.18
5,11_95,es,2011-12-30,,58787.3
6,22_9,es,2011-12-30,,17165.04
5,11_92,es,2011-12-30,,68883.13
5,11_74,es,2011-12-30,,25630.07
5,11_13,es,2011-12-30,,33428.13
5,12_40,es,2011-12-30,,45742.94
7,7_40,es,2011-12-30,,45163.88
2,41_40,es,2011-12-30,,50840.75
5,43_38,es,2011-12-30,,46736.2
7,10_23,es,2011-12-30,,70387.28
4,20_92,es,2011-12-30,,127479.49
1,28_91,es,2011-12-30,,37747.1
7,17_4,es,2011-12-30,,19655.08
3,18_74,es,2011-12-30,,21754.94
6,19_23,es,2011-12-30,,30224.23
3,13_4,es,2011-12-30,,41605.23
7,13_91,es,2011-12-30,,63383.91
4,23_40,es,2011-12-30,,49261.04
6,32_92,es,2011-12-30,,85397.29
2,6_38,es,2011-12-30,,64299.04
5,12_8,es,2011-12-30,,38915.45
1,10_16,es,2011-12-30,,6957.64
5,14_91,es,2011-12-30,,66269.19
2,20_91,es,2011-12-30,,54836.69
5,27_80,es,2011-12-30,,22438.87
5,22_40,es,2011-12-30,,48877.73
5,20_9,es,2011-12-30,,28379.79
4,14_1,es,2011-12-30,,34683.42
3,30_91,es,2011-12-30,,22366.84
6,38_38,es,2011-12-30,,42351.74
3,13_23,es,2011-12-30,,34781.26
2,1_38,es,2011-12-30,,63659.49
1,11_7,es,2011-12-30,,58450.11
3,10_38,es,2011-12-30,,87175.05
5,23_92,es,2011-12-30,,48964.91
5,21_72,es,2011-12-30,,42995.13
3,20_90,es,2011-12-30,,84605.43
6,2_87,es,2011-12-30,,28973.6
6,3_72,es,2011-12-30,,21562.44
4,4_95,es,2011-12-30,,110857.79
3,24_87,es,2011-12-30,,27072.23
5,23_22,es,2011-12-30,,19145.86
7,37_95,es,2011-12-30,,39752.83
2,34_91,es,2011-12-30,,27547.24
4,4_8,es,2011-12-30,,57135.68
7,16_95,es,2011-12-30,,30177.89
3,10_34,es,2011-12-30,,36660.61
4,44_94,es,2011-12-30,,17826.47
1,40_4,es,2012-01-06,,27014.15
6,10_5,es,2012-01-06,,43383.89
5,23_16,es,2012-01-06,,4448.05
2,13_13,es,2012-01-06,,53171.19
6,29_40,es,2012-01-06,,30294.99
1,23_74,es,2012-01-06,,37188.83
6,1_97,es,2012-01-06,,37707.5
3,16_40,es,2012-01-06,,41070.23
3,40_2,es,2012-01-06,,23472.77
7,24_90,es,2012-01-06,,79231.46
3,23_72,es,2012-01-06,,57195.03
1,31_13,es,2012-01-06,,44118.01
6,26_40,es,2012-01-06,,37460.11
1,20_7,es,2012-01-06,,17538.97
4,19_2,es,2012-01-06,,43809.18
2,6_72,es,2012-01-06,,66531.81
4,26_92,es,2012-01-06,,98685.94
1,2_81,es,2012-01-06,,29612.37
4,17_95,es,2012-01-06,,57895.34
1,31_2,es,2012-01-06,,60604.24
3,4_94,es,2012-01-06,,70251.06
7,35_14,es,2012-01-06,,22285.14
6,11_93,es,2012-01-06,,36193.99
7,6_96,es,2012-01-06,,26050.34
7,45_13,es,2012-01-06,,26524.1
7,12_34,es,2012-01-06,,17535.6
5,42_38,es,2012-01-06,,54497.41
7,4_96,es,2012-01-06,,44433.9
2,6_93,es,2012-01-06,,42585.04
6,14_2,es,2012-01-06,,72844.33
2,15_72,es,2012-01-06,,25120.22
3,2_16,es,2012-01-06,,6857.17
5,19_9,es,2012-01-06,,14355.64
1,18_72,es,2012-01-06,,46778.57
5,32_90,es,2012-01-06,,67498.21
7,22_38,es,2012-01-06,,82570.53
4,9_38,es,2012-01-06,,84106.09
5,16_72,es,2012-01-06,,35830.85
4,10_72,es,2012-01-06,,106488.92
5,1_1,es,2012-01-06,,16567.69
7,31_46,es,2012-01-06,,24487.89
6,36_95,es,2012-01-06,,32942.45
5,10_40,es,2012-01-06,,101849.49
6,30_92,es,2012-01-06,,59297.78
2,11_46,es,2012-01-06,,25650.09
7,41_91,es,2012-01-06,,56753.39
2,4_9,es,2012-01-06,,27782.16
4,2_2,es,2012-01-06,,64877.05
6,32_95,es,2012-01-06,,80178.54
7,30_95,es,2012-01-06,,44043.75
3,26_4,es,2012-01-06,,26047.43
3,16_38,es,2012-01-06,,62729.41
7,11_95,es,2012-01-06,,73200.06
6,22_9,es,2012-01-06,,13494.67
3,11_92,es,2012-01-06,,86277.57
3,11_74,es,2012-01-06,,32024.66
6,11_13,es,2012-01-06,,43560.96
5,12_40,es,2012-01-06,,54085.82
7,7_40,es,2012-01-06,,46324.49
2,41_40,es,2012-01-06,,61944.59
1,43_38,es,2012-01-06,,81199.86
1,10_23,es,2012-01-06,,48916.74
4,20_92,es,2012-01-06,,179795.84
4,28_91,es,2012-01-06,,85560.1
7,17_4,es,2012-01-06,,42848.33
2,18_74,es,2012-01-06,,21567.91
6,19_23,es,2012-01-06,,20300.99
6,13_4,es,2012-01-06,,49349.69
7,13_91,es,2012-01-06,,84180.89
3,23_40,es,2012-01-06,,62968.17
1,32_92,es,2012-01-06,,110453.65
7,6_38,es,2012-01-06,,92593.25
1,12_8,es,2012-01-06,,42042.83
2,10_16,es,2012-01-06,,10141.53
1,14_91,es,2012-01-06,,102887.12
5,20_91,es,2012-01-06,,83740.86
7,27_80,es,2012-01-06,,24968.69
7,22_40,es,2012-01-06,,56499.74
4,20_9,es,2012-01-06,,14997.16
6,14_1,es,2012-01-06,,17444.04
2,30_91,es,2012-01-06,,33261.46
1,38_38,es,2012-01-06,,83184.19
1,13_23,es,2012-01-06,,21975.2
6,1_38,es,2012-01-06,,90770.82
3,11_7,es,2012-01-06,,18265.94
1,10_38,es,2012-01-06,,106490.49
7,23_92,es,2012-01-06,,64132.2
3,21_72,es,2012-01-06,,29522.78
5,20_90,es,2012-01-06,,105265.14
3,2_87,es,2012-01-06,,26663.78
4,3_72,es,2012-01-06,,25301.45
3,4_95,es,2012-01-06,,139964.04
6,24_87,es,2012-01-06,,26885.67
4,23_22,es,2012-01-06,,19494.32
2,37_95,es,2012-01-06,,53290.09
7,34_91,es,2012-01-06,,36117.41
7,4_8,es,2012-01-06,,64831.25
6,16_95,es,2012-01-06,,33724.02
4,10_34,es,2012-01-06,,28866.57
3,44_94,es,2012-01-06,,24027.1
2,40_4,es,2012-01-13,,23009.01
7,10_5,es,2012-01-13,,42318.82
7,23_16,es,2012-01-13,,5406.25
4,13_13,es,2012-01-13,,49277.86
4,29_40,es,2012-01-13,,30403.28
3,23_74,es,2012-01-13,,31828.05
2,1_97,es,2012-01-13,,37686
2,16_40,es,2012-01-13,,35310.46
2,40_2,es,2012-01-13,,21423.84
1,24_90,es,2012-01-13,,74405.41
4,23_72,es,2012-01-13,,58112.04
4,31_13,es,2012-01-13,,43539.82
5,26_40,es,2012-01-13,,37450.94
5,20_7,es,2012-01-13,,16911.83
6,19_2,es,2012-01-13,,41096.56
7,6_72,es,2012-01-13,,66349.72
7,26_92,es,2012-01-13,,86058.44
1,2_81,es,2012-01-13,,30875.05
1,17_95,es,2012-01-13,,49253.94
7,31_2,es,2012-01-13,,60511.93
5,4_94,es,2012-01-13,,67817.3
3,35_14,es,2012-01-13,,23184.09
7,11_93,es,2012-01-13,,36343.81
6,6_96,es,2012-01-13,,23541.86
3,45_13,es,2012-01-13,,25130.46
4,12_34,es,2012-01-13,,13518.46
4,42_38,es,2012-01-13,,55444.86
5,4_96,es,2012-01-13,,35633.3
1,6_93,es,2012-01-13,,41093.27
5,14_2,es,2012-01-13,,73189.45
3,15_72,es,2012-01-13,,19258.77
4,2_16,es,2012-01-13,,5822.21
4,19_9,es,2012-01-13,,11853.63
4,18_72,es,2012-01-13,,42672.9
2,32_90,es,2012-01-13,,65922.57
2,22_38,es,2012-01-13,,92581.91
4,9_38,es,2012-01-13,,81314.16
3,16_72,es,2012-01-13,,35495.62
5,10_72,es,2012-01-13,,124494.75
7,1_1,es,2012-01-13,,16894.4
5,31_46,es,2012-01-13,,22388.6
5,36_95,es,2012-01-13,,32275.79
4,10_40,es,2012-01-13,,105041.12
5,30_92,es,2012-01-13,,60652.42
7,11_46,es,2012-01-13,,24007.23
4,41_91,es,2012-01-13,,57492.1
1,4_9,es,2012-01-13,,23303.34
3,2_2,es,2012-01-13,,62505.79
7,32_95,es,2012-01-13,,84627.4
1,30_95,es,2012-01-13,,43959.21
7,26_4,es,2012-01-13,,22616.41
4,16_38,es,2012-01-13,,59909.51
7,11_95,es,2012-01-13,,73795.07
7,22_9,es,2012-01-13,,15570
6,11_92,es,2012-01-13,,91203.53
4,11_74,es,2012-01-13,,25461.65
4,11_13,es,2012-01-13,,40437.88
3,12_40,es,2012-01-13,,51110.24
7,7_40,es,2012-01-13,,37092.07
7,41_40,es,2012-01-13,,59084.07
3,43_38,es,2012-01-13,,81062.08
2,10_23,es,2012-01-13,,51773.04
4,20_92,es,2012-01-13,,197649.89
7,28_91,es,2012-01-13,,54722.55
1,17_4,es,2012-01-13,,24174.97
2,18_74,es,2012-01-13,,19038.18
3,19_23,es,2012-01-13,,16230.76
1,13_4,es,2012-01-13,,42212.57
3,13_91,es,2012-01-13,,88427.68
6,23_40,es,2012-01-13,,58054.77
3,32_92,es,2012-01-13,,110046.77
2,6_38,es,2012-01-13,,79534.45
4,12_8,es,2012-01-13,,42670.33
3,10_16,es,2012-01-13,,11823.44
4,14_91,es,2012-01-13,,88844.78
5,20_91,es,2012-01-13,,96762.36
6,27_80,es,2012-01-13,,23809.86
2,22_40,es,2012-01-13,,54988.68
5,20_9,es,2012-01-13,,13358.24
4,14_1,es,2012-01-13,,17316.92
4,30_91,es,2012-01-13,,31757.61
1,38_38,es,2012-01-13,,75615.83
2,13_23,es,2012-01-13,,19904.92
1,1_38,es,2012-01-13,,73539.46
3,11_7,es,2012-01-13,,17071.02
7,10_38,es,2012-01-13,,104803.54
2,23_92,es,2012-01-13,,57268.61
2,21_72,es,2012-01-13,,29296.57
1,20_90,es,2012-01-13,,111530.75
5,2_87,es,2012-01-13,,24416.3
3,3_72,es,2012-01-13,,23438.01
3,4_95,es,2012-01-13,,140461.84
2,24_87,es,2012-01-13,,22065.21
7,23_22,es,2012-01-13,,17473.76
1,37_95,es,2012-01-13,,52990.58
6,34_91,es,2012-01-13,,37085.96
6,4_8,es,2012-01-13,,60235.35
1,16_95,es,2012-01-13,,30379.33
1,10_34,es,2012-01-13,,34959.06
2,44_94,es,2012-01-13,,22832.66
6,40_4,es,2012-01-20,,23056.3
2,10_5,es,2012-01-20,,45436.86
5,23_16,es,2012-01-20,,6550.08
3,13_13,es,2012-01-20,,48063.77
1,29_40,es,2012-01-20,,28988.95
7,23_74,es,2012-01-20,,31728.62
3,1_97,es,2012-01-20,,34151.42
1,16_40,es,2012-01-20,,33846.86
3,40_2,es,2012-01-20,,23960.06
6,24_90,es,2012-01-20,,72661.63
5,23_72,es,2012-01-20,,64096.83
1,31_13,es,2012-01-20,,44990.05
4,26_40,es,2012-01-20,,36038.26
1,20_7,es,2012-01-20,,21805.75
6,19_2,es,2012-01-20,,44903.65
1,6_72,es,2012-01-20,,66549.16
6,26_92,es,2012-01-20,,84689.87
3,2_81,es,2012-01-20,,30104.17
5,17_95,es,2012-01-20,,49816.02
6,31_2,es,2012-01-20,,61330.71
3,4_94,es,2012-01-20,,68759.13
4,35_14,es,2012-01-20,,25055.84
4,11_93,es,2012-01-20,,32704.7
5,6_96,es,2012-01-20,,25401.65
2,45_13,es,2012-01-20,,26093.02
2,12_34,es,2012-01-20,,14159.88
7,42_38,es,2012-01-20,,50425.32
7,4_96,es,2012-01-20,,37415.48
3,6_93,es,2012-01-20,,39868.44
3,14_2,es,2012-01-20,,74446.86
4,15_72,es,2012-01-20,,28311.2
5,2_16,es,2012-01-20,,6390.02
2,19_9,es,2012-01-20,,12009.71
7,18_72,es,2012-01-20,,44437.88
1,32_90,es,2012-01-20,,65006.35
1,22_38,es,2012-01-20,,80419.71
2,9_38,es,2012-01-20,,78136.34
1,16_72,es,2012-01-20,,31314.01
1,10_72,es,2012-01-20,,118467.1
6,1_1,es,2012-01-20,,18365.1
4,31_46,es,2012-01-20,,25082.76
6,36_95,es,2012-01-20,,33659.92
7,10_40,es,2012-01-20,,104057.94
7,30_92,es,2012-01-20,,57265.3
6,11_46,es,2012-01-20,,24405.58
3,41_91,es,2012-01-20,,51806.4
6,4_9,es,2012-01-20,,24995.08
4,2_2,es,2012-01-20,,61438.15
2,32_95,es,2012-01-20,,82586.63
2,30_95,es,2012-01-20,,44419.65
4,26_4,es,2012-01-20,,22908.06
4,16_38,es,2012-01-20,,48581.85
6,11_95,es,2012-01-20,,70188.86
1,22_9,es,2012-01-20,,14810.11
3,11_92,es,2012-01-20,,81238.33
3,11_74,es,2012-01-20,,23523.77
3,11_13,es,2012-01-20,,39393.87
4,12_40,es,2012-01-20,,49632.97
2,7_40,es,2012-01-20,,35624.15
6,41_40,es,2012-01-20,,55963.27
3,43_38,es,2012-01-20,,52146.94
2,10_23,es,2012-01-20,,50280.95
2,20_92,es,2012-01-20,,183870.7
4,28_91,es,2012-01-20,,49273.8
1,17_4,es,2012-01-20,,22410.87
7,18_74,es,2012-01-20,,17492.63
3,19_23,es,2012-01-20,,16307.06
4,13_4,es,2012-01-20,,41403.56
6,13_91,es,2012-01-20,,87983.1
6,23_40,es,2012-01-20,,61006.43
4,32_92,es,2012-01-20,,106200.58
3,6_38,es,2012-01-20,,67135.9
3,12_8,es,2012-01-20,,40999.08
3,10_16,es,2012-01-20,,16570.38
1,14_91,es,2012-01-20,,91011.68
6,20_91,es,2012-01-20,,88181.34
7,27_80,es,2012-01-20,,26457.56
4,22_40,es,2012-01-20,,55607.61
5,20_9,es,2012-01-20,,14993.67
2,14_1,es,2012-01-20,,20030.18
5,30_91,es,2012-01-20,,31583.62
5,38_38,es,2012-01-20,,65367.1
1,13_23,es,2012-01-20,,21366.81
2,1_38,es,2012-01-20,,78264.14
4,11_7,es,2012-01-20,,19129.96
4,10_38,es,2012-01-20,,109167.41
1,23_92,es,2012-01-20,,65937.78
2,21_72,es,2012-01-20,,30480.26
5,20_90,es,2012-01-20,,108495.84
5,2_87,es,2012-01-20,,25590.28
1,3_72,es,2012-01-20,,22457.69
6,4_95,es,2012-01-20,,147302.51
2,24_87,es,2012-01-20,,21409.1
5,23_22,es,2012-01-20,,18160.33
6,37_95,es,2012-01-20,,53550.67
5,34_91,es,2012-01-20,,35602.08
4,4_8,es,2012-01-20,,61835.98
5,16_95,es,2012-01-20,,29821.87
4,10_34,es,2012-01-20,,35247.61
1,44_94,es,2012-01-20,,23947.27
6,40_4,es,2012-01-27,,20443.45
2,10_5,es,2012-01-27,,45238.81
4,23_16,es,2012-01-27,,3665.13
1,13_13,es,2012-01-27,,45810.78
4,29_40,es,2012-01-27,,24465.66
3,23_74,es,2012-01-27,,27119.02
2,1_97,es,2012-01-27,,29976.37
3,16_40,es,2012-01-27,,31555.21
1,40_2,es,2012-01-27,,21194.94
6,24_90,es,2012-01-27,,68478.4
5,23_72,es,2012-01-27,,53855.03
7,31_13,es,2012-01-27,,40779.44
7,26_40,es,2012-01-27,,34021.61
7,20_7,es,2012-01-27,,22001.9
1,19_2,es,2012-01-27,,46701.89
1,6_72,es,2012-01-27,,73302.16
4,26_92,es,2012-01-27,,78459.57
2,2_81,es,2012-01-27,,29247.34
5,17_95,es,2012-01-27,,47807.72
4,31_2,es,2012-01-27,,54073.89
4,4_94,es,2012-01-27,,67861.2
7,35_14,es,2012-01-27,,15571.36
6,11_93,es,2012-01-27,,27573.59
7,6_96,es,2012-01-27,,24456.36
1,45_13,es,2012-01-27,,23377.45
5,12_34,es,2012-01-27,,17289.46
5,42_38,es,2012-01-27,,47363.16
6,4_96,es,2012-01-27,,39022.29
2,6_93,es,2012-01-27,,36572.31
1,14_2,es,2012-01-27,,63491.84
5,15_72,es,2012-01-27,,28897.46
4,2_16,es,2012-01-27,,6766.53
2,19_9,es,2012-01-27,,12450.45
6,18_72,es,2012-01-27,,42322.7
5,32_90,es,2012-01-27,,63297.68
1,22_38,es,2012-01-27,,78296.21
3,9_38,es,2012-01-27,,80242.05
2,16_72,es,2012-01-27,,31141.81
2,10_72,es,2012-01-27,,119192.07
5,1_1,es,2012-01-27,,18378.16
2,31_46,es,2012-01-27,,22797.43
5,36_95,es,2012-01-27,,30490.99
3,10_40,es,2012-01-27,,102963.23
2,30_92,es,2012-01-27,,56376.68
3,11_46,es,2012-01-27,,24439.93
5,41_91,es,2012-01-27,,51061.37
5,4_9,es,2012-01-27,,21564.61
2,2_2,es,2012-01-27,,58151.34
3,32_95,es,2012-01-27,,80657.94
5,30_95,es,2012-01-27,,43298.73
5,26_4,es,2012-01-27,,20917.14
5,16_38,es,2012-01-27,,61549.59
4,11_95,es,2012-01-27,,65301.47
2,22_9,es,2012-01-27,,9779.08
6,11_92,es,2012-01-27,,73222.2
2,11_74,es,2012-01-27,,21112.04
4,11_13,es,2012-01-27,,35767.83
2,12_40,es,2012-01-27,,48920.09
2,7_40,es,2012-01-27,,35290.15
4,41_40,es,2012-01-27,,55733.18
7,43_38,es,2012-01-27,,62885.67
3,10_23,es,2012-01-27,,49607.02
4,20_92,es,2012-01-27,,155429.53
5,28_91,es,2012-01-27,,45206.07
7,17_4,es,2012-01-27,,20520.08
6,18_74,es,2012-01-27,,13988.7
6,19_23,es,2012-01-27,,19383.8
7,13_4,es,2012-01-27,,39204.93
2,13_91,es,2012-01-27,,80803.8
3,23_40,es,2012-01-27,,54584.17
1,32_92,es,2012-01-27,,103168.04
2,6_38,es,2012-01-27,,95179.92
2,12_8,es,2012-01-27,,42061.53
4,10_16,es,2012-01-27,,22255.2
3,14_91,es,2012-01-27,,80345.56
5,20_91,es,2012-01-27,,73363.05
6,27_80,es,2012-01-27,,23389.38
5,22_40,es,2012-01-27,,47989.37
1,20_9,es,2012-01-27,,14311.87
4,14_1,es,2012-01-27,,19537.26
4,30_91,es,2012-01-27,,30381.27
7,38_38,es,2012-01-27,,70520.99
7,13_23,es,2012-01-27,,21032.38
2,1_38,es,2012-01-27,,67827.4
2,11_7,es,2012-01-27,,19525.24
6,10_38,es,2012-01-27,,113078.74
2,23_92,es,2012-01-27,,61672.56
4,21_72,es,2012-01-27,,30205.56
2,20_90,es,2012-01-27,,93961.42
5,2_87,es,2012-01-27,,27403.39
7,3_72,es,2012-01-27,,22123.09
4,4_95,es,2012-01-27,,140563.26
6,24_87,es,2012-01-27,,23102.86
6,23_22,es,2012-01-27,,16711.92
2,37_95,es,2012-01-27,,51625.87
2,34_91,es,2012-01-27,,32510.72
2,4_8,es,2012-01-27,,59773.23
1,16_95,es,2012-01-27,,27036.46
5,10_34,es,2012-01-27,,35414.54
1,44_94,es,2012-01-27,,23285.74
4,40_4,es,2012-02-03,,25029.74
3,10_5,es,2012-02-03,,59209.34
6,23_16,es,2012-02-03,,4210.75
5,13_13,es,2012-02-03,,47963.2
2,29_40,es,2012-02-03,,30292.58
5,23_74,es,2012-02-03,,32898.48
5,1_97,es,2012-02-03,,35049.26
5,16_40,es,2012-02-03,,30280.17
6,40_2,es,2012-02-03,,27069.05
7,24_90,es,2012-02-03,,76240.16
2,23_72,es,2012-02-03,,99451.99
3,31_13,es,2012-02-03,,44700.15
3,26_40,es,2012-02-03,,39109.47
4,20_7,es,2012-02-03,,33519.59
1,19_2,es,2012-02-03,,49110.79
4,6_72,es,2012-02-03,,96289.98
4,26_92,es,2012-02-03,,84867.54
5,2_81,es,2012-02-03,,31790.24
7,17_95,es,2012-02-03,,54247.84
7,31_2,es,2012-02-03,,61103.84
4,4_94,es,2012-02-03,,68699.27
7,35_14,es,2012-02-03,,23797.4
6,11_93,es,2012-02-03,,32188.76
6,6_96,es,2012-02-03,,24793.28
4,45_13,es,2012-02-03,,27677.12
7,12_34,es,2012-02-03,,21816.82
4,42_38,es,2012-02-03,,47578.94
5,4_96,es,2012-02-03,,42553.32
2,6_93,es,2012-02-03,,40570.82
6,14_2,es,2012-02-03,,77422.08
7,15_72,es,2012-02-03,,46931.86
2,2_16,es,2012-02-03,,12100.76
4,19_9,es,2012-02-03,,15474.79
3,18_72,es,2012-02-03,,62856.12
5,32_90,es,2012-02-03,,75421.22
1,22_38,es,2012-02-03,,74089.39
3,9_38,es,2012-02-03,,95825.57
6,16_72,es,2012-02-03,,36722.7
4,10_72,es,2012-02-03,,162152.75
1,1_1,es,2012-02-03,,23510.49
6,31_46,es,2012-02-03,,24997.97
5,36_95,es,2012-02-03,,29529.35
7,10_40,es,2012-02-03,,110360.8
5,30_92,es,2012-02-03,,55669.37
2,11_46,es,2012-02-03,,27168.81
1,41_91,es,2012-02-03,,59090.93
1,4_9,es,2012-02-03,,29597.57
1,2_2,es,2012-02-03,,71322.01
1,32_95,es,2012-02-03,,90400.63
2,30_95,es,2012-02-03,,43190.32
6,26_4,es,2012-02-03,,24204.94
2,16_38,es,2012-02-03,,65501.08
5,11_95,es,2012-02-03,,70325.12
2,22_9,es,2012-02-03,,16609.82
4,11_92,es,2012-02-03,,81753.39
2,11_74,es,2012-02-03,,23453.35
5,11_13,es,2012-02-03,,44099.09
5,12_40,es,2012-02-03,,54447.86
1,7_40,es,2012-02-03,,36980.86
3,41_40,es,2012-02-03,,58724.23
1,43_38,es,2012-02-03,,76907.63
6,10_23,es,2012-02-03,,53486.51
3,20_92,es,2012-02-03,,183393.93
7,28_91,es,2012-02-03,,76604.28
2,17_4,es,2012-02-03,,23327.36
5,18_74,es,2012-02-03,,20932.62
5,19_23,es,2012-02-03,,22339.95
2,13_4,es,2012-02-03,,44867.21
5,13_91,es,2012-02-03,,84045.25
6,23_40,es,2012-02-03,,61173.28
6,32_92,es,2012-02-03,,124699.11
3,6_38,es,2012-02-03,,71074.97
6,12_8,es,2012-02-03,,47538.51
1,10_16,es,2012-02-03,,26508.92
7,14_91,es,2012-02-03,,97785.66
2,20_91,es,2012-02-03,,87161.99
3,27_80,es,2012-02-03,,26302.95
1,22_40,es,2012-02-03,,58708.44
7,20_9,es,2012-02-03,,22649.58
5,14_1,es,2012-02-03,,24639.71
1,30_91,es,2012-02-03,,31556.39
1,38_38,es,2012-02-03,,74185.53
2,13_23,es,2012-02-03,,23333.74
6,1_38,es,2012-02-03,,89029.26
6,11_7,es,2012-02-03,,23460.24
3,10_38,es,2012-02-03,,106060.14
6,23_92,es,2012-02-03,,73215.89
6,21_72,es,2012-02-03,,46152.01
5,20_90,es,2012-02-03,,103503.57
2,2_87,es,2012-02-03,,36363.8
2,3_72,es,2012-02-03,,37124.21
6,4_95,es,2012-02-03,,150841.49
7,24_87,es,2012-02-03,,28471.67
4,23_22,es,2012-02-03,,19735.53
1,37_95,es,2012-02-03,,53357.27
7,34_91,es,2012-02-03,,35747.5
4,4_8,es,2012-02-03,,66493.24
6,16_95,es,2012-02-03,,27944.89
7,10_34,es,2012-02-03,,41770.69
2,44_94,es,2012-02-03,,24663.73
2,40_4,es,2012-02-10,,22612.86
5,10_5,es,2012-02-10,,72282.41
1,23_16,es,2012-02-10,,4499.06
6,13_13,es,2012-02-10,,48474.79
3,29_40,es,2012-02-10,,31318.03
6,23_74,es,2012-02-10,,32382.87
6,1_97,es,2012-02-10,,36981.11
1,16_40,es,2012-02-10,,32134.88
1,40_2,es,2012-02-10,,25414.26
7,24_90,es,2012-02-10,,82724.94
4,23_72,es,2012-02-10,,112970.13
4,31_13,es,2012-02-10,,46266.74
1,26_40,es,2012-02-10,,40107.58
2,20_7,es,2012-02-10,,40591.19
3,19_2,es,2012-02-10,,51313.04
4,6_72,es,2012-02-10,,108389.59
5,26_92,es,2012-02-10,,110267.91
6,2_81,es,2012-02-10,,31655.05
3,17_95,es,2012-02-10,,51053.13
7,31_2,es,2012-02-10,,61457.53
1,4_94,es,2012-02-10,,75695.42
7,35_14,es,2012-02-10,,25527.9
3,11_93,es,2012-02-10,,38095.89
5,6_96,es,2012-02-10,,25872.72
6,45_13,es,2012-02-10,,27728.49
1,12_34,es,2012-02-10,,30541.03
2,42_38,es,2012-02-10,,49143.5
7,4_96,es,2012-02-10,,43666.67
7,6_93,es,2012-02-10,,44355.45
1,14_2,es,2012-02-10,,79353.55
7,15_72,es,2012-02-10,,76278.9
5,2_16,es,2012-02-10,,14331.81
1,19_9,es,2012-02-10,,15242.12
7,18_72,es,2012-02-10,,99826.62
1,32_90,es,2012-02-10,,62456.41
7,22_38,es,2012-02-10,,73005.3
4,9_38,es,2012-02-10,,92668.44
4,16_72,es,2012-02-10,,33698.46
4,10_72,es,2012-02-10,,233140.32
4,1_1,es,2012-02-10,,36988.49
7,31_46,es,2012-02-10,,26601.22
2,36_95,es,2012-02-10,,32780.05
3,10_40,es,2012-02-10,,116695.9
7,30_92,es,2012-02-10,,58411.17
3,11_46,es,2012-02-10,,29967.52
5,41_91,es,2012-02-10,,57424.97
7,4_9,es,2012-02-10,,27784.25
6,2_2,es,2012-02-10,,69165.6
1,32_95,es,2012-02-10,,79526.73
3,30_95,es,2012-02-10,,44539.08
4,26_4,es,2012-02-10,,24457.69
4,16_38,es,2012-02-10,,65184.58
3,11_95,es,2012-02-10,,76461.39
7,22_9,es,2012-02-10,,17282.34
7,11_92,es,2012-02-10,,89974.35
1,11_74,es,2012-02-10,,29479.53
4,11_13,es,2012-02-10,,46402.07
2,12_40,es,2012-02-10,,56787.72
7,7_40,es,2012-02-10,,35836.91
1,41_40,es,2012-02-10,,58574.33
4,43_38,es,2012-02-10,,69943.82
5,10_23,es,2012-02-10,,77581.42
1,20_92,es,2012-02-10,,205200.1
6,28_91,es,2012-02-10,,66282.96
4,17_4,es,2012-02-10,,22574.2
4,18_74,es,2012-02-10,,24448.12
6,19_23,es,2012-02-10,,26679.08
5,13_4,es,2012-02-10,,45174.21
2,13_91,es,2012-02-10,,89909.61
5,23_40,es,2012-02-10,,65273.58
6,32_92,es,2012-02-10,,110235.96
4,6_38,es,2012-02-10,,77675.98
6,12_8,es,2012-02-10,,46171.19
1,10_16,es,2012-02-10,,29370.83
1,14_91,es,2012-02-10,,105247.47
6,20_91,es,2012-02-10,,100647.71
1,27_80,es,2012-02-10,,30164.41
7,22_40,es,2012-02-10,,59416.93
7,20_9,es,2012-02-10,,23077.23
1,14_1,es,2012-02-10,,37572.2
4,30_91,es,2012-02-10,,32294.85
7,38_38,es,2012-02-10,,93759.35
3,13_23,es,2012-02-10,,28101.85
1,1_38,es,2012-02-10,,78072.5
6,11_7,es,2012-02-10,,29276.69
7,10_38,es,2012-02-10,,105353.61
6,23_92,es,2012-02-10,,66528.16
1,21_72,es,2012-02-10,,66058.59
1,20_90,es,2012-02-10,,115695.71
4,2_87,es,2012-02-10,,37265.47
2,3_72,es,2012-02-10,,47778.78
5,4_95,es,2012-02-10,,150113.64
6,24_87,es,2012-02-10,,29240.1
1,23_22,es,2012-02-10,,23240.69
4,37_95,es,2012-02-10,,53195.54
5,34_91,es,2012-02-10,,38366.64
2,4_8,es,2012-02-10,,64301.1
7,16_95,es,2012-02-10,,26594.64
7,10_34,es,2012-02-10,,54266.71
1,44_94,es,2012-02-10,,23956.81
6,40_4,es,2012-02-17,,22121.79
6,10_5,es,2012-02-17,,89423.13
1,23_16,es,2012-02-17,,4305.08
4,13_13,es,2012-02-17,,48685.72
3,29_40,es,2012-02-17,,30147.22
7,23_74,es,2012-02-17,,36891.35
3,1_97,es,2012-02-17,,36733.72
6,16_40,es,2012-02-17,,32337.06
3,40_2,es,2012-02-17,,27104.18
2,24_90,es,2012-02-17,,71638.17
7,23_72,es,2012-02-17,,91914.75
7,31_13,es,2012-02-17,,44539.56
6,26_40,es,2012-02-17,,37817.48
5,20_7,es,2012-02-17,,39483.8
6,19_2,es,2012-02-17,,46659.94
6,6_72,es,2012-02-17,,105998.11
2,26_92,es,2012-02-17,,82946.22
3,2_81,es,2012-02-17,,31438.84
5,17_95,es,2012-02-17,,47285.1
5,31_2,es,2012-02-17,,58961.2
7,4_94,es,2012-02-17,,89337.77
6,35_14,es,2012-02-17,,24939.78
6,11_93,es,2012-02-17,,34909.35
1,6_96,es,2012-02-17,,24639.47
6,45_13,es,2012-02-17,,25853.61
3,12_34,es,2012-02-17,,25436.22
5,42_38,es,2012-02-17,,46580.21
5,4_96,es,2012-02-17,,40112.08
7,6_93,es,2012-02-17,,42400.93
7,14_2,es,2012-02-17,,77463.71
4,15_72,es,2012-02-17,,50411.7
5,2_16,es,2012-02-17,,11628.3
1,19_9,es,2012-02-17,,16742.05
2,18_72,es,2012-02-17,,77977.5
7,32_90,es,2012-02-17,,63166.52
1,22_38,es,2012-02-17,,84966.57
4,9_38,es,2012-02-17,,98648.69
7,16_72,es,2012-02-17,,33475.04
7,10_72,es,2012-02-17,,190137.86
6,1_1,es,2012-02-17,,54060.1
4,31_46,es,2012-02-17,,26833.9
6,36_95,es,2012-02-17,,31506.61
6,10_40,es,2012-02-17,,111069.91
7,30_92,es,2012-02-17,,55652.1
5,11_46,es,2012-02-17,,30308.06
4,41_91,es,2012-02-17,,55142.29
4,4_9,es,2012-02-17,,29888.94
1,2_2,es,2012-02-17,,70027.01
1,32_95,es,2012-02-17,,79458.15
4,30_95,es,2012-02-17,,40129.77
6,26_4,es,2012-02-17,,22209.55
3,16_38,es,2012-02-17,,54791.16
4,11_95,es,2012-02-17,,74802.16
1,22_9,es,2012-02-17,,15169.36
7,11_92,es,2012-02-17,,85581.9
3,11_74,es,2012-02-17,,28714.46
7,11_13,es,2012-02-17,,42335.98
4,12_40,es,2012-02-17,,54510.05
4,7_40,es,2012-02-17,,38155.6
3,41_40,es,2012-02-17,,59984.75
1,43_38,es,2012-02-17,,62397.46
7,10_23,es,2012-02-17,,68286.1
1,20_92,es,2012-02-17,,185462.81
4,28_91,es,2012-02-17,,51726.87
7,17_4,es,2012-02-17,,22130.67
1,18_74,es,2012-02-17,,20568.27
4,19_23,es,2012-02-17,,23640.11
5,13_4,es,2012-02-17,,41413.65
1,13_91,es,2012-02-17,,92448.61
4,23_40,es,2012-02-17,,62428.35
7,32_92,es,2012-02-17,,109403.33
7,6_38,es,2012-02-17,,80157.99
4,12_8,es,2012-02-17,,43138.3
5,10_16,es,2012-02-17,,29854.72
2,14_91,es,2012-02-17,,88726.82
3,20_91,es,2012-02-17,,89214.45
7,27_80,es,2012-02-17,,23676.89
4,22_40,es,2012-02-17,,56260.11
4,20_9,es,2012-02-17,,22942.51
2,14_1,es,2012-02-17,,59755.54
5,30_91,es,2012-02-17,,28717.11
5,38_38,es,2012-02-17,,53548.69
4,13_23,es,2012-02-17,,28013.5
3,1_38,es,2012-02-17,,91386.12
4,11_7,es,2012-02-17,,27718.14
5,10_38,es,2012-02-17,,115240.71
1,23_92,es,2012-02-17,,65835.63
5,21_72,es,2012-02-17,,49226.99
7,20_90,es,2012-02-17,,104224.57
5,2_87,es,2012-02-17,,35153.8
5,3_72,es,2012-02-17,,34975.83
4,4_95,es,2012-02-17,,148724.87
4,24_87,es,2012-02-17,,25181.52
1,23_22,es,2012-02-17,,23985.72
6,37_95,es,2012-02-17,,47880.37
1,34_91,es,2012-02-17,,36790.56
5,4_8,es,2012-02-17,,68305.24
4,16_95,es,2012-02-17,,28502.96
7,10_34,es,2012-02-17,,47971.08
7,44_94,es,2012-02-17,,25802.37
3,40_4,es,2012-02-24,,23275.83
6,10_5,es,2012-02-24,,63286.95
3,23_16,es,2012-02-24,,4161.32
6,13_13,es,2012-02-24,,51160.05
1,29_40,es,2012-02-24,,30077.8
1,23_74,es,2012-02-24,,34057.96
2,1_97,es,2012-02-24,,32002.54
4,16_40,es,2012-02-24,,34009.5
2,40_2,es,2012-02-24,,26512.83
2,24_90,es,2012-02-24,,73672.8
6,23_72,es,2012-02-24,,73299.72
7,31_13,es,2012-02-24,,45384.04
4,26_40,es,2012-02-24,,38195.64
7,20_7,es,2012-02-24,,31846.1
5,19_2,es,2012-02-24,,51887.55
2,6_72,es,2012-02-24,,85070.07
7,26_92,es,2012-02-24,,85155.75
6,2_81,es,2012-02-24,,30012.52
3,17_95,es,2012-02-24,,48857.75
4,31_2,es,2012-02-24,,60051.15
2,4_94,es,2012-02-24,,69564.72
5,35_14,es,2012-02-24,,26533.98
3,11_93,es,2012-02-24,,29997.15
7,6_96,es,2012-02-24,,27110.14
2,45_13,es,2012-02-24,,28427.39
6,12_34,es,2012-02-24,,27331.03
6,42_38,es,2012-02-24,,46554.71
1,4_96,es,2012-02-24,,41222.14
1,6_93,es,2012-02-24,,37525.75
1,14_2,es,2012-02-24,,80412.19
6,15_72,es,2012-02-24,,39519.75
4,2_16,es,2012-02-24,,18344.1
4,19_9,es,2012-02-24,,18326.73
7,18_72,es,2012-02-24,,64702.27
5,32_90,es,2012-02-24,,62798.59
1,22_38,es,2012-02-24,,68447.15
7,9_38,es,2012-02-24,,81029.03
6,16_72,es,2012-02-24,,40894.61
6,10_72,es,2012-02-24,,168827.46
1,1_1,es,2012-02-24,,20124.22
6,31_46,es,2012-02-24,,28471.82
3,36_95,es,2012-02-24,,31392.17
2,10_40,es,2012-02-24,,108709.63
5,30_92,es,2012-02-24,,55124.55
6,11_46,es,2012-02-24,,28509.41
1,41_91,es,2012-02-24,,55395.63
2,4_9,es,2012-02-24,,30479.27
6,2_2,es,2012-02-24,,66451.66
6,32_95,es,2012-02-24,,80284.7
4,30_95,es,2012-02-24,,42382.91
2,26_4,es,2012-02-24,,23493.55
6,16_38,es,2012-02-24,,52800.13
5,11_95,es,2012-02-24,,73020.79
4,22_9,es,2012-02-24,,18204.41
3,11_92,es,2012-02-24,,75673.13
4,11_74,es,2012-02-24,,28690.19
6,11_13,es,2012-02-24,,42383.64
5,12_40,es,2012-02-24,,56203.83
5,7_40,es,2012-02-24,,37159.35
3,41_40,es,2012-02-24,,58648.41
5,43_38,es,2012-02-24,,74454.28
1,10_23,es,2012-02-24,,68420.22
6,20_92,es,2012-02-24,,167621.32
3,28_91,es,2012-02-24,,48537.07
4,17_4,es,2012-02-24,,23528.35
2,18_74,es,2012-02-24,,22062.56
4,19_23,es,2012-02-24,,22175.49
4,13_4,es,2012-02-24,,43275.5
7,13_91,es,2012-02-24,,81112.84
3,23_40,es,2012-02-24,,63580.09
4,32_92,es,2012-02-24,,104218.24
2,6_38,es,2012-02-24,,76669.02
2,12_8,es,2012-02-24,,45681.87
2,10_16,es,2012-02-24,,34003
6,14_91,es,2012-02-24,,89435.28
1,20_91,es,2012-02-24,,78513.22
4,27_80,es,2012-02-24,,25759.71
2,22_40,es,2012-02-24,,53248.5
5,20_9,es,2012-02-24,,28301.79
7,14_1,es,2012-02-24,,18695.04
3,30_91,es,2012-02-24,,30187.25
2,38_38,es,2012-02-24,,62307.94
1,13_23,es,2012-02-24,,27321.88
1,1_38,es,2012-02-24,,72314.41
7,11_7,es,2012-02-24,,27604.64
4,10_38,es,2012-02-24,,109412.53
7,23_92,es,2012-02-24,,65785.82
6,21_72,es,2012-02-24,,53163.76
6,20_90,es,2012-02-24,,99069.69
1,2_87,es,2012-02-24,,26528.78
2,3_72,es,2012-02-24,,36505.27
2,4_95,es,2012-02-24,,156072.76
4,24_87,es,2012-02-24,,26014.95
6,23_22,es,2012-02-24,,23427.53
5,37_95,es,2012-02-24,,50575.4
6,34_91,es,2012-02-24,,33877
4,4_8,es,2012-02-24,,65972.43
4,16_95,es,2012-02-24,,28592.69
2,10_34,es,2012-02-24,,49155.66
7,44_94,es,2012-02-24,,23906.06
6,40_4,es,2012-03-02,,24360.53
6,10_5,es,2012-03-02,,59035.25
2,23_16,es,2012-03-02,,5966.43
5,13_13,es,2012-03-02,,51222
2,29_40,es,2012-03-02,,31286.73
5,23_74,es,2012-03-02,,36739.28
6,1_97,es,2012-03-02,,33473.25
6,16_40,es,2012-03-02,,32316.45
3,40_2,es,2012-03-02,,27333.05
4,24_90,es,2012-03-02,,75000.41
3,23_72,es,2012-03-02,,93656.9
4,31_13,es,2012-03-02,,48558.92
5,26_40,es,2012-03-02,,37398.15
7,20_7,es,2012-03-02,,35437.18
6,19_2,es,2012-03-02,,49140.06
7,6_72,es,2012-03-02,,89978.23
4,26_92,es,2012-03-02,,84372.42
5,2_81,es,2012-03-02,,31437.87
4,17_95,es,2012-03-02,,52965.7
4,31_2,es,2012-03-02,,61193
1,4_94,es,2012-03-02,,67255.52
6,35_14,es,2012-03-02,,26785.01
5,11_93,es,2012-03-02,,30764.42
2,6_96,es,2012-03-02,,26285.37
5,45_13,es,2012-03-02,,29827.61
1,12_34,es,2012-03-02,,24283.12
7,42_38,es,2012-03-02,,59852.68
4,4_96,es,2012-03-02,,38789.14
7,6_93,es,2012-03-02,,39619.69
6,14_2,es,2012-03-02,,79335.68
1,15_72,es,2012-03-02,,37500.21
1,2_16,es,2012-03-02,,29071.02
5,19_9,es,2012-03-02,,16348.04
3,18_72,es,2012-03-02,,62875.77
5,32_90,es,2012-03-02,,65522.99
4,22_38,es,2012-03-02,,84489.02
3,9_38,es,2012-03-02,,98924.88
5,16_72,es,2012-03-02,,34879.2
1,10_72,es,2012-03-02,,151694.94
2,1_1,es,2012-03-02,,20113.03
4,31_46,es,2012-03-02,,26161.37
2,36_95,es,2012-03-02,,31540.17
4,10_40,es,2012-03-02,,114250.41
1,30_92,es,2012-03-02,,56157.01
4,11_46,es,2012-03-02,,28097.9
7,41_91,es,2012-03-02,,55498.46
1,4_9,es,2012-03-02,,35496.62
3,2_2,es,2012-03-02,,70768.55
6,32_95,es,2012-03-02,,83004.87
2,30_95,es,2012-03-02,,44324.75
3,26_4,es,2012-03-02,,23840.93
2,16_38,es,2012-03-02,,57489.3
1,11_95,es,2012-03-02,,72301.98
1,22_9,es,2012-03-02,,17841.89
6,11_92,es,2012-03-02,,80129.82
6,11_74,es,2012-03-02,,30100.99
4,11_13,es,2012-03-02,,45460.66
6,12_40,es,2012-03-02,,59633.6
7,7_40,es,2012-03-02,,36830.09
5,41_40,es,2012-03-02,,60964.63
2,43_38,es,2012-03-02,,73807.51
7,10_23,es,2012-03-02,,65899.18
2,20_92,es,2012-03-02,,173383.1
4,28_91,es,2012-03-02,,66469.28
3,17_4,es,2012-03-02,,23682.05
7,18_74,es,2012-03-02,,21382.82
7,19_23,es,2012-03-02,,20696.64
5,13_4,es,2012-03-02,,45297.01
2,13_91,es,2012-03-02,,82325.66
7,23_40,es,2012-03-02,,62368.45
7,32_92,es,2012-03-02,,111414.29
7,6_38,es,2012-03-02,,90741.67
4,12_8,es,2012-03-02,,46804.65
2,10_16,es,2012-03-02,,33824.23
1,14_91,es,2012-03-02,,93625.72
1,20_91,es,2012-03-02,,78895
3,27_80,es,2012-03-02,,23703.46
1,22_40,es,2012-03-02,,59292.98
2,20_9,es,2012-03-02,,26768.05
2,14_1,es,2012-03-02,,21384.35
6,30_91,es,2012-03-02,,31241.21
6,38_38,es,2012-03-02,,95472.05
6,13_23,es,2012-03-02,,25279.78
4,1_38,es,2012-03-02,,93103.43
2,11_7,es,2012-03-02,,30871.15
2,10_38,es,2012-03-02,,112423.36
5,23_92,es,2012-03-02,,72693.53
3,21_72,es,2012-03-02,,47807.79
3,20_90,es,2012-03-02,,99810.93
4,2_87,es,2012-03-02,,33958.49
5,3_72,es,2012-03-02,,29833.85
6,4_95,es,2012-03-02,,148537.71
1,24_87,es,2012-03-02,,28221.54
7,23_22,es,2012-03-02,,23559.34
6,37_95,es,2012-03-02,,50381.18
4,34_91,es,2012-03-02,,33434.06
3,4_8,es,2012-03-02,,67382.01
3,16_95,es,2012-03-02,,27626.3
4,10_34,es,2012-03-02,,47272.03
2,44_94,es,2012-03-02,,24187.29
1,40_4,es,2012-03-09,,23528.38
1,10_5,es,2012-03-09,,53813.26
5,23_16,es,2012-03-09,,7607.29
1,13_13,es,2012-03-09,,47430.34
5,29_40,es,2012-03-09,,30614.66
4,23_74,es,2012-03-09,,34023.59
1,1_97,es,2012-03-09,,38745.38
6,16_40,es,2012-03-09,,32569.57
1,40_2,es,2012-03-09,,27312.87
4,24_90,es,2012-03-09,,80067.94
1,23_72,es,2012-03-09,,68474.61
6,31_13,es,2012-03-09,,45338.61
1,26_40,es,2012-03-09,,38735.42
4,20_7,es,2012-03-09,,35018.8
6,19_2,es,2012-03-09,,49377.07
6,6_72,es,2012-03-09,,69227.08
4,26_92,es,2012-03-09,,106049.59
6,2_81,es,2012-03-09,,32233.55
3,17_95,es,2012-03-09,,53062.29
6,31_2,es,2012-03-09,,60396.91
6,4_94,es,2012-03-09,,70858.3
2,35_14,es,2012-03-09,,27458.65
7,11_93,es,2012-03-09,,33164.55
7,6_96,es,2012-03-09,,25899.14
4,45_13,es,2012-03-09,,28379.93
6,12_34,es,2012-03-09,,24264.4
7,42_38,es,2012-03-09,,45344.88
4,4_96,es,2012-03-09,,36322.06
5,6_93,es,2012-03-09,,45146.35
4,14_2,es,2012-03-09,,80608.62
7,15_72,es,2012-03-09,,41160.48
2,2_16,es,2012-03-09,,30060.91
2,19_9,es,2012-03-09,,18974.32
6,18_72,es,2012-03-09,,55331.2
3,32_90,es,2012-03-09,,64011.06
1,22_38,es,2012-03-09,,79978.21
2,9_38,es,2012-03-09,,84940.5
6,16_72,es,2012-03-09,,35449.78
6,10_72,es,2012-03-09,,131172.74
4,1_1,es,2012-03-09,,21140.07
2,31_46,es,2012-03-09,,25312.62
6,36_95,es,2012-03-09,,34414.56
1,10_40,es,2012-03-09,,114110.35
5,30_92,es,2012-03-09,,56479.18
7,11_46,es,2012-03-09,,28827.78
7,41_91,es,2012-03-09,,56272.22
3,4_9,es,2012-03-09,,31070.35
1,2_2,es,2012-03-09,,66870.9
3,32_95,es,2012-03-09,,84516.02
3,30_95,es,2012-03-09,,45857.84
4,26_4,es,2012-03-09,,23723.95
5,16_38,es,2012-03-09,,61781.4
3,11_95,es,2012-03-09,,77844.05
4,22_9,es,2012-03-09,,20410.07
5,11_92,es,2012-03-09,,85460.88
4,11_74,es,2012-03-09,,26445.4
6,11_13,es,2012-03-09,,43020.34
5,12_40,es,2012-03-09,,55931.67
2,7_40,es,2012-03-09,,37994.77
4,41_40,es,2012-03-09,,61157.9
2,43_38,es,2012-03-09,,54594.98
5,10_23,es,2012-03-09,,65895.75
4,20_92,es,2012-03-09,,194731.86
1,28_91,es,2012-03-09,,80048.84
5,17_4,es,2012-03-09,,23742.36
7,18_74,es,2012-03-09,,20370.76
3,19_23,es,2012-03-09,,23221.5
1,13_4,es,2012-03-09,,41883.98
7,13_91,es,2012-03-09,,86011.34
5,23_40,es,2012-03-09,,63981.5
6,32_92,es,2012-03-09,,111031.18
4,6_38,es,2012-03-09,,86530.63
1,12_8,es,2012-03-09,,47500.68
4,10_16,es,2012-03-09,,37587.4
4,14_91,es,2012-03-09,,102976.8
5,20_91,es,2012-03-09,,93032.57
4,27_80,es,2012-03-09,,24119.26
6,22_40,es,2012-03-09,,58545.19
6,20_9,es,2012-03-09,,27952.3
6,14_1,es,2012-03-09,,26241.22
4,30_91,es,2012-03-09,,32577.83
2,38_38,es,2012-03-09,,79527.66
2,13_23,es,2012-03-09,,25318.73
5,1_38,es,2012-03-09,,88138.04
4,11_7,es,2012-03-09,,28685.83
3,10_38,es,2012-03-09,,104733.4
5,23_92,es,2012-03-09,,71300.52
4,21_72,es,2012-03-09,,43556.28
6,20_90,es,2012-03-09,,106566.49
4,2_87,es,2012-03-09,,27969.13
1,3_72,es,2012-03-09,,31614.66
3,4_95,es,2012-03-09,,156195.67
1,24_87,es,2012-03-09,,26740.72
7,23_22,es,2012-03-09,,20933.04
4,37_95,es,2012-03-09,,51994.38
6,34_91,es,2012-03-09,,37030.83
6,4_8,es,2012-03-09,,66269.71
5,16_95,es,2012-03-09,,29613.91
3,10_34,es,2012-03-09,,43437.26
3,44_94,es,2012-03-09,,22348.66
2,40_4,es,2012-03-16,,22356.97
3,10_5,es,2012-03-16,,55853.85
7,23_16,es,2012-03-16,,14383.25
3,13_13,es,2012-03-16,,46971.49
6,29_40,es,2012-03-16,,30988.82
5,23_74,es,2012-03-16,,29987.62
5,1_97,es,2012-03-16,,38407.78
2,16_40,es,2012-03-16,,33044.28
2,40_2,es,2012-03-16,,26682.84
3,24_90,es,2012-03-16,,69239.31
5,23_72,es,2012-03-16,,69191.39
1,31_13,es,2012-03-16,,45999.76
3,26_40,es,2012-03-16,,36315.73
7,20_7,es,2012-03-16,,41359.5
2,19_2,es,2012-03-16,,48698.99
3,6_72,es,2012-03-16,,93562.9
7,26_92,es,2012-03-16,,83000.67
6,2_81,es,2012-03-16,,33360.64
7,17_95,es,2012-03-16,,51097.18
6,31_2,es,2012-03-16,,58054.17
3,4_94,es,2012-03-16,,71271.28
2,35_14,es,2012-03-16,,24507.52
5,11_93,es,2012-03-16,,34764.93
6,6_96,es,2012-03-16,,34688.74
6,45_13,es,2012-03-16,,29024.44
4,12_34,es,2012-03-16,,26685.87
3,42_38,es,2012-03-16,,39473.4
7,4_96,es,2012-03-16,,40291.2
1,6_93,es,2012-03-16,,46489.83
1,14_2,es,2012-03-16,,77449.42
5,15_72,es,2012-03-16,,33121.22
6,2_16,es,2012-03-16,,38449.89
7,19_9,es,2012-03-16,,25410.05
1,18_72,es,2012-03-16,,45064.24
2,32_90,es,2012-03-16,,62140.31
1,22_38,es,2012-03-16,,86576.84
2,9_38,es,2012-03-16,,74839.15
5,16_72,es,2012-03-16,,33297.65
7,10_72,es,2012-03-16,,139326.58
1,1_1,es,2012-03-16,,22366.88
2,31_46,es,2012-03-16,,26378.48
7,36_95,es,2012-03-16,,36768.69
6,10_40,es,2012-03-16,,110244.7
1,30_92,es,2012-03-16,,50320.37
4,11_46,es,2012-03-16,,28283.06
6,41_91,es,2012-03-16,,50298.11
7,4_9,es,2012-03-16,,45261.68
4,2_2,es,2012-03-16,,68851.41
7,32_95,es,2012-03-16,,85184.94
2,30_95,es,2012-03-16,,41822.49
2,26_4,es,2012-03-16,,22598.73
4,16_38,es,2012-03-16,,52752.39
7,11_95,es,2012-03-16,,82281.26
1,22_9,es,2012-03-16,,21967.07
3,11_92,es,2012-03-16,,86657.47
5,11_74,es,2012-03-16,,25363.25
7,11_13,es,2012-03-16,,43510.01
7,12_40,es,2012-03-16,,59531.79
7,7_40,es,2012-03-16,,44452.66
1,41_40,es,2012-03-16,,56001.55
1,43_38,es,2012-03-16,,75726.09
7,10_23,es,2012-03-16,,65754.33
7,20_92,es,2012-03-16,,176690.3
4,28_91,es,2012-03-16,,54543.84
7,17_4,es,2012-03-16,,21462.62
1,18_74,es,2012-03-16,,20935.43
2,19_23,es,2012-03-16,,24574.17
1,13_4,es,2012-03-16,,40939.77
5,13_91,es,2012-03-16,,87954.06
7,23_40,es,2012-03-16,,59438.78
1,32_92,es,2012-03-16,,104041.51
5,6_38,es,2012-03-16,,72809.46
4,12_8,es,2012-03-16,,44354.65
6,10_16,es,2012-03-16,,42284.11
3,14_91,es,2012-03-16,,89427.16
7,20_91,es,2012-03-16,,83887.56
2,27_80,es,2012-03-16,,25241.81
1,22_40,es,2012-03-16,,54493.31
2,20_9,es,2012-03-16,,36835.26
6,14_1,es,2012-03-16,,31485.49
2,30_91,es,2012-03-16,,29396.23
5,38_38,es,2012-03-16,,69754.35
2,13_23,es,2012-03-16,,27852.19
3,1_38,es,2012-03-16,,68900.29
2,11_7,es,2012-03-16,,32299.89
1,10_38,es,2012-03-16,,108028.37
4,23_92,es,2012-03-16,,62327.91
6,21_72,es,2012-03-16,,37482.77
3,20_90,es,2012-03-16,,99152.33
2,2_87,es,2012-03-16,,24891.33
1,3_72,es,2012-03-16,,26060.95
7,4_95,es,2012-03-16,,155830.38
7,24_87,es,2012-03-16,,24464.72
7,23_22,es,2012-03-16,,18964.73
7,37_95,es,2012-03-16,,48299.26
2,34_91,es,2012-03-16,,36802.85
6,4_8,es,2012-03-16,,66261.75
4,16_95,es,2012-03-16,,32495.75
3,10_34,es,2012-03-16,,46145.07
4,44_94,es,2012-03-16,,25040.02
2,40_4,es,2012-03-23,,20848.28
1,10_5,es,2012-03-23,,55758.15
7,23_16,es,2012-03-23,,32696.21
7,13_13,es,2012-03-23,,45254.02
3,29_40,es,2012-03-23,,31278.04
7,23_74,es,2012-03-23,,29762.8
6,1_97,es,2012-03-23,,32622.65
2,16_40,es,2012-03-23,,31103.15
3,40_2,es,2012-03-23,,24029.46
5,24_90,es,2012-03-23,,64140.79
6,23_72,es,2012-03-23,,55438.24
2,31_13,es,2012-03-23,,44058.26
3,26_40,es,2012-03-23,,33955.36
6,20_7,es,2012-03-23,,40942.52
2,19_2,es,2012-03-23,,49357.03
1,6_72,es,2012-03-23,,70599.81
6,26_92,es,2012-03-23,,73468.31
5,2_81,es,2012-03-23,,30055.39
5,17_95,es,2012-03-23,,49834.61
4,31_2,es,2012-03-23,,57433.95
5,4_94,es,2012-03-23,,70494.51
5,35_14,es,2012-03-23,,23857.97
1,11_93,es,2012-03-23,,29237.5
7,6_96,es,2012-03-23,,26702.95
5,45_13,es,2012-03-23,,27997.28
1,12_34,es,2012-03-23,,23091.48
7,42_38,es,2012-03-23,,50341.27
3,4_96,es,2012-03-23,,37250.39
1,6_93,es,2012-03-23,,37572.58
4,14_2,es,2012-03-23,,75988.35
1,15_72,es,2012-03-23,,26204.97
4,2_16,es,2012-03-23,,39796.37
4,19_9,es,2012-03-23,,33553.61
3,18_72,es,2012-03-23,,44604.78
2,32_90,es,2012-03-23,,60632.2
1,22_38,es,2012-03-23,,76712.02
3,9_38,es,2012-03-23,,81799.78
5,16_72,es,2012-03-23,,32033.33
6,10_72,es,2012-03-23,,103662.39
1,1_1,es,2012-03-23,,22107.7
7,31_46,es,2012-03-23,,25257.76
7,36_95,es,2012-03-23,,33064.32
7,10_40,es,2012-03-23,,104280.74
7,30_92,es,2012-03-23,,54164.05
7,11_46,es,2012-03-23,,25253.07
2,41_91,es,2012-03-23,,51292.48
7,4_9,es,2012-03-23,,32691.94
1,2_2,es,2012-03-23,,63447.81
3,32_95,es,2012-03-23,,83204.34
5,30_95,es,2012-03-23,,42493.29
6,26_4,es,2012-03-23,,21774.16
5,16_38,es,2012-03-23,,61539.12
3,11_95,es,2012-03-23,,73670.67
6,22_9,es,2012-03-23,,25092.76
2,11_92,es,2012-03-23,,72672.19
1,11_74,es,2012-03-23,,22403.2
2,11_13,es,2012-03-23,,38713.61
3,12_40,es,2012-03-23,,55786.62
4,7_40,es,2012-03-23,,38577.72
1,41_40,es,2012-03-23,,57661.14
3,43_38,es,2012-03-23,,70699.87
3,10_23,es,2012-03-23,,65528.34
5,20_92,es,2012-03-23,,146055.65
4,28_91,es,2012-03-23,,47893.65
6,17_4,es,2012-03-23,,20673.92
7,18_74,es,2012-03-23,,20882.72
4,19_23,es,2012-03-23,,30040.8
6,13_4,es,2012-03-23,,39863.29
1,13_91,es,2012-03-23,,79882.53
4,23_40,es,2012-03-23,,58145.96
4,32_92,es,2012-03-23,,100266.39
5,6_38,es,2012-03-23,,85882.89
2,12_8,es,2012-03-23,,45658.66
7,10_16,es,2012-03-23,,34732.33
5,14_91,es,2012-03-23,,82351.56
3,20_91,es,2012-03-23,,68905.15
3,27_80,es,2012-03-23,,23724.06
1,22_40,es,2012-03-23,,56601.44
5,20_9,es,2012-03-23,,44560.54
6,14_1,es,2012-03-23,,36999.06
5,30_91,es,2012-03-23,,31066.28
5,38_38,es,2012-03-23,,72701.76
1,13_23,es,2012-03-23,,29032.31
6,1_38,es,2012-03-23,,76834.09
4,11_7,es,2012-03-23,,25852.57
2,10_38,es,2012-03-23,,117989.51
3,23_92,es,2012-03-23,,56961.17
1,21_72,es,2012-03-23,,33480.64
7,20_90,es,2012-03-23,,86759.38
2,2_87,es,2012-03-23,,23401.33
3,3_72,es,2012-03-23,,26262.4
7,4_95,es,2012-03-23,,148753.55
4,24_87,es,2012-03-23,,22958.19
4,23_22,es,2012-03-23,,18619.86
2,37_95,es,2012-03-23,,51975.92
1,34_91,es,2012-03-23,,34813.79
5,4_8,es,2012-03-23,,61407.04
4,16_95,es,2012-03-23,,30435.51
1,10_34,es,2012-03-23,,42414.91
5,44_94,es,2012-03-23,,22620.23
7,40_4,es,2012-03-30,,22631.97
4,10_5,es,2012-03-30,,50627.71
2,23_16,es,2012-03-30,,19260.99
1,13_13,es,2012-03-30,,45615.21
1,29_40,es,2012-03-30,,30586.67
4,23_74,es,2012-03-30,,30874.31
5,1_97,es,2012-03-30,,35314.89
4,16_40,es,2012-03-30,,30880.8
6,40_2,es,2012-03-30,,25410.64
5,24_90,es,2012-03-30,,67793.72
2,23_72,es,2012-03-30,,58829.33
3,31_13,es,2012-03-30,,44506.97
1,26_40,es,2012-03-30,,36457.36
7,20_7,es,2012-03-30,,45468.11
2,19_2,es,2012-03-30,,49699.04
7,6_72,es,2012-03-30,,66597.41
7,26_92,es,2012-03-30,,79412.98
7,2_81,es,2012-03-30,,30983
2,17_95,es,2012-03-30,,51089.59
1,31_2,es,2012-03-30,,55339.7
3,4_94,es,2012-03-30,,69824.5
4,35_14,es,2012-03-30,,22960.79
4,11_93,es,2012-03-30,,27489.27
4,6_96,es,2012-03-30,,29778.67
2,45_13,es,2012-03-30,,28291.44
1,12_34,es,2012-03-30,,24573.34
1,42_38,es,2012-03-30,,56783.37
7,4_96,es,2012-03-30,,39217.52
1,6_93,es,2012-03-30,,37624.63
7,14_2,es,2012-03-30,,76674
1,15_72,es,2012-03-30,,30829.17
4,2_16,es,2012-03-30,,57270.21
4,19_9,es,2012-03-30,,22850.73
5,18_72,es,2012-03-30,,42879.5
3,32_90,es,2012-03-30,,57312.22
1,22_38,es,2012-03-30,,77434.01
2,9_38,es,2012-03-30,,79946.44
2,16_72,es,2012-03-30,,20754.36
5,10_72,es,2012-03-30,,97258.13
5,1_1,es,2012-03-30,,28952.86
3,31_46,es,2012-03-30,,25367.93
7,36_95,es,2012-03-30,,34990.73
6,10_40,es,2012-03-30,,101383.23
7,30_92,es,2012-03-30,,50728.58
6,11_46,es,2012-03-30,,26331.85
1,41_91,es,2012-03-30,,50125.79
7,4_9,es,2012-03-30,,40562.6
6,2_2,es,2012-03-30,,63778.8
6,32_95,es,2012-03-30,,77442.48
5,30_95,es,2012-03-30,,46391.73
1,26_4,es,2012-03-30,,22622.61
4,16_38,es,2012-03-30,,50545.8
7,11_95,es,2012-03-30,,71300.12
7,22_9,es,2012-03-30,,21820.12
2,11_92,es,2012-03-30,,68451.67
5,11_74,es,2012-03-30,,21314.11
3,11_13,es,2012-03-30,,39889.72
5,12_40,es,2012-03-30,,53378.64
7,7_40,es,2012-03-30,,35270.01
5,41_40,es,2012-03-30,,58176.42
7,43_38,es,2012-03-30,,56323.97
5,10_23,es,2012-03-30,,63854.95
2,20_92,es,2012-03-30,,160571.5
6,28_91,es,2012-03-30,,46348.32
7,17_4,es,2012-03-30,,22263.55
5,18_74,es,2012-03-30,,18938.44
6,19_23,es,2012-03-30,,25124.61
7,13_4,es,2012-03-30,,42403.68
1,13_91,es,2012-03-30,,78640.66
5,23_40,es,2012-03-30,,58269.01
6,32_92,es,2012-03-30,,94313.82
1,6_38,es,2012-03-30,,73276.75
7,12_8,es,2012-03-30,,41410.02
2,10_16,es,2012-03-30,,43301.08
7,14_91,es,2012-03-30,,84975.12
1,20_91,es,2012-03-30,,73178.42
7,27_80,es,2012-03-30,,24073.3
7,22_40,es,2012-03-30,,56777.89
7,20_9,es,2012-03-30,,41689.4
6,14_1,es,2012-03-30,,57410.78
7,30_91,es,2012-03-30,,30655.44
4,38_38,es,2012-03-30,,75108.11
6,13_23,es,2012-03-30,,26601.24
5,1_38,es,2012-03-30,,83931.07
3,11_7,es,2012-03-30,,28714.15
1,10_38,es,2012-03-30,,100468.69
5,23_92,es,2012-03-30,,60770.58
5,21_72,es,2012-03-30,,31407.55
4,20_90,es,2012-03-30,,94680.91
2,2_87,es,2012-03-30,,24863.63
1,3_72,es,2012-03-30,,23170.5
7,4_95,es,2012-03-30,,149564.23
4,24_87,es,2012-03-30,,23291.2
3,23_22,es,2012-03-30,,18373.78
5,37_95,es,2012-03-30,,54275.29
7,34_91,es,2012-03-30,,32334.26
7,4_8,es,2012-03-30,,59418.79
5,16_95,es,2012-03-30,,30482.15
4,10_34,es,2012-03-30,,45744.68
6,44_94,es,2012-03-30,,23051.57
6,40_4,es,2012-04-06,,27642.06
6,10_5,es,2012-04-06,,58070.75
1,23_16,es,2012-04-06,,23771.42
1,13_13,es,2012-04-06,,48675.59
4,29_40,es,2012-04-06,,32279.06
1,23_74,es,2012-04-06,,33113.3
6,1_97,es,2012-04-06,,40962.41
2,16_40,es,2012-04-06,,28798.78
6,40_2,es,2012-04-06,,28812.1
5,24_90,es,2012-04-06,,86581.06
3,23_72,es,2012-04-06,,63759.79
1,31_13,es,2012-04-06,,45709.61
3,26_40,es,2012-04-06,,38783.71
4,20_7,es,2012-04-06,,79070.99
2,19_2,es,2012-04-06,,55509.54
4,6_72,es,2012-04-06,,70421.94
2,26_92,es,2012-04-06,,109475.72
1,2_81,es,2012-04-06,,34703.23
2,17_95,es,2012-04-06,,56208.95
3,31_2,es,2012-04-06,,62406.36
6,4_94,es,2012-04-06,,80741.61
3,35_14,es,2012-04-06,,26007.99
5,11_93,es,2012-04-06,,38699.13
7,6_96,es,2012-04-06,,34720.24
2,45_13,es,2012-04-06,,29634.46
6,12_34,es,2012-04-06,,26989.77
2,42_38,es,2012-04-06,,49895.81
3,4_96,es,2012-04-06,,45331.08
1,6_93,es,2012-04-06,,50042.28
6,14_2,es,2012-04-06,,83532.04
3,15_72,es,2012-04-06,,34936.18
4,2_16,es,2012-04-06,,58753.03
6,19_9,es,2012-04-06,,32035.48
6,18_72,es,2012-04-06,,46278.63
4,32_90,es,2012-04-06,,68676.68
1,22_38,es,2012-04-06,,89193.08
7,9_38,es,2012-04-06,,88582.77
3,16_72,es,2012-04-06,,24628.95
2,10_72,es,2012-04-06,,114641.62
1,1_1,es,2012-04-06,,57592.12
7,31_46,es,2012-04-06,,26379.66
2,36_95,es,2012-04-06,,38247.02
1,10_40,es,2012-04-06,,109000.47
5,30_92,es,2012-04-06,,54216.81
6,11_46,es,2012-04-06,,31714.87
5,41_91,es,2012-04-06,,58766.33
4,4_9,es,2012-04-06,,53068.75
1,2_2,es,2012-04-06,,70382.23
4,32_95,es,2012-04-06,,86207.18
6,30_95,es,2012-04-06,,46372.19
6,26_4,es,2012-04-06,,25817.04
2,16_38,es,2012-04-06,,57869.1
3,11_95,es,2012-04-06,,87376.9
7,22_9,es,2012-04-06,,28492.39
6,11_92,es,2012-04-06,,88113.75
7,11_74,es,2012-04-06,,23274.58
5,11_13,es,2012-04-06,,46057.59
3,12_40,es,2012-04-06,,54114.85
7,7_40,es,2012-04-06,,36855.39
4,41_40,es,2012-04-06,,62066.14
5,43_38,es,2012-04-06,,67738.7
3,10_23,es,2012-04-06,,79275.71
4,20_92,es,2012-04-06,,209579.58
6,28_91,es,2012-04-06,,83932.05
3,17_4,es,2012-04-06,,25832.21
7,18_74,es,2012-04-06,,20487.83
6,19_23,es,2012-04-06,,27145.64
5,13_4,es,2012-04-06,,45776.42
2,13_91,es,2012-04-06,,88118.94
4,23_40,es,2012-04-06,,62664.76
5,32_92,es,2012-04-06,,112483.43
3,6_38,es,2012-04-06,,79062.76
1,12_8,es,2012-04-06,,44751.93
5,10_16,es,2012-04-06,,47202.99
3,14_91,es,2012-04-06,,106335.04
7,20_91,es,2012-04-06,,90366.66
1,27_80,es,2012-04-06,,25854.26
4,22_40,es,2012-04-06,,59251.64
1,20_9,es,2012-04-06,,56275.87
3,14_1,es,2012-04-06,,156677
1,30_91,es,2012-04-06,,32203.31
3,38_38,es,2012-04-06,,89879.86
4,13_23,es,2012-04-06,,31024.39
5,1_38,es,2012-04-06,,98092.62
5,11_7,es,2012-04-06,,40879.34
4,10_38,es,2012-04-06,,92022.89
6,23_92,es,2012-04-06,,80479.9
2,21_72,es,2012-04-06,,36811.94
7,20_90,es,2012-04-06,,121304.86
5,2_87,es,2012-04-06,,26854.57
5,3_72,es,2012-04-06,,29468.66
4,4_95,es,2012-04-06,,173008.96
6,24_87,es,2012-04-06,,28813.77
5,23_22,es,2012-04-06,,21412.76
6,37_95,es,2012-04-06,,54686.45
3,34_91,es,2012-04-06,,39153.44
4,4_8,es,2012-04-06,,66790.02
4,16_95,es,2012-04-06,,26601.76
5,10_34,es,2012-04-06,,56824.46
5,44_94,es,2012-04-06,,22146.54
3,40_4,es,2012-04-13,,21120.38
3,10_5,es,2012-04-13,,48858.38
7,23_16,es,2012-04-13,,20248.87
5,13_13,es,2012-04-13,,45814.23
3,29_40,es,2012-04-13,,29713.34
2,23_74,es,2012-04-13,,27909.7
5,1_97,es,2012-04-13,,36554.07
3,16_40,es,2012-04-13,,27997.92
5,40_2,es,2012-04-13,,23507.91
2,24_90,es,2012-04-13,,70414.72
7,23_72,es,2012-04-13,,65718.14
5,31_13,es,2012-04-13,,43005.37
6,26_40,es,2012-04-13,,34204.44
6,20_7,es,2012-04-13,,46073.9
4,19_2,es,2012-04-13,,44597.89
6,6_72,es,2012-04-13,,67333.53
4,26_92,es,2012-04-13,,80928.63
7,2_81,es,2012-04-13,,32686.17
4,17_95,es,2012-04-13,,43796.44
3,31_2,es,2012-04-13,,58215.2
6,4_94,es,2012-04-13,,75174.85
7,35_14,es,2012-04-13,,24142.92
2,11_93,es,2012-04-13,,43699.66
1,6_96,es,2012-04-13,,35545.65
5,45_13,es,2012-04-13,,25013.2
5,12_34,es,2012-04-13,,27841.26
7,42_38,es,2012-04-13,,44345.61
4,4_96,es,2012-04-13,,37460.69
5,6_93,es,2012-04-13,,49328.89
2,14_2,es,2012-04-13,,74142.16
1,15_72,es,2012-04-13,,24184.41
5,2_16,es,2012-04-13,,49269.1
1,19_9,es,2012-04-13,,29726.03
6,18_72,es,2012-04-13,,41760.12
7,32_90,es,2012-04-13,,61580.46
2,22_38,es,2012-04-13,,80312.67
5,9_38,es,2012-04-13,,89372.13
7,16_72,es,2012-04-13,,23245.88
7,10_72,es,2012-04-13,,127171.44
6,1_1,es,2012-04-13,,34684.21
3,31_46,es,2012-04-13,,27163.46
1,36_95,es,2012-04-13,,42551.8
7,10_40,es,2012-04-13,,102277.59
2,30_92,es,2012-04-13,,52103.93
3,11_46,es,2012-04-13,,29385.93
6,41_91,es,2012-04-13,,53154.9
3,4_9,es,2012-04-13,,44373.32
1,2_2,es,2012-04-13,,61390.48
5,32_95,es,2012-04-13,,79827.93
7,30_95,es,2012-04-13,,44058.1
7,26_4,es,2012-04-13,,21656.15
3,16_38,es,2012-04-13,,45769.6
5,11_95,es,2012-04-13,,91737.17
2,22_9,es,2012-04-13,,27528.96
2,11_92,es,2012-04-13,,91691.9
5,11_74,es,2012-04-13,,23644.33
5,11_13,es,2012-04-13,,42179.55
3,12_40,es,2012-04-13,,52735.9
4,7_40,es,2012-04-13,,29147.7
7,41_40,es,2012-04-13,,57699.3
5,43_38,es,2012-04-13,,77602.54
5,10_23,es,2012-04-13,,72998.33
1,20_92,es,2012-04-13,,170127.5
5,28_91,es,2012-04-13,,53579.55
3,17_4,es,2012-04-13,,24808.5
3,18_74,es,2012-04-13,,17964.25
1,19_23,es,2012-04-13,,23186.2
3,13_4,es,2012-04-13,,43614.77
4,13_91,es,2012-04-13,,80651.48
3,23_40,es,2012-04-13,,58416.64
5,32_92,es,2012-04-13,,100327.81
4,6_38,es,2012-04-13,,77057.86
1,12_8,es,2012-04-13,,44223.52
2,10_16,es,2012-04-13,,45535.72
2,14_91,es,2012-04-13,,76636.79
4,20_91,es,2012-04-13,,78957.65
6,27_80,es,2012-04-13,,24770.05
5,22_40,es,2012-04-13,,53181.69
1,20_9,es,2012-04-13,,76015.7
1,14_1,es,2012-04-13,,76475.58
6,30_91,es,2012-04-13,,29062.73
2,38_38,es,2012-04-13,,78375.4
6,13_23,es,2012-04-13,,28093.51
7,1_38,es,2012-04-13,,74197.08
2,11_7,es,2012-04-13,,38266.76
4,10_38,es,2012-04-13,,114451.05
3,23_92,es,2012-04-13,,61348.66
2,21_72,es,2012-04-13,,25484.87
6,20_90,es,2012-04-13,,95731.12
2,2_87,es,2012-04-13,,24117.39
2,3_72,es,2012-04-13,,22101.88
3,4_95,es,2012-04-13,,156802.33
6,24_87,es,2012-04-13,,21599.98
1,23_22,es,2012-04-13,,18123.82
3,37_95,es,2012-04-13,,51076.11
5,34_91,es,2012-04-13,,34001.07
4,4_8,es,2012-04-13,,60602.85
4,16_95,es,2012-04-13,,25686.25
1,10_34,es,2012-04-13,,53246.62
6,44_94,es,2012-04-13,,25314.1
1,40_4,es,2012-04-20,,22677.59
7,10_5,es,2012-04-20,,41458.02
1,23_16,es,2012-04-20,,41663.63
5,13_13,es,2012-04-20,,47356.23
6,29_40,es,2012-04-20,,31225.97
4,23_74,es,2012-04-20,,32081.06
4,1_97,es,2012-04-20,,34402.49
4,16_40,es,2012-04-20,,25591.84
4,40_2,es,2012-04-20,,25160.83
5,24_90,es,2012-04-20,,65677.71
2,23_72,es,2012-04-20,,52360.63
1,31_13,es,2012-04-20,,47289.81
3,26_40,es,2012-04-20,,35538.65
1,20_7,es,2012-04-20,,29145.36
6,19_2,es,2012-04-20,,47080.89
2,6_72,es,2012-04-20,,56893.51
2,26_92,es,2012-04-20,,78905.05
1,2_81,es,2012-04-20,,32052.51
5,17_95,es,2012-04-20,,58740.86
4,31_2,es,2012-04-20,,58715.62
2,4_94,es,2012-04-20,,72990.96
6,35_14,es,2012-04-20,,22759.39
6,11_93,es,2012-04-20,,32989.51
2,6_96,es,2012-04-20,,29365.88
5,45_13,es,2012-04-20,,27125.45
6,12_34,es,2012-04-20,,26087.08
5,42_38,es,2012-04-20,,43806.42
1,4_96,es,2012-04-20,,40347.21
3,6_93,es,2012-04-20,,38319.71
6,14_2,es,2012-04-20,,76266.11
6,15_72,es,2012-04-20,,24176.25
1,2_16,es,2012-04-20,,43658.78
1,19_9,es,2012-04-20,,26615.69
7,18_72,es,2012-04-20,,37668.56
6,32_90,es,2012-04-20,,61281.8
4,22_38,es,2012-04-20,,75721.73
6,9_38,es,2012-04-20,,78749.54
3,16_72,es,2012-04-20,,24681.42
7,10_72,es,2012-04-20,,110064.48
2,1_1,es,2012-04-20,,16976.19
3,31_46,es,2012-04-20,,26303.46
6,36_95,es,2012-04-20,,36471.35
3,10_40,es,2012-04-20,,102518.6
3,30_92,es,2012-04-20,,54459.86
1,11_46,es,2012-04-20,,27438.92
5,41_91,es,2012-04-20,,52025
6,4_9,es,2012-04-20,,44066.41
5,2_2,es,2012-04-20,,67363.12
6,32_95,es,2012-04-20,,85004.25
4,30_95,es,2012-04-20,,45896.35
1,26_4,es,2012-04-20,,23802.5
6,16_38,es,2012-04-20,,51891.54
3,11_95,es,2012-04-20,,78174.09
4,22_9,es,2012-04-20,,31179.61
2,11_92,es,2012-04-20,,77825.31
4,11_74,es,2012-04-20,,22367.42
1,11_13,es,2012-04-20,,42184
2,12_40,es,2012-04-20,,51628.99
4,7_40,es,2012-04-20,,25078.56
7,41_40,es,2012-04-20,,55740.17
5,43_38,es,2012-04-20,,64235.36
2,10_23,es,2012-04-20,,66703.47
7,20_92,es,2012-04-20,,153580.84
7,28_91,es,2012-04-20,,45570.25
5,17_4,es,2012-04-20,,36595.12
6,18_74,es,2012-04-20,,18237.63
6,19_23,es,2012-04-20,,24288.22
7,13_4,es,2012-04-20,,43543.17
4,13_91,es,2012-04-20,,86477.42
4,23_40,es,2012-04-20,,62644.17
4,32_92,es,2012-04-20,,101439.83
3,6_38,es,2012-04-20,,76366.3
4,12_8,es,2012-04-20,,43269.31
4,10_16,es,2012-04-20,,42571.38
3,14_91,es,2012-04-20,,85833.13
2,20_91,es,2012-04-20,,73667.94
1,27_80,es,2012-04-20,,24126.87
5,22_40,es,2012-04-20,,60662.33
3,20_9,es,2012-04-20,,54466.12
5,14_1,es,2012-04-20,,18877.13
5,30_91,es,2012-04-20,,32658.38
4,38_38,es,2012-04-20,,57452.96
1,13_23,es,2012-04-20,,28108.35
7,1_38,es,2012-04-20,,74827.84
6,11_7,es,2012-04-20,,26765.69
4,10_38,es,2012-04-20,,111287.62
2,23_92,es,2012-04-20,,60781.29
1,21_72,es,2012-04-20,,31073.09
6,20_90,es,2012-04-20,,89179.82
5,2_87,es,2012-04-20,,22520.29
4,3_72,es,2012-04-20,,32785.91
3,4_95,es,2012-04-20,,164870.89
5,24_87,es,2012-04-20,,22670.38
4,23_22,es,2012-04-20,,17259.57
4,37_95,es,2012-04-20,,53666.64
3,34_91,es,2012-04-20,,35788.22
6,4_8,es,2012-04-20,,63907.79
7,16_95,es,2012-04-20,,24990.72
4,10_34,es,2012-04-20,,48449.57
2,44_94,es,2012-04-20,,24511.54
5,40_4,es,2012-04-27,21305.95385,24598.59
3,10_5,es,2012-04-27,32606.49815,34073.11
5,23_16,es,2012-04-27,33992.46618,29562.36
6,13_13,es,2012-04-27,43790.5188,45661.38
5,29_40,es,2012-04-27,27584.94323,29373.74
1,23_74,es,2012-04-27,28931.33053,35026.69
6,1_97,es,2012-04-27,32719.65224,32306.41
3,16_40,es,2012-04-27,23152.0521,23068.85
2,40_2,es,2012-04-27,23523.92171,25123.8
5,24_90,es,2012-04-27,64754.76472,69562.93
5,23_72,es,2012-04-27,54529.92448,60798.94
7,31_13,es,2012-04-27,42059.11168,42723.81
5,26_40,es,2012-04-27,31468.16667,34939.7
2,20_7,es,2012-04-27,48546.4439,31771.96
7,19_2,es,2012-04-27,43707.85228,48717.46
7,6_72,es,2012-04-27,61858.19427,59294.63
1,26_92,es,2012-04-27,74789.38647,79701.22
1,2_81,es,2012-04-27,30487.84112,31047.01
5,17_95,es,2012-04-27,48600.90797,54461.19
4,31_2,es,2012-04-27,56875.08902,56021
6,4_94,es,2012-04-27,66398.81224,73505
4,35_14,es,2012-04-27,21373.82205,21457.13
7,11_93,es,2012-04-27,37484.95584,28974.71
1,6_96,es,2012-04-27,30527.27438,34332.93
5,45_13,es,2012-04-27,25141.52867,26058.61
6,12_34,es,2012-04-27,28204.548,29714.74
6,42_38,es,2012-04-27,46767.55259,43166.29
5,4_96,es,2012-04-27,42498.20868,42190.65
6,6_93,es,2012-04-27,40440.73689,36252.2
7,14_2,es,2012-04-27,73201.4913,73752.17
3,15_72,es,2012-04-27,22833.50335,29529.86
2,2_16,es,2012-04-27,43483.71768,47384.36
1,19_9,es,2012-04-27,30011.22482,23919.65
6,18_72,es,2012-04-27,36316.51261,41594.08
1,32_90,es,2012-04-27,58803.51843,58987.21
3,22_38,es,2012-04-27,75414.833,69403.27
6,9_38,es,2012-04-27,81233.65468,82602.4
5,16_72,es,2012-04-27,26652.61457,18404.96
3,10_72,es,2012-04-27,111683.9419,95980.33
1,1_1,es,2012-04-27,38261.8846,16347.6
4,31_46,es,2012-04-27,26647.84148,26807.18
4,36_95,es,2012-04-27,35152.37645,36036.87
6,10_40,es,2012-04-27,100092.1745,94823.11
5,30_92,es,2012-04-27,50325.99562,52483.27
2,11_46,es,2012-04-27,27870.40654,28642.49
4,41_91,es,2012-04-27,45826.30333,51967.48
1,4_9,es,2012-04-27,42067.98667,42018.09
5,2_2,es,2012-04-27,65071.23565,61562.95
1,32_95,es,2012-04-27,77706.61091,85538.65
5,30_95,es,2012-04-27,43643.59048,46893.9
7,26_4,es,2012-04-27,22499.79821,22693.26
5,16_38,es,2012-04-27,45508.33513,43166.35
7,11_95,es,2012-04-27,83939.54904,75994.73
6,22_9,es,2012-04-27,24178.89236,25582.69
4,11_92,es,2012-04-27,80345.45709,68260.56
6,11_74,es,2012-04-27,20229.75835,17364.02
7,11_13,es,2012-04-27,41269.79355,38300.04
4,12_40,es,2012-04-27,52479.3878,50811.48
2,7_40,es,2012-04-27,23240.06218,23258.5
2,41_40,es,2012-04-27,55273.88194,56473.83
2,43_38,es,2012-04-27,67533.48985,56756.98
7,10_23,es,2012-04-27,70631.06677,65237.08
3,20_92,es,2012-04-27,133396.9287,157177.53
7,28_91,es,2012-04-27,43383.02856,43719.62
1,17_4,es,2012-04-27,22726.57568,24214.44
6,18_74,es,2012-04-27,17961.36313,20240.26
1,19_23,es,2012-04-27,26038.45201,23131.88
5,13_4,es,2012-04-27,41983.54782,41473.05
1,13_91,es,2012-04-27,70608.20876,80370
7,23_40,es,2012-04-27,53500.63763,62082.29
5,32_92,es,2012-04-27,95193.3843,95925.69
2,6_38,es,2012-04-27,84126.47372,73240.54
1,12_8,es,2012-04-27,42315.54214,41766.19
5,10_16,es,2012-04-27,44346.65345,45433.34
6,14_91,es,2012-04-27,66712.13452,82728.69
2,20_91,es,2012-04-27,56627.7315,73588.85
2,27_80,es,2012-04-27,22696.08638,24820.21
5,22_40,es,2012-04-27,51764.70567,56204.02
5,20_9,es,2012-04-27,50732.17715,42083.24
1,14_1,es,2012-04-27,55176.41577,17954.91
3,30_91,es,2012-04-27,28342.00146,31316.34
2,38_38,es,2012-04-27,74347.95771,77359.17
6,13_23,es,2012-04-27,30351.572,33266.47
5,1_38,es,2012-04-27,91669.25552,66399.89
1,11_7,es,2012-04-27,35290.42651,27069.41
7,10_38,es,2012-04-27,97559.54611,87495.58
5,23_92,es,2012-04-27,52498.35381,66991.31
2,21_72,es,2012-04-27,39224.90511,28029.5
6,20_90,es,2012-04-27,82178.93158,91671.88
6,2_87,es,2012-04-27,25643.09425,20174.83
1,3_72,es,2012-04-27,24969.13878,19779.24
1,4_95,es,2012-04-27,148151.5968,156357.63
3,24_87,es,2012-04-27,24084.5677,23382.87
4,23_22,es,2012-04-27,16143.69755,18632.37
1,37_95,es,2012-04-27,50505.26364,55629.16
6,34_91,es,2012-04-27,29539.38674,32818.98
5,4_8,es,2012-04-27,59872.03738,61032.35
5,16_95,es,2012-04-27,24439.69777,22893.95
5,10_34,es,2012-04-27,51482.64752,50607.06
5,44_94,es,2012-04-27,25607.70335,27245.25
3,40_4,es,2012-05-04,27346.95361,25907.6
2,10_5,es,2012-05-04,26671.57087,38292.51
5,23_16,es,2012-05-04,86659.0365,39155.04
3,13_13,es,2012-05-04,48070.78876,46750.53
6,29_40,es,2012-05-04,33139.81988,30683.39
4,23_74,es,2012-05-04,34071.67153,34678.58
6,1_97,es,2012-05-04,39053.22629,37558.68
5,16_40,es,2012-05-04,25699.84432,23370.56
2,40_2,es,2012-05-04,26107.75944,26283
1,24_90,es,2012-05-04,73470.07093,75588.66
6,23_72,es,2012-05-04,58398.73956,56884.11
4,31_13,es,2012-05-04,43348.31871,45162.63
4,26_40,es,2012-05-04,36420.32255,37706.23
4,20_7,es,2012-05-04,34124.82162,37241.14
7,19_2,es,2012-05-04,48404.25507,49805.02
4,6_72,es,2012-05-04,60097.44689,67399
6,26_92,es,2012-05-04,100344.2547,86376.01
4,2_81,es,2012-05-04,32740.54023,32312.66
5,17_95,es,2012-05-04,59975.29587,57307.49
2,31_2,es,2012-05-04,56344.71997,58719.39
1,4_94,es,2012-05-04,73374.26286,76181.57
5,35_14,es,2012-05-04,27380.72555,26710.87
2,11_93,es,2012-05-04,36735.46915,33907.94
2,6_96,es,2012-05-04,28491.82996,31111.4
4,45_13,es,2012-05-04,29002.36746,28288.21
6,12_34,es,2012-05-04,30199.84094,30040.38
1,42_38,es,2012-05-04,52219.51427,58043.77
6,4_96,es,2012-05-04,43720.8696,46069.01
6,6_93,es,2012-05-04,42935.12843,39497.02
6,14_2,es,2012-05-04,76462.83249,78049.84
2,15_72,es,2012-05-04,28695.69507,26818.7
7,2_16,es,2012-05-04,41614.57879,54561.21
2,19_9,es,2012-05-04,31800.07636,36758.48
3,18_72,es,2012-05-04,35553.09142,48936.82
7,32_90,es,2012-05-04,61789.76185,60418.58
3,22_38,es,2012-05-04,88472.22802,100051.87
1,9_38,es,2012-05-04,88355.69681,82463.34
2,16_72,es,2012-05-04,25650.0565,18935.85
3,10_72,es,2012-05-04,115225.9057,97073.98
6,1_1,es,2012-05-04,20700.67209,17147.44
1,31_46,es,2012-05-04,26335.73968,27574.94
5,36_95,es,2012-05-04,38475.19216,37193.6
5,10_40,es,2012-05-04,106359.3175,100777.93
4,30_92,es,2012-05-04,54606.89492,53764.13
7,11_46,es,2012-05-04,27078.81972,30644.15
2,41_91,es,2012-05-04,52912.98445,54084.76
2,4_9,es,2012-05-04,38637.37314,41179.7
3,2_2,es,2012-05-04,66119.23795,67046.93
6,32_95,es,2012-05-04,85393.86217,88364.91
7,30_95,es,2012-05-04,45174.13333,47732.37
5,26_4,es,2012-05-04,25919.19348,25928.99
4,16_38,es,2012-05-04,51973.97487,49713.27
7,11_95,es,2012-05-04,80948.72515,83133.33
6,22_9,es,2012-05-04,29788.25682,25657.35
1,11_92,es,2012-05-04,82435.49228,79266.8
7,11_74,es,2012-05-04,21259.71938,22712.09
3,11_13,es,2012-05-04,42366.91135,44251.3
2,12_40,es,2012-05-04,53399.51016,52033.59
2,7_40,es,2012-05-04,23120.67309,23510.67
4,41_40,es,2012-05-04,61716.62217,58241.65
6,43_38,es,2012-05-04,68274.10144,67654.08
3,10_23,es,2012-05-04,66730.0763,69791.99
5,20_92,es,2012-05-04,171823.0508,169894.64
4,28_91,es,2012-05-04,88140.72306,77411.79
4,17_4,es,2012-05-04,25090.21373,25312.86
2,18_74,es,2012-05-04,22162.31768,21698.94
3,19_23,es,2012-05-04,22335.56378,24907.81
1,13_4,es,2012-05-04,47529.67268,44497.74
1,13_91,es,2012-05-04,82565.19594,80372.04
5,23_40,es,2012-05-04,59139.96326,61468.55
5,32_92,es,2012-05-04,106170.4847,100922.8
2,6_38,es,2012-05-04,83860.57848,76938.46
3,12_8,es,2012-05-04,44832.70028,45270.24
2,10_16,es,2012-05-04,49944.19233,49814.1
7,14_91,es,2012-05-04,97916.10331,99114.2
4,20_91,es,2012-05-04,82848.89333,81557.28
6,27_80,es,2012-05-04,24731.9133,24181.67
1,22_40,es,2012-05-04,61839.2244,58744.15
4,20_9,es,2012-05-04,45746.59724,52781.54
2,14_1,es,2012-05-04,21768.50033,19005.63
1,30_91,es,2012-05-04,30833.13992,31331.94
2,38_38,es,2012-05-04,88773.63966,91894.49
7,13_23,es,2012-05-04,28165.14115,29625.56
1,1_38,es,2012-05-04,95116.57992,90029.42
5,11_7,es,2012-05-04,31615.21899,30865.28
6,10_38,es,2012-05-04,100325.0967,105447.09
2,23_92,es,2012-05-04,66645.74501,75405.32
6,21_72,es,2012-05-04,32510.06315,28022.58
4,20_90,es,2012-05-04,96817.43724,95205.28
3,2_87,es,2012-05-04,26361.22818,24825.57
7,3_72,es,2012-05-04,29767.23386,21584.75
4,4_95,es,2012-05-04,162326.1125,173056.3
1,24_87,es,2012-05-04,27044.65595,27288.28
6,23_22,es,2012-05-04,17682.15367,20489.67
6,37_95,es,2012-05-04,54506.74885,56266.88
7,34_91,es,2012-05-04,35501.65754,35356.09
3,4_8,es,2012-05-04,68170.68844,63656.22
7,16_95,es,2012-05-04,26286.4113,24619.45
4,10_34,es,2012-05-04,51034.61462,49292.5
3,44_94,es,2012-05-04,26691.59853,25323.38
2,40_4,es,2012-05-11,24121.33396,24006.47
7,10_5,es,2012-05-11,18013.67331,43364.64
2,23_16,es,2012-05-11,71488.33658,51942.69
5,13_13,es,2012-05-11,44164.20548,46330.07
7,29_40,es,2012-05-11,32881.63539,31209.44
1,23_74,es,2012-05-11,33855.43666,35982.38
6,1_97,es,2012-05-11,39999.92387,37634.44
4,16_40,es,2012-05-11,23927.11883,25717.92
5,40_2,es,2012-05-11,24808.98037,25995.21
5,24_90,es,2012-05-11,70176.33791,75393.92
1,23_72,es,2012-05-11,48937.77834,54460.01
5,31_13,es,2012-05-11,41737.09302,41087.84
5,26_40,es,2012-05-11,34587.27546,36643.71
4,20_7,es,2012-05-11,34134.24984,34549.39
5,19_2,es,2012-05-11,43892.6728,48068.04
4,6_72,es,2012-05-11,67719.55463,76081.89
5,26_92,es,2012-05-11,84664.70767,109733.57
4,2_81,es,2012-05-11,32182.13689,33032.54
4,17_95,es,2012-05-11,57961.59538,57585.86
1,31_2,es,2012-05-11,55797.36681,56603.45
1,4_94,es,2012-05-11,86836.284,83660.49
1,35_14,es,2012-05-11,22983.59878,29740.04
3,11_93,es,2012-05-11,37062.31772,34889.77
4,6_96,es,2012-05-11,27999.64813,29838.94
6,45_13,es,2012-05-11,26401.53039,26059.19
2,12_34,es,2012-05-11,34012.07056,29564.75
7,42_38,es,2012-05-11,44626.39477,47342.21
5,4_96,es,2012-05-11,42258.96316,41427.69
7,6_93,es,2012-05-11,42454.85948,39971.19
4,14_2,es,2012-05-11,71105.5237,77287.63
3,15_72,es,2012-05-11,21375.5291,30468.37
7,2_16,es,2012-05-11,45529.09159,45366.08
1,19_9,es,2012-05-11,31208.45388,32899.01
5,18_72,es,2012-05-11,34613.63641,43136.77
2,32_90,es,2012-05-11,60425.94903,61886.22
6,22_38,es,2012-05-11,85257.54222,77886.62
3,9_38,es,2012-05-11,74431.01656,103033.67
7,16_72,es,2012-05-11,25225.10065,19049.85
3,10_72,es,2012-05-11,103144.2937,107930.91
3,1_1,es,2012-05-11,18550.91714,18164.2
4,31_46,es,2012-05-11,26952.97474,27039.65
2,36_95,es,2012-05-11,39312.87594,38952.7
1,10_40,es,2012-05-11,98380.52873,101453.65
6,30_92,es,2012-05-11,50836.67321,53677.31
2,11_46,es,2012-05-11,29055.02671,27394.13
6,41_91,es,2012-05-11,47797.27082,55672.28
7,4_9,es,2012-05-11,40896.99232,37711.58
1,2_2,es,2012-05-11,64815.88133,61750.11
1,32_95,es,2012-05-11,85256.32389,87252.98
3,30_95,es,2012-05-11,43584.81684,47125.7
6,26_4,es,2012-05-11,25114.70807,24189.6
3,16_38,es,2012-05-11,46320.47227,54572.87
5,11_95,es,2012-05-11,83892.96977,77621.59
3,22_9,es,2012-05-11,27764.96104,26970.59
3,11_92,es,2012-05-11,81691.33963,78910.14
2,11_74,es,2012-05-11,21963.35158,20835.26
7,11_13,es,2012-05-11,38397.47725,39244.44
6,12_40,es,2012-05-11,51090.48458,52305.53
7,7_40,es,2012-05-11,22368.48689,23230.24
2,41_40,es,2012-05-11,55364.82255,56473.65
2,43_38,es,2012-05-11,71045.0507,67912.52
7,10_23,es,2012-05-11,61927.82577,63718.1
6,20_92,es,2012-05-11,165047.8934,184633.98
6,28_91,es,2012-05-11,56959.38434,56050.86
5,17_4,es,2012-05-11,23937.62302,24013.52
7,18_74,es,2012-05-11,18381.17916,20429.19
2,19_23,es,2012-05-11,24631.76165,25320.63
1,13_4,es,2012-05-11,42895.01945,43748.27
2,13_91,es,2012-05-11,81625.85353,88827.88
4,23_40,es,2012-05-11,58312.74476,58161.01
7,32_92,es,2012-05-11,99122.08883,101803.22
5,6_38,es,2012-05-11,82878.12598,72044.08
3,12_8,es,2012-05-11,41449.31143,43182.88
4,10_16,es,2012-05-11,43050.24972,47824.81
5,14_91,es,2012-05-11,79373.44769,92346.7
2,20_91,es,2012-05-11,80456.4588,89006.18
6,27_80,es,2012-05-11,24807.87545,24346.78
7,22_40,es,2012-05-11,59731.40591,54805
1,20_9,es,2012-05-11,45687.97397,42424.16
1,14_1,es,2012-05-11,21285.05451,20761.07
1,30_91,es,2012-05-11,30111.94336,33040.43
1,38_38,es,2012-05-11,71590.85195,70615.63
5,13_23,es,2012-05-11,27756.52526,27157.91
2,1_38,es,2012-05-11,105514.6871,70261.48
6,11_7,es,2012-05-11,28925.677,26632.71
1,10_38,es,2012-05-11,101988.3992,101377.26
5,23_92,es,2012-05-11,53761.24736,67901.78
6,21_72,es,2012-05-11,35819.97248,27437.05
5,20_90,es,2012-05-11,94723.86413,99398.64
5,2_87,es,2012-05-11,24137.24504,19602.8
1,3_72,es,2012-05-11,28191.74912,24701.65
4,4_95,es,2012-05-11,163483.9477,162899.76
3,24_87,es,2012-05-11,23673.49446,23698.07
6,23_22,es,2012-05-11,17545.68162,18520.18
6,37_95,es,2012-05-11,54444.31607,51969
3,34_91,es,2012-05-11,35068.96676,36188.42
6,4_8,es,2012-05-11,62944.57684,60168.16
7,16_95,es,2012-05-11,26714.18482,26930.03
5,10_34,es,2012-05-11,47830.1737,47057.7
1,44_94,es,2012-05-11,31104.4004,26314.52
5,40_4,es,2012-05-18,24537.95717,23310.67
4,10_5,es,2012-05-18,21554.71403,41556.25
2,23_16,es,2012-05-18,57047.08072,64008.04
2,13_13,es,2012-05-18,42782.0943,44739.83
2,29_40,es,2012-05-18,30802.77922,28643.03
4,23_74,es,2012-05-18,35307.60015,33157.04
1,1_97,es,2012-05-18,35881.52749,35798.96
4,16_40,es,2012-05-18,24604.53722,25265.16
1,40_2,es,2012-05-18,25638.34429,23426.65
7,24_90,es,2012-05-18,68668.68164,66397.09
2,23_72,es,2012-05-18,51421.02498,43723.09
2,31_13,es,2012-05-18,45130.8668,44323.2
3,26_40,es,2012-05-18,35949.2514,33952.19
2,20_7,es,2012-05-18,33894.68721,30152.23
1,19_2,es,2012-05-18,47536.82747,44880.08
1,6_72,es,2012-05-18,58232.46032,73021.02
6,26_92,es,2012-05-18,86425.95215,82495.41
3,2_81,es,2012-05-18,31513.27942,33193.76
5,17_95,es,2012-05-18,58981.19924,58952.29
7,31_2,es,2012-05-18,58123.24937,60683.8
4,4_94,es,2012-05-18,69162.62095,86908.04
2,35_14,es,2012-05-18,19597.33162,28327
4,11_93,es,2012-05-18,33706.83239,34406.84
5,6_96,es,2012-05-18,28938.22927,31053.26
5,45_13,es,2012-05-18,27366.02135,25082.47
2,12_34,es,2012-05-18,27196.25668,32747.34
6,42_38,es,2012-05-18,42315.77866,50769.62
2,4_96,es,2012-05-18,40073.44889,42387.52
1,6_93,es,2012-05-18,41107.18029,41735.37
1,14_2,es,2012-05-18,79062.02643,74947.95
6,15_72,es,2012-05-18,19883.77747,29348.61
2,2_16,es,2012-05-18,42847.62878,44772.09
7,19_9,es,2012-05-18,30400.16955,34730.22
3,18_72,es,2012-05-18,32915.90644,41556.48
5,32_90,es,2012-05-18,61646.06211,58903.31
5,22_38,es,2012-05-18,86487.12181,79597.48
5,9_38,es,2012-05-18,83362.15934,82741.13
6,16_72,es,2012-05-18,20194.28637,23615.3
2,10_72,es,2012-05-18,94392.04829,100483.98
4,1_1,es,2012-05-18,16162.69595,18517.79
4,31_46,es,2012-05-18,28436.44859,29296.79
6,36_95,es,2012-05-18,40570.7523,40185.87
2,10_40,es,2012-05-18,100608.8813,96650.58
2,30_92,es,2012-05-18,53652.14218,54128.58
1,11_46,es,2012-05-18,23730.13759,29687.38
5,41_91,es,2012-05-18,51021.87432,50974.22
6,4_9,es,2012-05-18,44281.02306,41054.76
1,2_2,es,2012-05-18,65185.70265,63948.19
5,32_95,es,2012-05-18,87160.01267,86369.98
4,30_95,es,2012-05-18,45021.64822,48005.51
3,26_4,es,2012-05-18,25419.30247,24177.68
1,16_38,es,2012-05-18,50425.3201,51853.64
5,11_95,es,2012-05-18,83744.43852,80235.72
6,22_9,es,2012-05-18,30079.3522,24905.95
4,11_92,es,2012-05-18,78158.59781,77866.5
7,11_74,es,2012-05-18,22886.32733,21865.64
7,11_13,es,2012-05-18,41127.88534,41225.99
5,12_40,es,2012-05-18,49365.94086,48592.35
1,7_40,es,2012-05-18,23328.55698,21367.43
5,41_40,es,2012-05-18,58733.05262,55752.1
5,43_38,es,2012-05-18,71645.81935,57607.52
4,10_23,es,2012-05-18,65352.04773,66796.1
6,20_92,es,2012-05-18,157947.9416,161464.1
3,28_91,es,2012-05-18,51095.17911,49816.61
5,17_4,es,2012-05-18,24713.75263,24035.46
6,18_74,es,2012-05-18,21800.62156,20100.19
3,19_23,es,2012-05-18,26614.76977,26688.6
1,13_4,es,2012-05-18,42548.83287,43983.93
7,13_91,es,2012-05-18,82248.49374,87197.91
6,23_40,es,2012-05-18,62326.88241,57171.26
1,32_92,es,2012-05-18,105753.3582,97345.87
3,6_38,es,2012-05-18,64742.45472,79995.8
2,12_8,es,2012-05-18,41086.68223,41787.99
7,10_16,es,2012-05-18,43349.66799,43778.36
3,14_91,es,2012-05-18,85995.94662,79558.01
3,20_91,es,2012-05-18,75154.43002,74085.13
3,27_80,es,2012-05-18,24949.0479,24761.08
2,22_40,es,2012-05-18,59402.31167,54110.05
4,20_9,es,2012-05-18,42195.8498,38268.54
4,14_1,es,2012-05-18,21723.66265,18372.8
6,30_91,es,2012-05-18,31368.35176,31595.7
4,38_38,es,2012-05-18,74112.53148,65156.76
5,13_23,es,2012-05-18,30563.37935,31249.41
1,1_38,es,2012-05-18,90506.0276,81332.67
2,11_7,es,2012-05-18,32587.91853,31747.54
1,10_38,es,2012-05-18,103418.8507,84886.26
4,23_92,es,2012-05-18,62577.30896,63017.21
5,21_72,es,2012-05-18,35490.86368,22642.38
5,20_90,es,2012-05-18,91095.53044,88613.58
1,2_87,es,2012-05-18,21703.234,25695.96
7,3_72,es,2012-05-18,31003.06835,28348.82
7,4_95,es,2012-05-18,164027.2965,164941.92
6,24_87,es,2012-05-18,25045.41334,22444.01
2,23_22,es,2012-05-18,19403.59254,20314.43
4,37_95,es,2012-05-18,54616.02474,54939.74
7,34_91,es,2012-05-18,36458.91099,36849.6
4,4_8,es,2012-05-18,63081.91444,65436.2
1,16_95,es,2012-05-18,28229.89087,27150.16
4,10_34,es,2012-05-18,47349.27235,50821.01
1,44_94,es,2012-05-18,27918.47607,29198.51
4,40_4,es,2012-05-25,25393.98907,24282.47
6,10_5,es,2012-05-25,24270.25984,39254.77
5,23_16,es,2012-05-25,74539.24605,87543.94
7,13_13,es,2012-05-25,42812.3452,45540.02
5,29_40,es,2012-05-25,29535.41556,28301.8
1,23_74,es,2012-05-25,35612.19724,36794.28
6,1_97,es,2012-05-25,35390.97614,34412.58
4,16_40,es,2012-05-25,24675.75062,24877.79
6,40_2,es,2012-05-25,26740.38851,25112.8
6,24_90,es,2012-05-25,71782.12621,72210.85
1,23_72,es,2012-05-25,55016.62821,42247.33
6,31_13,es,2012-05-25,44174.67826,44310.38
5,26_40,es,2012-05-25,36126.38957,38266.9
3,20_7,es,2012-05-25,39457.22089,50857.47
2,19_2,es,2012-05-25,48404.31716,49081.41
6,6_72,es,2012-05-25,60621.83441,72015.59
6,26_92,es,2012-05-25,84717.30079,85992.45
4,2_81,es,2012-05-25,32945.96762,33876.01
6,17_95,es,2012-05-25,60007.31378,64658.55
2,31_2,es,2012-05-25,57644.86436,62492.06
4,4_94,es,2012-05-25,68000.95212,76999.64
7,35_14,es,2012-05-25,20467.26751,24479.74
5,11_93,es,2012-05-25,30343.95157,32432.1
3,6_96,es,2012-05-25,37092.29951,38406.56
4,45_13,es,2012-05-25,28060.09273,27213.02
3,12_34,es,2012-05-25,28623.24583,28884.2
1,42_38,es,2012-05-25,43261.80032,41125.67
5,4_96,es,2012-05-25,48434.70829,48746.25
2,6_93,es,2012-05-25,42067.87167,43937.97
2,14_2,es,2012-05-25,77669.19551,80985.93
5,15_72,es,2012-05-25,24798.02627,23104.86
6,2_16,es,2012-05-25,44626.73877,53840.9
3,19_9,es,2012-05-25,36741.316,43472.17
7,18_72,es,2012-05-25,25830.98365,32520.96
6,32_90,es,2012-05-25,60585.69176,61915.19
2,22_38,es,2012-05-25,77248.92417,73955.73
6,9_38,es,2012-05-25,71935.11389,67106.27
5,16_72,es,2012-05-25,21175.32977,24172.89
6,10_72,es,2012-05-25,96386.94267,91508.44
3,1_1,es,2012-05-25,16838.64029,16963.55
1,31_46,es,2012-05-25,28791.03344,29316.78
1,36_95,es,2012-05-25,37577.45494,37008.67
5,10_40,es,2012-05-25,95078.95299,99114.78
5,30_92,es,2012-05-25,51322.10383,50793.26
4,11_46,es,2012-05-25,29680.2743,31921.53
5,41_91,es,2012-05-25,47470.50441,55600.92
3,4_9,es,2012-05-25,51408.97607,47705.44
4,2_2,es,2012-05-25,67334.81068,66419.23
3,32_95,es,2012-05-25,89412.08851,89922.66
3,30_95,es,2012-05-25,45726.90904,49308.55
3,26_4,es,2012-05-25,25973.96478,26790.99
4,16_38,es,2012-05-25,42683.265,48067.13
3,11_95,es,2012-05-25,79264.36686,78476.53
6,22_9,es,2012-05-25,31861.08522,32128.34
4,11_92,es,2012-05-25,71039.80256,69633.47
5,11_74,es,2012-05-25,21337.59596,20493.24
2,11_13,es,2012-05-25,39102.47032,42647.34
5,12_40,es,2012-05-25,48940.99163,50579.04
5,7_40,es,2012-05-25,24521.01137,24311.77
1,41_40,es,2012-05-25,55105.74208,59046.56
3,43_38,es,2012-05-25,54075.70332,59892.04
6,10_23,es,2012-05-25,67238.08136,69216.69
4,20_92,es,2012-05-25,147341.4574,153894.9
7,28_91,es,2012-05-25,47855.42437,46352.22
2,17_4,es,2012-05-25,24934.73496,26548.86
7,18_74,es,2012-05-25,22160.82187,21721.91
2,19_23,es,2012-05-25,29685.68317,34920.53
7,13_4,es,2012-05-25,43093.90866,45424.05
3,13_91,es,2012-05-25,76218.15062,80073.03
6,23_40,es,2012-05-25,61706.99251,63216.54
3,32_92,es,2012-05-25,101039.2581,101774.74
2,6_38,es,2012-05-25,77511.78774,71947.28
3,12_8,es,2012-05-25,42724.82361,43448.24
6,10_16,es,2012-05-25,47018.48523,46991.06
7,14_91,es,2012-05-25,77421.03904,81463.24
3,20_91,es,2012-05-25,63499.22152,69375.57
6,27_80,es,2012-05-25,25578.94309,26780.17
7,22_40,es,2012-05-25,56037.55836,57239.26
1,20_9,es,2012-05-25,45994.20492,49767.44
2,14_1,es,2012-05-25,21608.33015,19463.54
7,30_91,es,2012-05-25,29948.96916,30874.22
7,38_38,es,2012-05-25,80691.21919,74590.3
2,13_23,es,2012-05-25,29041.36137,31398.33
7,1_38,es,2012-05-25,77574.54166,76300.01
5,11_7,es,2012-05-25,33960.49842,30380.06
6,10_38,es,2012-05-25,95986.91329,88080.85
1,23_92,es,2012-05-25,62437.43701,69482.83
4,21_72,es,2012-05-25,32837.56952,26143.31
1,20_90,es,2012-05-25,86846.1046,88636.87
2,2_87,es,2012-05-25,22099.58043,21813.63
6,3_72,es,2012-05-25,30387.5694,22179.6
1,4_95,es,2012-05-25,162719.0268,169455.27
1,24_87,es,2012-05-25,23179.53894,27023.27
3,23_22,es,2012-05-25,20028.20715,22274.19
7,37_95,es,2012-05-25,53628.75524,57808.06
4,34_91,es,2012-05-25,31758.80323,37439.02
2,4_8,es,2012-05-25,64440.99729,61952.95
2,16_95,es,2012-05-25,29197.93565,29831.91
5,10_34,es,2012-05-25,46985.19256,45513.13
3,44_94,es,2012-05-25,27729.30819,28211.94
3,40_4,es,2012-06-01,28348.30714,26287.77
4,10_5,es,2012-06-01,21343.32009,37920.13
5,23_16,es,2012-06-01,78243.88105,76627.67
3,13_13,es,2012-06-01,44903.70145,45078.57
4,29_40,es,2012-06-01,32022.6531,29290.11
5,23_74,es,2012-06-01,42145.07034,40678.65
1,1_97,es,2012-06-01,39717.34749,36918.07
4,16_40,es,2012-06-01,27352.38211,27496.21
3,40_2,es,2012-06-01,29349.56108,27676.81
3,24_90,es,2012-06-01,70975.01169,68367.94
4,23_72,es,2012-06-01,63039.93812,45716.8
6,31_13,es,2012-06-01,43897.73482,43161.56
6,26_40,es,2012-06-01,36299.59769,36082.65
7,20_7,es,2012-06-01,66146.86204,64386.23
1,19_2,es,2012-06-01,47271.54051,47122.16
6,6_72,es,2012-06-01,68056.22245,68839.8
2,26_92,es,2012-06-01,82096.8697,79698.81
4,2_81,es,2012-06-01,33115.03973,32817.87
7,17_95,es,2012-06-01,59969.69554,57641.26
6,31_2,es,2012-06-01,57366.27758,59195.99
1,4_94,es,2012-06-01,69680.68758,78475.88
3,35_14,es,2012-06-01,19850.47072,24767.77
3,11_93,es,2012-06-01,35700.25812,34809.36
6,6_96,es,2012-06-01,39083.59735,39778.73
6,45_13,es,2012-06-01,27323.36278,27465.97
4,12_34,es,2012-06-01,27893.55093,23762.86
3,42_38,es,2012-06-01,47961.65849,39418.55
4,4_96,es,2012-06-01,44298.75063,47778.8
3,6_93,es,2012-06-01,45239.53186,45230.79
4,14_2,es,2012-06-01,74812.04518,77087.5
2,15_72,es,2012-06-01,24813.81358,24737.1
2,2_16,es,2012-06-01,63584.38173,51827.41
3,19_9,es,2012-06-01,39087.48423,39488.09
6,18_72,es,2012-06-01,34933.18092,31249.6
5,32_90,es,2012-06-01,58277.89829,56374.58
7,22_38,es,2012-06-01,73462.42938,72037.22
4,9_38,es,2012-06-01,83888.77263,66710.95
2,16_72,es,2012-06-01,24894.17644,17827.55
6,10_72,es,2012-06-01,96875.06586,110310.16
6,1_1,es,2012-06-01,17757.57999,16065.49
4,31_46,es,2012-06-01,31150.86854,29490.25
4,36_95,es,2012-06-01,43494.03666,37798.48
2,10_40,es,2012-06-01,96850.94288,94341.99
6,30_92,es,2012-06-01,51223.68213,50509.02
7,11_46,es,2012-06-01,32393.04931,31545.44
7,41_91,es,2012-06-01,47602.54134,51882.36
4,4_9,es,2012-06-01,52112.8842,46354.28
6,2_2,es,2012-06-01,68310.10376,64912.65
5,32_95,es,2012-06-01,86037.77307,84622.81
2,30_95,es,2012-06-01,47530.69092,46662.44
4,26_4,es,2012-06-01,27362.95584,25641.55
1,16_38,es,2012-06-01,52237.31918,39327.1
3,11_95,es,2012-06-01,85763.51094,80173.2
3,22_9,es,2012-06-01,33969.54318,32838.82
3,11_92,es,2012-06-01,76525.08417,71582.27
1,11_74,es,2012-06-01,22300.54698,21480.99
2,11_13,es,2012-06-01,41394.50219,42356.14
2,12_40,es,2012-06-01,50019.44003,49336.82
4,7_40,es,2012-06-01,26500.50386,27464.81
3,41_40,es,2012-06-01,58215.83418,57312
2,43_38,es,2012-06-01,59069.74418,55002.07
3,10_23,es,2012-06-01,66790.84492,61154.91
5,20_92,es,2012-06-01,151470.9532,149742.17
2,28_91,es,2012-06-01,76872.73232,56035.82
1,17_4,es,2012-06-01,27577.47825,24407.02
7,18_74,es,2012-06-01,23080.66671,22610.45
1,19_23,es,2012-06-01,32739.86526,34200.08
2,13_4,es,2012-06-01,47201.8687,47396.41
6,13_91,es,2012-06-01,76180.0045,77690.15
1,23_40,es,2012-06-01,60163.37875,62998.63
6,32_92,es,2012-06-01,95485.76393,92757.3
1,6_38,es,2012-06-01,70223.1618,69385.19
5,12_8,es,2012-06-01,43612.76345,40898.5
6,10_16,es,2012-06-01,50232.10668,50533.95
7,14_91,es,2012-06-01,73961.35232,75473.96
1,20_91,es,2012-06-01,68616.86713,67036.57
3,27_80,es,2012-06-01,27380.02259,26124.38
3,22_40,es,2012-06-01,56664.77413,54515.22
3,20_9,es,2012-06-01,56399.85662,46752.05
6,14_1,es,2012-06-01,21871.39912,18029.87
1,30_91,es,2012-06-01,29723.59722,29829.08
4,38_38,es,2012-06-01,87460.51614,73669.94
7,13_23,es,2012-06-01,31208.49925,32355.2
1,1_38,es,2012-06-01,95936.25293,74849.19
1,11_7,es,2012-06-01,39262.94028,36806.46
3,10_38,es,2012-06-01,91270.29582,91539.95
3,23_92,es,2012-06-01,69393.46453,68899.57
2,21_72,es,2012-06-01,30061.13245,33144.26
7,20_90,es,2012-06-01,86290.40193,86587.44
6,2_87,es,2012-06-01,28408.09626,24402.04
6,3_72,es,2012-06-01,28122.89132,26917.17
5,4_95,es,2012-06-01,167252.938,164193.9
4,24_87,es,2012-06-01,30503.37611,27612.7
3,23_22,es,2012-06-01,26069.34066,23199.03
4,37_95,es,2012-06-01,52966.20733,55322.31
7,34_91,es,2012-06-01,35049.08593,35346.69
1,4_8,es,2012-06-01,65242.81873,64565.12
4,16_95,es,2012-06-01,31736.45798,30424.38
3,10_34,es,2012-06-01,47019.19303,39919.63
7,44_94,es,2012-06-01,29625.39256,27837.62
6,40_4,es,2012-06-08,26904.84347,29713.53
7,10_5,es,2012-06-08,27401.62602,51545.14
6,23_16,es,2012-06-08,77509.45586,57089.04
1,13_13,es,2012-06-08,43933.55649,50770.28
2,29_40,es,2012-06-08,30832.10833,32531.09
5,23_74,es,2012-06-08,35544.08827,45190.77
7,1_97,es,2012-06-08,41000.62914,40069.6
1,16_40,es,2012-06-08,31649.99184,30992.36
3,40_2,es,2012-06-08,26367.285,29016.19
3,24_90,es,2012-06-08,74597.79794,75417.14
7,23_72,es,2012-06-08,59005.07852,65404.76
7,31_13,es,2012-06-08,42894.36674,42906.19
2,26_40,es,2012-06-08,37875.85887,39711.07
5,20_7,es,2012-06-08,47357.42877,49255.54
5,19_2,es,2012-06-08,48269.99488,49436.63
1,6_72,es,2012-06-08,63501.14097,73838.3
3,26_92,es,2012-06-08,102693.1755,113211.08
3,2_81,es,2012-06-08,33390.33383,34918.38
6,17_95,es,2012-06-08,58630.71206,60495.97
6,31_2,es,2012-06-08,55553.5673,60153.63
6,4_94,es,2012-06-08,65187.09379,82583.74
1,35_14,es,2012-06-08,20811.35554,25860.76
3,11_93,es,2012-06-08,38613.19682,37499.09
6,6_96,es,2012-06-08,33567.81355,35831
2,45_13,es,2012-06-08,27277.27678,27284.54
5,12_34,es,2012-06-08,29656.42254,29012.65
1,42_38,es,2012-06-08,43693.43178,43667.72
2,4_96,es,2012-06-08,42751.53656,46089.31
4,6_93,es,2012-06-08,44844.86384,46469.13
3,14_2,es,2012-06-08,78991.8547,83188.13
7,15_72,es,2012-06-08,18231.78901,28371.59
6,2_16,es,2012-06-08,53589.86552,44017.97
7,19_9,es,2012-06-08,36634.39261,32345.69
3,18_72,es,2012-06-08,29909.6492,36185.84
7,32_90,es,2012-06-08,60098.70987,61349.47
1,22_38,es,2012-06-08,92744.52072,77281.18
4,9_38,es,2012-06-08,85291.58228,83518.05
3,16_72,es,2012-06-08,22678.8227,26346.34
5,10_72,es,2012-06-08,90426.37008,125434.23
7,1_1,es,2012-06-08,17157.09233,17666
5,31_46,es,2012-06-08,29474.89159,28200.36
7,36_95,es,2012-06-08,43783.34287,40242.34
7,10_40,es,2012-06-08,95585.27339,97307.57
7,30_92,es,2012-06-08,51709.07742,53170.48
7,11_46,es,2012-06-08,31070.33878,32662.21
7,41_91,es,2012-06-08,52800.0465,59452.1
1,4_9,es,2012-06-08,49099.28363,49135.21
2,2_2,es,2012-06-08,69731.66214,70841.55
6,32_95,es,2012-06-08,92649.00622,94008.06
4,30_95,es,2012-06-08,47294.92666,44812.63
2,26_4,es,2012-06-08,27796.68919,28542.19
6,16_38,es,2012-06-08,58181.56203,64310.34
4,11_95,es,2012-06-08,88811.47438,88481.01
4,22_9,es,2012-06-08,33741.44496,30707.38
4,11_92,es,2012-06-08,83407.60269,82843
4,11_74,es,2012-06-08,22530.78063,24137.6
4,11_13,es,2012-06-08,39989.97018,45442.93
1,12_40,es,2012-06-08,48417.0042,53517.08
4,7_40,es,2012-06-08,30696.80253,29594.47
3,41_40,es,2012-06-08,57252.89642,62569.02
6,43_38,es,2012-06-08,63945.53667,62399.47
5,10_23,es,2012-06-08,65299.86711,69821.4
4,20_92,es,2012-06-08,183714.4427,188978.51
5,28_91,es,2012-06-08,65606.46045,77971.45
5,17_4,es,2012-06-08,25520.71973,27111.49
6,18_74,es,2012-06-08,20568.41655,22438.74
1,19_23,es,2012-06-08,30741.78789,26894.92
3,13_4,es,2012-06-08,45509.58016,47874.24
6,13_91,es,2012-06-08,85171.85846,90325.81
1,23_40,es,2012-06-08,63834.37552,68245.03
7,32_92,es,2012-06-08,101156.4545,103225.67
3,6_38,es,2012-06-08,75512.61577,70018.84
3,12_8,es,2012-06-08,44205.16405,43567.05
1,10_16,es,2012-06-08,42858.29412,43931.73
6,14_91,es,2012-06-08,93201.84391,96801.14
2,20_91,es,2012-06-08,84947.28226,90520.8
3,27_80,es,2012-06-08,25214.02284,26067.85
6,22_40,es,2012-06-08,56582.95675,59961.34
7,20_9,es,2012-06-08,47101.2108,44318.43
3,14_1,es,2012-06-08,22827.38238,21339.57
5,30_91,es,2012-06-08,32502.60937,32124.31
4,38_38,es,2012-06-08,72316.71348,73009.85
3,13_23,es,2012-06-08,35113.83753,37533.11
4,1_38,es,2012-06-08,81667.37158,80344.44
4,11_7,es,2012-06-08,34947.89286,37057.17
5,10_38,es,2012-06-08,99768.58944,85888.34
7,23_92,es,2012-06-08,64776.16918,74161.8
6,21_72,es,2012-06-08,35369.51008,31169.39
5,20_90,es,2012-06-08,98681.67802,96749.75
5,2_87,es,2012-06-08,28317.07599,26928.78
5,3_72,es,2012-06-08,28074.83494,20844.36
3,4_95,es,2012-06-08,179229.487,175664.14
3,24_87,es,2012-06-08,26440.48782,33492.05
2,23_22,es,2012-06-08,23364.33846,27754.29
7,37_95,es,2012-06-08,53024.32898,54593.55
2,34_91,es,2012-06-08,37493.59836,38067.54
1,4_8,es,2012-06-08,62268.28469,62173
6,16_95,es,2012-06-08,35706.00914,34864.89
4,10_34,es,2012-06-08,47783.27216,40903.33
5,44_94,es,2012-06-08,28197.94686,27547.83
6,40_4,es,2012-06-15,25536.28676,25058.75
6,10_5,es,2012-06-15,29228.52014,50225.6
1,23_16,es,2012-06-15,66179.28461,74330.31
5,13_13,es,2012-06-15,45995.79793,47605.4
2,29_40,es,2012-06-15,30839.46431,29074.01
3,23_74,es,2012-06-15,39059.47473,38695.5
1,1_97,es,2012-06-15,40886.53255,40683.18
4,16_40,es,2012-06-15,30629.98307,33007.61
1,40_2,es,2012-06-15,28035.58484,26487.29
5,24_90,es,2012-06-15,69960.30814,70218.98
5,23_72,es,2012-06-15,69218.4519,61986.7
3,31_13,es,2012-06-15,44312.44364,44122.9
1,26_40,es,2012-06-15,34268.14233,37952.18
5,20_7,es,2012-06-15,44386.56295,52776.52
6,19_2,es,2012-06-15,46917.1405,48503.24
2,6_72,es,2012-06-15,75398.6333,85938.3
7,26_92,es,2012-06-15,83166.27263,86576.77
2,2_81,es,2012-06-15,33598.82405,33459.44
6,17_95,es,2012-06-15,59818.94423,59296.4
6,31_2,es,2012-06-15,60108.79148,62977.68
1,4_94,es,2012-06-15,68764.94388,82566.2
6,35_14,es,2012-06-15,18046.96624,22310.9
3,11_93,es,2012-06-15,37625.75258,39374.71
7,6_96,es,2012-06-15,33546.36284,36032.75
2,45_13,es,2012-06-15,27537.56118,28209.99
7,12_34,es,2012-06-15,31498.39809,24702.32
3,42_38,es,2012-06-15,42311.49115,44038.97
3,4_96,es,2012-06-15,36542.07078,48895.15
2,6_93,es,2012-06-15,46078.99659,47101.38
2,14_2,es,2012-06-15,77170.88029,70955.41
3,15_72,es,2012-06-15,25531.35169,27156.42
1,2_16,es,2012-06-15,50301.63478,42603.99
6,19_9,es,2012-06-15,41153.34018,42198.88
5,18_72,es,2012-06-15,42300.57627,37449.65
6,32_90,es,2012-06-15,56169.7147,58524.02
6,22_38,es,2012-06-15,87631.64141,74458.52
5,9_38,es,2012-06-15,79858.20409,76509.38
1,16_72,es,2012-06-15,27413.99763,22950.7
3,10_72,es,2012-06-15,120728.2682,105499.39
4,1_1,es,2012-06-15,16353.66826,17558.82
2,31_46,es,2012-06-15,31132.35032,30451.5
2,36_95,es,2012-06-15,48180.32086,41364.08
4,10_40,es,2012-06-15,96976.86845,97264.18
4,30_92,es,2012-06-15,52395.90094,54175.31
4,11_46,es,2012-06-15,32786.20458,32641.42
3,41_91,es,2012-06-15,49194.12169,55428.25
1,4_9,es,2012-06-15,53545.12356,45105.24
2,2_2,es,2012-06-15,69078.59913,66904.1
7,32_95,es,2012-06-15,88990.26914,92618.18
2,30_95,es,2012-06-15,46376.77849,47110.7
6,26_4,es,2012-06-15,25997.38915,25595.26
4,16_38,es,2012-06-15,55814.62025,38625.62
1,11_95,es,2012-06-15,93101.58059,91088.59
5,22_9,es,2012-06-15,33028.85321,31276.91
4,11_92,es,2012-06-15,86362.67211,85369.43
5,11_74,es,2012-06-15,21329.29105,21399.7
4,11_13,es,2012-06-15,39599.20216,41267.61
5,12_40,es,2012-06-15,49216.01598,49032.48
3,7_40,es,2012-06-15,29428.03931,31147.56
2,41_40,es,2012-06-15,56001.48539,56323.17
7,43_38,es,2012-06-15,68202.96649,53485.6
2,10_23,es,2012-06-15,72132.01735,72545.71
6,20_92,es,2012-06-15,169862.177,182448.55
5,28_91,es,2012-06-15,55816.61766,53862.6
2,17_4,es,2012-06-15,26267.01187,25491.94
2,18_74,es,2012-06-15,22730.26126,22139.04
3,19_23,es,2012-06-15,32895.27308,35123.91
5,13_4,es,2012-06-15,45711.37023,46013.71
2,13_91,es,2012-06-15,89540.37449,87641.3
6,23_40,es,2012-06-15,64504.59203,64335.66
5,32_92,es,2012-06-15,95223.84142,97840.69
6,6_38,es,2012-06-15,73095.95716,66502.66
5,12_8,es,2012-06-15,42120.85714,42012.45
6,10_16,es,2012-06-15,46997.1826,46051.33
6,14_91,es,2012-06-15,82766.39231,79838.69
3,20_91,es,2012-06-15,79504.79331,83536.06
3,27_80,es,2012-06-15,26316.64696,25759.79
7,22_40,es,2012-06-15,54867.79831,56107.11
1,20_9,es,2012-06-15,51834.38741,46021.26
2,14_1,es,2012-06-15,23700.85663,19564.43
1,30_91,es,2012-06-15,33466.31946,32851.66
7,38_38,es,2012-06-15,69852.85402,79582.27
7,13_23,es,2012-06-15,43257.25086,39485.18
4,1_38,es,2012-06-15,79626.51524,69071.96
6,11_7,es,2012-06-15,33161.96582,34952.12
2,10_38,es,2012-06-15,104651.6711,79446.38
5,23_92,es,2012-06-15,64516.18085,69841.57
2,21_72,es,2012-06-15,37213.22897,35636.22
5,20_90,es,2012-06-15,94954.90789,95302.65
3,2_87,es,2012-06-15,25753.53853,21707.23
6,3_72,es,2012-06-15,32886.59143,26544.28
7,4_95,es,2012-06-15,188956.9484,178542.28
1,24_87,es,2012-06-15,24419.95801,26253.1
1,23_22,es,2012-06-15,22741.49088,22907.95
1,37_95,es,2012-06-15,53563.16978,54278.86
3,34_91,es,2012-06-15,38600.65195,39061.12
7,4_8,es,2012-06-15,62757.01991,62574.96
2,16_95,es,2012-06-15,36461.34237,35217.73
2,10_34,es,2012-06-15,47014.96627,42916.19
7,44_94,es,2012-06-15,27430.3303,29059.9
1,40_4,es,2012-06-22,26567.07524,25134.64
7,10_5,es,2012-06-22,24579.60322,46431.46
1,23_16,es,2012-06-22,64324.35511,66019.07
6,13_13,es,2012-06-22,42156.79941,46930.06
4,29_40,es,2012-06-22,29589.64738,29549.71
2,23_74,es,2012-06-22,37577.97374,38639.63
4,1_97,es,2012-06-22,34665.96544,33754.43
6,16_40,es,2012-06-22,32409.09615,33820.53
6,40_2,es,2012-06-22,28002.95762,27508.52
2,24_90,es,2012-06-22,66596.58485,66664.51
4,23_72,es,2012-06-22,59812.67695,62056.29
4,31_13,es,2012-06-22,43517.77576,44096.72
7,26_40,es,2012-06-22,37226.62819,36993.5
3,20_7,es,2012-06-22,41477.59533,51677.93
6,19_2,es,2012-06-22,48234.91688,49092.23
5,6_72,es,2012-06-22,70844.69756,75080.04
3,26_92,es,2012-06-22,83106.17829,81281.5
7,2_81,es,2012-06-22,30881.37596,32013.87
2,17_95,es,2012-06-22,63797.24458,62814.69
4,31_2,es,2012-06-22,56451.44487,62566.26
5,4_94,es,2012-06-22,70074.62315,85429.87
1,35_14,es,2012-06-22,18285.61981,24349.94
6,11_93,es,2012-06-22,33305.33333,34064.35
3,6_96,es,2012-06-22,36259.59036,36636.65
1,45_13,es,2012-06-22,26787.87597,25460.4
1,12_34,es,2012-06-22,30815.12189,23772
6,42_38,es,2012-06-22,43468.95368,40007.26
7,4_96,es,2012-06-22,44859.63542,44149.84
3,6_93,es,2012-06-22,39727.79148,44287.56
4,14_2,es,2012-06-22,77747.76129,65240.17
4,15_72,es,2012-06-22,20237.06,30526.81
5,2_16,es,2012-06-22,45881.14243,45878.38
6,19_9,es,2012-06-22,48051.85035,43876.13
7,18_72,es,2012-06-22,44783.98677,37873.93
6,32_90,es,2012-06-22,56276.03427,58451.23
1,22_38,es,2012-06-22,77389.29736,78191.36
5,9_38,es,2012-06-22,78757.40325,72628.86
3,16_72,es,2012-06-22,31840.05212,29289.56
1,10_72,es,2012-06-22,113465.1178,107949.41
2,1_1,es,2012-06-22,17047.71314,16633.41
5,31_46,es,2012-06-22,29101.1243,28154.76
7,36_95,es,2012-06-22,40840.58585,37146.45
3,10_40,es,2012-06-22,92378.80845,92493.99
3,30_92,es,2012-06-22,48849.60198,51226.03
5,11_46,es,2012-06-22,29142.71591,29929.8
1,41_91,es,2012-06-22,46372.35113,52708.33
4,4_9,es,2012-06-22,47758.50572,50065.78
6,2_2,es,2012-06-22,64596.54795,68915.17
5,32_95,es,2012-06-22,86814.85472,90658.46
6,30_95,es,2012-06-22,43966.42816,47080.17
3,26_4,es,2012-06-22,26571.7655,26427.39
2,16_38,es,2012-06-22,49902.74166,48405.28
6,11_95,es,2012-06-22,82170.24282,84622.51
3,22_9,es,2012-06-22,34457.50842,35955.72
4,11_92,es,2012-06-22,75368.14991,75366.42
3,11_74,es,2012-06-22,19396.99846,22009.24
5,11_13,es,2012-06-22,37849.03418,41654.7
1,12_40,es,2012-06-22,44958.66088,47581
4,7_40,es,2012-06-22,33161.25659,34907.1
5,41_40,es,2012-06-22,56205.89035,59933.43
6,43_38,es,2012-06-22,55726.78865,61500.64
6,10_23,es,2012-06-22,69774.74661,69688.68
2,20_92,es,2012-06-22,145632.0697,151023.66
5,28_91,es,2012-06-22,49413.14394,49572.7
7,17_4,es,2012-06-22,26420.93142,27052.26
2,18_74,es,2012-06-22,22729.23846,18991.66
3,19_23,es,2012-06-22,35729.41774,42450.68
3,13_4,es,2012-06-22,44737.85332,43729.99
6,13_91,es,2012-06-22,80657.33751,82369.47
5,23_40,es,2012-06-22,61385.85622,63056.69
3,32_92,es,2012-06-22,93465.77092,93995.25
5,6_38,es,2012-06-22,75843.39329,71675.49
5,12_8,es,2012-06-22,44046.64357,42278.91
7,10_16,es,2012-06-22,42557.57121,43496.81
5,14_91,es,2012-06-22,77668.89516,66989.76
5,20_91,es,2012-06-22,65661.58742,70726.5
6,27_80,es,2012-06-22,25805.73227,25992.77
3,22_40,es,2012-06-22,51666.08661,52812.22
7,20_9,es,2012-06-22,53428.37388,46258.28
2,14_1,es,2012-06-22,23907.15964,16561.57
3,30_91,es,2012-06-22,31446.82703,31340.23
3,38_38,es,2012-06-22,80060.03184,70600.6
5,13_23,es,2012-06-22,41252.84889,40429.3
2,1_38,es,2012-06-22,75935.87329,73529.71
5,11_7,es,2012-06-22,31382.95197,29577
4,10_38,es,2012-06-22,92722.18447,90336.9
1,23_92,es,2012-06-22,64241.19626,66519.33
2,21_72,es,2012-06-22,34604.03162,33534.39
1,20_90,es,2012-06-22,86583.06795,87311.12
7,2_87,es,2012-06-22,26858.65836,25173.56
4,3_72,es,2012-06-22,33054.0693,28469.19
2,4_95,es,2012-06-22,176392.2977,170131.9
5,24_87,es,2012-06-22,29492.97085,29717.79
3,23_22,es,2012-06-22,21516.90273,22216.25
6,37_95,es,2012-06-22,51962.57234,50253.23
3,34_91,es,2012-06-22,34807.68226,37911.06
2,4_8,es,2012-06-22,62056.35155,61001.51
6,16_95,es,2012-06-22,36249.13333,36773.25
2,10_34,es,2012-06-22,45542.78893,40711.82
2,44_94,es,2012-06-22,27159.55895,28599.87
4,40_4,es,2012-06-29,30502.88054,26639.86
2,10_5,es,2012-06-29,27217.08451,40098.67
4,23_16,es,2012-06-29,58377.65782,46132.31
2,13_13,es,2012-06-29,45028.51176,47729.05
2,29_40,es,2012-06-29,31711.45714,30237.48
4,23_74,es,2012-06-29,38600.07263,41444.37
1,1_97,es,2012-06-29,37341.40534,33889.59
4,16_40,es,2012-06-29,34695.6094,32520.27
4,40_2,es,2012-06-29,29905.6352,28063.43
6,24_90,es,2012-06-29,76031.12628,69240.43
1,23_72,es,2012-06-29,64324.29472,61796.61
5,31_13,es,2012-06-29,43445.84659,42103.92
1,26_40,es,2012-06-29,38971.36448,38372.61
7,20_7,es,2012-06-29,51122.40489,56654.95
3,19_2,es,2012-06-29,50573.80004,49911.01
3,6_72,es,2012-06-29,89652.73704,83105.66
2,26_92,es,2012-06-29,90004.54013,88117.52
5,2_81,es,2012-06-29,33404.75522,31349.91
5,17_95,es,2012-06-29,67099.3178,62864.03
3,31_2,es,2012-06-29,56841.34768,61381.58
6,4_94,es,2012-06-29,72282.33621,77497.07
2,35_14,es,2012-06-29,19898.15401,25203.34
3,11_93,es,2012-06-29,33798.85159,32422.05
5,6_96,es,2012-06-29,42740.04877,38741.77
4,45_13,es,2012-06-29,28541.93561,25336.84
2,12_34,es,2012-06-29,29862.45138,22673.97
4,42_38,es,2012-06-29,42289.27667,39421.29
5,4_96,es,2012-06-29,49516.60455,47631.54
5,6_93,es,2012-06-29,49029.07479,46111.23
5,14_2,es,2012-06-29,81301.73254,65112.47
5,15_72,es,2012-06-29,26903.42376,25532.16
4,2_16,es,2012-06-29,47805.24881,48796.53
1,19_9,es,2012-06-29,49563.33736,43077.25
4,18_72,es,2012-06-29,28471.36725,40667.67
2,32_90,es,2012-06-29,58530.74846,57053.02
6,22_38,es,2012-06-29,85724.91769,72108.28
3,9_38,es,2012-06-29,85631.11045,67580.49
3,16_72,es,2012-06-29,28573.61155,25675.61
3,10_72,es,2012-06-29,111004.3579,96579.1
1,1_1,es,2012-06-29,16850.53227,15722.82
2,31_46,es,2012-06-29,27263.65054,29114.13
1,36_95,es,2012-06-29,39877.66938,38092.18
1,10_40,es,2012-06-29,92507.40473,91281.21
1,30_92,es,2012-06-29,51911.09733,49033.53
3,11_46,es,2012-06-29,30950.31165,28836.28
4,41_91,es,2012-06-29,48681.33464,54008.47
6,4_9,es,2012-06-29,47404.54103,42787.41
5,2_2,es,2012-06-29,67873.01611,66611.66
2,32_95,es,2012-06-29,97323.95068,96055.82
3,30_95,es,2012-06-29,45321.09187,46796.6
4,26_4,es,2012-06-29,29184.30224,26698.15
4,16_38,es,2012-06-29,66955.58712,49534.3
3,11_95,es,2012-06-29,85805.63315,81018.08
6,22_9,es,2012-06-29,38006.84645,33716.53
7,11_92,es,2012-06-29,77904.84107,70824.9
1,11_74,es,2012-06-29,21978.37024,18733.03
7,11_13,es,2012-06-29,40307.93719,39776.31
4,12_40,es,2012-06-29,46918.49407,45393.13
3,7_40,es,2012-06-29,37356.14455,35947.88
6,41_40,es,2012-06-29,59337.35716,56215.82
1,43_38,es,2012-06-29,61517.73463,64756.23
5,10_23,es,2012-06-29,63485.02522,63627.45
1,20_92,es,2012-06-29,159458.2705,153806.02
4,28_91,es,2012-06-29,61651.19169,44750.47
2,17_4,es,2012-06-29,29010.47323,26636.32
7,18_74,es,2012-06-29,22266.21059,22585.65
2,19_23,es,2012-06-29,27319.82793,29502.41
2,13_4,es,2012-06-29,50661.93175,47991.59
6,13_91,es,2012-06-29,81269.85267,81526.14
1,23_40,es,2012-06-29,65347.10658,63315.71
6,32_92,es,2012-06-29,96287.67363,91369.29
2,6_38,es,2012-06-29,69729.61725,65873.22
3,12_8,es,2012-06-29,43065.04667,42547.97
7,10_16,es,2012-06-29,41784.06071,37436.57
1,14_91,es,2012-06-29,77355.19571,63397.15
6,20_91,es,2012-06-29,68729.24422,69006.86
5,27_80,es,2012-06-29,27096.30994,25328.31
5,22_40,es,2012-06-29,55269.79583,55565.28
3,20_9,es,2012-06-29,56145.07929,45095.51
3,14_1,es,2012-06-29,24640.24678,16782.46
7,30_91,es,2012-06-29,31684.22547,30040.94
7,38_38,es,2012-06-29,85546.90934,72336.65
2,13_23,es,2012-06-29,37721.56092,33306.16
4,1_38,es,2012-06-29,77188.07267,67658.22
4,11_7,es,2012-06-29,27756.09311,29691.98
5,10_38,es,2012-06-29,97968.24105,76302.02
4,23_92,es,2012-06-29,73561.94032,68388.31
7,21_72,es,2012-06-29,31869.37415,30347.52
2,20_90,es,2012-06-29,91887.13785,87602.48
7,2_87,es,2012-06-29,29333.98199,22833.11
6,3_72,es,2012-06-29,27253.17602,26137.18
4,4_95,es,2012-06-29,177673.6348,169858.42
1,24_87,es,2012-06-29,30834.46721,30327.79
5,23_22,es,2012-06-29,24032.95021,22410.47
5,37_95,es,2012-06-29,52180.81798,51048.1
1,34_91,es,2012-06-29,33996.9377,34709.05
6,4_8,es,2012-06-29,67848.0452,60680.46
4,16_95,es,2012-06-29,39694.59393,38100.59
2,10_34,es,2012-06-29,49541.58507,41933.31
3,44_94,es,2012-06-29,28687.59496,30375.73
5,40_4,es,2012-07-06,30158.54434,31653.89
1,10_5,es,2012-07-06,20846.65219,39325.36
3,23_16,es,2012-07-06,58505.92853,49617.89
5,13_13,es,2012-07-06,48066.84779,50051.8
7,29_40,es,2012-07-06,30505.82008,31940.05
3,23_74,es,2012-07-06,34934.21863,46780.21
4,1_97,es,2012-07-06,40666.89353,43995.15
6,16_40,es,2012-07-06,38009.40036,35581.6
2,40_2,es,2012-07-06,30206.50468,30610.66
4,24_90,es,2012-07-06,79447.40463,80037.9
5,23_72,es,2012-07-06,57122.10933,61392.97
5,31_13,es,2012-07-06,41545.52647,43832.39
5,26_40,es,2012-07-06,38211.911,39124.79
7,20_7,es,2012-07-06,54224.32074,63787.96
6,19_2,es,2012-07-06,46777.42346,50305.52
3,6_72,es,2012-07-06,83062.8219,83083.31
2,26_92,es,2012-07-06,101460.4791,103514.96
1,2_81,es,2012-07-06,33580.05021,35561.91
5,17_95,es,2012-07-06,66652.50553,74015.14
4,31_2,es,2012-07-06,56546.73332,60152.84
3,4_94,es,2012-07-06,72961.67101,77604.13
1,35_14,es,2012-07-06,17709.66235,27445.75
6,11_93,es,2012-07-06,41118.41553,42984.15
1,6_96,es,2012-07-06,44592.10186,50336.79
3,45_13,es,2012-07-06,27807.94782,26931.63
4,12_34,es,2012-07-06,30655.2319,25184.67
7,42_38,es,2012-07-06,40582.43221,43586.43
7,4_96,es,2012-07-06,49334.957,52417.62
7,6_93,es,2012-07-06,49341.63694,60994.99
6,14_2,es,2012-07-06,80799.92095,71501.75
4,15_72,es,2012-07-06,21306.78809,38346.17
3,2_16,es,2012-07-06,48877.93875,49878.72
3,19_9,es,2012-07-06,51345.63677,50724.97
4,18_72,es,2012-07-06,30938.17114,36215.33
6,32_90,es,2012-07-06,55183.56795,60096.11
7,22_38,es,2012-07-06,81703.62461,72131.62
6,9_38,es,2012-07-06,72591.7985,63134.64
6,16_72,es,2012-07-06,33503.90338,32661.07
5,10_72,es,2012-07-06,105271.8951,100464.25
7,1_1,es,2012-07-06,17737.84292,17823.37
3,31_46,es,2012-07-06,25925.16181,29060.06
4,36_95,es,2012-07-06,44513.76024,36794.64
6,10_40,es,2012-07-06,88807.67523,96262.62
3,30_92,es,2012-07-06,51178.18331,52537.79
1,11_46,es,2012-07-06,29769.00888,31832.54
3,41_91,es,2012-07-06,51652.91196,55989.01
5,4_9,es,2012-07-06,53952.68029,44164.11
3,2_2,es,2012-07-06,66297.69302,70409.25
6,32_95,es,2012-07-06,87008.12934,90540.3
6,30_95,es,2012-07-06,44289.15371,46519.13
2,26_4,es,2012-07-06,29196.08675,30925.25
1,16_38,es,2012-07-06,55513.34721,49578.07
6,11_95,es,2012-07-06,90959.03357,91945.02
5,22_9,es,2012-07-06,36888.14681,36723.93
2,11_92,es,2012-07-06,85927.39458,87955.39
3,11_74,es,2012-07-06,21902.14565,24843.08
2,11_13,es,2012-07-06,42247.52918,44612.78
1,12_40,es,2012-07-06,45801.80216,51969.84
1,7_40,es,2012-07-06,40659.11812,39544.87
1,41_40,es,2012-07-06,55441.47295,59121.49
2,43_38,es,2012-07-06,64746.8799,62157.43
6,10_23,es,2012-07-06,65565.05326,65623.41
6,20_92,es,2012-07-06,175098.7589,181325.94
6,28_91,es,2012-07-06,76156.8845,84054.23
6,17_4,es,2012-07-06,28458.90817,29466.28
5,18_74,es,2012-07-06,20718.15348,23616.32
1,19_23,es,2012-07-06,29178.21644,34373.41
3,13_4,es,2012-07-06,48980.80098,52284.96
5,13_91,es,2012-07-06,81762.23065,84689.08
1,23_40,es,2012-07-06,59788.92944,63497.57
6,32_92,es,2012-07-06,94773.59592,96922.75
5,6_38,es,2012-07-06,72042.06943,82421.41
7,12_8,es,2012-07-06,42630.90858,43242.03
3,10_16,es,2012-07-06,38773.04298,40591.71
3,14_91,es,2012-07-06,85533.4965,79690.87
7,20_91,es,2012-07-06,78127.24637,82529.23
4,27_80,es,2012-07-06,29587.82193,29426.06
2,22_40,es,2012-07-06,52374.96922,53837.73
1,20_9,es,2012-07-06,59891.9632,59323.8
1,14_1,es,2012-07-06,23283.18505,19038.82
6,30_91,es,2012-07-06,31149.17096,29879.77
3,38_38,es,2012-07-06,83991.01596,61723.16
5,13_23,es,2012-07-06,34593.14252,34056.56
5,1_38,es,2012-07-06,77775.28077,80117.78
2,11_7,es,2012-07-06,31693.77074,37339.02
7,10_38,es,2012-07-06,86596.06405,79521.34
2,23_92,es,2012-07-06,62974.38585,72920.45
6,21_72,es,2012-07-06,28162.32753,25630.61
1,20_90,es,2012-07-06,99454.86585,101043.93
3,2_87,es,2012-07-06,27147.34479,22835.35
3,3_72,es,2012-07-06,29959.14707,20737.44
1,4_95,es,2012-07-06,180613.3259,175792.76
4,24_87,es,2012-07-06,31405.83771,32947.61
6,23_22,es,2012-07-06,21183.56404,25285.05
5,37_95,es,2012-07-06,50188.76502,52629.28
3,34_91,es,2012-07-06,36890.08088,38362.84
4,4_8,es,2012-07-06,63600.72645,64176.47
5,16_95,es,2012-07-06,39993.74432,40764.46
1,10_34,es,2012-07-06,49032.75658,43559.22
6,44_94,es,2012-07-06,27269.73104,31697.66
1,40_4,es,2012-07-13,27531.16892,27508.13
3,10_5,es,2012-07-13,18334.33298,34468.04
5,23_16,es,2012-07-13,43926.80197,35951.71
3,13_13,es,2012-07-13,47937.41811,48283.09
6,29_40,es,2012-07-13,29645.81283,29262.54
3,23_74,es,2012-07-13,36525.8334,34843.36
4,1_97,es,2012-07-13,39561.24913,38504.79
5,16_40,es,2012-07-13,35000.51246,32940.63
5,40_2,es,2012-07-13,29706.92596,28357.63
2,24_90,es,2012-07-13,72102.66691,71474.25
4,23_72,es,2012-07-13,55144.88317,55332.2
4,31_13,es,2012-07-13,43119.34891,43543.04
1,26_40,es,2012-07-13,38618.58288,39512.06
7,20_7,es,2012-07-13,40045.47193,37603.61
1,19_2,es,2012-07-13,48327.75382,48628.68
1,6_72,es,2012-07-13,65922.92102,72715.63
1,26_92,es,2012-07-13,88886.8186,92988.8
1,2_81,es,2012-07-13,31765.28249,31547.36
3,17_95,es,2012-07-13,63213.47997,64180.29
4,31_2,es,2012-07-13,57025.64274,60324.29
3,4_94,es,2012-07-13,71372.80829,74493.98
2,35_14,es,2012-07-13,19706.08146,24505.74
6,11_93,es,2012-07-13,36842.6664,38125.98
3,6_96,es,2012-07-13,34742.27305,33229.63
6,45_13,es,2012-07-13,28124.49301,26655.21
5,12_34,es,2012-07-13,29607.02801,22858.27
6,42_38,es,2012-07-13,42735.55103,45686.34
5,4_96,es,2012-07-13,43713.06701,41451.69
7,6_93,es,2012-07-13,44355.61015,46805.54
7,14_2,es,2012-07-13,81035.62943,64657.4
7,15_72,es,2012-07-13,22220.08406,27374.42
6,2_16,es,2012-07-13,36081.56775,28746.12
3,19_9,es,2012-07-13,39287.564,33047.15
4,18_72,es,2012-07-13,29685.02275,36868.4
2,32_90,es,2012-07-13,57018.35222,58577.51
5,22_38,es,2012-07-13,79705.59848,76994.55
4,9_38,es,2012-07-13,85120.88324,80464.12
6,16_72,es,2012-07-13,28857.79573,25397.25
2,10_72,es,2012-07-13,112110.7732,92923.05
5,1_1,es,2012-07-13,17269.91944,16566.18
3,31_46,es,2012-07-13,27919.78462,27109.98
2,36_95,es,2012-07-13,43428.03016,33914.16
1,10_40,es,2012-07-13,94432.81636,94631.15
3,30_92,es,2012-07-13,51349.61363,50404.07
3,11_46,es,2012-07-13,27274.14896,29222.83
3,41_91,es,2012-07-13,49988.46336,55194.58
3,4_9,es,2012-07-13,40985.70174,37168.06
1,2_2,es,2012-07-13,66526.86433,65225.27
4,32_95,es,2012-07-13,86620.64915,85531.87
7,30_95,es,2012-07-13,43882.20126,44219.23
4,26_4,es,2012-07-13,27934.04755,27604.63
7,16_38,es,2012-07-13,63433.79047,59187.09
3,11_95,es,2012-07-13,86665.78514,86345.89
4,22_9,es,2012-07-13,33886.06353,26702.19
3,11_92,es,2012-07-13,86997.56195,83593.58
1,11_74,es,2012-07-13,21711.54929,20333.63
7,11_13,es,2012-07-13,39916.68071,39716.58
4,12_40,es,2012-07-13,46167.48939,47744.33
5,7_40,es,2012-07-13,36479.75564,37732.79
1,41_40,es,2012-07-13,54797.24693,56206.01
1,43_38,es,2012-07-13,67910.85861,56801.3
2,10_23,es,2012-07-13,65316.96754,65294.36
5,20_92,es,2012-07-13,177144.2095,191882.2
3,28_91,es,2012-07-13,56988.12319,56246.74
3,17_4,es,2012-07-13,27718.86823,27421.67
3,18_74,es,2012-07-13,20732.83357,23369.43
3,19_23,es,2012-07-13,27302.07319,27817.91
5,13_4,es,2012-07-13,46706.39595,45497.38
2,13_91,es,2012-07-13,87336.06715,84959.21
1,23_40,es,2012-07-13,61488.91355,64178.22
6,32_92,es,2012-07-13,95265.44122,97674.94
4,6_38,es,2012-07-13,80700.59004,69920.37
4,12_8,es,2012-07-13,43076.24045,41829.88
1,10_16,es,2012-07-13,35124.40096,32780.34
4,14_91,es,2012-07-13,82465.9928,69925.6
5,20_91,es,2012-07-13,85423.70381,93470.57
3,27_80,es,2012-07-13,25607.55598,26458.84
1,22_40,es,2012-07-13,52680.53879,54061.04
3,20_9,es,2012-07-13,58551.77596,51981.63
7,14_1,es,2012-07-13,24570.59199,16494.44
1,30_91,es,2012-07-13,31856.1586,31259.68
3,38_38,es,2012-07-13,74343.28051,62027.34
5,13_23,es,2012-07-13,33214.32066,30231.99
7,1_38,es,2012-07-13,87631.53058,66232.11
6,11_7,es,2012-07-13,28551.47507,29194.13
3,10_38,es,2012-07-13,101139.6542,82821.22
1,23_92,es,2012-07-13,64574.91477,70374.95
3,21_72,es,2012-07-13,29347.06107,24458.41
1,20_90,es,2012-07-13,100251.7181,101418.63
4,2_87,es,2012-07-13,26433.41793,23667.74
5,3_72,es,2012-07-13,28501.84407,25906.4
5,4_95,es,2012-07-13,176111.2954,165123
1,24_87,es,2012-07-13,26473.28012,30663.29
1,23_22,es,2012-07-13,23194.92745,23776.43
7,37_95,es,2012-07-13,51801.2878,47312.98
5,34_91,es,2012-07-13,35455.03024,36654
2,4_8,es,2012-07-13,61153.69383,59340.87
7,16_95,es,2012-07-13,37946.41021,39415.76
2,10_34,es,2012-07-13,50211.53854,40287.25
5,44_94,es,2012-07-13,26049.63944,28930.59
6,40_4,es,2012-07-20,27207.74481,26413.05
7,10_5,es,2012-07-20,22877.72598,36958.83
4,23_16,es,2012-07-20,39935.9495,27840.81
7,13_13,es,2012-07-20,47915.52999,49334.99
3,29_40,es,2012-07-20,30103.34946,29748.34
2,23_74,es,2012-07-20,35990.03115,41262.56
3,1_97,es,2012-07-20,35856.37311,34958.1
4,16_40,es,2012-07-20,36769.97135,32472.56
1,40_2,es,2012-07-20,30282.58869,27849.25
6,24_90,es,2012-07-20,69701.1325,69427.81
7,23_72,es,2012-07-20,64051.7292,53062.93
7,31_13,es,2012-07-20,44562.49514,43770.01
3,26_40,es,2012-07-20,37090.22,39399.25
2,20_7,es,2012-07-20,34803.85631,33265.36
7,19_2,es,2012-07-20,48021.63913,49238.58
6,6_72,es,2012-07-20,70493.68053,71316.15
6,26_92,es,2012-07-20,82530.75114,89373.76
1,2_81,es,2012-07-20,31220.76021,31830.01
5,17_95,es,2012-07-20,65808.57636,60405.51
1,31_2,es,2012-07-20,59633.99994,62326.16
1,4_94,es,2012-07-20,74496.36192,76957.44
1,35_14,es,2012-07-20,15779.29378,27976.63
1,11_93,es,2012-07-20,31444.87226,36532.91
3,6_96,es,2012-07-20,34729.22836,36442.24
4,45_13,es,2012-07-20,27678.43228,27175.82
1,12_34,es,2012-07-20,27848.80527,21865.39
7,42_38,es,2012-07-20,46121.39827,35214.66
1,4_96,es,2012-07-20,41852.28641,47404
3,6_93,es,2012-07-20,40872.83435,44604.72
4,14_2,es,2012-07-20,77478.99538,65059.61
2,15_72,es,2012-07-20,24697.45511,27754.55
4,2_16,es,2012-07-20,35710.3625,30715.15
6,19_9,es,2012-07-20,40235.57955,34422.01
1,18_72,es,2012-07-20,34031.10673,38477.75
1,32_90,es,2012-07-20,56991.20371,59384.43
2,22_38,es,2012-07-20,78389.33957,84495.2
5,9_38,es,2012-07-20,78853.30349,64553.09
2,16_72,es,2012-07-20,33139.82047,28398.78
4,10_72,es,2012-07-20,107666.2943,107685.5
1,1_1,es,2012-07-20,17101.28127,16348.06
4,31_46,es,2012-07-20,26627.56968,26142
5,36_95,es,2012-07-20,40568.60926,33898.04
1,10_40,es,2012-07-20,91454.3912,93513.53
6,30_92,es,2012-07-20,51670.08263,50040.11
3,11_46,es,2012-07-20,28953.95647,29151.01
7,41_91,es,2012-07-20,49978.643,54234.29
1,4_9,es,2012-07-20,40472.86434,37566.53
2,2_2,es,2012-07-20,66279.97807,65537.3
6,32_95,es,2012-07-20,89943.34927,89870.4
3,30_95,es,2012-07-20,45379.51568,44791.29
5,26_4,es,2012-07-20,27731.4232,27334.06
7,16_38,es,2012-07-20,57815.28562,56425.48
2,11_95,es,2012-07-20,83246.72383,82448.73
2,22_9,es,2012-07-20,32144.98194,27900.73
2,11_92,es,2012-07-20,79776.91845,81776.54
1,11_74,es,2012-07-20,22754.31804,24206.74
7,11_13,es,2012-07-20,42387.68462,44645.75
6,12_40,es,2012-07-20,47052.6577,45526.06
7,7_40,es,2012-07-20,36754.48249,37555.92
3,41_40,es,2012-07-20,55798.62633,56958.48
6,43_38,es,2012-07-20,55832.4599,49227.25
3,10_23,es,2012-07-20,66519.78838,73756.3
5,20_92,es,2012-07-20,153083.2696,161955.74
2,28_91,es,2012-07-20,52238.65335,49376.51
3,17_4,es,2012-07-20,28553.70401,27530.24
5,18_74,es,2012-07-20,23178.75634,22831.84
2,19_23,es,2012-07-20,29706.43351,24336.53
5,13_4,es,2012-07-20,45486.74754,47610.15
3,13_91,es,2012-07-20,85198.5072,86849.83
4,23_40,es,2012-07-20,59803.77925,63787.25
2,32_92,es,2012-07-20,93246.61502,95450.05
6,6_38,es,2012-07-20,79192.43449,77599.19
1,12_8,es,2012-07-20,42743.70297,41396.05
1,10_16,es,2012-07-20,31024.35933,31605.94
3,14_91,es,2012-07-20,75134.366,71316.52
7,20_91,es,2012-07-20,67925.5331,80108.78
1,27_80,es,2012-07-20,26294.29484,26856.63
2,22_40,es,2012-07-20,53319.13839,55622.12
7,20_9,es,2012-07-20,48072.42028,41350.26
5,14_1,es,2012-07-20,23819.39015,17543.16
4,30_91,es,2012-07-20,32251.55413,31503.83
2,38_38,es,2012-07-20,75626.53681,100618.04
1,13_23,es,2012-07-20,31527.25684,28820.14
1,1_38,es,2012-07-20,71568.24926,68235.73
5,11_7,es,2012-07-20,28084.73138,26573.63
6,10_38,es,2012-07-20,83300.0123,89947.78
2,23_92,es,2012-07-20,63211.30171,66684.41
5,21_72,es,2012-07-20,36179.19066,30422.53
1,20_90,es,2012-07-20,90249.69358,92327.61
6,2_87,es,2012-07-20,24218.58829,21443.18
7,3_72,es,2012-07-20,28168.40967,28090.64
6,4_95,es,2012-07-20,175196.1236,167769.06
4,24_87,es,2012-07-20,27689.12232,30292.77
7,23_22,es,2012-07-20,20310.21772,26097.24
6,37_95,es,2012-07-20,49351.56837,50202.16
3,34_91,es,2012-07-20,36444.57091,37560.66
4,4_8,es,2012-07-20,62038.97153,61588.78
2,16_95,es,2012-07-20,39742.65,38275.43
7,10_34,es,2012-07-20,52302.50049,47075.77
6,44_94,es,2012-07-20,27157.50154,29092.55
3,40_4,es,2012-07-27,27712.24195,26394.12
2,10_5,es,2012-07-27,17394.31965,31065.97
5,23_16,es,2012-07-27,33981.77002,22952.99
4,13_13,es,2012-07-27,44866.80507,47194.42
7,29_40,es,2012-07-27,28076.06582,30130.33
6,23_74,es,2012-07-27,39908.97012,39615.47
6,1_97,es,2012-07-27,32876.4172,31575.8
4,16_40,es,2012-07-27,36397.08006,32997.95
1,40_2,es,2012-07-27,29211.78618,27625.52
6,24_90,es,2012-07-27,70768.19055,67361.67
5,23_72,es,2012-07-27,63810.61916,49604.08
3,31_13,es,2012-07-27,41246.72068,42322.64
4,26_40,es,2012-07-27,37942.12635,37828.54
4,20_7,es,2012-07-27,29786.27199,31374.99
1,19_2,es,2012-07-27,47457.01761,46480.71
4,6_72,es,2012-07-27,72717.62251,67826.29
3,26_92,es,2012-07-27,86611.04311,88557.82
7,2_81,es,2012-07-27,30296.62419,29985.61
2,17_95,es,2012-07-27,64256.48921,58319.02
6,31_2,es,2012-07-27,54318.0854,56348.02
6,4_94,es,2012-07-27,69780.75553,71546.25
2,35_14,es,2012-07-27,15181.82685,22684.98
7,11_93,es,2012-07-27,30351.12145,30634.21
3,6_96,es,2012-07-27,33241.97782,34301
5,45_13,es,2012-07-27,28750.2825,26401.62
3,12_34,es,2012-07-27,28267.36891,21667.5
6,42_38,es,2012-07-27,42613.58293,39296.67
6,4_96,es,2012-07-27,44173.67089,44863.31
3,6_93,es,2012-07-27,40322.88036,41243.57
6,14_2,es,2012-07-27,78955.18239,62854.1
7,15_72,es,2012-07-27,25881.03017,34487.64
2,2_16,es,2012-07-27,30476.23166,29470.21
3,19_9,es,2012-07-27,37796.32148,32082.08
2,18_72,es,2012-07-27,27246.63342,35043.38
6,32_90,es,2012-07-27,55114.21749,57737.91
2,22_38,es,2012-07-27,80435.50802,75279.77
7,9_38,es,2012-07-27,75136.93078,69044.18
1,16_72,es,2012-07-27,30694.83185,32317.96
2,10_72,es,2012-07-27,106595.3257,97065.08
6,1_1,es,2012-07-27,17272.27926,15731.18
6,31_46,es,2012-07-27,25604.5116,26797.24
7,36_95,es,2012-07-27,39407.10271,33907.17
6,10_40,es,2012-07-27,90060.15836,93146.97
2,30_92,es,2012-07-27,51127.92299,48721.53
7,11_46,es,2012-07-27,26693.34745,27084.05
1,41_91,es,2012-07-27,45969.37385,53750.53
6,4_9,es,2012-07-27,41572.00084,40128.06
7,2_2,es,2012-07-27,64716.26398,66605.41
2,32_95,es,2012-07-27,89134.53003,84989.75
2,30_95,es,2012-07-27,44731.30497,44721.99
2,26_4,es,2012-07-27,28402.45676,27994.25
3,16_38,es,2012-07-27,55691.76043,35375.72
6,11_95,es,2012-07-27,80699.16438,78056.9
3,22_9,es,2012-07-27,28353.24789,24565.41
7,11_92,es,2012-07-27,74012.74014,71410.99
5,11_74,es,2012-07-27,20343.05155,20592.23
7,11_13,es,2012-07-27,38738.50021,39459.93
2,12_40,es,2012-07-27,43814.98416,43433.01
7,7_40,es,2012-07-27,37863.31314,37233.54
7,41_40,es,2012-07-27,56151.15582,56417.88
4,43_38,es,2012-07-27,57558.88769,57244.6
7,10_23,es,2012-07-27,64441.04316,77051.24
1,20_92,es,2012-07-27,147058.5133,149301.45
7,28_91,es,2012-07-27,46791.39792,46547.11
6,17_4,es,2012-07-27,26912.50758,26379.25
3,18_74,es,2012-07-27,22406.42131,23481.4
2,19_23,es,2012-07-27,26745.5794,23621.33
3,13_4,es,2012-07-27,46481.54179,44283.78
2,13_91,es,2012-07-27,75874.55793,78806.46
6,23_40,es,2012-07-27,60961.49188,62088.84
6,32_92,es,2012-07-27,93469.73665,91844.58
7,6_38,es,2012-07-27,75009.85423,70042.76
6,12_8,es,2012-07-27,40690.69109,40176.47
5,10_16,es,2012-07-27,29741.93127,32757.19
5,14_91,es,2012-07-27,74570.07152,63428.2
6,20_91,es,2012-07-27,63226.10816,70934.92
4,27_80,es,2012-07-27,24875.29783,25948.51
7,22_40,es,2012-07-27,52846.06255,54301.19
1,20_9,es,2012-07-27,45615.36299,37515.25
5,14_1,es,2012-07-27,23614.96919,17236.55
2,30_91,es,2012-07-27,30569.03374,30449.89
6,38_38,es,2012-07-27,81905.82671,67865.32
2,13_23,es,2012-07-27,31769.77243,29675.1
7,1_38,es,2012-07-27,75526.34073,70457.7
1,11_7,es,2012-07-27,26658.91995,26716.56
3,10_38,es,2012-07-27,96514.07969,84628.97
3,23_92,es,2012-07-27,62277.80109,67613.79
3,21_72,es,2012-07-27,33915.04827,33429.44
5,20_90,es,2012-07-27,87664.75486,88432.6
1,2_87,es,2012-07-27,25813.45779,21132.01
6,3_72,es,2012-07-27,26261.59411,22745.81
7,4_95,es,2012-07-27,163204.566,157244.61
3,24_87,es,2012-07-27,29853.51817,28483.67
2,23_22,es,2012-07-27,23220.31463,24794.63
1,37_95,es,2012-07-27,50382.18137,51051.56
5,34_91,es,2012-07-27,30758.43612,34404.79
2,4_8,es,2012-07-27,59548.0837,59545.08
2,16_95,es,2012-07-27,42016.07911,39958.68
5,10_34,es,2012-07-27,51261.48056,44755.01
2,44_94,es,2012-07-27,26278.86593,28356.35
5,40_4,es,2012-08-03,31637.24431,30442.76
2,10_5,es,2012-08-03,22057.5016,30494.96
4,23_16,es,2012-08-03,29234.03497,24733.72
2,13_13,es,2012-08-03,49687.92753,52797.12
2,29_40,es,2012-08-03,29481.89456,30641.75
7,23_74,es,2012-08-03,46227.71719,46342.41
2,1_97,es,2012-08-03,40327.77531,36222.9
3,16_40,es,2012-08-03,35346.8977,34054.16
5,40_2,es,2012-08-03,32767.38399,30702.74
6,24_90,es,2012-08-03,79282.99864,75179.83
5,23_72,es,2012-08-03,66510.04428,65004.5
7,31_13,es,2012-08-03,44183.49333,43451.32
3,26_40,es,2012-08-03,40352.08681,42319.79
3,20_7,es,2012-08-03,29730.80013,31101.95
5,19_2,es,2012-08-03,53264.43783,50328.07
4,6_72,es,2012-08-03,77669.05923,81135.44
4,26_92,es,2012-08-03,107857.7858,93890.07
6,2_81,es,2012-08-03,33210.69209,31371.76
5,17_95,es,2012-08-03,60585.29243,60320.8
1,31_2,es,2012-08-03,59871.5096,60781.78
3,4_94,es,2012-08-03,72962.96002,73771.86
2,35_14,es,2012-08-03,23423.04948,24872.82
7,11_93,es,2012-08-03,35195.71218,34169.17
4,6_96,es,2012-08-03,34788.29337,33828.42
3,45_13,es,2012-08-03,30287.28369,27638.27
1,12_34,es,2012-08-03,29303.79402,21623.71
3,42_38,es,2012-08-03,47417.985,45442.7
5,4_96,es,2012-08-03,42697.56667,45697.75
1,6_93,es,2012-08-03,44462.29804,45853.41
6,14_2,es,2012-08-03,85383.45007,69175.16
5,15_72,es,2012-08-03,23228.95388,30690.28
7,2_16,es,2012-08-03,32585.87997,30756.74
1,19_9,es,2012-08-03,36148.13262,31076.74
1,18_72,es,2012-08-03,44951.83094,49141.02
5,32_90,es,2012-08-03,57736.33377,61104.33
6,22_38,es,2012-08-03,80611.9821,75185.36
6,9_38,es,2012-08-03,84365.9045,62532.33
7,16_72,es,2012-08-03,34845.47173,33378.63
6,10_72,es,2012-08-03,122966.2432,108755.78
7,1_1,es,2012-08-03,18277.18883,16628.31
1,31_46,es,2012-08-03,25310.42149,28243.27
6,36_95,es,2012-08-03,45813.79323,34964.72
6,10_40,es,2012-08-03,94921.33764,95260.45
1,30_92,es,2012-08-03,52715.76456,51953.2
5,11_46,es,2012-08-03,30058.1489,30745.58
7,41_91,es,2012-08-03,55442.1436,57130.39
7,4_9,es,2012-08-03,40799.66803,35692.75
1,2_2,es,2012-08-03,69921.1204,69431.69
5,32_95,es,2012-08-03,88095.04946,89037.48
4,30_95,es,2012-08-03,45638.52163,45704.65
5,26_4,es,2012-08-03,30028.42737,29829.19
1,16_38,es,2012-08-03,59977.15769,56454.17
2,11_95,es,2012-08-03,89781.91835,83961.77
6,22_9,es,2012-08-03,30379.22259,23279.52
7,11_92,es,2012-08-03,84913.86036,79925.12
7,11_74,es,2012-08-03,24764.7531,25904.93
5,11_13,es,2012-08-03,43422.22284,46078.83
4,12_40,es,2012-08-03,46609.83071,46524.9
6,7_40,es,2012-08-03,35685.57488,36100.86
7,41_40,es,2012-08-03,60515.46488,59830.4
2,43_38,es,2012-08-03,66509.46805,67825.54
5,10_23,es,2012-08-03,77404.55853,83621.76
4,20_92,es,2012-08-03,166873.1792,169471.46
6,28_91,es,2012-08-03,91652.13575,76360.7
5,17_4,es,2012-08-03,27191.29198,25279.95
4,18_74,es,2012-08-03,26264.5044,23291.28
2,19_23,es,2012-08-03,26455.39153,24430.04
3,13_4,es,2012-08-03,50123.74385,48149.1
4,13_91,es,2012-08-03,85476.57827,81787.87
4,23_40,es,2012-08-03,62616.36154,63277.03
3,32_92,es,2012-08-03,101066.3612,96671.73
3,6_38,es,2012-08-03,84390.29758,72409.92
4,12_8,es,2012-08-03,43548.55249,43593.08
3,10_16,es,2012-08-03,28942.51111,34788
4,14_91,es,2012-08-03,97733.5913,75801.55
3,20_91,es,2012-08-03,62300.25594,77190.61
7,27_80,es,2012-08-03,25353.9066,26788.99
4,22_40,es,2012-08-03,56509.64481,58315.04
4,20_9,es,2012-08-03,44480.27208,40561.64
3,14_1,es,2012-08-03,24719.11448,18790.07
4,30_91,es,2012-08-03,31772.38334,30251.58
5,38_38,es,2012-08-03,82029.25119,82322.79
1,13_23,es,2012-08-03,35596.93441,30964.94
5,1_38,es,2012-08-03,93417.70856,85329.19
4,11_7,es,2012-08-03,27987.74473,26048.54
3,10_38,es,2012-08-03,95312.10903,80927.12
7,23_92,es,2012-08-03,67789.64133,77849.03
6,21_72,es,2012-08-03,32201.07376,35949.41
5,20_90,es,2012-08-03,87810.10998,92632.32
1,2_87,es,2012-08-03,31505.35752,29204.26
6,3_72,es,2012-08-03,30740.98156,27011.68
1,4_95,es,2012-08-03,167111.9006,167250.67
1,24_87,es,2012-08-03,29783.43599,35519.97
6,23_22,es,2012-08-03,27201.95997,28843.9
2,37_95,es,2012-08-03,52213.27761,51915.11
6,34_91,es,2012-08-03,36407.81629,36862.11
7,4_8,es,2012-08-03,63116.2798,64940.59
4,16_95,es,2012-08-03,42831.31748,42052.88
2,10_34,es,2012-08-03,52621.42328,47471.06
7,44_94,es,2012-08-03,27625.19032,28121.58
6,40_4,es,2012-08-10,26902.95341,27357.91
1,10_5,es,2012-08-10,15862.90941,32075.35
2,23_16,es,2012-08-10,23452.88097,18930.75
5,13_13,es,2012-08-10,47116.53225,49931.46
2,29_40,es,2012-08-10,28896.47937,32371.2
1,23_74,es,2012-08-10,45020.23545,48650.28
3,1_97,es,2012-08-10,40320.16374,40136.61
5,16_40,es,2012-08-10,32465.3136,34582.97
2,40_2,es,2012-08-10,29637.90329,30086.3
1,24_90,es,2012-08-10,76501.16048,80841.67
7,23_72,es,2012-08-10,64056.8448,65374.19
6,31_13,es,2012-08-10,44880.06301,44322.3
2,26_40,es,2012-08-10,38327.84188,41304.33
6,20_7,es,2012-08-10,28034.24391,32436.3
1,19_2,es,2012-08-10,51376.53947,54230.56
1,6_72,es,2012-08-10,76401.79482,69517.03
2,26_92,es,2012-08-10,92986.96734,111812.56
3,2_81,es,2012-08-10,32570.04158,31641.63
4,17_95,es,2012-08-10,54999.83236,55624.01
1,31_2,es,2012-08-10,58161.79644,60305.2
5,4_94,es,2012-08-10,73019.88945,73428.01
1,35_14,es,2012-08-10,22954.18526,26578.07
1,11_93,es,2012-08-10,35896.27807,34875.22
4,6_96,es,2012-08-10,34974.58914,34912.38
1,45_13,es,2012-08-10,28619.4186,27944.11
3,12_34,es,2012-08-10,28217.44772,26583.14
6,42_38,es,2012-08-10,39799.15478,37479.53
4,4_96,es,2012-08-10,42143.87484,44291.39
4,6_93,es,2012-08-10,41927.26727,45968.07
3,14_2,es,2012-08-10,84231.26978,67396.75
6,15_72,es,2012-08-10,32162.39165,29072.45
7,2_16,es,2012-08-10,28328.85037,24513
3,19_9,es,2012-08-10,33728.36894,33759.67
3,18_72,es,2012-08-10,36971.95327,37071.1
5,32_90,es,2012-08-10,57545.8409,60881.88
7,22_38,es,2012-08-10,88409.69648,65057.05
5,9_38,es,2012-08-10,77560.10532,69297.85
4,16_72,es,2012-08-10,33655.92715,30983.9
2,10_72,es,2012-08-10,129107.5724,105458.18
4,1_1,es,2012-08-10,16678.05973,16119.92
6,31_46,es,2012-08-10,24132.51981,25373
5,36_95,es,2012-08-10,49070.5484,36365.66
4,10_40,es,2012-08-10,93962.09062,98585.78
7,30_92,es,2012-08-10,53870.1676,52924.2
3,11_46,es,2012-08-10,28598.41223,28413.93
6,41_91,es,2012-08-10,52590.98274,57904.97
3,4_9,es,2012-08-10,41361.76773,30970.82
4,2_2,es,2012-08-10,69861.79182,67146.39
7,32_95,es,2012-08-10,90660.68617,89355.08
6,30_95,es,2012-08-10,45474.87487,46228.89
4,26_4,es,2012-08-10,29155.19734,28880
2,16_38,es,2012-08-10,57597.72345,49762.5
5,11_95,es,2012-08-10,92473.61752,82463.39
3,22_9,es,2012-08-10,31966.64339,24358.92
6,11_92,es,2012-08-10,86701.04703,83465.25
3,11_74,es,2012-08-10,26829.28824,25894.35
6,11_13,es,2012-08-10,43194.98474,46623.12
6,12_40,es,2012-08-10,46885.47472,49901.94
2,7_40,es,2012-08-10,34191.05562,38423.42
2,41_40,es,2012-08-10,57257.56223,62548.29
6,43_38,es,2012-08-10,66341.85041,51300.36
3,10_23,es,2012-08-10,76882.39698,69871.07
6,20_92,es,2012-08-10,190148.2029,194032.48
3,28_91,es,2012-08-10,57826.14689,61783.1
3,17_4,es,2012-08-10,24637.95837,23891.11
3,18_74,es,2012-08-10,25776.7369,24440.07
1,19_23,es,2012-08-10,24360.8713,26316.69
3,13_4,es,2012-08-10,47199.17654,46809.31
5,13_91,es,2012-08-10,83686.69293,83126.75
6,23_40,es,2012-08-10,62780.99109,67482.05
7,32_92,es,2012-08-10,102964.4279,102384.53
6,6_38,es,2012-08-10,75945.85711,71996.56
6,12_8,es,2012-08-10,41396.37901,42048.61
2,10_16,es,2012-08-10,28027.96138,36182.11
7,14_91,es,2012-08-10,84223.90867,80567.08
5,20_91,es,2012-08-10,84995.39752,88325.14
4,27_80,es,2012-08-10,24250.09783,25150.95
2,22_40,es,2012-08-10,55428.70121,53902.71
7,20_9,es,2012-08-10,43490.68593,40260.14
7,14_1,es,2012-08-10,23655.60173,18922.36
5,30_91,es,2012-08-10,32811.58746,32635.25
7,38_38,es,2012-08-10,85308.9502,77593.1
3,13_23,es,2012-08-10,32500.6145,30221.75
7,1_38,es,2012-08-10,78024.87766,74483.32
4,11_7,es,2012-08-10,27150.80633,24073.87
5,10_38,es,2012-08-10,104986.8982,79456.11
4,23_92,es,2012-08-10,62833.56584,69209.6
4,21_72,es,2012-08-10,34533.45585,27645.68
5,20_90,es,2012-08-10,104662.3088,100372.02
2,2_87,es,2012-08-10,24941.22722,25037.85
3,3_72,es,2012-08-10,28307.18078,27270.11
2,4_95,es,2012-08-10,177947.1103,166720.93
1,24_87,es,2012-08-10,28969.48013,30414.52
1,23_22,es,2012-08-10,23770.88602,29682.67
6,37_95,es,2012-08-10,52537.93379,50645.6
2,34_91,es,2012-08-10,34864.00923,37963.13
6,4_8,es,2012-08-10,63687.11864,58854.51
5,16_95,es,2012-08-10,37139.32099,38587.52
6,10_34,es,2012-08-10,52995.71708,42482.95
3,44_94,es,2012-08-10,27861.63391,27744.67
3,40_4,es,2012-08-17,26996.28942,27211.16
1,10_5,es,2012-08-17,11740.83567,34128.95
2,23_16,es,2012-08-17,23829.06357,16035.85
4,13_13,es,2012-08-17,49985.38814,54060.29
4,29_40,es,2012-08-17,29316.77309,24084.37
4,23_74,es,2012-08-17,51371.80638,57462.59
2,1_97,es,2012-08-17,37351.03662,38837.77
1,16_40,es,2012-08-17,31513.435,31099.16
4,40_2,es,2012-08-17,29463.55591,30037.9
5,24_90,es,2012-08-17,71793.40399,72928.6
2,23_72,es,2012-08-17,81900.46105,69557.29
1,31_13,es,2012-08-17,46863.20499,45925.71
4,26_40,es,2012-08-17,38773.37765,41958.2
4,20_7,es,2012-08-17,32959.50174,31385.87
7,19_2,es,2012-08-17,53446.03724,53408.13
5,6_72,es,2012-08-17,79497.77768,69159.89
2,26_92,es,2012-08-17,90414.21452,93212.89
2,2_81,es,2012-08-17,32070.80096,31002.52
5,17_95,es,2012-08-17,54545.5114,51634.51
6,31_2,es,2012-08-17,63009.70393,59111.45
2,4_94,es,2012-08-17,69113.0036,72177.95
1,35_14,es,2012-08-17,20747.3784,27349.34
1,11_93,es,2012-08-17,33561.97254,36500.69
3,6_96,es,2012-08-17,31661.7305,31588.91
4,45_13,es,2012-08-17,30147.04065,28507.09
1,12_34,es,2012-08-17,29501.91183,27468.61
3,42_38,es,2012-08-17,43692.07189,39385.51
7,4_96,es,2012-08-17,40839.02689,44590.47
3,6_93,es,2012-08-17,38901.25231,44271.81
6,14_2,es,2012-08-17,84049.35944,70352.09
7,15_72,es,2012-08-17,37123.12668,25359.63
7,2_16,es,2012-08-17,25509.99649,21813.9
5,19_9,es,2012-08-17,43506.79649,42530.25
4,18_72,es,2012-08-17,41307.4978,45870.13
5,32_90,es,2012-08-17,57439.04114,61891.24
5,22_38,es,2012-08-17,79490.55166,69242.43
2,9_38,es,2012-08-17,78137.25222,67012.59
5,16_72,es,2012-08-17,30676.63796,31286.3
2,10_72,es,2012-08-17,158249.0039,118339.36
3,1_1,es,2012-08-17,16932.36222,17330.7
4,31_46,es,2012-08-17,26194.86794,23901.77
5,36_95,es,2012-08-17,45322.26111,38664.89
1,10_40,es,2012-08-17,96475.57488,98694.38
4,30_92,es,2012-08-17,52895.4878,51598.4
3,11_46,es,2012-08-17,29298.17376,28357.57
6,41_91,es,2012-08-17,53165.72965,58966.14
5,4_9,es,2012-08-17,42355.09306,35240.11
3,2_2,es,2012-08-17,69625.56365,68857.79
1,32_95,es,2012-08-17,89463.2264,88907.12
1,30_95,es,2012-08-17,45639.65436,44060.59
5,26_4,es,2012-08-17,28573.7798,28367.55
3,16_38,es,2012-08-17,56870.08146,44249.87
4,11_95,es,2012-08-17,92055.65782,88714.65
7,22_9,es,2012-08-17,31052.52497,24885.86
5,11_92,es,2012-08-17,83349.61431,87453.36
6,11_74,es,2012-08-17,29342.39639,29221.52
1,11_13,es,2012-08-17,45024.91171,47040.1
3,12_40,es,2012-08-17,45639.68927,47329.06
5,7_40,es,2012-08-17,34881.32634,34113.96
7,41_40,es,2012-08-17,63216.94922,65827.99
4,43_38,es,2012-08-17,72378.62886,59189.31
2,10_23,es,2012-08-17,71058.40548,64470.6
2,20_92,es,2012-08-17,159799.9604,178603.53
2,28_91,es,2012-08-17,51108.01438,50773.02
3,17_4,es,2012-08-17,25586.09848,23547.38
3,18_74,es,2012-08-17,29409.1259,27760.78
7,19_23,es,2012-08-17,25584.48954,24082.83
1,13_4,es,2012-08-17,49750.56556,47337.25
3,13_91,es,2012-08-17,86334.68134,90456.81
6,23_40,es,2012-08-17,66583.52447,69016.95
5,32_92,es,2012-08-17,102029.9098,100684.21
7,6_38,es,2012-08-17,64293.17018,71008.9
6,12_8,es,2012-08-17,42440.03938,38200.94
1,10_16,es,2012-08-17,25955.34292,32783.94
5,14_91,es,2012-08-17,86078.98108,71425.91
4,20_91,es,2012-08-17,71740.07065,79869.31
4,27_80,es,2012-08-17,24416.29374,26420.9
6,22_40,es,2012-08-17,56876.35191,58845.43
5,20_9,es,2012-08-17,43311.25297,40098.25
2,14_1,es,2012-08-17,23327.66136,17573.46
7,30_91,es,2012-08-17,32370.99586,31551.7
4,38_38,es,2012-08-17,83916.23256,69756.14
6,13_23,es,2012-08-17,41189.75525,31435.24
1,1_38,es,2012-08-17,70693.33498,85392.47
5,11_7,es,2012-08-17,28386.62658,25040.45
5,10_38,es,2012-08-17,104399.6022,78532.79
2,23_92,es,2012-08-17,64173.55671,69166.46
7,21_72,es,2012-08-17,38217.03744,35456.34
7,20_90,es,2012-08-17,95068.1362,96350.87
4,2_87,es,2012-08-17,42786.27289,25048.39
1,3_72,es,2012-08-17,28303.88031,23506.55
7,4_95,es,2012-08-17,174911.2534,175362.48
7,24_87,es,2012-08-17,27886.77359,30731.63
1,23_22,es,2012-08-17,28460.06149,32339.11
6,37_95,es,2012-08-17,53054.76148,52480.25
6,34_91,es,2012-08-17,38525.8189,38496.38
7,4_8,es,2012-08-17,57784.41751,57167.63
4,16_95,es,2012-08-17,36028.06114,33435.19
3,10_34,es,2012-08-17,50164.20218,38431.52
7,44_94,es,2012-08-17,26265.76738,26800.34
4,40_4,es,2012-08-24,27688.9311,26006.72
2,10_5,es,2012-08-24,11214.48867,50062.19
6,23_16,es,2012-08-24,20583.72923,15580.15
6,13_13,es,2012-08-24,51811.20992,51468.09
1,29_40,es,2012-08-24,29801.65643,34076.22
5,23_74,es,2012-08-24,66236.94628,69494.15
4,1_97,es,2012-08-24,34754.62055,32858.35
2,16_40,es,2012-08-24,32248.51455,30934.73
6,40_2,es,2012-08-24,30470.99309,28019.26
2,24_90,es,2012-08-24,72500.91057,70568.62
3,23_72,es,2012-08-24,92734.3121,79128.7
5,31_13,es,2012-08-24,45685.82907,46350.41
2,26_40,es,2012-08-24,37851.95703,40550.29
5,20_7,es,2012-08-24,34912.907,33210.64
2,19_2,es,2012-08-24,61378.50549,61912.39
6,6_72,es,2012-08-24,72676.90621,71861.75
1,26_92,es,2012-08-24,90908.90982,88145.09
1,2_81,es,2012-08-24,31442.96957,28245.04
7,17_95,es,2012-08-24,54748.91424,52610.65
3,31_2,es,2012-08-24,59407.03573,61036.14
2,4_94,es,2012-08-24,65081.19609,72260.49
3,35_14,es,2012-08-24,19130.28225,23804.88
2,11_93,es,2012-08-24,32289.60582,31137.9
1,6_96,es,2012-08-24,26606.0462,27541.28
3,45_13,es,2012-08-24,29916.92673,30065.65
4,12_34,es,2012-08-24,30443.03092,25972.38
3,42_38,es,2012-08-24,39215.97677,50563.09
5,4_96,es,2012-08-24,41818.14887,42370.63
5,6_93,es,2012-08-24,36110.44385,40601.83
5,14_2,es,2012-08-24,81774.7735,67798.21
2,15_72,es,2012-08-24,34107.85789,30285.95
7,2_16,es,2012-08-24,20338.05212,20245.01
5,19_9,es,2012-08-24,33170.37705,42469.61
3,18_72,es,2012-08-24,37951.69457,44233.44
5,32_90,es,2012-08-24,59139.51876,63742.57
4,22_38,es,2012-08-24,82945.16374,60066.08
4,9_38,es,2012-08-24,72930.24587,72797.79
2,16_72,es,2012-08-24,34949.27322,30862.49
2,10_72,es,2012-08-24,120280.9965,115171.28
4,1_1,es,2012-08-24,16956.79346,16286.4
3,31_46,es,2012-08-24,24459.71775,24972.37
2,36_95,es,2012-08-24,39772.80465,32767.4
6,10_40,es,2012-08-24,89982.17241,98800.09
3,30_92,es,2012-08-24,53603.39767,53886.69
2,11_46,es,2012-08-24,27410.72274,28736.7
1,41_91,es,2012-08-24,48153.84157,57772.77
7,4_9,es,2012-08-24,47355.89605,37627.64
2,2_2,es,2012-08-24,69925.3495,68175.69
2,32_95,es,2012-08-24,88210.15421,92326.72
1,30_95,es,2012-08-24,45373.00601,43976.24
2,26_4,es,2012-08-24,26655.06558,26303.67
6,16_38,es,2012-08-24,52845.51483,41705.11
2,11_95,es,2012-08-24,85839.72559,78715.5
4,22_9,es,2012-08-24,28646.87622,24544.58
6,11_92,es,2012-08-24,78395.05406,75977.04
2,11_74,es,2012-08-24,26094.66242,27468.78
2,11_13,es,2012-08-24,43093.00551,43142.98
2,12_40,es,2012-08-24,45469.11739,46806.79
3,7_40,es,2012-08-24,33762.72618,34558.4
5,41_40,es,2012-08-24,59165.29819,64456.77
2,43_38,es,2012-08-24,57960.19338,60375.97
3,10_23,es,2012-08-24,59900.32625,59430.24
6,20_92,es,2012-08-24,153441.0749,159088.13
4,28_91,es,2012-08-24,49602.10516,46638.61
1,17_4,es,2012-08-24,25538.56944,25744.02
3,18_74,es,2012-08-24,35027.07122,31819.87
2,19_23,es,2012-08-24,28819.1271,28879.21
3,13_4,es,2012-08-24,48951.03519,47071.23
5,13_91,es,2012-08-24,79463.61607,80110.03
1,23_40,es,2012-08-24,72004.55563,75347.5
4,32_92,es,2012-08-24,101838.9851,103159.26
6,6_38,es,2012-08-24,60367.97853,60908.78
7,12_8,es,2012-08-24,40352.14417,39268.02
2,10_16,es,2012-08-24,22155.59843,29702.99
3,14_91,es,2012-08-24,80762.13933,68851.29
4,20_91,es,2012-08-24,63355.86465,68475.88
1,27_80,es,2012-08-24,24441.20007,24230.54
7,22_40,es,2012-08-24,58070.62686,59461.52
3,20_9,es,2012-08-24,40618.36668,33934.5
6,14_1,es,2012-08-24,24266.1744,18235.88
2,30_91,es,2012-08-24,30477.6775,31277.94
3,38_38,es,2012-08-24,90656.99752,59152.71
6,13_23,es,2012-08-24,34855.78382,30443.87
5,1_38,es,2012-08-24,77311.25606,71295.77
3,11_7,es,2012-08-24,24518.40215,29594.89
3,10_38,es,2012-08-24,86593.82885,85112.42
2,23_92,es,2012-08-24,68528.82872,79159.68
3,21_72,es,2012-08-24,29676.98064,32036.47
4,20_90,es,2012-08-24,92890.44649,90545.38
6,2_87,es,2012-08-24,26970.18093,21185.92
7,3_72,es,2012-08-24,27525.05367,24312.47
7,4_95,es,2012-08-24,164571.3312,164984.73
7,24_87,es,2012-08-24,28847.16044,27118.97
4,23_22,es,2012-08-24,31972.12008,37783.85
2,37_95,es,2012-08-24,56151.10468,53038.61
1,34_91,es,2012-08-24,32351.74854,35801.57
7,4_8,es,2012-08-24,59325.97355,60205.79
4,16_95,es,2012-08-24,38621.69688,33442.51
1,10_34,es,2012-08-24,44284.40902,38754.25
6,44_94,es,2012-08-24,25724.47657,26422.1
6,40_4,es,2012-08-31,28382.0732,27586.26
6,10_5,es,2012-08-31,9408.052018,41573.25
2,23_16,es,2012-08-31,19211.07517,11962.46
4,13_13,es,2012-08-31,53639.53825,53578.28
2,29_40,es,2012-08-31,31194.57877,31994.71
3,23_74,es,2012-08-31,49753.95921,54220.58
7,1_97,es,2012-08-31,38873.8284,36432.05
3,16_40,es,2012-08-31,30692.14558,29448.48
1,40_2,es,2012-08-31,30975.14355,29797.24
7,24_90,es,2012-08-31,75334.78232,70017.41
1,23_72,es,2012-08-31,80589.7356,78522.94
7,31_13,es,2012-08-31,46572.82356,45207.54
2,26_40,es,2012-08-31,39794.99653,40094.35
7,20_7,es,2012-08-31,34649.33612,30746.27
7,19_2,es,2012-08-31,63078.13174,58463.14
7,6_72,es,2012-08-31,72029.73215,69865.4
5,26_92,es,2012-08-31,88433.43385,89760.87
6,2_81,es,2012-08-31,32812.45263,32208.81
5,17_95,es,2012-08-31,58881.90356,52380.23
2,31_2,es,2012-08-31,60177.6328,62149.16
1,4_94,es,2012-08-31,67824.48368,68660.48
1,35_14,es,2012-08-31,17958.80925,27079.54
5,11_93,es,2012-08-31,34867.34378,31591.05
1,6_96,es,2012-08-31,32144.44521,33118.98
2,45_13,es,2012-08-31,30977.55288,28060.27
4,12_34,es,2012-08-31,34025.56575,26756.84
7,42_38,es,2012-08-31,48396.88959,34689.82
7,4_96,es,2012-08-31,43683.65712,47453.28
2,6_93,es,2012-08-31,44229.81279,42373.5
5,14_2,es,2012-08-31,85399.34758,65672.02
4,15_72,es,2012-08-31,31703.63877,26083.14
1,2_16,es,2012-08-31,24280.96161,18075.31
5,19_9,es,2012-08-31,43598.73801,44371.67
5,18_72,es,2012-08-31,39433.9265,50124.95
6,32_90,es,2012-08-31,57137.99319,61192.8
2,22_38,es,2012-08-31,85351.06453,82280.32
3,9_38,es,2012-08-31,88920.05914,72690
6,16_72,es,2012-08-31,31039.09857,28881.72
5,10_72,es,2012-08-31,110409.2593,96347.84
6,1_1,es,2012-08-31,17519.37756,16680.24
3,31_46,es,2012-08-31,24248.90212,24354.27
5,36_95,es,2012-08-31,39423.78142,31670.77
4,10_40,es,2012-08-31,96654.63527,92971.95
5,30_92,es,2012-08-31,53228.89406,52316.97
5,11_46,es,2012-08-31,28388.63251,28214.54
5,41_91,es,2012-08-31,53359.37085,52476.8
6,4_9,es,2012-08-31,64094.41103,52503.37
3,2_2,es,2012-08-31,69827.57543,72899.98
1,32_95,es,2012-08-31,87334.15303,91375.71
2,30_95,es,2012-08-31,44976.55851,45511.47
6,26_4,es,2012-08-31,29324.4121,28594.51
6,16_38,es,2012-08-31,60530.9599,58913.31
6,11_95,es,2012-08-31,85593.04668,83303.8
7,22_9,es,2012-08-31,28749.46469,22537.35
4,11_92,es,2012-08-31,83719.93874,75444.35
5,11_74,es,2012-08-31,23263.44,22074.62
4,11_13,es,2012-08-31,46784.2943,44305.24
6,12_40,es,2012-08-31,50499.90545,49760.24
2,7_40,es,2012-08-31,33372.00985,31080.9
4,41_40,es,2012-08-31,61917.37887,61320.13
1,43_38,es,2012-08-31,71361.69048,66250.94
1,10_23,es,2012-08-31,54480.15655,54524.55
5,20_92,es,2012-08-31,179660.9271,159049.57
1,28_91,es,2012-08-31,80959.59849,43765.93
7,17_4,es,2012-08-31,29353.44244,25583.81
2,18_74,es,2012-08-31,25912.01179,23771.93
4,19_23,es,2012-08-31,30491.64779,30726.43
4,13_4,es,2012-08-31,50119.97246,47392.48
1,13_91,es,2012-08-31,79110.66645,78322.8
3,23_40,es,2012-08-31,68201.97872,70414.15
3,32_92,es,2012-08-31,100726.5277,97784.62
7,6_38,es,2012-08-31,66793.94933,75931.97
7,12_8,es,2012-08-31,43372.59298,39873.12
2,10_16,es,2012-08-31,22741.56688,27518.78
6,14_91,es,2012-08-31,89661.82753,66775.09
1,20_91,es,2012-08-31,75663.0832,69309.2
7,27_80,es,2012-08-31,23919.23406,25242.27
1,22_40,es,2012-08-31,58910.15557,55826.63
4,20_9,es,2012-08-31,47686.29839,34684.24
4,14_1,es,2012-08-31,23233.45285,16316.79
2,30_91,es,2012-08-31,30581.7212,29146.32
4,38_38,es,2012-08-31,89247.44318,78433.16
2,13_23,es,2012-08-31,29614.40084,29205.51
2,1_38,es,2012-08-31,92007.7922,80706.16
7,11_7,es,2012-08-31,27698.12452,26799.43
7,10_38,es,2012-08-31,101919.985,76349.07
6,23_92,es,2012-08-31,72965.64246,76738.09
7,21_72,es,2012-08-31,29578.31344,28115.13
3,20_90,es,2012-08-31,102889.5499,91867.53
7,2_87,es,2012-08-31,29145.42059,29442.85
1,3_72,es,2012-08-31,29196.93311,26944.26
6,4_95,es,2012-08-31,166345.4974,160200.2
3,24_87,es,2012-08-31,31718.64395,29604.64
5,23_22,es,2012-08-31,24760.92801,30032.35
5,37_95,es,2012-08-31,54253.72428,57816.44
3,34_91,es,2012-08-31,34908.18809,32871.08
7,4_8,es,2012-08-31,66107.92532,60518.71
7,16_95,es,2012-08-31,36155.66733,35240.72
3,10_34,es,2012-08-31,40961.41371,34766.64
2,44_94,es,2012-08-31,25100.54058,26608.64
5,40_4,es,2012-09-07,28983.83641,30202.87
4,10_5,es,2012-09-07,11318.29764,36708.3
5,23_16,es,2012-09-07,17907.18899,12706.8
5,13_13,es,2012-09-07,48702.25064,58308.96
6,29_40,es,2012-09-07,30545.51722,31195.62
6,23_74,es,2012-09-07,46650.37085,44311.19
3,1_97,es,2012-09-07,41814.84794,43039.76
6,16_40,es,2012-09-07,31376.39354,30636.07
1,40_2,es,2012-09-07,29627.41646,30367.64
7,24_90,es,2012-09-07,83188.54478,82942.14
3,23_72,es,2012-09-07,71408.28491,67527.31
5,31_13,es,2012-09-07,47084.4852,43602.33
1,26_40,es,2012-09-07,41268.70838,40376.46
3,20_7,es,2012-09-07,31459.95808,33162.47
3,19_2,es,2012-09-07,54490.43733,52584.33
3,6_72,es,2012-09-07,69221.23709,74390.02
1,26_92,es,2012-09-07,108569.034,108022.43
7,2_81,es,2012-09-07,33060.67766,32033.91
3,17_95,es,2012-09-07,69616.71156,64839.21
5,31_2,es,2012-09-07,54767.89151,56140.4
3,4_94,es,2012-09-07,69895.20118,73110.93
4,35_14,es,2012-09-07,20471.73717,30287.12
7,11_93,es,2012-09-07,37675.00375,36537.23
7,6_96,es,2012-09-07,31080.49793,35974.38
3,45_13,es,2012-09-07,30653.90175,29179.12
6,12_34,es,2012-09-07,28138.46815,20640.69
6,42_38,es,2012-09-07,43891.2312,34065.66
6,4_96,es,2012-09-07,43731.44684,46310.5
2,6_93,es,2012-09-07,42818.41751,49444.68
2,14_2,es,2012-09-07,82144.91652,71752.94
2,15_72,es,2012-09-07,31161.27226,28408.78
7,2_16,es,2012-09-07,21844.33897,21633.53
5,19_9,es,2012-09-07,40214.91258,40507.44
1,18_72,es,2012-09-07,39483.26567,41603.84
2,32_90,es,2012-09-07,56183.10041,62228.86
6,22_38,es,2012-09-07,78401.95629,72258.23
4,9_38,es,2012-09-07,83414.0199,69395.12
6,16_72,es,2012-09-07,29576.48944,27596.47
1,10_72,es,2012-09-07,107217.6675,110519.11
5,1_1,es,2012-09-07,19628.77736,18322.37
1,31_46,es,2012-09-07,22619.94827,22285.08
3,36_95,es,2012-09-07,38118.05565,35575.28
4,10_40,es,2012-09-07,94215.60022,97251.53
5,30_92,es,2012-09-07,56160.16773,53458.23
7,11_46,es,2012-09-07,25446.80019,26837.3
7,41_91,es,2012-09-07,52450.36556,57585.09
6,4_9,es,2012-09-07,59128.20808,49658.75
3,2_2,es,2012-09-07,65307.61892,66273.96
3,32_95,es,2012-09-07,79165.11751,85288.12
3,30_95,es,2012-09-07,44700.00695,47396.81
4,26_4,es,2012-09-07,28640.95988,27672.58
2,16_38,es,2012-09-07,52597.94015,43583.57
1,11_95,es,2012-09-07,85348.1811,82872.52
2,22_9,es,2012-09-07,26929.84694,21357.65
4,11_92,es,2012-09-07,87504.39903,82496.42
5,11_74,es,2012-09-07,22638.78025,24022.41
5,11_13,es,2012-09-07,43101.62805,45660.99
5,12_40,es,2012-09-07,47939.41293,51752.11
2,7_40,es,2012-09-07,32331.15201,34333.55
2,41_40,es,2012-09-07,61120.67465,64811.85
1,43_38,es,2012-09-07,71260.74572,61015.87
1,10_23,es,2012-09-07,49082.36243,52855.22
1,20_92,es,2012-09-07,183062.9423,178042.73
3,28_91,es,2012-09-07,65967.45738,81181.82
1,17_4,es,2012-09-07,46911.28924,48403.64
4,18_74,es,2012-09-07,23559.87883,26932.24
4,19_23,es,2012-09-07,34927.21428,29172.61
6,13_4,es,2012-09-07,46108.46887,51651.07
2,13_91,es,2012-09-07,77577.15701,83977.26
6,23_40,es,2012-09-07,66464.43379,69417.64
1,32_92,es,2012-09-07,100875.56,97339.26
1,6_38,es,2012-09-07,63025.75466,78107.25
3,12_8,es,2012-09-07,42186.59707,40637
3,10_16,es,2012-09-07,22518.76794,31672.06
5,14_91,es,2012-09-07,94455.04755,88988.06
5,20_91,es,2012-09-07,82631.05477,79700.53
3,27_80,es,2012-09-07,25222.94353,25755
3,22_40,es,2012-09-07,55211.38253,55591.99
5,20_9,es,2012-09-07,46153.19959,41675.6
2,14_1,es,2012-09-07,25116.3192,19047.73
4,30_91,es,2012-09-07,31809.60018,30589.72
3,38_38,es,2012-09-07,73451.32613,88714.7
7,13_23,es,2012-09-07,25927.57528,32531.32
5,1_38,es,2012-09-07,80286.04665,70644.8
2,11_7,es,2012-09-07,27319.78906,29235.76
5,10_38,es,2012-09-07,98010.45677,77247.83
1,23_92,es,2012-09-07,68011.69576,79356.92
4,21_72,es,2012-09-07,32310.78108,33173.89
7,20_90,es,2012-09-07,104983.4653,99849.34
4,2_87,es,2012-09-07,24306.78991,26493.9
3,3_72,es,2012-09-07,29300.33432,30756.75
1,4_95,es,2012-09-07,169753.0315,169708.19
4,24_87,es,2012-09-07,28196.97254,30877.39
2,23_22,es,2012-09-07,24554.45046,27911.3
7,37_95,es,2012-09-07,52189.97871,56488.76
1,34_91,es,2012-09-07,36380.56638,37507.33
3,4_8,es,2012-09-07,62620.87239,59222.12
5,16_95,es,2012-09-07,35682.44861,33228.3
6,10_34,es,2012-09-07,44004.2491,34093.95
4,44_94,es,2012-09-07,25374.58239,25113.55
4,40_4,es,2012-09-14,26259.25795,25157.38
3,10_5,es,2012-09-14,16894.57175,42269.57
6,23_16,es,2012-09-14,12861.53766,9657.12
3,13_13,es,2012-09-14,47391.63468,50882.35
2,29_40,es,2012-09-14,29102.04096,29529.31
4,23_74,es,2012-09-14,41548.26044,38768.44
5,1_97,es,2012-09-14,38760.7438,39216.22
7,16_40,es,2012-09-14,31328.058,30359.36
7,40_2,es,2012-09-14,26941.2375,26095.61
4,24_90,es,2012-09-14,72830.49563,74787.14
7,23_72,es,2012-09-14,60391.59066,61599.95
6,31_13,es,2012-09-14,43743.51309,44162.08
1,26_40,es,2012-09-14,38176.15585,40222.95
2,20_7,es,2012-09-14,32008.5975,41047.45
7,19_2,es,2012-09-14,48186.50195,49736.21
2,6_72,es,2012-09-14,61191.18552,67954.92
4,26_92,es,2012-09-14,90196.16496,88267.1
1,2_81,es,2012-09-14,32141.38626,31338.3
2,17_95,es,2012-09-14,58794.46134,60561.99
4,31_2,es,2012-09-14,56778.913,57295.47
7,4_94,es,2012-09-14,65983.37796,75002.99
5,35_14,es,2012-09-14,13694.76842,23675.71
6,11_93,es,2012-09-14,37026.68226,35348.98
6,6_96,es,2012-09-14,26727.83384,27251.9
2,45_13,es,2012-09-14,32814.99141,26684.63
4,12_34,es,2012-09-14,25380.84341,17618.81
5,42_38,es,2012-09-14,47415.75967,34728.6
3,4_96,es,2012-09-14,44796.75567,42778.8
3,6_93,es,2012-09-14,40569.12624,43220.07
2,14_2,es,2012-09-14,72751.6807,61123.41
2,15_72,es,2012-09-14,31849.55257,32763.86
6,2_16,es,2012-09-14,18585.07077,10942.85
2,19_9,es,2012-09-14,40961.85408,45101.21
7,18_72,es,2012-09-14,35075.37241,46637.57
5,32_90,es,2012-09-14,56311.87485,62076.84
4,22_38,es,2012-09-14,94429.06045,88336.18
7,9_38,es,2012-09-14,79036.05893,67320.29
7,16_72,es,2012-09-14,32088.4784,29155.5
6,10_72,es,2012-09-14,113629.9552,107830.89
1,1_1,es,2012-09-14,20759.43258,19616.22
3,31_46,es,2012-09-14,23526.02301,22096.58
1,36_95,es,2012-09-14,41272.56608,34668.48
4,10_40,es,2012-09-14,94055.14721,95464.9
6,30_92,es,2012-09-14,55807.0928,56228.43
4,11_46,es,2012-09-14,26369.72359,25110.99
6,41_91,es,2012-09-14,51449.07482,54716.31
7,4_9,es,2012-09-14,49159.86643,38934.84
4,2_2,es,2012-09-14,64277.28178,63984.36
4,32_95,es,2012-09-14,81758.50121,86288.4
5,30_95,es,2012-09-14,46640.01106,46804.5
2,26_4,es,2012-09-14,26182.12158,25100.08
5,16_38,es,2012-09-14,57628.51104,52013.24
2,11_95,es,2012-09-14,83842.56494,79716.99
7,22_9,es,2012-09-14,23034.53458,21101.01
1,11_92,es,2012-09-14,85848.10702,80986.68
5,11_74,es,2012-09-14,23076.51303,19931.67
7,11_13,es,2012-09-14,43338.35644,42931.67
2,12_40,es,2012-09-14,47680.60038,50347.5
7,7_40,es,2012-09-14,31516.78667,29006.92
2,41_40,es,2012-09-14,59296.89411,60784.12
3,43_38,es,2012-09-14,68325.87835,67210.8
6,10_23,es,2012-09-14,50484.49774,53483.66
1,20_92,es,2012-09-14,177298.2951,186759.11
5,28_91,es,2012-09-14,52819.42999,50080.72
7,17_4,es,2012-09-14,27480.35979,29720.37
3,18_74,es,2012-09-14,22227.04653,19602.8
3,19_23,es,2012-09-14,27238.33318,25833.84
4,13_4,es,2012-09-14,44305.42323,43956.77
3,13_91,es,2012-09-14,85500.58221,83100.25
6,23_40,es,2012-09-14,63177.23229,61862.84
7,32_92,es,2012-09-14,100502.5119,103412.25
2,6_38,es,2012-09-14,66518.0277,63983.86
7,12_8,es,2012-09-14,42805.23503,38836.08
3,10_16,es,2012-09-14,17218.29018,21645.06
6,14_91,es,2012-09-14,83977.32523,72625.21
4,20_91,es,2012-09-14,84281.38636,86224.02
4,27_80,es,2012-09-14,21571.99746,23908.23
6,22_40,es,2012-09-14,56099.19088,55448.18
3,20_9,es,2012-09-14,42578.56023,40375.33
7,14_1,es,2012-09-14,27389.97306,19391.24
7,30_91,es,2012-09-14,33066.21257,31923.44
4,38_38,es,2012-09-14,89805.38142,79254.99
5,13_23,es,2012-09-14,26192.7124,23176.69
7,1_38,es,2012-09-14,78142.19436,82186.59
3,11_7,es,2012-09-14,25043.93744,28630.83
3,10_38,es,2012-09-14,101315.1344,87518.64
4,23_92,es,2012-09-14,58900.83808,67507.46
6,21_72,es,2012-09-14,34311.15892,28280.71
2,20_90,es,2012-09-14,100589.7809,100422.86
6,2_87,es,2012-09-14,27122.03611,22045.74
5,3_72,es,2012-09-14,29441.00114,31583.59
7,4_95,es,2012-09-14,169006.8626,158167.74
4,24_87,es,2012-09-14,28502.42546,25983.96
1,23_22,es,2012-09-14,24098.49323,24655.91
4,37_95,es,2012-09-14,54697.46639,53244.65
7,34_91,es,2012-09-14,35674.20076,35705.91
1,4_8,es,2012-09-14,62154.58656,60246.22
2,16_95,es,2012-09-14,33865.40613,30745.14
3,10_34,es,2012-09-14,43624.49681,34942.82
4,44_94,es,2012-09-14,23859.4771,25139.59
3,40_4,es,2012-09-21,25037.01978,24200.49
1,10_5,es,2012-09-21,15116.07729,38609.11
3,23_16,es,2012-09-21,12502.25918,9288.65
7,13_13,es,2012-09-21,48771.05835,50609.81
1,29_40,es,2012-09-21,31290.7463,30561.3
4,23_74,es,2012-09-21,36432.52158,39120.18
6,1_97,es,2012-09-21,34158.42684,36362.41
3,16_40,es,2012-09-21,30140.77512,29683.85
1,40_2,es,2012-09-21,25747.50932,25091.89
7,24_90,es,2012-09-21,68426.34683,74192.53
2,23_72,es,2012-09-21,61134.34545,77183.97
3,31_13,es,2012-09-21,44012.45846,45627.52
5,26_40,es,2012-09-21,37643.93955,39813.26
6,20_7,es,2012-09-21,30435.67184,58083.85
2,19_2,es,2012-09-21,46876.15133,46832.22
6,6_72,es,2012-09-21,69223.281,77148.18
2,26_92,es,2012-09-21,84779.54107,88434.78
1,2_81,es,2012-09-21,30887.82298,30042.62
3,17_95,es,2012-09-21,62286.27729,58451.47
5,31_2,es,2012-09-21,55081.39615,58247.96
5,4_94,es,2012-09-21,67799.33208,75031.71
2,35_14,es,2012-09-21,14074.42385,23087.67
4,11_93,es,2012-09-21,33147.90787,33742.93
1,6_96,es,2012-09-21,27373.70056,27151.13
7,45_13,es,2012-09-21,29359.23014,27540.74
1,12_34,es,2012-09-21,25837.0153,17267.04
6,42_38,es,2012-09-21,44972.25398,40286.7
7,4_96,es,2012-09-21,44936.44496,45642.26
4,6_93,es,2012-09-21,36030.98437,43684.68
1,14_2,es,2012-09-21,73058.55946,62281.51
5,15_72,es,2012-09-21,16998.25493,35019.09
6,2_16,es,2012-09-21,18760.86722,11361.67
7,19_9,es,2012-09-21,42353.8513,41909.39
4,18_72,es,2012-09-21,25438.85248,63333.04
5,32_90,es,2012-09-21,56018.92231,61933.84
6,22_38,es,2012-09-21,84388.54384,73852.48
5,9_38,es,2012-09-21,79616.41288,68180.46
5,16_72,es,2012-09-21,32294.11031,27774.76
3,10_72,es,2012-09-21,106985.837,123513.57
1,1_1,es,2012-09-21,19726.28116,19251.5
1,31_46,es,2012-09-21,23533.98883,25101.56
7,36_95,es,2012-09-21,37003.59044,32729.71
7,10_40,es,2012-09-21,93168.95556,91925.86
1,30_92,es,2012-09-21,56174.69256,57424.51
5,11_46,es,2012-09-21,25618.73631,25158.43
1,41_91,es,2012-09-21,50970.43948,54974.79
2,4_9,es,2012-09-21,45634.56149,41853.65
6,2_2,es,2012-09-21,65677.71126,66350.75
4,32_95,es,2012-09-21,79891.34841,85963.62
4,30_95,es,2012-09-21,44832.10556,46487.81
7,26_4,es,2012-09-21,25696.53301,24469.65
1,16_38,es,2012-09-21,58367.58512,48796.97
1,11_95,es,2012-09-21,79573.178,76914.51
6,22_9,es,2012-09-21,21507.22432,21629.95
6,11_92,es,2012-09-21,81349.24012,82553.25
5,11_74,es,2012-09-21,19710.92066,22793.12
1,11_13,es,2012-09-21,41822.62153,45021.22
1,12_40,es,2012-09-21,49351.85618,49901.63
7,7_40,es,2012-09-21,29669.90213,29915.05
7,41_40,es,2012-09-21,58282.50404,62137.53
2,43_38,es,2012-09-21,64341.59369,50898.86
7,10_23,es,2012-09-21,51598.00466,53112.83
2,20_92,es,2012-09-21,150390.6177,171529.39
2,28_91,es,2012-09-21,49742.96498,44811.75
7,17_4,es,2012-09-21,26584.07197,25010.25
3,18_74,es,2012-09-21,18303.83785,19412.77
5,19_23,es,2012-09-21,26507.78419,25922.69
7,13_4,es,2012-09-21,43743.65678,45054.74
5,13_91,es,2012-09-21,78462.44716,84727.79
7,23_40,es,2012-09-21,62904.62044,65769.5
7,32_92,es,2012-09-21,99048.85372,99077.82
3,6_38,es,2012-09-21,58096.41645,74672.63
2,12_8,es,2012-09-21,42776.15243,40290.49
6,10_16,es,2012-09-21,15680.41068,20310.4
3,14_91,es,2012-09-21,78531.89896,71744.71
1,20_91,es,2012-09-21,65033.96823,74028.9
4,27_80,es,2012-09-21,21284.41024,23021.71
2,22_40,es,2012-09-21,57050.05979,55141.12
4,20_9,es,2012-09-21,45316.57916,41213.07
4,14_1,es,2012-09-21,27702.80689,19906.51
4,30_91,es,2012-09-21,31671.70016,31070.52
4,38_38,es,2012-09-21,83938.7228,63480.95
3,13_23,es,2012-09-21,27798.8199,23494.3
7,1_38,es,2012-09-21,89009.72888,74195.35
7,11_7,es,2012-09-21,25537.64422,40600.69
7,10_38,es,2012-09-21,92173.66665,88964.54
7,23_92,es,2012-09-21,55286.34598,75923.74
7,21_72,es,2012-09-21,28724.18509,40797.55
3,20_90,es,2012-09-21,89921.78815,94987.08
5,2_87,es,2012-09-21,26917.31227,21220.28
2,3_72,es,2012-09-21,25879.07391,27064.98
1,4_95,es,2012-09-21,162592.4294,155205.17
4,24_87,es,2012-09-21,25488.57215,26599.4
7,23_22,es,2012-09-21,20840.63465,24910.45
3,37_95,es,2012-09-21,52828.10226,53713.13
3,34_91,es,2012-09-21,34282.04041,33155.83
1,4_8,es,2012-09-21,62187.81973,60258.64
5,16_95,es,2012-09-21,34029.67551,29491.6
5,10_34,es,2012-09-21,41602.92451,34051.94
6,44_94,es,2012-09-21,23912.16648,25556.36
5,40_4,es,2012-09-28,26224.68089,23473.66
5,10_5,es,2012-09-28,28748.85654,65585.96
6,23_16,es,2012-09-28,11350.86658,7333.27
1,13_13,es,2012-09-28,48684.30998,51191.61
5,29_40,es,2012-09-28,28971.91671,29697.96
1,23_74,es,2012-09-28,34755.19669,38291.77
2,1_97,es,2012-09-28,35294.36885,32971.82
6,16_40,es,2012-09-28,29619.32448,27941.31
6,40_2,es,2012-09-28,28082.08415,24393.39
6,24_90,es,2012-09-28,70304.67032,74304.65
1,23_72,es,2012-09-28,65094.9563,69075.95
4,31_13,es,2012-09-28,45074.5612,43084.7
1,26_40,es,2012-09-28,38830.00944,39795.83
4,20_7,es,2012-09-28,33902.69311,54554.74
5,19_2,es,2012-09-28,47413.94248,46848.2
5,6_72,es,2012-09-28,66210.60131,72925.94
4,26_92,es,2012-09-28,85664.13702,87719.06
7,2_81,es,2012-09-28,32064.07431,28829.75
2,17_95,es,2012-09-28,64684.12759,60960.16
2,31_2,es,2012-09-28,53591.94419,56770.64
7,4_94,es,2012-09-28,62788.68439,71792.99
5,35_14,es,2012-09-28,13461.64953,24100.54
5,11_93,es,2012-09-28,30432.1019,29026.9
4,6_96,es,2012-09-28,27236.15443,29504.81
3,45_13,es,2012-09-28,29535.6599,26974.6
6,12_34,es,2012-09-28,25661.30189,16338.24
7,42_38,es,2012-09-28,49585.10201,38691.29
2,4_96,es,2012-09-28,45134.88778,45858.73
4,6_93,es,2012-09-28,36606.70859,38175.4
3,14_2,es,2012-09-28,71976.47182,57432.11
3,15_72,es,2012-09-28,22577.56586,35303.69
6,2_16,es,2012-09-28,15263.24238,10878.34
5,19_9,es,2012-09-28,60167.47182,59194.49
7,18_72,es,2012-09-28,25121.76162,55852.71
1,32_90,es,2012-09-28,55648.24129,61721.33
3,22_38,es,2012-09-28,92249.96016,77545.83
4,9_38,es,2012-09-28,81278.28849,54601.96
4,16_72,es,2012-09-28,29292.7569,27678.39
4,10_72,es,2012-09-28,108802.3033,129930.09
3,1_1,es,2012-09-28,21683.68787,18947.81
6,31_46,es,2012-09-28,22178.28439,22174.2
5,36_95,es,2012-09-28,35438.28684,31210.19
4,10_40,es,2012-09-28,89803.16292,94653.7
3,30_92,es,2012-09-28,57260.27909,52513.32
3,11_46,es,2012-09-28,25652.33777,23981.62
5,41_91,es,2012-09-28,51397.64531,53214.44
6,4_9,es,2012-09-28,43887.47983,39254.74
3,2_2,es,2012-09-28,66383.5777,61500.04
5,32_95,es,2012-09-28,80296.15058,83311.62
2,30_95,es,2012-09-28,43517.01985,44936.49
4,26_4,es,2012-09-28,26005.28193,24386.29
3,16_38,es,2012-09-28,55924.35678,41758.3
7,11_95,es,2012-09-28,75952.69633,71349.09
4,22_9,es,2012-09-28,22246.47181,20875.86
5,11_92,es,2012-09-28,77488.2442,72042.58
6,11_74,es,2012-09-28,21650.14254,18810.73
7,11_13,es,2012-09-28,41904.76568,39587.8
7,12_40,es,2012-09-28,49063.75798,48276.33
7,7_40,es,2012-09-28,29448.56369,27391.99
6,41_40,es,2012-09-28,58361.73282,60839.99
2,43_38,es,2012-09-28,64268.94425,63382.44
2,10_23,es,2012-09-28,49987.0111,51737.52
3,20_92,es,2012-09-28,162448.0242,158539.12
2,28_91,es,2012-09-28,60821.96251,43696.15
7,17_4,es,2012-09-28,24700.59923,23919.02
1,18_74,es,2012-09-28,18210.12516,19691.44
3,19_23,es,2012-09-28,28484.31183,30311.17
1,13_4,es,2012-09-28,44878.55357,42380.96
3,13_91,es,2012-09-28,76084.06417,78123.05
5,23_40,es,2012-09-28,59307.55875,62008.83
2,32_92,es,2012-09-28,100261.8801,99671.21
6,6_38,es,2012-09-28,67992.83049,71173.04
3,12_8,es,2012-09-28,41915.07393,37196.88
5,10_16,es,2012-09-28,14151.59444,17398.02
5,14_91,es,2012-09-28,77201.80583,66414.24
5,20_91,es,2012-09-28,69650.35164,67432.21
5,27_80,es,2012-09-28,20811.76314,23771.61
3,22_40,es,2012-09-28,53467.41585,57465.4
5,20_9,es,2012-09-28,60334.9553,60215.97
6,14_1,es,2012-09-28,31646.45138,20221.9
7,30_91,es,2012-09-28,30557.26469,29472.26
4,38_38,es,2012-09-28,95213.05918,61080.17
3,13_23,es,2012-09-28,27399.80135,26290.29
6,1_38,es,2012-09-28,112335.7587,75484.17
1,11_7,es,2012-09-28,28532.41367,32607.65
5,10_38,es,2012-09-28,93064.12114,85036.81
1,23_92,es,2012-09-28,57279.78226,72416.88
1,21_72,es,2012-09-28,29877.668,42420.85
5,20_90,es,2012-09-28,95113.66229,90889.75
5,2_87,es,2012-09-28,34978.43218,21643.29
3,3_72,es,2012-09-28,27070.67647,26963.94
6,4_95,es,2012-09-28,159142.0093,150886.81
3,24_87,es,2012-09-28,27149.45252,25840.64
6,23_22,es,2012-09-28,20011.86824,24755.37
4,37_95,es,2012-09-28,55216.48572,54923.51
4,34_91,es,2012-09-28,32319.70459,32387.3
4,4_8,es,2012-09-28,66850.47257,60371.65
7,16_95,es,2012-09-28,33358.88328,27400.48
5,10_34,es,2012-09-28,39729.25558,31800.24
1,44_94,es,2012-09-28,23875.60491,26851.9
1,40_4,es,2012-10-05,26788.32009,27127.41
3,10_5,es,2012-10-05,26705.36775,54202.85
1,23_16,es,2012-10-05,11570.85223,5828.35
3,13_13,es,2012-10-05,49316.35337,53401.92
2,29_40,es,2012-10-05,32364.76467,30829.37
4,23_74,es,2012-10-05,37521.7142,40707.2
7,1_97,es,2012-10-05,40947.26994,40500.26
7,16_40,es,2012-10-05,28459.25406,28103.29
5,40_2,es,2012-10-05,29208.8839,28521.9
3,24_90,es,2012-10-05,80723.00392,85116.43
6,23_72,es,2012-10-05,73083.83557,78539.46
6,31_13,es,2012-10-05,45582.53845,45895.15
1,26_40,es,2012-10-05,40156.73341,40291.18
3,20_7,es,2012-10-05,35927.61277,65381.41
4,19_2,es,2012-10-05,49963.53106,47767.58
7,6_72,es,2012-10-05,63932.72869,82813.18
2,26_92,es,2012-10-05,105832.8778,101551.43
4,2_81,es,2012-10-05,33577.56797,30915.34
2,17_95,es,2012-10-05,61372.31849,59819.71
6,31_2,es,2012-10-05,53529.99242,56891.36
2,4_94,es,2012-10-05,61018.45383,75185.26
3,35_14,es,2012-10-05,15677.3963,25638.69
6,11_93,es,2012-10-05,37373.1605,35179.52
2,6_96,es,2012-10-05,26837.77381,28931.03
1,45_13,es,2012-10-05,32143.70346,28596
6,12_34,es,2012-10-05,29223.57524,17929.91
5,42_38,es,2012-10-05,44543.24835,43316.81
6,4_96,es,2012-10-05,45200.34426,43597.68
2,6_93,es,2012-10-05,42752.87044,44089.37
7,14_2,es,2012-10-05,75267.56063,65345.41
6,15_72,es,2012-10-05,23755.3025,38157.9
4,2_16,es,2012-10-05,15650.63803,7781.04
5,19_9,es,2012-10-05,38464.72902,63042.57
7,18_72,es,2012-10-05,25389.3936,49917.9
3,32_90,es,2012-10-05,59836.20827,64809.99
4,22_38,es,2012-10-05,79182.29353,73484.46
3,9_38,es,2012-10-05,86056.44539,78550.82
6,16_72,es,2012-10-05,29624.58019,28302.92
5,10_72,es,2012-10-05,120525.8925,121408.81
7,1_1,es,2012-10-05,25200.33098,21904.47
1,31_46,es,2012-10-05,23174.7094,23083.34
7,36_95,es,2012-10-05,38060.06955,29959.68
3,10_40,es,2012-10-05,96076.86149,98848.77
6,30_92,es,2012-10-05,58902.65293,58208.95
7,11_46,es,2012-10-05,27015.03703,27172.07
2,41_91,es,2012-10-05,55290.64377,58190.58
6,4_9,es,2012-10-05,40347.56021,40168.61
5,2_2,es,2012-10-05,65380.60383,67497.08
1,32_95,es,2012-10-05,81835.63051,82593.01
6,30_95,es,2012-10-05,45249.44218,46294.59
7,26_4,es,2012-10-05,27987.79362,27239.15
3,16_38,es,2012-10-05,50249.9349,49951.37
7,11_95,es,2012-10-05,84737.07251,80880.89
5,22_9,es,2012-10-05,19938.13083,20351.64
1,11_92,es,2012-10-05,88855.06872,90459.51
3,11_74,es,2012-10-05,21577.1805,22413.44
1,11_13,es,2012-10-05,45030.10257,48342.85
2,12_40,es,2012-10-05,50026.05843,49864.74
6,7_40,es,2012-10-05,29183.84333,29602.24
6,41_40,es,2012-10-05,58370.26978,61917.7
3,43_38,es,2012-10-05,71623.94922,65998.94
1,10_23,es,2012-10-05,58271.64908,54097.4
1,20_92,es,2012-10-05,190946.4265,187027.05
2,28_91,es,2012-10-05,74549.34494,76524.48
6,17_4,es,2012-10-05,24539.15978,24604
2,18_74,es,2012-10-05,19056.93638,20749.35
3,19_23,es,2012-10-05,29799.26115,29861.19
6,13_4,es,2012-10-05,46272.90578,46983.08
7,13_91,es,2012-10-05,85044.7299,83424.44
4,23_40,es,2012-10-05,58342.3846,61972.82
3,32_92,es,2012-10-05,106817.1215,107568.78
4,6_38,es,2012-10-05,65526.98525,65382.93
3,12_8,es,2012-10-05,44016.71934,43169.66
2,10_16,es,2012-10-05,11937.98403,16204.14
2,14_91,es,2012-10-05,99307.07796,81781.84
1,20_91,es,2012-10-05,88047.50267,81938.95
1,27_80,es,2012-10-05,23126.40599,23919.59
2,22_40,es,2012-10-05,58056.19888,58163.79
3,20_9,es,2012-10-05,46018.72948,47899.04
7,14_1,es,2012-10-05,37857.90402,23547.4
3,30_91,es,2012-10-05,31113.30575,31167.73
2,38_38,es,2012-10-05,83698.00703,66776.54
1,13_23,es,2012-10-05,31610.97865,26944.52
5,1_38,es,2012-10-05,78602.91983,74894.95
1,11_7,es,2012-10-05,28651.37913,37587.9
7,10_38,es,2012-10-05,96330.05274,81722.12
1,23_92,es,2012-10-05,60099.44266,84597.36
1,21_72,es,2012-10-05,29756.60949,35469.55
7,20_90,es,2012-10-05,104434.5234,102764.52
2,2_87,es,2012-10-05,27185.33346,44671.99
3,3_72,es,2012-10-05,26964.88212,32141.08
3,4_95,es,2012-10-05,164142.7022,157750.68
5,24_87,es,2012-10-05,28156.93023,35441.8
4,23_22,es,2012-10-05,23747.63496,26006.65
3,37_95,es,2012-10-05,53845.57121,54066.22
6,34_91,es,2012-10-05,36085.42076,36427.49
7,4_8,es,2012-10-05,66283.77137,64347.41
2,16_95,es,2012-10-05,32210.00724,26922.41
6,10_34,es,2012-10-05,43786.93718,34984.12
4,44_94,es,2012-10-05,23793.72935,26784.59
1,40_4,es,2012-10-12,24970.03355,25611.14
5,10_5,es,2012-10-12,23646.69952,49683.63
7,23_16,es,2012-10-12,11784.35908,5452.9
3,13_13,es,2012-10-12,49198.99189,47831.66
3,29_40,es,2012-10-12,31071.13428,31464.73
7,23_74,es,2012-10-12,32680.11077,40590.56
1,1_97,es,2012-10-12,40658.65966,39844.82
5,16_40,es,2012-10-12,25006.91483,26413.45
7,40_2,es,2012-10-12,26885.77482,25868.29
3,24_90,es,2012-10-12,73265.14041,83989.04
6,23_72,es,2012-10-12,59524.71329,69878.26
3,31_13,es,2012-10-12,43382.54076,44885.93
5,26_40,es,2012-10-12,37853.96086,42396.2
3,20_7,es,2012-10-12,38803.99716,55887
7,19_2,es,2012-10-12,46832.2275,45713.56
3,6_72,es,2012-10-12,58562.1679,66434.55
1,26_92,es,2012-10-12,91687.86846,100700.06
7,2_81,es,2012-10-12,32345.52851,29980.69
4,17_95,es,2012-10-12,56921.4811,53982.64
3,31_2,es,2012-10-12,53170.44982,53162.36
2,4_94,es,2012-10-12,63328.06476,75652.14
4,35_14,es,2012-10-12,14362.65603,27358.07
4,11_93,es,2012-10-12,36170.07782,35469.17
4,6_96,es,2012-10-12,27352.02304,29143.9
2,45_13,es,2012-10-12,30051.19944,26477.91
6,12_34,es,2012-10-12,28165.72268,21249.55
1,42_38,es,2012-10-12,47174.81419,37489
7,4_96,es,2012-10-12,45852.03078,39431.53
3,6_93,es,2012-10-12,42514.25532,44940.97
5,14_2,es,2012-10-12,71007.15201,59971.3
7,15_72,es,2012-10-12,27709.58798,34674.5
3,2_16,es,2012-10-12,13780.06975,8109.4
3,19_9,es,2012-10-12,48515.07163,39068.19
7,18_72,es,2012-10-12,26191.59606,56907.69
2,32_90,es,2012-10-12,57947.58739,64066.9
4,22_38,es,2012-10-12,87059.98123,66934.78
4,9_38,es,2012-10-12,79466.52639,77592.93
7,16_72,es,2012-10-12,28545.64063,31269.01
2,10_72,es,2012-10-12,105307.6137,113547.32
1,1_1,es,2012-10-12,28638.30801,22764.01
5,31_46,es,2012-10-12,23602.24864,21175.99
2,36_95,es,2012-10-12,41276.18103,33743.05
7,10_40,es,2012-10-12,92821.44123,97283.41
3,30_92,es,2012-10-12,58475.53446,58554.45
2,11_46,es,2012-10-12,25194.21843,23846.33
3,41_91,es,2012-10-12,50985.66343,58498.39
3,4_9,es,2012-10-12,42586.78647,28946.44
5,2_2,es,2012-10-12,64287.97426,59664.89
5,32_95,es,2012-10-12,81059.37672,82427.21
5,30_95,es,2012-10-12,44372.52296,44964.88
1,26_4,es,2012-10-12,25979.39535,25485.85
5,16_38,es,2012-10-12,53950.75469,43846.58
4,11_95,es,2012-10-12,80741.16424,73717.11
5,22_9,es,2012-10-12,22297.41036,19376.52
6,11_92,es,2012-10-12,88171.62118,86107.74
6,11_74,es,2012-10-12,18435.12103,18782.34
2,11_13,es,2012-10-12,39951.35256,40675.59
7,12_40,es,2012-10-12,47402.92985,49842.88
3,7_40,es,2012-10-12,26399.62047,26432.39
5,41_40,es,2012-10-12,57809.62053,65366.36
4,43_38,es,2012-10-12,63730.40158,55398.94
7,10_23,es,2012-10-12,58547.49113,55403.73
2,20_92,es,2012-10-12,182102.619,191136.1
7,28_91,es,2012-10-12,53303.78682,56762.53
1,17_4,es,2012-10-12,24995.09408,23442.15
7,18_74,es,2012-10-12,18671.03208,21440.5
2,19_23,es,2012-10-12,26219.3012,30368.35
7,13_4,es,2012-10-12,43977.46998,42528.42
7,13_91,es,2012-10-12,87041.96907,84162.87
5,23_40,es,2012-10-12,54580.97151,65781.55
1,32_92,es,2012-10-12,107742.7937,110252.22
5,6_38,es,2012-10-12,63876.37238,62722.88
1,12_8,es,2012-10-12,41142.23472,41986.53
4,10_16,es,2012-10-12,11797.48403,12939.16
4,14_91,es,2012-10-12,84555.38618,76052.46
2,20_91,es,2012-10-12,87021.3504,86235.61
4,27_80,es,2012-10-12,22657.91446,25329.3
1,22_40,es,2012-10-12,57298.04508,56545.96
1,20_9,es,2012-10-12,44659.65052,43648.37
4,14_1,es,2012-10-12,42721.51698,28571.55
4,30_91,es,2012-10-12,31997.29936,30192.82
6,38_38,es,2012-10-12,88609.17285,83007.86
6,13_23,es,2012-10-12,35687.72805,29995.03
3,1_38,es,2012-10-12,76613.32096,82276.59
3,11_7,es,2012-10-12,25204.38573,35611.38
3,10_38,es,2012-10-12,98594.69679,96191.28
4,23_92,es,2012-10-12,58938.19045,77649.19
2,21_72,es,2012-10-12,25898.13827,32214.42
3,20_90,es,2012-10-12,103515.8785,105059.88
1,2_87,es,2012-10-12,25084.80597,22248.39
3,3_72,es,2012-10-12,26121.09136,23977.06
3,4_95,es,2012-10-12,163770.6938,152136.08
2,24_87,es,2012-10-12,25818.1844,27088.46
2,23_22,es,2012-10-12,19785.47034,25128.35
3,37_95,es,2012-10-12,52471.12417,52435.16
2,34_91,es,2012-10-12,33643.98532,37880.13
7,4_8,es,2012-10-12,64571.16993,60674.94
2,16_95,es,2012-10-12,31398.29452,28371.1
4,10_34,es,2012-10-12,43875.03443,37214.03
3,44_94,es,2012-10-12,22788.65731,27988.31
2,40_4,es,2012-10-19,24445.23494,23069.57
3,10_5,es,2012-10-19,18957.13028,49277.87
6,23_16,es,2012-10-19,10964.90567,6048.56
1,13_13,es,2012-10-19,47660.76125,49102.01
4,29_40,es,2012-10-19,31478.60146,29708.54
1,23_74,es,2012-10-19,32305.42347,36106.31
2,1_97,es,2012-10-19,35202.43082,36028.46
4,16_40,es,2012-10-19,25804.98197,27089.79
6,40_2,es,2012-10-19,25523.63402,24332.14
3,24_90,es,2012-10-19,70210.05438,75301.99
5,23_72,es,2012-10-19,63295.25315,58041.44
7,31_13,es,2012-10-19,45918.63557,44206.55
5,26_40,es,2012-10-19,37429.93739,36699.87
1,20_7,es,2012-10-19,44366.62183,59021.74
3,19_2,es,2012-10-19,47447.56336,46449.21
1,6_72,es,2012-10-19,61281.50942,65821.75
1,26_92,es,2012-10-19,87289.10925,89664.58
2,2_81,es,2012-10-19,31427.84682,29464.36
7,17_95,es,2012-10-19,54360.46711,54216.34
3,31_2,es,2012-10-19,54667.08117,59715.89
7,4_94,es,2012-10-19,64791.97447,76081.44
6,35_14,es,2012-10-19,16963.76829,24766.86
6,11_93,es,2012-10-19,32651.43694,31098.31
2,6_96,es,2012-10-19,27031.97396,27990.84
3,45_13,es,2012-10-19,30006.02022,25701.41
6,12_34,es,2012-10-19,27598.93667,20959.26
3,42_38,es,2012-10-19,54325.06579,40597.9
3,4_96,es,2012-10-19,43899.11608,45330.86
1,6_93,es,2012-10-19,39248.63196,43285.18
5,14_2,es,2012-10-19,69626.34638,58922.88
5,15_72,es,2012-10-19,31375.45093,33050.65
1,2_16,es,2012-10-19,12467.23226,7769.29
7,19_9,es,2012-10-19,40357.00122,37626.24
4,18_72,es,2012-10-19,24920.00519,51771.05
3,32_90,es,2012-10-19,56536.3327,64380.91
5,22_38,es,2012-10-19,82229.89144,65305.99
4,9_38,es,2012-10-19,79981.02979,66380.13
6,16_72,es,2012-10-19,30430.15258,27597.82
7,10_72,es,2012-10-19,105621.4455,101213.23
6,1_1,es,2012-10-19,27359.34168,24185.27
4,31_46,es,2012-10-19,23913.17024,23091.93
4,36_95,es,2012-10-19,38590.06692,31158.02
7,10_40,es,2012-10-19,95111.65438,94644.66
4,30_92,es,2012-10-19,58218.42535,56712.16
7,11_46,es,2012-10-19,25414.31583,21620.69
1,41_91,es,2012-10-19,51762.03723,56503.49
1,4_9,es,2012-10-19,41872.80241,30920.08
2,2_2,es,2012-10-19,63293.14059,64137.69
1,32_95,es,2012-10-19,78470.40836,81412.91
2,30_95,es,2012-10-19,45275.33975,44553.35
5,26_4,es,2012-10-19,25291.11825,23878.36
2,16_38,es,2012-10-19,51184.12144,42311.34
7,11_95,es,2012-10-19,76755.04404,70205.89
2,22_9,es,2012-10-19,20164.3229,20887.23
6,11_92,es,2012-10-19,82387.4873,79390.96
3,11_74,es,2012-10-19,18200.54131,18725.18
5,11_13,es,2012-10-19,42026.95383,38081.81
7,12_40,es,2012-10-19,46658.48118,48132.68
7,7_40,es,2012-10-19,27585.16302,24372.98
7,41_40,es,2012-10-19,56223.27414,58983.61
2,43_38,es,2012-10-19,64108.0831,54682.76
2,10_23,es,2012-10-19,61411.96307,58628.76
5,20_92,es,2012-10-19,166099.1353,171537.94
5,28_91,es,2012-10-19,48228.10007,46107.75
3,17_4,es,2012-10-19,26477.3666,24199.11
2,18_74,es,2012-10-19,19713.75189,19270.15
5,19_23,es,2012-10-19,28884.0903,27528.56
7,13_4,es,2012-10-19,44714.30495,43248.62
4,13_91,es,2012-10-19,79144.0144,86687.87
4,23_40,es,2012-10-19,54143.50281,63991.46
6,32_92,es,2012-10-19,105906.8192,107917.37
2,6_38,es,2012-10-19,65504.67791,70336.13
7,12_8,es,2012-10-19,40617.72828,41756.38
3,10_16,es,2012-10-19,9711.725719,15007.93
1,14_91,es,2012-10-19,82669.069,72196.75
5,20_91,es,2012-10-19,72407.42548,75944.63
1,27_80,es,2012-10-19,23288.50889,23345.91
5,22_40,es,2012-10-19,56527.94828,55669.18
7,20_9,es,2012-10-19,44590.42734,41607.01
7,14_1,es,2012-10-19,53687.4739,34056.51
4,30_91,es,2012-10-19,31647.71813,31475.78
7,38_38,es,2012-10-19,95103.07847,79090.67
5,13_23,es,2012-10-19,33412.6323,29756.37
7,1_38,es,2012-10-19,76440.39874,68794.43
6,11_7,es,2012-10-19,29607.02805,27241.47
6,10_38,es,2012-10-19,98044.72529,86841.22
1,23_92,es,2012-10-19,57574.76391,73797.27
4,21_72,es,2012-10-19,36316.17064,32467.23
1,20_90,es,2012-10-19,95994.86109,96616.19
2,2_87,es,2012-10-19,24112.31882,21313.26
1,3_72,es,2012-10-19,27715.06496,30939.46
6,4_95,es,2012-10-19,162389.8005,154909.22
7,24_87,es,2012-10-19,27020.36878,24136.43
7,23_22,es,2012-10-19,20666.47912,24174.9
3,37_95,es,2012-10-19,54489.47908,56374.09
1,34_91,es,2012-10-19,35178.65807,37765.58
7,4_8,es,2012-10-19,64683.15597,60359.28
3,16_95,es,2012-10-19,33544.41184,29025.48
1,10_34,es,2012-10-19,45873.09124,39109.96
5,44_94,es,2012-10-19,22394.11362,26165.25
4,40_4,es,2012-10-26,23986.21305,23462.71
4,10_5,es,2012-10-26,9391.511029,51926.77
6,23_16,es,2012-10-26,11181.3649,4971.83
3,13_13,es,2012-10-26,48095.13382,48124.32
6,29_40,es,2012-10-26,31674.74998,30458.8
6,23_74,es,2012-10-26,27772.81046,35005.78
7,1_97,es,2012-10-26,34495.84389,32830.52
3,16_40,es,2012-10-26,25288.42687,26270.11
2,40_2,es,2012-10-26,23860.39358,24220.81
6,24_90,es,2012-10-26,71581.66858,78170.17
1,23_72,es,2012-10-26,55327.29344,51421.23
2,31_13,es,2012-10-26,43491.78532,43482.72
3,26_40,es,2012-10-26,36425.9321,36454.82
2,20_7,es,2012-10-26,43701.03992,64594.17
7,19_2,es,2012-10-26,47024.45198,46788.18
2,6_72,es,2012-10-26,65178.95979,77553.69
7,26_92,es,2012-10-26,85689.08482,85968.84
6,2_81,es,2012-10-26,31104.54465,29040.96
2,17_95,es,2012-10-26,54455.74093,51697.72
5,31_2,es,2012-10-26,51954.80426,58208.08
2,4_94,es,2012-10-26,65133.72252,76523.09
7,35_14,es,2012-10-26,13965.25643,22116.65
6,11_93,es,2012-10-26,30571.07047,27229.43
5,6_96,es,2012-10-26,27411.55862,28871.01
3,45_13,es,2012-10-26,28886.08345,26240.14
7,12_34,es,2012-10-26,29768.39156,20746.05
6,42_38,es,2012-10-26,46706.88641,39496.46
7,4_96,es,2012-10-26,45805.84382,48394.57
1,6_93,es,2012-10-26,38154.73204,38858.72
6,14_2,es,2012-10-26,71819.88195,61378.96
2,15_72,es,2012-10-26,23963.27447,32262.23
5,2_16,es,2012-10-26,11439.05649,7487.94
5,19_9,es,2012-10-26,35066.49983,31404.13
3,18_72,es,2012-10-26,23374.95286,59084.72
3,32_90,es,2012-10-26,56385.50179,65223.73
3,22_38,es,2012-10-26,90473.6562,75239.03
2,9_38,es,2012-10-26,88158.74177,62385.5
4,16_72,es,2012-10-26,29099.87962,26632.47
1,10_72,es,2012-10-26,90080.93831,121126.83
6,1_1,es,2012-10-26,39155.70976,27390.81
1,31_46,es,2012-10-26,23378.34971,23221.21
5,36_95,es,2012-10-26,35670.10735,30744.77
7,10_40,es,2012-10-26,93714.78383,95015
5,30_92,es,2012-10-26,56795.63908,56424.87
5,11_46,es,2012-10-26,24410.06004,23057.44
7,41_91,es,2012-10-26,48069.29414,55571.18
5,4_9,es,2012-10-26,44901.28762,37348.62
1,2_2,es,2012-10-26,63302.39326,62475.44
5,32_95,es,2012-10-26,77674.25144,82670.31
1,30_95,es,2012-10-26,43569.47637,44954.61
3,26_4,es,2012-10-26,24962.08891,24704.77
6,16_38,es,2012-10-26,49774.57175,32782.88
4,11_95,es,2012-10-26,73328.18698,65344.85
6,22_9,es,2012-10-26,20446.64974,26417.14
1,11_92,es,2012-10-26,79710.25606,71189.31
6,11_74,es,2012-10-26,18092.86364,16832.48
7,11_13,es,2012-10-26,40241.39192,36577.53
3,12_40,es,2012-10-26,47888.78866,47811.46
3,7_40,es,2012-10-26,24631.07527,24720.11
6,41_40,es,2012-10-26,57132.59675,58540.86
7,43_38,es,2012-10-26,66346.64913,67135.51
7,10_23,es,2012-10-26,63487.50582,59735.58
5,20_92,es,2012-10-26,157183.968,160785.98
2,28_91,es,2012-10-26,47181.9375,46311.17
3,17_4,es,2012-10-26,26018.63735,25525.37
4,18_74,es,2012-10-26,19177.66188,20132.84
6,19_23,es,2012-10-26,32668.72695,28532.5
7,13_4,es,2012-10-26,47360.96787,43265.8
3,13_91,es,2012-10-26,74880.22297,80238.08
5,23_40,es,2012-10-26,50750.41777,62950.8
4,32_92,es,2012-10-26,105552.2429,110741.63
6,6_38,es,2012-10-26,63132.02248,69318.89
6,12_8,es,2012-10-26,44930.68949,43391.78
7,10_16,es,2012-10-26,8339.013062,11397.55
6,14_91,es,2012-10-26,80465.25171,74168.86
3,20_91,es,2012-10-26,65281.21715,68510.86
4,27_80,es,2012-10-26,22222.07182,24943.85
6,22_40,es,2012-10-26,57357.1761,59152.96
7,20_9,es,2012-10-26,44920.95855,37357.51
7,14_1,es,2012-10-26,91642.43273,48143.51
1,30_91,es,2012-10-26,29563.24987,30092.5
2,38_38,es,2012-10-26,94899.78759,66530.78
3,13_23,es,2012-10-26,41617.34945,40228.51
3,1_38,es,2012-10-26,75243.01449,66526.76
3,11_7,es,2012-10-26,29272.98808,29330.56
7,10_38,es,2012-10-26,98764.6972,76447.65
1,23_92,es,2012-10-26,54362.84183,73499.33
6,21_72,es,2012-10-26,28640.51918,28988.28
6,20_90,es,2012-10-26,94097.19788,93460.57
4,2_87,es,2012-10-26,23429.84532,21623.54
7,3_72,es,2012-10-26,28726.12709,23994.26
4,4_95,es,2012-10-26,155170.4047,145803.47
2,24_87,es,2012-10-26,24908.75375,25692.58
1,23_22,es,2012-10-26,18697.0345,19183.85
7,37_95,es,2012-10-26,53006.98929,54142.93
1,34_91,es,2012-10-26,30706.98494,34330.26
5,4_8,es,2012-10-26,64299.59425,60917.72
1,16_95,es,2012-10-26,30132.41747,25809.44
7,10_34,es,2012-10-26,48235.55097,38454.92
3,44_94,es,2012-10-26,23546.73548,26641.59
3,40_4,es,2012-10-28,26082.42057,
3,10_5,es,2012-10-28,33701.9986,
1,23_16,es,2012-10-28,10187.71529,
3,13_13,es,2012-10-28,50315.6934,
2,29_40,es,2012-10-28,30477.94842,
3,23_74,es,2012-10-28,28328.91071,
7,1_97,es,2012-10-28,38258.76839,
7,16_40,es,2012-10-28,24719.20954,
2,40_2,es,2012-10-28,26795.30464,
4,24_90,es,2012-10-28,75387.61903,
2,23_72,es,2012-10-28,68703.62101,
4,31_13,es,2012-10-28,46581.89811,
2,26_40,es,2012-10-28,37718.79379,
6,20_7,es,2012-10-28,58922.94572,
4,19_2,es,2012-10-28,45693.3797,
2,6_72,es,2012-10-28,64417.68098,
1,26_92,es,2012-10-28,99998.74731,
7,2_81,es,2012-10-28,33071.52561,
2,17_95,es,2012-10-28,54058.6987,
3,31_2,es,2012-10-28,53166.88691,
7,4_94,es,2012-10-28,62888.54836,
4,35_14,es,2012-10-28,16072.16215,
6,11_93,es,2012-10-28,36472.27361,
6,6_96,es,2012-10-28,28740.6518,
4,45_13,es,2012-10-28,29375.7137,
2,12_34,es,2012-10-28,28267.78928,
2,42_38,es,2012-10-28,48122.88694,
2,4_96,es,2012-10-28,43864.33712,
3,6_93,es,2012-10-28,46515.49037,
1,14_2,es,2012-10-28,74183.64823,
2,15_72,es,2012-10-28,27324.23705,
1,2_16,es,2012-10-28,10723.49962,
2,19_9,es,2012-10-28,36694.24862,
2,18_72,es,2012-10-28,23905.91106,
6,32_90,es,2012-10-28,57782.14603,
7,22_38,es,2012-10-28,88778.7784,
4,9_38,es,2012-10-28,87166.97768,
4,16_72,es,2012-10-28,26763.68961,
3,10_72,es,2012-10-28,113910.5591,
2,1_1,es,2012-10-28,37292.56919,
4,31_46,es,2012-10-28,24277.56635,
7,36_95,es,2012-10-28,33754.60009,
6,10_40,es,2012-10-28,102020.8073,
2,30_92,es,2012-10-28,61651.46429,
6,11_46,es,2012-10-28,27436.79888,
1,41_91,es,2012-10-28,52855.07874,
6,4_9,es,2012-10-28,42276.02357,
4,2_2,es,2012-10-28,65548.7163,
6,32_95,es,2012-10-28,76914.89275,
4,30_95,es,2012-10-28,43276.24406,
2,26_4,es,2012-10-28,26599.00597,
3,16_38,es,2012-10-28,47323.45493,
6,11_95,es,2012-10-28,77508.51834,
6,22_9,es,2012-10-28,19185.06939,
5,11_92,es,2012-10-28,93597.79576,
2,11_74,es,2012-10-28,22405.29225,
4,11_13,es,2012-10-28,44299.91144,
1,12_40,es,2012-10-28,49010.84624,
7,7_40,es,2012-10-28,27218.203,
7,41_40,es,2012-10-28,58230.05431,
5,43_38,es,2012-10-28,79252.25348,
1,10_23,es,2012-10-28,65681.20064,
4,20_92,es,2012-10-28,194588.7398,
5,28_91,es,2012-10-28,81969.76294,
3,17_4,es,2012-10-28,27724.58746,
2,18_74,es,2012-10-28,18215.11723,
4,19_23,es,2012-10-28,31147.43284,
7,13_4,es,2012-10-28,47988.48174,
4,13_91,es,2012-10-28,77211.89923,
6,23_40,es,2012-10-28,55443.13252,
3,32_92,es,2012-10-28,108135.447,
2,6_38,es,2012-10-28,73392.76712,
1,12_8,es,2012-10-28,44578.66787,
2,10_16,es,2012-10-28,9882.441552,
6,14_91,es,2012-10-28,95251.89952,
7,20_91,es,2012-10-28,82764.03094,
5,27_80,es,2012-10-28,21755.10681,
1,22_40,es,2012-10-28,56293.01674,
5,20_9,es,2012-10-28,45782.39653,
2,14_1,es,2012-10-28,64096.22676,
7,30_91,es,2012-10-28,30475.22155,
4,38_38,es,2012-10-28,90057.40182,
7,13_23,es,2012-10-28,32912.98451,
7,1_38,es,2012-10-28,85794.24659,
3,11_7,es,2012-10-28,30523.53117,
2,10_38,es,2012-10-28,110186.6739,
7,23_92,es,2012-10-28,71930.68905,
6,21_72,es,2012-10-28,25775.60749,
5,20_90,es,2012-10-28,106160.3266,
7,2_87,es,2012-10-28,27975.22056,
3,3_72,es,2012-10-28,29656.63661,
7,4_95,es,2012-10-28,160515.8848,
2,24_87,es,2012-10-28,29289.76208,
5,23_22,es,2012-10-28,22314.04822,
2,37_95,es,2012-10-28,52507.34419,
7,34_91,es,2012-10-28,34584.62264,
6,4_8,es,2012-10-28,70262.29367,
3,16_95,es,2012-10-28,28684.0989,
1,10_34,es,2012-10-28,46008.87384,
3,44_94,es,2012-10-28,21454.99513,
2,40_4,es,2012-11-04,26279.18704,
6,10_5,es,2012-11-04,33593.66031,
2,23_16,es,2012-11-04,10272.16688,
4,13_13,es,2012-11-04,48947.36601,
3,29_40,es,2012-11-04,32540.07671,
7,23_74,es,2012-11-04,32828.39708,
4,1_97,es,2012-11-04,38785.25209,
7,16_40,es,2012-11-04,25309.16456,
4,40_2,es,2012-11-04,26578.13496,
5,24_90,es,2012-11-04,79091.20078,
5,23_72,es,2012-11-04,87642.35017,
3,31_13,es,2012-11-04,46687.58503,
4,26_40,es,2012-11-04,37587.46829,
4,20_7,es,2012-11-04,75267.26439,
6,19_2,es,2012-11-04,45493.94563,
3,6_72,es,2012-11-04,84645.32222,
2,26_92,es,2012-11-04,105091.5969,
2,2_81,es,2012-11-04,34002.38583,
3,17_95,es,2012-11-04,53919.28251,
4,31_2,es,2012-11-04,55230.97287,
5,4_94,es,2012-11-04,62999.04476,
1,35_14,es,2012-11-04,17766.33098,
2,11_93,es,2012-11-04,40672.15453,
4,6_96,es,2012-11-04,29147.48495,
3,45_13,es,2012-11-04,29135.23153,
2,12_34,es,2012-11-04,31842.83304,
1,42_38,es,2012-11-04,41320.40137,
3,4_96,es,2012-11-04,42848.24177,
4,6_93,es,2012-11-04,50800.90153,
5,14_2,es,2012-11-04,71646.17619,
7,15_72,es,2012-11-04,43080.73792,
5,2_16,es,2012-11-04,10157.28711,
1,19_9,es,2012-11-04,34269.68493,
2,18_72,es,2012-11-04,49023.33866,
2,32_90,es,2012-11-04,59462.43317,
6,22_38,es,2012-11-04,87546.2443,
6,9_38,es,2012-11-04,90138.71114,
4,16_72,es,2012-11-04,38267.60197,
7,10_72,es,2012-11-04,156212.9301,
5,1_1,es,2012-11-04,21238.28979,
5,31_46,es,2012-11-04,23978.68087,
7,36_95,es,2012-11-04,34960.44611,
2,10_40,es,2012-11-04,99918.56337,
1,30_92,es,2012-11-04,60739.84943,
1,11_46,es,2012-11-04,25727.92992,
7,41_91,es,2012-11-04,52082.8454,
3,4_9,es,2012-11-04,49634.92618,
7,2_2,es,2012-11-04,63171.4604,
2,32_95,es,2012-11-04,77825.85784,
5,30_95,es,2012-11-04,39597.19011,
4,26_4,es,2012-11-04,27114.34229,
2,16_38,es,2012-11-04,48805.34547,
2,11_95,es,2012-11-04,78026.83603,
4,22_9,es,2012-11-04,18652.17151,
7,11_92,es,2012-11-04,96092.26369,
7,11_74,es,2012-11-04,23090.50317,
1,11_13,es,2012-11-04,41101.02116,
7,12_40,es,2012-11-04,50071.3352,
6,7_40,es,2012-11-04,28807.61806,
4,41_40,es,2012-11-04,55679.09732,
4,43_38,es,2012-11-04,71357.22671,
7,10_23,es,2012-11-04,74168.20711,
4,20_92,es,2012-11-04,197687.3051,
5,28_91,es,2012-11-04,57762.40593,
3,17_4,es,2012-11-04,26186.32017,
2,18_74,es,2012-11-04,17751.58011,
2,19_23,es,2012-11-04,27435.57398,
7,13_4,es,2012-11-04,48111.2705,
4,13_91,es,2012-11-04,82840.24726,
1,23_40,es,2012-11-04,61655.12016,
1,32_92,es,2012-11-04,114890.983,
7,6_38,es,2012-11-04,59920.41438,
2,12_8,es,2012-11-04,45655.56966,
5,10_16,es,2012-11-04,7348.409595,
2,14_91,es,2012-11-04,83542.29188,
1,20_91,es,2012-11-04,84196.45254,
4,27_80,es,2012-11-04,23675.31667,
6,22_40,es,2012-11-04,56687.74736,
3,20_9,es,2012-11-04,46783.31427,
6,14_1,es,2012-11-04,26403.23758,
7,30_91,es,2012-11-04,29147.71916,
2,38_38,es,2012-11-04,92084.07819,
2,13_23,es,2012-11-04,36330.7276,
6,1_38,es,2012-11-04,87906.50467,
6,11_7,es,2012-11-04,38045.89198,
7,10_38,es,2012-11-04,99414.9453,
7,23_92,es,2012-11-04,91855.88229,
4,21_72,es,2012-11-04,34878.26512,
1,20_90,es,2012-11-04,109599.1854,
4,2_87,es,2012-11-04,25674.4302,
7,3_72,es,2012-11-04,37285.35978,
6,4_95,es,2012-11-04,158829.1208,
5,24_87,es,2012-11-04,25374.97404,
1,23_22,es,2012-11-04,23349.51086,
3,37_95,es,2012-11-04,50957.05278,
4,34_91,es,2012-11-04,34680.73517,
5,4_8,es,2012-11-04,64643.81013,
2,16_95,es,2012-11-04,29189.02341,
5,10_34,es,2012-11-04,53259.85379,
4,44_94,es,2012-11-04,22076.54284,
4,40_4,es,2012-11-11,23713.77424,
2,10_5,es,2012-11-11,34410.13504,
4,23_16,es,2012-11-11,9332.497179,
6,13_13,es,2012-11-11,45809.66417,
6,29_40,es,2012-11-11,30366.47789,
6,23_74,es,2012-11-11,29866.21938,
2,1_97,es,2012-11-11,37231.99553,
6,16_40,es,2012-11-11,25205.57071,
3,40_2,es,2012-11-11,23385.67825,
1,24_90,es,2012-11-11,76447.46573,
3,23_72,es,2012-11-11,66693.76112,
3,31_13,es,2012-11-11,46800.1253,
7,26_40,es,2012-11-11,35440.71697,
5,20_7,es,2012-11-11,70638.06504,
1,19_2,es,2012-11-11,43344.75693,
3,6_72,es,2012-11-11,66300.3961,
3,26_92,es,2012-11-11,94349.61078,
4,2_81,es,2012-11-11,34576.79626,
7,17_95,es,2012-11-11,52674.31665,
7,31_2,es,2012-11-11,53934.40971,
3,4_94,es,2012-11-11,64369.01303,
1,35_14,es,2012-11-11,20490.10677,
4,11_93,es,2012-11-11,43714.28955,
5,6_96,es,2012-11-11,26493.39006,
1,45_13,es,2012-11-11,29038.98238,
7,12_34,es,2012-11-11,29165.53437,
1,42_38,es,2012-11-11,50886.15257,
3,4_96,es,2012-11-11,41410.57526,
1,6_93,es,2012-11-11,52860.11462,
6,14_2,es,2012-11-11,67249.36829,
4,15_72,es,2012-11-11,24397.37265,
1,2_16,es,2012-11-11,11078.08794,
4,19_9,es,2012-11-11,51381.02183,
3,18_72,es,2012-11-11,25333.38499,
5,32_90,es,2012-11-11,58146.27773,
6,22_38,es,2012-11-11,87672.47397,
3,9_38,es,2012-11-11,89639.84328,
5,16_72,es,2012-11-11,28764.30421,
2,10_72,es,2012-11-11,123826.5217,
5,1_1,es,2012-11-11,21358.59554,
4,31_46,es,2012-11-11,23859.95066,
6,36_95,es,2012-11-11,32860.39413,
4,10_40,es,2012-11-11,97732.30007,
3,30_92,es,2012-11-11,61160.88563,
3,11_46,es,2012-11-11,26517.28649,
4,41_91,es,2012-11-11,51424.0267,
2,4_9,es,2012-11-11,47221.34727,
7,2_2,es,2012-11-11,65409.76943,
2,32_95,es,2012-11-11,76232.81678,
5,30_95,es,2012-11-11,36539.93841,
7,26_4,es,2012-11-11,25608.79092,
4,16_38,es,2012-11-11,58442.15587,
5,11_95,es,2012-11-11,75680.6131,
1,22_9,es,2012-11-11,18925.89922,
5,11_92,es,2012-11-11,101071.5242,
3,11_74,es,2012-11-11,17798.5644,
5,11_13,es,2012-11-11,41829.69881,
2,12_40,es,2012-11-11,49036.28103,
1,7_40,es,2012-11-11,27174.87627,
3,41_40,es,2012-11-11,56900.94413,
7,43_38,es,2012-11-11,70288.40379,
1,10_23,es,2012-11-11,79360.44219,
5,20_92,es,2012-11-11,193320.7746,
2,28_91,es,2012-11-11,50235.09443,
3,17_4,es,2012-11-11,23774.17987,
6,18_74,es,2012-11-11,15327.37107,
2,19_23,es,2012-11-11,25671.57036,
2,13_4,es,2012-11-11,47130.47931,
1,13_91,es,2012-11-11,86022.40039,
1,23_40,es,2012-11-11,58403.1854,
5,32_92,es,2012-11-11,117551.344,
3,6_38,es,2012-11-11,67710.71986,
2,12_8,es,2012-11-11,45152.48005,
7,10_16,es,2012-11-11,6110.983125,
7,14_91,es,2012-11-11,77793.58198,
2,20_91,es,2012-11-11,77253.26473,
1,27_80,es,2012-11-11,23235.18444,
6,22_40,es,2012-11-11,54733.31494,
6,20_9,es,2012-11-11,51887.74097,
4,14_1,es,2012-11-11,29104.36446,
5,30_91,es,2012-11-11,27362.67756,
7,38_38,es,2012-11-11,95326.53713,
7,13_23,es,2012-11-11,37193.86645,
7,1_38,es,2012-11-11,78020.12752,
1,11_7,es,2012-11-11,37884.01815,
7,10_38,es,2012-11-11,103167.2639,
5,23_92,es,2012-11-11,89563.83267,
2,21_72,es,2012-11-11,33301.11563,
1,20_90,es,2012-11-11,106502.591,
4,2_87,es,2012-11-11,23799.47389,
3,3_72,es,2012-11-11,29334.60214,
2,4_95,es,2012-11-11,157301.3204,
2,24_87,es,2012-11-11,23644.01587,
6,23_22,es,2012-11-11,21554.84534,
6,37_95,es,2012-11-11,50926.94418,
7,34_91,es,2012-11-11,34717.82304,
1,4_8,es,2012-11-11,70929.81544,
5,16_95,es,2012-11-11,29331.36261,
3,10_34,es,2012-11-11,59277.14543,
5,44_94,es,2012-11-11,21750.52396,
2,40_4,es,2012-11-18,26848.85953,
5,10_5,es,2012-11-18,153780.0904,
6,23_16,es,2012-11-18,9582.725046,
3,13_13,es,2012-11-18,43937.23229,
5,29_40,es,2012-11-18,30579.43299,
2,23_74,es,2012-11-18,44278.49611,
3,1_97,es,2012-11-18,31326.7921,
1,16_40,es,2012-11-18,23872.47914,
1,40_2,es,2012-11-18,26479.43823,
5,24_90,es,2012-11-18,86195.42065,
4,23_72,es,2012-11-18,368266.6266,
4,31_13,es,2012-11-18,47785.43999,
6,26_40,es,2012-11-18,31458.34154,
5,20_7,es,2012-11-18,170086.1341,
6,19_2,es,2012-11-18,45515.70902,
4,6_72,es,2012-11-18,343931.0758,
4,26_92,es,2012-11-18,96090.57588,
6,2_81,es,2012-11-18,36195.10519,
7,17_95,es,2012-11-18,43306.07199,
7,31_2,es,2012-11-18,54778.60176,
4,4_94,es,2012-11-18,68804.26574,
2,35_14,es,2012-11-18,49891.20468,
3,11_93,es,2012-11-18,43098.36297,
7,6_96,es,2012-11-18,39036.78341,
2,45_13,es,2012-11-18,27257.16721,
4,12_34,es,2012-11-18,41280.66417,
2,42_38,es,2012-11-18,34446.93663,
7,4_96,es,2012-11-18,57801.64286,
6,6_93,es,2012-11-18,55863.77577,
3,14_2,es,2012-11-18,64989.05213,
6,15_72,es,2012-11-18,275969.7335,
7,2_16,es,2012-11-18,14297.41857,
1,19_9,es,2012-11-18,41602.03554,
1,18_72,es,2012-11-18,316010.2013,
5,32_90,es,2012-11-18,71028.87706,
2,22_38,es,2012-11-18,77300.00376,
6,9_38,es,2012-11-18,65590.65696,
2,16_72,es,2012-11-18,124893.9928,
5,10_72,es,2012-11-18,686776.8548,
6,1_1,es,2012-11-18,21188.00664,
3,31_46,es,2012-11-18,24492.10685,
1,36_95,es,2012-11-18,34298.13714,
5,10_40,es,2012-11-18,84171.88667,
5,30_92,es,2012-11-18,76290.71002,
4,11_46,es,2012-11-18,26743.66994,
4,41_91,es,2012-11-18,52557.95134,
5,4_9,es,2012-11-18,56639.70987,
3,2_2,es,2012-11-18,67617.07862,
6,32_95,es,2012-11-18,80436.84115,
6,30_95,es,2012-11-18,37471.34177,
4,26_4,es,2012-11-18,26079.13769,
5,16_38,es,2012-11-18,42180.53739,
4,11_95,es,2012-11-18,77607.66524,
7,22_9,es,2012-11-18,26754.47178,
4,11_92,es,2012-11-18,107820.2477,
1,11_74,es,2012-11-18,28774.55734,
2,11_13,es,2012-11-18,42169.5015,
4,12_40,es,2012-11-18,46772.71852,
7,7_40,es,2012-11-18,31053.09298,
1,41_40,es,2012-11-18,54222.64906,
5,43_38,es,2012-11-18,54464.31164,
5,10_23,es,2012-11-18,103376.2733,
2,20_92,es,2012-11-18,186211.8608,
4,28_91,es,2012-11-18,47388.65884,
7,17_4,es,2012-11-18,21363.21624,
6,18_74,es,2012-11-18,32313.64076,
1,19_23,es,2012-11-18,43134.34984,
2,13_4,es,2012-11-18,52634.64158,
4,13_91,es,2012-11-18,82868.44015,
6,23_40,es,2012-11-18,51637.90425,
1,32_92,es,2012-11-18,140999.2709,
2,6_38,es,2012-11-18,51923.72794,
4,12_8,es,2012-11-18,44547.62778,
7,10_16,es,2012-11-18,5822.370936,
5,14_91,es,2012-11-18,68830.06349,
3,20_91,es,2012-11-18,61735.23811,
7,27_80,es,2012-11-18,22743.99035,
4,22_40,es,2012-11-18,47994.62206,
7,20_9,es,2012-11-18,71555.28706,
3,14_1,es,2012-11-18,33059.36883,
1,30_91,es,2012-11-18,27354.5026,
1,38_38,es,2012-11-18,96008.67137,
5,13_23,es,2012-11-18,60897.54237,
6,1_38,es,2012-11-18,61460.19046,
1,11_7,es,2012-11-18,85191.10385,
3,10_38,es,2012-11-18,87025.01094,
3,23_92,es,2012-11-18,85298.96106,
7,21_72,es,2012-11-18,237141.2237,
2,20_90,es,2012-11-18,109383.7258,
1,2_87,es,2012-11-18,27950.28035,
4,3_72,es,2012-11-18,106903.6758,
7,4_95,es,2012-11-18,150285.5825,
5,24_87,es,2012-11-18,26960.7529,
4,23_22,es,2012-11-18,33580.21887,
6,37_95,es,2012-11-18,48004.91822,
6,34_91,es,2012-11-18,35958.4643,
2,4_8,es,2012-11-18,62399.382,
4,16_95,es,2012-11-18,28750.38504,
7,10_34,es,2012-11-18,68941.24327,
7,44_94,es,2012-11-18,25075.1681,
3,40_4,es,2012-11-25,25714.97573,
7,10_5,es,2012-11-25,60198.31613,
3,23_16,es,2012-11-25,10046.6919,
3,13_13,es,2012-11-25,46997.89519,
2,29_40,es,2012-11-25,34058.80131,
7,23_74,es,2012-11-25,27574.47168,
6,1_97,es,2012-11-25,32721.42576,
5,16_40,es,2012-11-25,29280.50145,
6,40_2,es,2012-11-25,27022.10468,
1,24_90,es,2012-11-25,69903.32554,
5,23_72,es,2012-11-25,115735.4324,
4,31_13,es,2012-11-25,43527.84914,
4,26_40,es,2012-11-25,39571.36169,
1,20_7,es,2012-11-25,114419.8609,
5,19_2,es,2012-11-25,48090.08998,
1,6_72,es,2012-11-25,107229.7895,
4,26_92,es,2012-11-25,86612.98807,
2,2_81,es,2012-11-25,31535.95075,
4,17_95,es,2012-11-25,54525.73635,
5,31_2,es,2012-11-25,48429.99032,
2,4_94,es,2012-11-25,55516.57113,
4,35_14,es,2012-11-25,18101.87119,
1,11_93,es,2012-11-25,32282.25833,
4,6_96,es,2012-11-25,26172.2202,
5,45_13,es,2012-11-25,28860.66111,
7,12_34,es,2012-11-25,31654.81919,
4,42_38,es,2012-11-25,48848.32326,
6,4_96,es,2012-11-25,38922.57772,
4,6_93,es,2012-11-25,38231.54785,
2,14_2,es,2012-11-25,67300.00102,
4,15_72,es,2012-11-25,51210.57761,
1,2_16,es,2012-11-25,9020.364706,
2,19_9,es,2012-11-25,25842.56508,
3,18_72,es,2012-11-25,58903.93173,
1,32_90,es,2012-11-25,52983.60741,
2,22_38,es,2012-11-25,96512.01144,
1,9_38,es,2012-11-25,92207.89581,
2,16_72,es,2012-11-25,44328.34986,
4,10_72,es,2012-11-25,212764.5448,
7,1_1,es,2012-11-25,25041.00541,
1,31_46,es,2012-11-25,22774.93993,
6,36_95,es,2012-11-25,27987.94979,
7,10_40,es,2012-11-25,100073.3691,
3,30_92,es,2012-11-25,54998.80149,
1,11_46,es,2012-11-25,26557.47119,
7,41_91,es,2012-11-25,46770.63843,
7,4_9,es,2012-11-25,38292.55921,
2,2_2,es,2012-11-25,63503.03746,
3,32_95,es,2012-11-25,74988.41715,
3,30_95,es,2012-11-25,35133.62802,
6,26_4,es,2012-11-25,27459.46098,
2,16_38,es,2012-11-25,60845.91403,
1,11_95,es,2012-11-25,70163.47576,
2,22_9,es,2012-11-25,19517.23808,
6,11_92,es,2012-11-25,85275.69938,
2,11_74,es,2012-11-25,19745.79667,
6,11_13,es,2012-11-25,40542.53705,
4,12_40,es,2012-11-25,52372.60266,
3,7_40,es,2012-11-25,31866.02023,
2,41_40,es,2012-11-25,58045.7576,
1,43_38,es,2012-11-25,78942.12149,
6,10_23,es,2012-11-25,91632.81874,
4,20_92,es,2012-11-25,171983.2192,
3,28_91,es,2012-11-25,66308.85972,
4,17_4,es,2012-11-25,25794.50911,
5,18_74,es,2012-11-25,13275.96352,
5,19_23,es,2012-11-25,32722.56233,
5,13_4,es,2012-11-25,47903.43846,
4,13_91,es,2012-11-25,71773.78936,
7,23_40,es,2012-11-25,61468.94524,
7,32_92,es,2012-11-25,103869.7225,
1,6_38,es,2012-11-25,81392.17756,
4,12_8,es,2012-11-25,47516.10293,
7,10_16,es,2012-11-25,2330.599411,
4,14_91,es,2012-11-25,72738.59513,
5,20_91,es,2012-11-25,70945.83301,
5,27_80,es,2012-11-25,20744.98514,
4,22_40,es,2012-11-25,57655.62091,
1,20_9,es,2012-11-25,62352.76318,
3,14_1,es,2012-11-25,42268.50982,
1,30_91,es,2012-11-25,26418.62513,
6,38_38,es,2012-11-25,93439.57168,
5,13_23,es,2012-11-25,45478.41664,
5,1_38,es,2012-11-25,93801.37747,
2,11_7,es,2012-11-25,64882.31928,
5,10_38,es,2012-11-25,115973.457,
6,23_92,es,2012-11-25,86602.199,
1,21_72,es,2012-11-25,41662.98818,
2,20_90,es,2012-11-25,97532.75857,
3,2_87,es,2012-11-25,28095.14302,
1,3_72,es,2012-11-25,37464.74308,
4,4_95,es,2012-11-25,139707.9103,
4,24_87,es,2012-11-25,28552.74948,
3,23_22,es,2012-11-25,22912.9525,
6,37_95,es,2012-11-25,47723.37439,
1,34_91,es,2012-11-25,30151.72298,
6,4_8,es,2012-11-25,65942.64577,
7,16_95,es,2012-11-25,28019.56802,
6,10_34,es,2012-11-25,56062.18452,
1,44_94,es,2012-11-25,20454.96959,
6,40_4,es,2012-12-02,25322.69807,
6,10_5,es,2012-12-02,104770.7018,
7,23_16,es,2012-12-02,12066.28576,
7,13_13,es,2012-12-02,45743.48706,
6,29_40,es,2012-12-02,33181.94552,
1,23_74,es,2012-12-02,29841.56038,
4,1_97,es,2012-12-02,38726.27013,
7,16_40,es,2012-12-02,28057.14255,
5,40_2,es,2012-12-02,31473.74533,
7,24_90,es,2012-12-02,82074.71677,
3,23_72,es,2012-12-02,124350.006,
7,31_13,es,2012-12-02,42715.67493,
6,26_40,es,2012-12-02,36660.01168,
7,20_7,es,2012-12-02,149931.3164,
5,19_2,es,2012-12-02,50235.40188,
7,6_72,es,2012-12-02,104638.3229,
3,26_92,es,2012-12-02,111671.4903,
7,2_81,es,2012-12-02,35092.65362,
6,17_95,es,2012-12-02,55074.84296,
6,31_2,es,2012-12-02,51081.86426,
6,4_94,es,2012-12-02,60879.57056,
6,35_14,es,2012-12-02,23754.64448,
1,11_93,es,2012-12-02,37179.60522,
7,6_96,es,2012-12-02,28105.41856,
3,45_13,es,2012-12-02,28197.01014,
4,12_34,es,2012-12-02,33115.90673,
5,42_38,es,2012-12-02,47751.7239,
1,4_96,es,2012-12-02,42998.86579,
6,6_93,es,2012-12-02,46599.50403,
1,14_2,es,2012-12-02,77853.72218,
5,15_72,es,2012-12-02,46896.48776,
3,2_16,es,2012-12-02,10331.85959,
5,19_9,es,2012-12-02,29219.27109,
5,18_72,es,2012-12-02,54566.50892,
2,32_90,es,2012-12-02,60891.7422,
7,22_38,es,2012-12-02,86847.63644,
3,9_38,es,2012-12-02,89440.80177,
2,16_72,es,2012-12-02,51225.60019,
5,10_72,es,2012-12-02,172155.0912,
4,1_1,es,2012-12-02,33836.43252,
4,31_46,es,2012-12-02,24926.72276,
3,36_95,es,2012-12-02,32472.75843,
3,10_40,es,2012-12-02,104284.002,
3,30_92,es,2012-12-02,60921.51214,
4,11_46,es,2012-12-02,31232.64324,
1,41_91,es,2012-12-02,56563.46759,
4,4_9,es,2012-12-02,43683.66175,
1,2_2,es,2012-12-02,67753.83812,
3,32_95,es,2012-12-02,82052.04406,
7,30_95,es,2012-12-02,37277.45524,
5,26_4,es,2012-12-02,26760.04609,
3,16_38,es,2012-12-02,57741.95892,
7,11_95,es,2012-12-02,78100.9933,
3,22_9,es,2012-12-02,22404.93024,
4,11_92,es,2012-12-02,97990.59638,
5,11_74,es,2012-12-02,16466.09646,
3,11_13,es,2012-12-02,38704.208,
5,12_40,es,2012-12-02,49247.6353,
6,7_40,es,2012-12-02,30631.51072,
5,41_40,es,2012-12-02,56793.01102,
1,43_38,es,2012-12-02,79491.99014,
7,10_23,es,2012-12-02,90601.2389,
2,20_92,es,2012-12-02,213985.8623,
6,28_91,es,2012-12-02,62474.63071,
4,17_4,es,2012-12-02,24595.05148,
6,18_74,es,2012-12-02,14198.43678,
4,19_23,es,2012-12-02,46354.10157,
6,13_4,es,2012-12-02,50233.01721,
3,13_91,es,2012-12-02,83992.84973,
2,23_40,es,2012-12-02,62069.59615,
4,32_92,es,2012-12-02,121388.5633,
1,6_38,es,2012-12-02,71748.8814,
3,12_8,es,2012-12-02,47068.48854,
3,10_16,es,2012-12-02,2833.486015,
3,14_91,es,2012-12-02,91222.31944,
1,20_91,es,2012-12-02,90984.37786,
1,27_80,es,2012-12-02,23753.17435,
2,22_40,es,2012-12-02,59878.19638,
1,20_9,es,2012-12-02,42431.97956,
7,14_1,es,2012-12-02,57451.88292,
3,30_91,es,2012-12-02,28345.7049,
3,38_38,es,2012-12-02,99022.42086,
7,13_23,es,2012-12-02,49495.38685,
3,1_38,es,2012-12-02,76404.32886,
4,11_7,es,2012-12-02,89104.77626,
6,10_38,es,2012-12-02,118989.0203,
2,23_92,es,2012-12-02,91750.03817,
1,21_72,es,2012-12-02,42723.42956,
4,20_90,es,2012-12-02,115013.446,
1,2_87,es,2012-12-02,25634.10724,
2,3_72,es,2012-12-02,35469.98353,
7,4_95,es,2012-12-02,152410.3714,
7,24_87,es,2012-12-02,27370.62409,
6,23_22,es,2012-12-02,26964.25091,
4,37_95,es,2012-12-02,49762.07102,
1,34_91,es,2012-12-02,34746.00827,
5,4_8,es,2012-12-02,67389.94215,
4,16_95,es,2012-12-02,30372.48373,
3,10_34,es,2012-12-02,60090.13743,
7,44_94,es,2012-12-02,20488.61003,
4,40_4,es,2012-12-09,23939.98766,
7,10_5,es,2012-12-09,157224.9525,
3,23_16,es,2012-12-09,11324.87097,
7,13_13,es,2012-12-09,45083.37116,
4,29_40,es,2012-12-09,34459.64059,
6,23_74,es,2012-12-09,31635.58072,
5,1_97,es,2012-12-09,38186.95284,
4,16_40,es,2012-12-09,30319.8116,
3,40_2,es,2012-12-09,33123.13293,
5,24_90,es,2012-12-09,81515.91267,
5,23_72,es,2012-12-09,179939.0363,
6,31_13,es,2012-12-09,43866.78403,
6,26_40,es,2012-12-09,35883.20141,
5,20_7,es,2012-12-09,168352.8567,
5,19_2,es,2012-12-09,56349.84594,
6,6_72,es,2012-12-09,136875,
4,26_92,es,2012-12-09,99427.7348,
5,2_81,es,2012-12-09,35003.61725,
7,17_95,es,2012-12-09,54725.34745,
5,31_2,es,2012-12-09,55605.54264,
4,4_94,es,2012-12-09,62814.61148,
3,35_14,es,2012-12-09,33219.91825,
1,11_93,es,2012-12-09,39802.45828,
7,6_96,es,2012-12-09,29194.01165,
7,45_13,es,2012-12-09,26043.41448,
1,12_34,es,2012-12-09,36989.88239,
6,42_38,es,2012-12-09,43565.6977,
7,4_96,es,2012-12-09,45249.10169,
2,6_93,es,2012-12-09,48612.68168,
1,14_2,es,2012-12-09,82139.21878,
4,15_72,es,2012-12-09,65300.44993,
5,2_16,es,2012-12-09,10071.66064,
2,19_9,es,2012-12-09,32796.79996,
3,18_72,es,2012-12-09,78283.76412,
6,32_90,es,2012-12-09,61690.47322,
2,22_38,es,2012-12-09,95560.87298,
3,9_38,es,2012-12-09,83788.54187,
2,16_72,es,2012-12-09,47999.38578,
2,10_72,es,2012-12-09,263800.1244,
7,1_1,es,2012-12-09,47080.0576,
1,31_46,es,2012-12-09,31611.08185,
2,36_95,es,2012-12-09,35320.19631,
7,10_40,es,2012-12-09,100434.6287,
5,30_92,es,2012-12-09,62279.22002,
7,11_46,es,2012-12-09,40828.43766,
3,41_91,es,2012-12-09,51400.45737,
7,4_9,es,2012-12-09,50111.4941,
6,2_2,es,2012-12-09,75661.5664,
7,32_95,es,2012-12-09,82685.09069,
5,30_95,es,2012-12-09,38122.99104,
1,26_4,es,2012-12-09,26113.90465,
3,16_38,es,2012-12-09,53886.74776,
2,11_95,es,2012-12-09,83638.3566,
7,22_9,es,2012-12-09,26120.72346,
1,11_92,es,2012-12-09,102276.8825,
3,11_74,es,2012-12-09,21577.90785,
4,11_13,es,2012-12-09,38708.56084,
3,12_40,es,2012-12-09,50403.57437,
2,7_40,es,2012-12-09,34685.04353,
6,41_40,es,2012-12-09,59037.93969,
7,43_38,es,2012-12-09,77877.15474,
1,10_23,es,2012-12-09,105762.8537,
1,20_92,es,2012-12-09,207580.5061,
3,28_91,es,2012-12-09,47605.4237,
1,17_4,es,2012-12-09,25166.5089,
5,18_74,es,2012-12-09,14681.6603,
6,19_23,es,2012-12-09,57250.76845,
4,13_4,es,2012-12-09,50205.03502,
1,13_91,es,2012-12-09,85924.43189,
3,23_40,es,2012-12-09,63004.16488,
4,32_92,es,2012-12-09,122340.7207,
5,6_38,es,2012-12-09,68038.60813,
4,12_8,es,2012-12-09,47113.54412,
1,10_16,es,2012-12-09,1423.90503,
3,14_91,es,2012-12-09,75213.26665,
3,20_91,es,2012-12-09,78867.75868,
3,27_80,es,2012-12-09,24484.36629,
7,22_40,es,2012-12-09,58247.18595,
1,20_9,es,2012-12-09,46000.65204,
7,14_1,es,2012-12-09,79003.25851,
7,30_91,es,2012-12-09,26469.4111,
2,38_38,es,2012-12-09,91077.49425,
4,13_23,es,2012-12-09,61888.49567,
2,1_38,es,2012-12-09,87141.78025,
5,11_7,es,2012-12-09,135544.0106,
4,10_38,es,2012-12-09,103305.8343,
7,23_92,es,2012-12-09,94667.08551,
4,21_72,es,2012-12-09,61421.40954,
7,20_90,es,2012-12-09,113336.0653,
7,2_87,es,2012-12-09,27691.27115,
2,3_72,es,2012-12-09,40740.30478,
1,4_95,es,2012-12-09,160173.4515,
1,24_87,es,2012-12-09,25898.28136,
5,23_22,es,2012-12-09,33956.08388,
1,37_95,es,2012-12-09,49885.99248,
7,34_91,es,2012-12-09,33920.9073,
2,4_8,es,2012-12-09,70404.471,
5,16_95,es,2012-12-09,33747.82009,
1,10_34,es,2012-12-09,62329.41806,
6,44_94,es,2012-12-09,21393.21358,
7,40_4,es,2012-12-16,28297.87252,
1,10_5,es,2012-12-16,230127.4609,
3,23_16,es,2012-12-16,12120.5627,
4,13_13,es,2012-12-16,45142.33426,
3,29_40,es,2012-12-16,36675.31186,
2,23_74,es,2012-12-16,38036.16006,
2,1_97,es,2012-12-16,42143.40465,
4,16_40,es,2012-12-16,42840.01838,
4,40_2,es,2012-12-16,53567.24085,
4,24_90,es,2012-12-16,106959.8695,
6,23_72,es,2012-12-16,223653.6595,
4,31_13,es,2012-12-16,46306.38814,
2,26_40,es,2012-12-16,39996.22207,
7,20_7,es,2012-12-16,253051.4987,
3,19_2,es,2012-12-16,81631.78287,
6,6_72,es,2012-12-16,206371.5612,
6,26_92,es,2012-12-16,110630.0829,
4,2_81,es,2012-12-16,39178.5336,
2,17_95,es,2012-12-16,59209.38618,
5,31_2,es,2012-12-16,66807.49463,
5,4_94,es,2012-12-16,79069.53454,
1,35_14,es,2012-12-16,65383.84307,
5,11_93,es,2012-12-16,47298.35843,
3,6_96,es,2012-12-16,39301.22162,
4,45_13,es,2012-12-16,28220.67962,
7,12_34,es,2012-12-16,46832.07948,
3,42_38,es,2012-12-16,44766.75089,
7,4_96,es,2012-12-16,70408.61784,
2,6_93,es,2012-12-16,61771.57868,
3,14_2,es,2012-12-16,112941.4679,
3,15_72,es,2012-12-16,121121.0202,
6,2_16,es,2012-12-16,11976.97364,
6,19_9,es,2012-12-16,54261.09281,
1,18_72,es,2012-12-16,145051.4278,
2,32_90,es,2012-12-16,80333.86614,
5,22_38,es,2012-12-16,88929.60486,
4,9_38,es,2012-12-16,78502.15808,
2,16_72,es,2012-12-16,93442.71062,
4,10_72,es,2012-12-16,399409.8474,
4,1_1,es,2012-12-16,56072.47437,
6,31_46,es,2012-12-16,44013.91293,
3,36_95,es,2012-12-16,34838.70399,
5,10_40,es,2012-12-16,99792.8951,
5,30_92,es,2012-12-16,78373.05252,
3,11_46,es,2012-12-16,64652.32613,
2,41_91,es,2012-12-16,60308.72379,
2,4_9,es,2012-12-16,70888.42492,
1,2_2,es,2012-12-16,93493.27688,
6,32_95,es,2012-12-16,91381.4179,
2,30_95,es,2012-12-16,43155.00991,
6,26_4,es,2012-12-16,29819.63024,
7,16_38,es,2012-12-16,56947.56514,
2,11_95,es,2012-12-16,82748.31085,
2,22_9,es,2012-12-16,40131.97592,
3,11_92,es,2012-12-16,107882.9096,
2,11_74,es,2012-12-16,22377.05245,
4,11_13,es,2012-12-16,38955.63311,
2,12_40,es,2012-12-16,49990.87866,
5,7_40,es,2012-12-16,46301.89816,
6,41_40,es,2012-12-16,65183.43042,
7,43_38,es,2012-12-16,65006.5498,
5,10_23,es,2012-12-16,159559.9713,
1,20_92,es,2012-12-16,216807.968,
6,28_91,es,2012-12-16,49247.81991,
1,17_4,es,2012-12-16,24537.89777,
2,18_74,es,2012-12-16,16340.46643,
1,19_23,es,2012-12-16,90194.32173,
5,13_4,es,2012-12-16,57661.9616,
2,13_91,es,2012-12-16,90884.06164,
4,23_40,es,2012-12-16,71035.8125,
6,32_92,es,2012-12-16,142635.6285,
1,6_38,es,2012-12-16,69249.28971,
4,12_8,es,2012-12-16,50570.75029,
2,10_16,es,2012-12-16,1822.305265,
4,14_91,es,2012-12-16,84770.10492,
7,20_91,es,2012-12-16,73562.81944,
4,27_80,es,2012-12-16,30259.93565,
6,22_40,es,2012-12-16,62323.18602,
7,20_9,es,2012-12-16,73298.89622,
4,14_1,es,2012-12-16,105475.5993,
2,30_91,es,2012-12-16,29763.92514,
1,38_38,es,2012-12-16,97025.03915,
3,13_23,es,2012-12-16,91993.97794,
4,1_38,es,2012-12-16,65023.94406,
1,11_7,es,2012-12-16,232556.5377,
4,10_38,es,2012-12-16,105530.3526,
1,23_92,es,2012-12-16,98686.78197,
2,21_72,es,2012-12-16,115069.6069,
5,20_90,es,2012-12-16,136038.0633,
7,2_87,es,2012-12-16,38336.55203,
2,3_72,es,2012-12-16,52680.09625,
5,4_95,es,2012-12-16,166433.3447,
6,24_87,es,2012-12-16,39680.01881,
2,23_22,es,2012-12-16,36237.9124,
7,37_95,es,2012-12-16,52298.14477,
5,34_91,es,2012-12-16,38177.40136,
2,4_8,es,2012-12-16,77541.95128,
7,16_95,es,2012-12-16,41358.31973,
3,10_34,es,2012-12-16,78168.11483,
4,44_94,es,2012-12-16,28649.89167,
1,40_4,es,2012-12-23,24871.14589,
5,10_5,es,2012-12-23,39201.98307,
3,23_16,es,2012-12-23,9985.550886,
1,13_13,es,2012-12-23,39961.62187,
3,29_40,es,2012-12-23,30674.61254,
6,23_74,es,2012-12-23,35612.20755,
2,1_97,es,2012-12-23,30789.82738,
6,16_40,es,2012-12-23,40254.48382,
6,40_2,es,2012-12-23,21058.81753,
6,24_90,es,2012-12-23,71119.51568,
3,23_72,es,2012-12-23,83931.44841,
7,31_13,es,2012-12-23,41422.53342,
7,26_40,es,2012-12-23,36355.39023,
7,20_7,es,2012-12-23,34088.15295,
4,19_2,es,2012-12-23,35111.97784,
1,6_72,es,2012-12-23,113845.1658,
1,26_92,es,2012-12-23,76205.2253,
6,2_81,es,2012-12-23,28415.07605,
3,17_95,es,2012-12-23,40752.59209,
1,31_2,es,2012-12-23,49264.34479,
1,4_94,es,2012-12-23,58524.56585,
7,35_14,es,2012-12-23,11568.95061,
3,11_93,es,2012-12-23,29917.83041,
4,6_96,es,2012-12-23,33006.18869,
5,45_13,es,2012-12-23,24491.5721,
6,12_34,es,2012-12-23,29069.98411,
1,42_38,es,2012-12-23,35449.93031,
4,4_96,es,2012-12-23,55204.81114,
6,6_93,es,2012-12-23,39975.11363,
1,14_2,es,2012-12-23,51152.7641,
2,15_72,es,2012-12-23,35253.08247,
4,2_16,es,2012-12-23,10178.78772,
6,19_9,es,2012-12-23,20951.505,
3,18_72,es,2012-12-23,30097.24532,
7,32_90,es,2012-12-23,47831.66693,
4,22_38,es,2012-12-23,80919.1558,
3,9_38,es,2012-12-23,65651.59902,
1,16_72,es,2012-12-23,43476.10145,
3,10_72,es,2012-12-23,142893.769,
6,1_1,es,2012-12-23,22130.71949,
2,31_46,es,2012-12-23,25772.05141,
2,36_95,es,2012-12-23,29332.11282,
1,10_40,es,2012-12-23,88942.3652,
1,30_92,es,2012-12-23,51024.59024,
5,11_46,es,2012-12-23,31070.14219,
2,41_91,es,2012-12-23,42578.82767,
3,4_9,es,2012-12-23,38799.06253,
6,2_2,es,2012-12-23,57281.86554,
1,32_95,es,2012-12-23,64683.79075,
5,30_95,es,2012-12-23,35176.04832,
4,26_4,es,2012-12-23,26101.44161,
5,16_38,es,2012-12-23,59854.79476,
7,11_95,es,2012-12-23,67744.64752,
3,22_9,es,2012-12-23,14116.11366,
6,11_92,es,2012-12-23,73556.25171,
2,11_74,es,2012-12-23,25002.20863,
5,11_13,es,2012-12-23,36582.06798,
5,12_40,es,2012-12-23,47488.05492,
2,7_40,es,2012-12-23,48309.2454,
6,41_40,es,2012-12-23,57085.70412,
5,43_38,es,2012-12-23,62370.21774,
4,10_23,es,2012-12-23,61875.10431,
4,20_92,es,2012-12-23,131225.0786,
5,28_91,es,2012-12-23,38472.46776,
6,17_4,es,2012-12-23,21042.30468,
1,18_74,es,2012-12-23,16781.55936,
2,19_23,es,2012-12-23,21303.11264,
1,13_4,es,2012-12-23,44617.83864,
7,13_91,es,2012-12-23,70792.29033,
5,23_40,es,2012-12-23,58558.12685,
5,32_92,es,2012-12-23,88478.91333,
2,6_38,es,2012-12-23,67302.98771,
2,12_8,es,2012-12-23,40487.30217,
6,10_16,es,2012-12-23,583.3996747,
4,14_91,es,2012-12-23,65909.87135,
5,20_91,es,2012-12-23,56833.89129,
4,27_80,es,2012-12-23,20276.16365,
3,22_40,es,2012-12-23,47544.91557,
5,20_9,es,2012-12-23,30564.50135,
7,14_1,es,2012-12-23,27922.26324,
7,30_91,es,2012-12-23,24244.43708,
6,38_38,es,2012-12-23,97861.69126,
3,13_23,es,2012-12-23,27501.08574,
5,1_38,es,2012-12-23,74021.24796,
1,11_7,es,2012-12-23,35735.01168,
4,10_38,es,2012-12-23,95046.18175,
2,23_92,es,2012-12-23,69520.45238,
7,21_72,es,2012-12-23,35527.35383,
1,20_90,es,2012-12-23,87872.6226,
1,2_87,es,2012-12-23,23567.11851,
2,3_72,es,2012-12-23,33012.85417,
1,4_95,es,2012-12-23,134430.3203,
4,24_87,es,2012-12-23,24521.067,
4,23_22,es,2012-12-23,18392.43667,
3,37_95,es,2012-12-23,43979.86232,
4,34_91,es,2012-12-23,30909.92131,
2,4_8,es,2012-12-23,63322.01268,
3,16_95,es,2012-12-23,35257.98805,
7,10_34,es,2012-12-23,44016.47508,
2,44_94,es,2012-12-23,19586.48238,
2,40_4,es,2012-12-30,27118.22529,
3,10_5,es,2012-12-30,19025.73115,
1,23_16,es,2012-12-30,8445.388865,
6,13_13,es,2012-12-30,51413.18076,
3,29_40,es,2012-12-30,32936.87277,
5,23_74,es,2012-12-30,39534.32836,
7,1_97,es,2012-12-30,37890.43592,
6,16_40,es,2012-12-30,39868.1908,
6,40_2,es,2012-12-30,23826.09274,
7,24_90,es,2012-12-30,75446.34791,
4,23_72,es,2012-12-30,73149.02669,
1,31_13,es,2012-12-30,44822.21232,
5,26_40,es,2012-12-30,38324.29707,
7,20_7,es,2012-12-30,17113.61044,
6,19_2,es,2012-12-30,39580.53456,
1,6_72,es,2012-12-30,72800.66667,
4,26_92,es,2012-12-30,105927.8786,
3,2_81,es,2012-12-30,33931.4118,
5,17_95,es,2012-12-30,58529.20163,
3,31_2,es,2012-12-30,50339.09089,
5,4_94,es,2012-12-30,66061.73423,
4,35_14,es,2012-12-30,13901.56166,
7,11_93,es,2012-12-30,35082.89717,
1,6_96,es,2012-12-30,20663.73559,
2,45_13,es,2012-12-30,29453.29028,
1,12_34,es,2012-12-30,28810.75488,
6,42_38,es,2012-12-30,49821.21872,
4,4_96,es,2012-12-30,34037.38276,
1,6_93,es,2012-12-30,43368.99094,
6,14_2,es,2012-12-30,65779.78407,
3,15_72,es,2012-12-30,28476.74422,
6,2_16,es,2012-12-30,11171.61865,
4,19_9,es,2012-12-30,20383.40704,
3,18_72,es,2012-12-30,28147.14847,
1,32_90,es,2012-12-30,55282.75928,
7,22_38,es,2012-12-30,98458.69277,
5,9_38,es,2012-12-30,99447.88525,
4,16_72,es,2012-12-30,44549.66606,
6,10_72,es,2012-12-30,111704.5896,
6,1_1,es,2012-12-30,18246.83155,
1,31_46,es,2012-12-30,23434.76127,
3,36_95,es,2012-12-30,31236.83681,
5,10_40,es,2012-12-30,107719.4413,
6,30_92,es,2012-12-30,61840.14073,
4,11_46,es,2012-12-30,24634.96294,
5,41_91,es,2012-12-30,58502.13851,
7,4_9,es,2012-12-30,34372.79499,
3,2_2,es,2012-12-30,64748.62974,
6,32_95,es,2012-12-30,77186.42563,
3,30_95,es,2012-12-30,39338.05626,
7,26_4,es,2012-12-30,28344.20765,
6,16_38,es,2012-12-30,75822.52087,
4,11_95,es,2012-12-30,74941.37426,
3,22_9,es,2012-12-30,18102.03117,
3,11_92,es,2012-12-30,91773.94776,
1,11_74,es,2012-12-30,29425.13161,
5,11_13,es,2012-12-30,42709.993,
1,12_40,es,2012-12-30,55958.01041,
3,7_40,es,2012-12-30,46054.77261,
3,41_40,es,2012-12-30,63921.19709,
1,43_38,es,2012-12-30,88942.32557,
6,10_23,es,2012-12-30,56561.50706,
3,20_92,es,2012-12-30,182194.3152,
7,28_91,es,2012-12-30,86795.27377,
3,17_4,es,2012-12-30,43641.4153,
4,18_74,es,2012-12-30,23570.11748,
1,19_23,es,2012-12-30,17193.96535,
2,13_4,es,2012-12-30,51294.73611,
4,13_91,es,2012-12-30,87436.83252,
3,23_40,es,2012-12-30,61274.33363,
2,32_92,es,2012-12-30,109099.0092,
5,6_38,es,2012-12-30,97572.66732,
2,12_8,es,2012-12-30,44941.18265,
4,10_16,es,2012-12-30,2959.036226,
5,14_91,es,2012-12-30,98173.69423,
4,20_91,es,2012-12-30,89757.8098,
5,27_80,es,2012-12-30,20388.31544,
5,22_40,es,2012-12-30,60055.8009,
7,20_9,es,2012-12-30,24938.20674,
7,14_1,es,2012-12-30,23101.17811,
7,30_91,es,2012-12-30,31039.31283,
4,38_38,es,2012-12-30,97541.76957,
5,13_23,es,2012-12-30,26626.929,
5,1_38,es,2012-12-30,93340.43987,
4,11_7,es,2012-12-30,21038.22501,
1,10_38,es,2012-12-30,117290.061,
6,23_92,es,2012-12-30,80880.7944,
2,21_72,es,2012-12-30,29685.83387,
5,20_90,es,2012-12-30,101175.854,
1,2_87,es,2012-12-30,22966.74442,
6,3_72,es,2012-12-30,28678.3439,
1,4_95,es,2012-12-30,146419.8363,
1,24_87,es,2012-12-30,27091.66084,
4,23_22,es,2012-12-30,20592.22094,
5,37_95,es,2012-12-30,50343.80316,
7,34_91,es,2012-12-30,36582.78513,
1,4_8,es,2012-12-30,66011.54099,
2,16_95,es,2012-12-30,38140.32196,
6,10_34,es,2012-12-30,44104.31536,
7,44_94,es,2012-12-30,24623.18189,
3,40_4,es,2013-01-06,24389.56514,
1,10_5,es,2013-01-06,15656.1493,
6,23_16,es,2013-01-06,9076.203503,
6,13_13,es,2013-01-06,49393.086,
5,29_40,es,2013-01-06,29364.1837,
2,23_74,es,2013-01-06,30789.5996,
2,1_97,es,2013-01-06,38808.80952,
1,16_40,es,2013-01-06,34200.73693,
3,40_2,es,2013-01-06,21769.91984,
2,24_90,es,2013-01-06,78218.24044,
6,23_72,es,2013-01-06,61796.71616,
3,31_13,es,2013-01-06,44070.76961,
1,26_40,es,2013-01-06,36138.08562,
4,20_7,es,2013-01-06,17891.72888,
6,19_2,es,2013-01-06,38716.29183,
1,6_72,es,2013-01-06,72449.89551,
1,26_92,es,2013-01-06,91921.03701,
5,2_81,es,2013-01-06,35902.42625,
7,17_95,es,2013-01-06,53916.05538,
1,31_2,es,2013-01-06,49988.56901,
7,4_94,es,2013-01-06,66134.2604,
7,35_14,es,2013-01-06,11858.0971,
4,11_93,es,2013-01-06,37534.53954,
6,6_96,es,2013-01-06,22739.40421,
7,45_13,es,2013-01-06,28049.53086,
6,12_34,es,2013-01-06,26835.68734,
5,42_38,es,2013-01-06,55216.96115,
5,4_96,es,2013-01-06,38340.7381,
4,6_93,es,2013-01-06,44365.398,
1,14_2,es,2013-01-06,60905.58609,
7,15_72,es,2013-01-06,23498.38478,
4,2_16,es,2013-01-06,12698.3514,
4,19_9,es,2013-01-06,18306.6999,
1,18_72,es,2013-01-06,14257.06508,
3,32_90,es,2013-01-06,56553.34915,
7,22_38,es,2013-01-06,98415.39601,
4,9_38,es,2013-01-06,88619.82987,
6,16_72,es,2013-01-06,35556.49155,
7,10_72,es,2013-01-06,133050.8037,
2,1_1,es,2013-01-06,19447.01475,
1,31_46,es,2013-01-06,22431.05143,
6,36_95,es,2013-01-06,33228.15361,
7,10_40,es,2013-01-06,102609.0269,
4,30_92,es,2013-01-06,66491.10432,
3,11_46,es,2013-01-06,23647.58618,
3,41_91,es,2013-01-06,56213.3892,
2,4_9,es,2013-01-06,37025.03999,
2,2_2,es,2013-01-06,59169.83586,
7,32_95,es,2013-01-06,82534.80014,
6,30_95,es,2013-01-06,42027.0953,
4,26_4,es,2013-01-06,24028.56694,
5,16_38,es,2013-01-06,59175.08873,
2,11_95,es,2013-01-06,79428.3134,
7,22_9,es,2013-01-06,15571.14395,
1,11_92,es,2013-01-06,96247.26284,
3,11_74,es,2013-01-06,23398.10778,
5,11_13,es,2013-01-06,39855.20613,
5,12_40,es,2013-01-06,52371.88789,
3,7_40,es,2013-01-06,38464.0726,
4,41_40,es,2013-01-06,59615.3881,
6,43_38,es,2013-01-06,77112.47455,
6,10_23,es,2013-01-06,54686.00218,
6,20_92,es,2013-01-06,207247.6099,
5,28_91,es,2013-01-06,54295.34514,
2,17_4,es,2013-01-06,25795.00752,
3,18_74,es,2013-01-06,14841.17285,
7,19_23,es,2013-01-06,18773.3646,
2,13_4,es,2013-01-06,47902.35465,
1,13_91,es,2013-01-06,88423.55907,
6,23_40,es,2013-01-06,56065.76108,
7,32_92,es,2013-01-06,109964.5834,
5,6_38,es,2013-01-06,74654.99286,
1,12_8,es,2013-01-06,42363.22254,
1,10_16,es,2013-01-06,7186.188005,
5,14_91,es,2013-01-06,86855.73196,
6,20_91,es,2013-01-06,101717.6841,
5,27_80,es,2013-01-06,21575.61409,
4,22_40,es,2013-01-06,53600.32253,
7,20_9,es,2013-01-06,23475.17459,
5,14_1,es,2013-01-06,23480.67915,
4,30_91,es,2013-01-06,32732.54033,
3,38_38,es,2013-01-06,101927.2231,
4,13_23,es,2013-01-06,26515.84359,
4,1_38,es,2013-01-06,88251.47975,
3,11_7,es,2013-01-06,17637.56463,
6,10_38,es,2013-01-06,123064.162,
7,23_92,es,2013-01-06,71997.47002,
2,21_72,es,2013-01-06,23199.70926,
4,20_90,es,2013-01-06,116532.2507,
1,2_87,es,2013-01-06,22089.74578,
1,3_72,es,2013-01-06,30208.52224,
7,4_95,es,2013-01-06,155075.7278,
1,24_87,es,2013-01-06,22548.24666,
2,23_22,es,2013-01-06,17822.17886,
1,37_95,es,2013-01-06,52093.36437,
6,34_91,es,2013-01-06,37519.58273,
7,4_8,es,2013-01-06,66311.9326,
7,16_95,es,2013-01-06,34555.16283,
2,10_34,es,2013-01-06,43111.75249,
6,44_94,es,2013-01-06,24646.18953,
5,40_4,es,2013-01-13,23621.35153,
3,10_5,es,2013-01-13,13074.11657,
3,23_16,es,2013-01-13,9627.978768,
5,13_13,es,2013-01-13,49247.31186,
3,29_40,es,2013-01-13,31246.21484,
2,23_74,es,2013-01-13,31645.19593,
2,1_97,es,2013-01-13,34320.07179,
7,16_40,es,2013-01-13,33027.83336,
5,40_2,es,2013-01-13,23487.64266,
7,24_90,es,2013-01-13,74235.28075,
5,23_72,es,2013-01-13,68153.62559,
2,31_13,es,2013-01-13,47630.63842,
2,26_40,es,2013-01-13,37564.76992,
7,20_7,es,2013-01-13,20525.09138,
6,19_2,es,2013-01-13,41634.56117,
1,6_72,es,2013-01-13,68854.21483,
1,26_92,es,2013-01-13,86852.509,
1,2_81,es,2013-01-13,35315.80765,
3,17_95,es,2013-01-13,55304.60478,
4,31_2,es,2013-01-13,53055.32648,
1,4_94,es,2013-01-13,70947.23126,
2,35_14,es,2013-01-13,13420.20237,
3,11_93,es,2013-01-13,34956.62712,
2,6_96,es,2013-01-13,22268.63159,
4,45_13,es,2013-01-13,29731.31399,
4,12_34,es,2013-01-13,24892.88742,
1,42_38,es,2013-01-13,52227.03085,
4,4_96,es,2013-01-13,40996.97427,
1,6_93,es,2013-01-13,40632.79202,
1,14_2,es,2013-01-13,66732.86164,
6,15_72,es,2013-01-13,27299.43364,
3,2_16,es,2013-01-13,12757.65121,
1,19_9,es,2013-01-13,17519.25934,
3,18_72,es,2013-01-13,20117.02866,
4,32_90,es,2013-01-13,58204.49877,
5,22_38,es,2013-01-13,90447.95854,
6,9_38,es,2013-01-13,87635.91656,
2,16_72,es,2013-01-13,34201.79518,
7,10_72,es,2013-01-13,138102.7254,
6,1_1,es,2013-01-13,19772.82871,
3,31_46,es,2013-01-13,25248.11565,
7,36_95,es,2013-01-13,33961.01974,
6,10_40,es,2013-01-13,100848.7057,
3,30_92,es,2013-01-13,60926.17351,
4,11_46,es,2013-01-13,25583.60143,
3,41_91,es,2013-01-13,56518.8269,
1,4_9,es,2013-01-13,34308.29955,
4,2_2,es,2013-01-13,63292.53183,
7,32_95,es,2013-01-13,84767.29216,
4,30_95,es,2013-01-13,40221.65604,
4,26_4,es,2013-01-13,24660.97798,
7,16_38,es,2013-01-13,51741.50081,
2,11_95,es,2013-01-13,77836.47259,
6,22_9,es,2013-01-13,16496.3893,
3,11_92,es,2013-01-13,91038.76562,
3,11_74,es,2013-01-13,23598.21656,
6,11_13,es,2013-01-13,42923.61124,
5,12_40,es,2013-01-13,52894.61712,
6,7_40,es,2013-01-13,36505.50576,
2,41_40,es,2013-01-13,60517.5951,
5,43_38,es,2013-01-13,70948.77728,
2,10_23,es,2013-01-13,53291.06385,
6,20_92,es,2013-01-13,175267.1945,
4,28_91,es,2013-01-13,50281.28279,
2,17_4,es,2013-01-13,25911.89229,
5,18_74,es,2013-01-13,20357.0416,
5,19_23,es,2013-01-13,20642.28748,
3,13_4,es,2013-01-13,46408.33554,
7,13_91,es,2013-01-13,94314.38703,
3,23_40,es,2013-01-13,60910.53714,
2,32_92,es,2013-01-13,112119.5829,
3,6_38,es,2013-01-13,71990.68955,
3,12_8,es,2013-01-13,42669.99373,
7,10_16,es,2013-01-13,12402.5268,
2,14_91,es,2013-01-13,80400.66093,
3,20_91,es,2013-01-13,86577.27419,
6,27_80,es,2013-01-13,22853.22881,
2,22_40,es,2013-01-13,56147.57496,
7,20_9,es,2013-01-13,25193.35363,
7,14_1,es,2013-01-13,27007.62318,
5,30_91,es,2013-01-13,31858.00573,
6,38_38,es,2013-01-13,103599.198,
2,13_23,es,2013-01-13,26300.73339,
3,1_38,es,2013-01-13,87813.16227,
6,11_7,es,2013-01-13,21156.71933,
4,10_38,es,2013-01-13,109464.0238,
1,23_92,es,2013-01-13,77733.06968,
2,21_72,es,2013-01-13,32367.38498,
5,20_90,es,2013-01-13,104423.673,
6,2_87,es,2013-01-13,23052.28347,
4,3_72,es,2013-01-13,31088.1019,
1,4_95,es,2013-01-13,165846.5874,
4,24_87,es,2013-01-13,22400.89139,
3,23_22,es,2013-01-13,20352.97124,
6,37_95,es,2013-01-13,51744.1481,
6,34_91,es,2013-01-13,37195.71663,
2,4_8,es,2013-01-13,66548.03935,
5,16_95,es,2013-01-13,34226.92164,
1,10_34,es,2013-01-13,40982.0026,
5,44_94,es,2013-01-13,23733.03243,
3,40_4,es,2013-01-20,22980.84404,
2,10_5,es,2013-01-20,21180.81015,
5,23_16,es,2013-01-20,8929.572126,
7,13_13,es,2013-01-20,44455.04563,
5,29_40,es,2013-01-20,28476.31697,
2,23_74,es,2013-01-20,28002.52491,
2,1_97,es,2013-01-20,31359.30099,
7,16_40,es,2013-01-20,33146.04979,
2,40_2,es,2013-01-20,22473.89145,
3,24_90,es,2013-01-20,73364.53235,
4,23_72,es,2013-01-20,58636.29298,
6,31_13,es,2013-01-20,43322.7742,
1,26_40,es,2013-01-20,36728.14372,
7,20_7,es,2013-01-20,22862.80882,
5,19_2,es,2013-01-20,43939.20138,
7,6_72,es,2013-01-20,76901.88101,
4,26_92,es,2013-01-20,86117.47981,
1,2_81,es,2013-01-20,33787.65136,
2,17_95,es,2013-01-20,55351.41319,
1,31_2,es,2013-01-20,48937.22555,
5,4_94,es,2013-01-20,64895.13366,
7,35_14,es,2013-01-20,9135.00687,
2,11_93,es,2013-01-20,31408.83391,
3,6_96,es,2013-01-20,23308.38592,
2,45_13,es,2013-01-20,24945.86621,
5,12_34,es,2013-01-20,26326.25164,
6,42_38,es,2013-01-20,40963.64738,
5,4_96,es,2013-01-20,40480.10908,
1,6_93,es,2013-01-20,38833.69975,
7,14_2,es,2013-01-20,55904.6119,
3,15_72,es,2013-01-20,25819.17113,
4,2_16,es,2013-01-20,14186.15652,
3,19_9,es,2013-01-20,19263.20734,
4,18_72,es,2013-01-20,24128.76766,
6,32_90,es,2013-01-20,53874.62075,
2,22_38,es,2013-01-20,84762.35072,
7,9_38,es,2013-01-20,90577.23764,
6,16_72,es,2013-01-20,32708.98237,
6,10_72,es,2013-01-20,154224.6869,
6,1_1,es,2013-01-20,20677.59696,
6,31_46,es,2013-01-20,24243.24148,
3,36_95,es,2013-01-20,32077.27267,
4,10_40,es,2013-01-20,102640.0405,
4,30_92,es,2013-01-20,58424.17179,
6,11_46,es,2013-01-20,24485.90541,
1,41_91,es,2013-01-20,53179.14695,
3,4_9,es,2013-01-20,33163.11475,
6,2_2,es,2013-01-20,61008.08331,
6,32_95,es,2013-01-20,79956.06279,
1,30_95,es,2013-01-20,38508.64101,
5,26_4,es,2013-01-20,23771.94859,
4,16_38,es,2013-01-20,59768.24582,
7,11_95,es,2013-01-20,72085.46258,
5,22_9,es,2013-01-20,14519.17407,
6,11_92,es,2013-01-20,80479.54016,
2,11_74,es,2013-01-20,21875.22157,
7,11_13,es,2013-01-20,38608.22404,
3,12_40,es,2013-01-20,53856.19197,
7,7_40,es,2013-01-20,37203.29838,
5,41_40,es,2013-01-20,60213.02279,
5,43_38,es,2013-01-20,73212.0451,
6,10_23,es,2013-01-20,52491.20424,
2,20_92,es,2013-01-20,157163.2374,
3,28_91,es,2013-01-20,45565.20127,
6,17_4,es,2013-01-20,23959.42628,
3,18_74,es,2013-01-20,15148.34956,
6,19_23,es,2013-01-20,21710.42065,
3,13_4,es,2013-01-20,43931.42171,
7,13_91,es,2013-01-20,81933.37401,
7,23_40,es,2013-01-20,58200.50659,
5,32_92,es,2013-01-20,105081.2198,
5,6_38,es,2013-01-20,86491.87766,
2,12_8,es,2013-01-20,44669.2761,
2,10_16,es,2013-01-20,15350.85306,
3,14_91,es,2013-01-20,77162.66917,
5,20_91,es,2013-01-20,72764.97796,
1,27_80,es,2013-01-20,20249.39097,
5,22_40,es,2013-01-20,49415.95452,
2,20_9,es,2013-01-20,22826.05501,
6,14_1,es,2013-01-20,28499.84209,
2,30_91,es,2013-01-20,29109.78843,
7,38_38,es,2013-01-20,106569.1322,
4,13_23,es,2013-01-20,25722.07584,
5,1_38,es,2013-01-20,79699.84199,
1,11_7,es,2013-01-20,21044.15086,
4,10_38,es,2013-01-20,118615.1632,
2,23_92,es,2013-01-20,76054.42134,
6,21_72,es,2013-01-20,30561.40987,
4,20_90,es,2013-01-20,95855.18665,
4,2_87,es,2013-01-20,20435.02435,
4,3_72,es,2013-01-20,32930.63447,
6,4_95,es,2013-01-20,152715.9767,
2,24_87,es,2013-01-20,24138.24803,
2,23_22,es,2013-01-20,18656.38272,
4,37_95,es,2013-01-20,51206.99224,
6,34_91,es,2013-01-20,33340.57252,
6,4_8,es,2013-01-20,63965.86077,
3,16_95,es,2013-01-20,33112.23326,
1,10_34,es,2013-01-20,40310.74586,
6,44_94,es,2013-01-20,24888.8004,
4,40_4,es,2013-01-27,25626.88427,
4,10_5,es,2013-01-27,24380.39541,
3,23_16,es,2013-01-27,10292.26182,
2,13_13,es,2013-01-27,47462.68238,
7,29_40,es,2013-01-27,31924.44281,
7,23_74,es,2013-01-27,29498.31813,
7,1_97,es,2013-01-27,38695.39009,
4,16_40,es,2013-01-27,33853.83797,
5,40_2,es,2013-01-27,25961.64487,
5,24_90,es,2013-01-27,81526.67895,
4,23_72,es,2013-01-27,90953.93012,
5,31_13,es,2013-01-27,45101.8877,
4,26_40,es,2013-01-27,37301.24776,
7,20_7,es,2013-01-27,32951.72343,
7,19_2,es,2013-01-27,42988.19766,
3,6_72,es,2013-01-27,115667.3839,
1,26_92,es,2013-01-27,90715.92512,
5,2_81,es,2013-01-27,38050.39731,
6,17_95,es,2013-01-27,63478.51685,
3,31_2,es,2013-01-27,51734.94521,
6,4_94,es,2013-01-27,70781.57397,
2,35_14,es,2013-01-27,14603.88197,
6,11_93,es,2013-01-27,37803.83487,
4,6_96,es,2013-01-27,24954.90411,
4,45_13,es,2013-01-27,30266.79085,
7,12_34,es,2013-01-27,35700.94505,
7,42_38,es,2013-01-27,44233.58153,
5,4_96,es,2013-01-27,45052.00474,
7,6_93,es,2013-01-27,47024.02287,
3,14_2,es,2013-01-27,70358.88799,
4,15_72,es,2013-01-27,52287.53401,
4,2_16,es,2013-01-27,17432.98351,
4,19_9,es,2013-01-27,19563.99161,
1,18_72,es,2013-01-27,53311.76843,
5,32_90,es,2013-01-27,60540.88731,
4,22_38,es,2013-01-27,91188.21784,
3,9_38,es,2013-01-27,90189.88265,
1,16_72,es,2013-01-27,37351.39093,
4,10_72,es,2013-01-27,195861.9358,
6,1_1,es,2013-01-27,24735.66311,
1,31_46,es,2013-01-27,22456.14797,
2,36_95,es,2013-01-27,33936.82183,
4,10_40,es,2013-01-27,107452.5729,
5,30_92,es,2013-01-27,69072.26401,
3,11_46,es,2013-01-27,28790.63206,
6,41_91,es,2013-01-27,59886.1765,
3,4_9,es,2013-01-27,37552.24786,
4,2_2,es,2013-01-27,65514.00774,
2,32_95,es,2013-01-27,83447.21269,
1,30_95,es,2013-01-27,45615.78912,
4,26_4,es,2013-01-27,26100.38001,
1,16_38,es,2013-01-27,59216.26531,
5,11_95,es,2013-01-27,84605.38776,
6,22_9,es,2013-01-27,17752.27009,
6,11_92,es,2013-01-27,99697.89418,
3,11_74,es,2013-01-27,27874.05091,
4,11_13,es,2013-01-27,47000.65557,
1,12_40,es,2013-01-27,58709.85241,
2,7_40,es,2013-01-27,38128.69558,
4,41_40,es,2013-01-27,62032.40481,
4,43_38,es,2013-01-27,74328.34153,
7,10_23,es,2013-01-27,68156.35111,
2,20_92,es,2013-01-27,205513.3431,
5,28_91,es,2013-01-27,81376.39952,
2,17_4,es,2013-01-27,25416.43085,
7,18_74,es,2013-01-27,16904.67804,
6,19_23,es,2013-01-27,23707.71063,
4,13_4,es,2013-01-27,49560.57357,
3,13_91,es,2013-01-27,86748.62705,
6,23_40,es,2013-01-27,59490.6535,
7,32_92,es,2013-01-27,115023.1786,
4,6_38,es,2013-01-27,84227.88538,
2,12_8,es,2013-01-27,47065.0695,
1,10_16,es,2013-01-27,17720.36714,
3,14_91,es,2013-01-27,103951.5611,
3,20_91,es,2013-01-27,98778.84503,
6,27_80,es,2013-01-27,23506.0281,
5,22_40,es,2013-01-27,56792.04343,
6,20_9,es,2013-01-27,29293.16935,
1,14_1,es,2013-01-27,37446.40886,
2,30_91,es,2013-01-27,35653.24335,
5,38_38,es,2013-01-27,106508.2093,
5,13_23,es,2013-01-27,31012.24328,
2,1_38,es,2013-01-27,96087.76618,
7,11_7,es,2013-01-27,26641.51008,
3,10_38,es,2013-01-27,112094.7613,
2,23_92,es,2013-01-27,78660.95811,
1,21_72,es,2013-01-27,40166.98021,
4,20_90,es,2013-01-27,116505.1107,
7,2_87,es,2013-01-27,27374.58271,
1,3_72,es,2013-01-27,42114.93664,
5,4_95,es,2013-01-27,164605.0537,
5,24_87,es,2013-01-27,29691.19823,
1,23_22,es,2013-01-27,20363.58727,
5,37_95,es,2013-01-27,57567.43738,
2,34_91,es,2013-01-27,39235.64115,
4,4_8,es,2013-01-27,72621.36642,
6,16_95,es,2013-01-27,33633.31529,
1,10_34,es,2013-01-27,49183.05555,
1,44_94,es,2013-01-27,24875.95357,
3,40_4,es,2013-02-03,23093.82677,
7,10_5,es,2013-02-03,30697.34224,
6,23_16,es,2013-02-03,9029.533402,
3,13_13,es,2013-02-03,45423.30672,
2,29_40,es,2013-02-03,31662.61901,
6,23_74,es,2013-02-03,29517.41773,
4,1_97,es,2013-02-03,38633.55235,
6,16_40,es,2013-02-03,33835.01769,
5,40_2,es,2013-02-03,25898.37118,
2,24_90,es,2013-02-03,80586.40462,
6,23_72,es,2013-02-03,101624.4773,
1,31_13,es,2013-02-03,47616.66684,
1,26_40,es,2013-02-03,38973.35734,
3,20_7,es,2013-02-03,36162.80506,
3,19_2,es,2013-02-03,45327.3143,
7,6_72,es,2013-02-03,104987.1776,
1,26_92,es,2013-02-03,108804.5082,
6,2_81,es,2013-02-03,38343.1336,
6,17_95,es,2013-02-03,59263.6066,
6,31_2,es,2013-02-03,56149.37138,
2,4_94,es,2013-02-03,75021.88274,
3,35_14,es,2013-02-03,19223.03277,
2,11_93,es,2013-02-03,38160.42607,
6,6_96,es,2013-02-03,26495.16277,
2,45_13,es,2013-02-03,28135.501,
5,12_34,es,2013-02-03,35024.31086,
7,42_38,es,2013-02-03,50855.28708,
6,4_96,es,2013-02-03,46380.7115,
6,6_93,es,2013-02-03,43832.69341,
6,14_2,es,2013-02-03,69359.87031,
5,15_72,es,2013-02-03,50839.79594,
6,2_16,es,2013-02-03,18342.06049,
5,19_9,es,2013-02-03,20289.34537,
1,18_72,es,2013-02-03,58305.55249,
3,32_90,es,2013-02-03,56197.47914,
5,22_38,es,2013-02-03,90184.60697,
3,9_38,es,2013-02-03,85318.89773,
2,16_72,es,2013-02-03,37395.00157,
6,10_72,es,2013-02-03,219852.1944,
3,1_1,es,2013-02-03,41057.20286,
4,31_46,es,2013-02-03,27024.70255,
1,36_95,es,2013-02-03,34405.70302,
2,10_40,es,2013-02-03,113415.1051,
2,30_92,es,2013-02-03,67478.4895,
1,11_46,es,2013-02-03,31083.20402,
1,41_91,es,2013-02-03,56229.02102,
2,4_9,es,2013-02-03,35199.78996,
6,2_2,es,2013-02-03,70666.60203,
2,32_95,es,2013-02-03,80852.5349,
6,30_95,es,2013-02-03,43943.7665,
2,26_4,es,2013-02-03,26506.1769,
6,16_38,es,2013-02-03,56754.05089,
3,11_95,es,2013-02-03,82757.01248,
1,22_9,es,2013-02-03,18708.04496,
4,11_92,es,2013-02-03,93479.4516,
1,11_74,es,2013-02-03,25497.89485,
5,11_13,es,2013-02-03,46182.05001,
6,12_40,es,2013-02-03,59221.27385,
6,7_40,es,2013-02-03,36148.58227,
5,41_40,es,2013-02-03,59296.041,
3,43_38,es,2013-02-03,76696.86666,
6,10_23,es,2013-02-03,69856.71861,
3,20_92,es,2013-02-03,191927.0643,
6,28_91,es,2013-02-03,62390.10117,
4,17_4,es,2013-02-03,25339.96414,
7,18_74,es,2013-02-03,20345.62938,
6,19_23,es,2013-02-03,26176.38701,
1,13_4,es,2013-02-03,46992.50229,
6,13_91,es,2013-02-03,90179.96038,
2,23_40,es,2013-02-03,61713.19458,
3,32_92,es,2013-02-03,112717.5312,
7,6_38,es,2013-02-03,70690.24107,
7,12_8,es,2013-02-03,46141.30641,
6,10_16,es,2013-02-03,17395.45531,
2,14_91,es,2013-02-03,94089.03462,
5,20_91,es,2013-02-03,91684.29469,
6,27_80,es,2013-02-03,22896.35448,
7,22_40,es,2013-02-03,58667.61038,
1,20_9,es,2013-02-03,30169.21603,
5,14_1,es,2013-02-03,48630.31021,
5,30_91,es,2013-02-03,32709.38308,
6,38_38,es,2013-02-03,105440.2717,
4,13_23,es,2013-02-03,33726.74827,
6,1_38,es,2013-02-03,80103.1017,
2,11_7,es,2013-02-03,28997.41394,
4,10_38,es,2013-02-03,126219.4123,
3,23_92,es,2013-02-03,74999.4402,
7,21_72,es,2013-02-03,54433.94974,
3,20_90,es,2013-02-03,110585.1515,
2,2_87,es,2013-02-03,28641.89497,
3,3_72,es,2013-02-03,45373.98401,
1,4_95,es,2013-02-03,166057.4949,
6,24_87,es,2013-02-03,28752.3008,
5,23_22,es,2013-02-03,23933.11761,
1,37_95,es,2013-02-03,52692.11015,
3,34_91,es,2013-02-03,38890.90293,
6,4_8,es,2013-02-03,66812.49435,
3,16_95,es,2013-02-03,33442.00063,
2,10_34,es,2013-02-03,54373.05914,
6,44_94,es,2013-02-03,25037.68213,
5,40_4,es,2013-02-10,24560.45905,
4,10_5,es,2013-02-10,28301.80074,
5,23_16,es,2013-02-10,9080.655336,
4,13_13,es,2013-02-10,48960.34229,
6,29_40,es,2013-02-10,32192.43821,
6,23_74,es,2013-02-10,35867.77693,
6,1_97,es,2013-02-10,35706.20906,
4,16_40,es,2013-02-10,34638.72204,
2,40_2,es,2013-02-10,27650.98297,
4,24_90,es,2013-02-10,75807.99062,
4,23_72,es,2013-02-10,105074.2739,
2,31_13,es,2013-02-10,48547.93288,
4,26_40,es,2013-02-10,38916.65939,
1,20_7,es,2013-02-10,41976.83783,
1,19_2,es,2013-02-10,48800.22554,
7,6_72,es,2013-02-10,99811.5563,
1,26_92,es,2013-02-10,89385.64349,
6,2_81,es,2013-02-10,34853.03751,
2,17_95,es,2013-02-10,55361.11621,
7,31_2,es,2013-02-10,57206.37693,
1,4_94,es,2013-02-10,87948.26794,
1,35_14,es,2013-02-10,19633.68502,
7,11_93,es,2013-02-10,37538.97819,
2,6_96,es,2013-02-10,26002.02098,
5,45_13,es,2013-02-10,30828.67408,
5,12_34,es,2013-02-10,33265.6898,
4,42_38,es,2013-02-10,47016.34179,
6,4_96,es,2013-02-10,43855.14815,
7,6_93,es,2013-02-10,43157.10285,
4,14_2,es,2013-02-10,70998.72413,
2,15_72,es,2013-02-10,50225.88421,
1,2_16,es,2013-02-10,20845.41752,
3,19_9,es,2013-02-10,20253.46811,
1,18_72,es,2013-02-10,65848.88631,
1,32_90,es,2013-02-10,55033.74443,
3,22_38,es,2013-02-10,88483.82375,
2,9_38,es,2013-02-10,97076.57085,
7,16_72,es,2013-02-10,42252.55003,
3,10_72,es,2013-02-10,205307.9874,
3,1_1,es,2013-02-10,49979.55206,
3,31_46,es,2013-02-10,29234.32715,
3,36_95,es,2013-02-10,36932.19339,
6,10_40,es,2013-02-10,113001.3914,
6,30_92,es,2013-02-10,57930.44281,
7,11_46,es,2013-02-10,34032.79818,
4,41_91,es,2013-02-10,53920.27322,
1,4_9,es,2013-02-10,42878.42061,
6,2_2,es,2013-02-10,70965.33469,
1,32_95,es,2013-02-10,79462.72561,
5,30_95,es,2013-02-10,36979.24675,
7,26_4,es,2013-02-10,24852.38476,
4,16_38,es,2013-02-10,52898.45279,
7,11_95,es,2013-02-10,81799.66397,
7,22_9,es,2013-02-10,18593.04894,
3,11_92,es,2013-02-10,93923.38912,
7,11_74,es,2013-02-10,30155.74536,
4,11_13,es,2013-02-10,49136.027,
3,12_40,es,2013-02-10,58742.3411,
1,7_40,es,2013-02-10,38364.62229,
3,41_40,es,2013-02-10,64250.46854,
6,43_38,es,2013-02-10,72538.61943,
7,10_23,es,2013-02-10,72045.48468,
2,20_92,es,2013-02-10,181289.5894,
1,28_91,es,2013-02-10,53043.35713,
7,17_4,es,2013-02-10,24260.99238,
4,18_74,es,2013-02-10,17983.63008,
5,19_23,es,2013-02-10,28234.27623,
2,13_4,es,2013-02-10,46718.23161,
7,13_91,es,2013-02-10,89935.83737,
6,23_40,es,2013-02-10,63605.91695,
6,32_92,es,2013-02-10,107003.9711,
6,6_38,es,2013-02-10,83449.90802,
4,12_8,es,2013-02-10,44606.12224,
7,10_16,es,2013-02-10,21838.68223,
7,14_91,es,2013-02-10,85525.88149,
6,20_91,es,2013-02-10,85148.42787,
6,27_80,es,2013-02-10,21505.47592,
5,22_40,es,2013-02-10,57292.50938,
4,20_9,es,2013-02-10,33179.76691,
1,14_1,es,2013-02-10,56153.25905,
6,30_91,es,2013-02-10,28461.34718,
2,38_38,es,2013-02-10,104342.3074,
4,13_23,es,2013-02-10,33505.65887,
2,1_38,es,2013-02-10,85752.71412,
1,11_7,es,2013-02-10,32776.4039,
2,10_38,es,2013-02-10,112594.4771,
1,23_92,es,2013-02-10,76148.32836,
2,21_72,es,2013-02-10,56915.46205,
3,20_90,es,2013-02-10,102398.2616,
7,2_87,es,2013-02-10,25902.83045,
2,3_72,es,2013-02-10,44795.92559,
3,4_95,es,2013-02-10,166232.6915,
6,24_87,es,2013-02-10,30153.3138,
3,23_22,es,2013-02-10,27439.89649,
5,37_95,es,2013-02-10,49774.92561,
2,34_91,es,2013-02-10,36913.05087,
1,4_8,es,2013-02-10,69771.89763,
7,16_95,es,2013-02-10,34491.64738,
5,10_34,es,2013-02-10,52727.22856,
1,44_94,es,2013-02-10,26759.7257,
1,40_4,es,2013-02-17,24328.78508,
2,10_5,es,2013-02-17,26507.70582,
1,23_16,es,2013-02-17,9126.506736,
7,13_13,es,2013-02-17,50208.81937,
4,29_40,es,2013-02-17,29862.02022,
2,23_74,es,2013-02-17,34812.54332,
6,1_97,es,2013-02-17,32130.78592,
1,16_40,es,2013-02-17,33062.03117,
3,40_2,es,2013-02-17,27185.52435,
1,24_90,es,2013-02-17,73471.7668,
5,23_72,es,2013-02-17,84332.95208,
6,31_13,es,2013-02-17,49675.52333,
2,26_40,es,2013-02-17,37360.37735,
3,20_7,es,2013-02-17,32507.13762,
5,19_2,es,2013-02-17,43153.0935,
4,6_72,es,2013-02-17,87821.75727,
6,26_92,es,2013-02-17,87484.35761,
3,2_81,es,2013-02-17,34172.90441,
7,17_95,es,2013-02-17,56255.20502,
3,31_2,es,2013-02-17,56761.32821,
6,4_94,es,2013-02-17,72904.80982,
4,35_14,es,2013-02-17,14564.98868,
7,11_93,es,2013-02-17,33511.81333,
6,6_96,es,2013-02-17,25604.21354,
5,45_13,es,2013-02-17,30574.95182,
5,12_34,es,2013-02-17,32168.08861,
4,42_38,es,2013-02-17,48857.92502,
4,4_96,es,2013-02-17,42521.30629,
2,6_93,es,2013-02-17,39842.4999,
7,14_2,es,2013-02-17,70208.07388,
6,15_72,es,2013-02-17,41004.7515,
3,2_16,es,2013-02-17,27993.27561,
7,19_9,es,2013-02-17,23018.10228,
5,18_72,es,2013-02-17,51153.68108,
2,32_90,es,2013-02-17,53695.45375,
2,22_38,es,2013-02-17,82187.14959,
4,9_38,es,2013-02-17,78594.33852,
6,16_72,es,2013-02-17,40528.34992,
1,10_72,es,2013-02-17,203331.5598,
3,1_1,es,2013-02-17,21856.92801,
2,31_46,es,2013-02-17,26830.80732,
5,36_95,es,2013-02-17,34953.08787,
7,10_40,es,2013-02-17,105882.1839,
6,30_92,es,2013-02-17,58679.55752,
4,11_46,es,2013-02-17,29759.91291,
2,41_91,es,2013-02-17,53269.76134,
6,4_9,es,2013-02-17,44654.78463,
7,2_2,es,2013-02-17,67104.67154,
7,32_95,es,2013-02-17,79431.77346,
5,30_95,es,2013-02-17,40035.49521,
5,26_4,es,2013-02-17,24787.71942,
3,16_38,es,2013-02-17,62427.44597,
5,11_95,es,2013-02-17,77603.89196,
5,22_9,es,2013-02-17,18427.9586,
6,11_92,es,2013-02-17,84643.01729,
4,11_74,es,2013-02-17,29271.79681,
5,11_13,es,2013-02-17,46836.25971,
3,12_40,es,2013-02-17,57377.09535,
1,7_40,es,2013-02-17,38693.35943,
2,41_40,es,2013-02-17,59935.2491,
1,43_38,es,2013-02-17,82194.93901,
5,10_23,es,2013-02-17,69022.98084,
4,20_92,es,2013-02-17,165365.4727,
3,28_91,es,2013-02-17,50576.50496,
3,17_4,es,2013-02-17,25175.39424,
2,18_74,es,2013-02-17,17412.01212,
1,19_23,es,2013-02-17,21947.54144,
1,13_4,es,2013-02-17,47074.49287,
5,13_91,es,2013-02-17,84848.57734,
6,23_40,es,2013-02-17,61057.0689,
4,32_92,es,2013-02-17,104547.4196,
3,6_38,es,2013-02-17,69908.2634,
2,12_8,es,2013-02-17,46003.3772,
7,10_16,es,2013-02-17,20397.54741,
4,14_91,es,2013-02-17,84749.84984,
1,20_91,es,2013-02-17,75829.44657,
7,27_80,es,2013-02-17,22066.21855,
6,22_40,es,2013-02-17,53414.42742,
6,20_9,es,2013-02-17,33762.79128,
7,14_1,es,2013-02-17,27630.76483,
2,30_91,es,2013-02-17,29228.8076,
1,38_38,es,2013-02-17,103662.0624,
6,13_23,es,2013-02-17,31965.342,
4,1_38,es,2013-02-17,76546.20497,
6,11_7,es,2013-02-17,29437.10842,
7,10_38,es,2013-02-17,114541.5679,
7,23_92,es,2013-02-17,74213.15476,
6,21_72,es,2013-02-17,48372.00852,
7,20_90,es,2013-02-17,99223.87043,
6,2_87,es,2013-02-17,23010.82069,
3,3_72,es,2013-02-17,37949.06233,
7,4_95,es,2013-02-17,158866.9212,
3,24_87,es,2013-02-17,26949.89714,
7,23_22,es,2013-02-17,26609.14841,
7,37_95,es,2013-02-17,51346.47424,
3,34_91,es,2013-02-17,35590.34981,
1,4_8,es,2013-02-17,66648.20985,
4,16_95,es,2013-02-17,33855.60806,
1,10_34,es,2013-02-17,51165.24065,
5,44_94,es,2013-02-17,25610.20871,
5,40_4,es,2013-02-24,26288.16477,
7,10_5,es,2013-02-24,33726.13539,
4,23_16,es,2013-02-24,10596.78745,
5,13_13,es,2013-02-24,54611.29616,
4,29_40,es,2013-02-24,34838.57803,
1,23_74,es,2013-02-24,35645.34497,
3,1_97,es,2013-02-24,36561.67801,
7,16_40,es,2013-02-24,35529.85203,
5,40_2,es,2013-02-24,28422.05037,
5,24_90,es,2013-02-24,80890.78071,
6,23_72,es,2013-02-24,86753.29205,
7,31_13,es,2013-02-24,49247.78435,
3,26_40,es,2013-02-24,39786.86806,
6,20_7,es,2013-02-24,36059.59036,
7,19_2,es,2013-02-24,51180.96344,
5,6_72,es,2013-02-24,88254.87411,
7,26_92,es,2013-02-24,92344.5961,
3,2_81,es,2013-02-24,36184.20071,
2,17_95,es,2013-02-24,60888.66258,
1,31_2,es,2013-02-24,58206.29858,
7,4_94,es,2013-02-24,69770.13041,
4,35_14,es,2013-02-24,16628.64047,
4,11_93,es,2013-02-24,35011.11118,
7,6_96,es,2013-02-24,27094.90081,
4,45_13,es,2013-02-24,32814.52297,
3,12_34,es,2013-02-24,33015.08104,
4,42_38,es,2013-02-24,54588.28709,
6,4_96,es,2013-02-24,41056.77083,
7,6_93,es,2013-02-24,43140.24621,
1,14_2,es,2013-02-24,81628.06438,
5,15_72,es,2013-02-24,37144.10367,
7,2_16,es,2013-02-24,35992.69131,
2,19_9,es,2013-02-24,22137.38468,
2,18_72,es,2013-02-24,56394.89788,
6,32_90,es,2013-02-24,54972.35244,
6,22_38,es,2013-02-24,89335.05907,
2,9_38,es,2013-02-24,97909.15196,
5,16_72,es,2013-02-24,37943.17118,
7,10_72,es,2013-02-24,173254.3529,
3,1_1,es,2013-02-24,22852.11351,
5,31_46,es,2013-02-24,26643.7026,
5,36_95,es,2013-02-24,37231.36728,
2,10_40,es,2013-02-24,109896.4294,
6,30_92,es,2013-02-24,58626.72636,
3,11_46,es,2013-02-24,30225.32523,
6,41_91,es,2013-02-24,58184.0783,
1,4_9,es,2013-02-24,42600.53296,
5,2_2,es,2013-02-24,71330.34938,
1,32_95,es,2013-02-24,84330.4948,
1,30_95,es,2013-02-24,42112.33284,
5,26_4,es,2013-02-24,26475.37933,
6,16_38,es,2013-02-24,51736.94561,
4,11_95,es,2013-02-24,81061.36991,
2,22_9,es,2013-02-24,19618.19175,
2,11_92,es,2013-02-24,89014.2156,
3,11_74,es,2013-02-24,29511.1179,
7,11_13,es,2013-02-24,49649.5667,
6,12_40,es,2013-02-24,59570.10592,
1,7_40,es,2013-02-24,38454.57596,
3,41_40,es,2013-02-24,65307.38261,
1,43_38,es,2013-02-24,76254.79339,
5,10_23,es,2013-02-24,68448.16678,
5,20_92,es,2013-02-24,179414.1866,
4,28_91,es,2013-02-24,85359.35444,
1,17_4,es,2013-02-24,26251.64178,
4,18_74,es,2013-02-24,21120.20812,
6,19_23,es,2013-02-24,24125.47919,
7,13_4,es,2013-02-24,48471.67398,
2,13_91,es,2013-02-24,84242.07016,
4,23_40,es,2013-02-24,65694.34617,
5,32_92,es,2013-02-24,109311.4225,
5,6_38,es,2013-02-24,84804.97275,
2,12_8,es,2013-02-24,48458.67617,
7,10_16,es,2013-02-24,22917.90875,
6,14_91,es,2013-02-24,94911.6037,
3,20_91,es,2013-02-24,80109.76021,
5,27_80,es,2013-02-24,22319.67081,
5,22_40,es,2013-02-24,61711.69745,
5,20_9,es,2013-02-24,37107.19339,
5,14_1,es,2013-02-24,30970.05746,
5,30_91,es,2013-02-24,30520.68265,
5,38_38,es,2013-02-24,113986.2718,
3,13_23,es,2013-02-24,31981.30228,
5,1_38,es,2013-02-24,99066.42679,
5,11_7,es,2013-02-24,32731.92219,
1,10_38,es,2013-02-24,124623.62,
5,23_92,es,2013-02-24,85301.46348,
2,21_72,es,2013-02-24,55035.84814,
5,20_90,es,2013-02-24,103211.4394,
1,2_87,es,2013-02-24,27037.39836,
2,3_72,es,2013-02-24,34675.44908,
1,4_95,es,2013-02-24,162161.5076,
6,24_87,es,2013-02-24,33419.21949,
1,23_22,es,2013-02-24,24398.03284,
5,37_95,es,2013-02-24,52898.96771,
4,34_91,es,2013-02-24,36120.92162,
1,4_8,es,2013-02-24,70651.98934,
6,16_95,es,2013-02-24,36461.19786,
2,10_34,es,2013-02-24,51181.95385,
6,44_94,es,2013-02-24,25629.26816,
5,40_4,es,2013-03-03,23456.38051,
1,10_5,es,2013-03-03,19954.30136,
2,23_16,es,2013-03-03,11505.82021,
3,13_13,es,2013-03-03,47959.23176,
4,29_40,es,2013-03-03,33486.84946,
5,23_74,es,2013-03-03,29626.93594,
5,1_97,es,2013-03-03,38529.09758,
6,16_40,es,2013-03-03,33833.81994,
1,40_2,es,2013-03-03,24834.50634,
4,24_90,es,2013-03-03,80017.34786,
2,23_72,es,2013-03-03,70999.81687,
7,31_13,es,2013-03-03,46798.17348,
6,26_40,es,2013-03-03,36538.27651,
5,20_7,es,2013-03-03,33420.30852,
2,19_2,es,2013-03-03,44288.29956,
5,6_72,es,2013-03-03,84869.94982,
1,26_92,es,2013-03-03,105720.3663,
7,2_81,es,2013-03-03,36466.3146,
1,17_95,es,2013-03-03,57760.10109,
6,31_2,es,2013-03-03,56790.35091,
6,4_94,es,2013-03-03,73215.55045,
5,35_14,es,2013-03-03,16625.52226,
5,11_93,es,2013-03-03,35526.61377,
5,6_96,es,2013-03-03,27328.62022,
6,45_13,es,2013-03-03,31248.13896,
1,12_34,es,2013-03-03,30628.49608,
1,42_38,es,2013-03-03,50811.05148,
5,4_96,es,2013-03-03,42459.75664,
2,6_93,es,2013-03-03,45303.54486,
6,14_2,es,2013-03-03,71641.60544,
3,15_72,es,2013-03-03,28552.51839,
7,2_16,es,2013-03-03,33912.98186,
1,19_9,es,2013-03-03,20289.17465,
2,18_72,es,2013-03-03,44650.27793,
6,32_90,es,2013-03-03,55777.5167,
1,22_38,es,2013-03-03,98622.83825,
3,9_38,es,2013-03-03,94188.03427,
6,16_72,es,2013-03-03,37861.91493,
1,10_72,es,2013-03-03,170927.281,
4,1_1,es,2013-03-03,23638.01707,
1,31_46,es,2013-03-03,26563.32586,
5,36_95,es,2013-03-03,38154.71769,
5,10_40,es,2013-03-03,108543.2213,
5,30_92,es,2013-03-03,58400.95105,
2,11_46,es,2013-03-03,30354.9204,
5,41_91,es,2013-03-03,55970.60002,
1,4_9,es,2013-03-03,41163.68596,
2,2_2,es,2013-03-03,68997.91468,
1,32_95,es,2013-03-03,84737.25234,
4,30_95,es,2013-03-03,41643.42404,
4,26_4,es,2013-03-03,23981.21454,
4,16_38,es,2013-03-03,51689.95015,
1,11_95,es,2013-03-03,80028.27518,
3,22_9,es,2013-03-03,23108.97835,
5,11_92,es,2013-03-03,89288.03519,
7,11_74,es,2013-03-03,25948.62069,
7,11_13,es,2013-03-03,45031.56873,
6,12_40,es,2013-03-03,58328.57574,
2,7_40,es,2013-03-03,37611.39178,
5,41_40,es,2013-03-03,62336.88557,
1,43_38,es,2013-03-03,72591.19575,
1,10_23,es,2013-03-03,65838.95163,
1,20_92,es,2013-03-03,192355.7262,
4,28_91,es,2013-03-03,63952.42723,
5,17_4,es,2013-03-03,25372.81313,
7,18_74,es,2013-03-03,19911.23182,
3,19_23,es,2013-03-03,23266.23069,
7,13_4,es,2013-03-03,45353.19107,
4,13_91,es,2013-03-03,89703.14413,
1,23_40,es,2013-03-03,55918.27527,
6,32_92,es,2013-03-03,110494.344,
7,6_38,es,2013-03-03,72899.92738,
7,12_8,es,2013-03-03,44995.21895,
3,10_16,es,2013-03-03,32242.16793,
4,14_91,es,2013-03-03,91453.88989,
7,20_91,es,2013-03-03,90895.34723,
5,27_80,es,2013-03-03,21621.89833,
5,22_40,es,2013-03-03,55134.88554,
6,20_9,es,2013-03-03,34713.47547,
6,14_1,es,2013-03-03,34387.27275,
5,30_91,es,2013-03-03,30288.59391,
5,38_38,es,2013-03-03,98126.06761,
1,13_23,es,2013-03-03,32593.45773,
3,1_38,es,2013-03-03,77804.33685,
3,11_7,es,2013-03-03,31882.52788,
7,10_38,es,2013-03-03,117452.0458,
5,23_92,es,2013-03-03,70769.75155,
3,21_72,es,2013-03-03,40900.83965,
7,20_90,es,2013-03-03,106985.8864,
1,2_87,es,2013-03-03,20939.35181,
2,3_72,es,2013-03-03,34522.36733,
5,4_95,es,2013-03-03,166631.6108,
4,24_87,es,2013-03-03,26321.8063,
6,23_22,es,2013-03-03,19561.44553,
7,37_95,es,2013-03-03,51629.12303,
5,34_91,es,2013-03-03,36572.17854,
2,4_8,es,2013-03-03,66478.78468,
5,16_95,es,2013-03-03,36230.90023,
2,10_34,es,2013-03-03,49886.64385,
4,44_94,es,2013-03-03,26419.72187,
3,40_4,es,2013-03-10,22913.78368,
2,10_5,es,2013-03-10,14195.99445,
5,23_16,es,2013-03-10,12287.90759,
3,13_13,es,2013-03-10,47582.63553,
6,29_40,es,2013-03-10,32626.67768,
7,23_74,es,2013-03-10,30321.41967,
4,1_97,es,2013-03-10,39599.50839,
7,16_40,es,2013-03-10,34939.68003,
2,40_2,es,2013-03-10,26874.48136,
4,24_90,es,2013-03-10,69955.67712,
5,23_72,es,2013-03-10,63031.83861,
5,31_13,es,2013-03-10,48105.52565,
1,26_40,es,2013-03-10,37280.91063,
1,20_7,es,2013-03-10,37083.83625,
7,19_2,es,2013-03-10,42668.02686,
4,6_72,es,2013-03-10,87026.37701,
4,26_92,es,2013-03-10,88552.69164,
2,2_81,es,2013-03-10,37132.88921,
1,17_95,es,2013-03-10,56213.35915,
6,31_2,es,2013-03-10,55940.1614,
5,4_94,es,2013-03-10,77130.23082,
7,35_14,es,2013-03-10,19841.74599,
5,11_93,es,2013-03-10,37443.35836,
4,6_96,es,2013-03-10,36804.9608,
6,45_13,es,2013-03-10,30657.96995,
7,12_34,es,2013-03-10,32270.53214,
7,42_38,es,2013-03-10,48016.19715,
6,4_96,es,2013-03-10,45057.65826,
4,6_93,es,2013-03-10,48578.32272,
3,14_2,es,2013-03-10,73650.60946,
6,15_72,es,2013-03-10,28985.05432,
3,2_16,es,2013-03-10,50659.4848,
7,19_9,es,2013-03-10,24080.13184,
4,18_72,es,2013-03-10,30288.45968,
1,32_90,es,2013-03-10,54173.7006,
6,22_38,es,2013-03-10,90317.91936,
3,9_38,es,2013-03-10,78065.62632,
3,16_72,es,2013-03-10,28674.97715,
7,10_72,es,2013-03-10,128199.5089,
6,1_1,es,2013-03-10,23449.77122,
1,31_46,es,2013-03-10,26679.86598,
7,36_95,es,2013-03-10,41983.47631,
2,10_40,es,2013-03-10,104101.4657,
5,30_92,es,2013-03-10,54921.8182,
4,11_46,es,2013-03-10,31475.40229,
6,41_91,es,2013-03-10,53636.23374,
2,4_9,es,2013-03-10,50248.88945,
6,2_2,es,2013-03-10,67009.88804,
1,32_95,es,2013-03-10,83115.77452,
6,30_95,es,2013-03-10,39964.46873,
2,26_4,es,2013-03-10,24126.88625,
4,16_38,es,2013-03-10,57033.42783,
7,11_95,es,2013-03-10,89023.03895,
7,22_9,es,2013-03-10,23537.20916,
2,11_92,es,2013-03-10,92968.19634,
5,11_74,es,2013-03-10,26463.96228,
1,11_13,es,2013-03-10,46689.62199,
6,12_40,es,2013-03-10,57655.50001,
3,7_40,es,2013-03-10,43475.33171,
7,41_40,es,2013-03-10,60312.06901,
1,43_38,es,2013-03-10,74853.78771,
1,10_23,es,2013-03-10,69013.84087,
2,20_92,es,2013-03-10,176760.6988,
3,28_91,es,2013-03-10,54784.75718,
1,17_4,es,2013-03-10,23776.73707,
5,18_74,es,2013-03-10,18835.02012,
6,19_23,es,2013-03-10,24277.06676,
3,13_4,es,2013-03-10,43874.24404,
3,13_91,es,2013-03-10,86578.96635,
6,23_40,es,2013-03-10,61276.79332,
5,32_92,es,2013-03-10,105013.8536,
6,6_38,es,2013-03-10,64183.638,
1,12_8,es,2013-03-10,43832.79092,
4,10_16,es,2013-03-10,39315.92306,
6,14_91,es,2013-03-10,83643.35973,
4,20_91,es,2013-03-10,81349.33135,
7,27_80,es,2013-03-10,21475.707,
3,22_40,es,2013-03-10,56180.65017,
1,20_9,es,2013-03-10,41255.50523,
6,14_1,es,2013-03-10,38951.79349,
2,30_91,es,2013-03-10,29485.00933,
1,38_38,es,2013-03-10,95202.42204,
6,13_23,es,2013-03-10,34346.73195,
5,1_38,es,2013-03-10,77395.52488,
7,11_7,es,2013-03-10,34862.81741,
2,10_38,es,2013-03-10,113965.1438,
5,23_92,es,2013-03-10,76315.72673,
4,21_72,es,2013-03-10,36928.61537,
2,20_90,es,2013-03-10,99620.09449,
4,2_87,es,2013-03-10,19958.27509,
7,3_72,es,2013-03-10,30844.87435,
3,4_95,es,2013-03-10,170860.0666,
2,24_87,es,2013-03-10,24218.38013,
6,23_22,es,2013-03-10,22736.99591,
7,37_95,es,2013-03-10,49320.22604,
7,34_91,es,2013-03-10,38325.92431,
7,4_8,es,2013-03-10,66642.74345,
7,16_95,es,2013-03-10,39282.80705,
5,10_34,es,2013-03-10,52822.22033,
4,44_94,es,2013-03-10,26872.1756,
7,40_4,es,2013-03-17,23676.94484,
3,10_5,es,2013-03-17,12292.28297,
4,23_16,es,2013-03-17,14051.31051,
7,13_13,es,2013-03-17,46630.71905,
2,29_40,es,2013-03-17,31280.71801,
7,23_74,es,2013-03-17,30948.59221,
5,1_97,es,2013-03-17,35594.27172,
6,16_40,es,2013-03-17,34099.21122,
4,40_2,es,2013-03-17,26689.68377,
6,24_90,es,2013-03-17,71206.44274,
6,23_72,es,2013-03-17,60582.44488,
6,31_13,es,2013-03-17,45748.77414,
5,26_40,es,2013-03-17,37435.78836,
6,20_7,es,2013-03-17,37802.16848,
5,19_2,es,2013-03-17,45602.27617,
2,6_72,es,2013-03-17,68783.59445,
6,26_92,es,2013-03-17,85470.85604,
6,2_81,es,2013-03-17,33631.85734,
6,17_95,es,2013-03-17,54494.70119,
1,31_2,es,2013-03-17,54495.69672,
4,4_94,es,2013-03-17,71149.74898,
3,35_14,es,2013-03-17,16676.95898,
4,11_93,es,2013-03-17,31223.42945,
2,6_96,es,2013-03-17,28827.41767,
2,45_13,es,2013-03-17,29658.3184,
6,12_34,es,2013-03-17,29874.2715,
6,42_38,es,2013-03-17,48824.02111,
5,4_96,es,2013-03-17,41223.70583,
7,6_93,es,2013-03-17,39147.34817,
1,14_2,es,2013-03-17,73413.00335,
5,15_72,es,2013-03-17,23287.43215,
7,2_16,es,2013-03-17,55070.26061,
4,19_9,es,2013-03-17,27666.55931,
5,18_72,es,2013-03-17,25378.36349,
4,32_90,es,2013-03-17,49848.25528,
1,22_38,es,2013-03-17,86736.01149,
7,9_38,es,2013-03-17,86024.54406,
7,16_72,es,2013-03-17,33619.78312,
4,10_72,es,2013-03-17,134058.2252,
3,1_1,es,2013-03-17,24312.50472,
3,31_46,es,2013-03-17,26005.29924,
3,36_95,es,2013-03-17,37117.89067,
4,10_40,es,2013-03-17,102245.7838,
1,30_92,es,2013-03-17,56234.71711,
3,11_46,es,2013-03-17,27093.21351,
3,41_91,es,2013-03-17,53567.28107,
7,4_9,es,2013-03-17,46583.63856,
1,2_2,es,2013-03-17,62761.85107,
7,32_95,es,2013-03-17,79448.5663,
1,30_95,es,2013-03-17,40305.31679,
3,26_4,es,2013-03-17,23960.5806,
1,16_38,es,2013-03-17,53559.25649,
5,11_95,es,2013-03-17,78140.85165,
7,22_9,es,2013-03-17,23703.20723,
3,11_92,es,2013-03-17,81921.4219,
7,11_74,es,2013-03-17,23454.39212,
4,11_13,es,2013-03-17,43722.52613,
5,12_40,es,2013-03-17,56410.05868,
1,7_40,es,2013-03-17,37766.53764,
3,41_40,es,2013-03-17,62586.20761,
1,43_38,es,2013-03-17,73201.4624,
1,10_23,es,2013-03-17,64999.60775,
5,20_92,es,2013-03-17,154328.5951,
2,28_91,es,2013-03-17,50455.94597,
4,17_4,es,2013-03-17,23852.11043,
2,18_74,es,2013-03-17,17128.48526,
6,19_23,es,2013-03-17,23945.5311,
5,13_4,es,2013-03-17,44871.16459,
2,13_91,es,2013-03-17,82427.92003,
2,23_40,es,2013-03-17,59689.40703,
1,32_92,es,2013-03-17,99189.092,
2,6_38,es,2013-03-17,76512.67083,
1,12_8,es,2013-03-17,44316.97992,
6,10_16,es,2013-03-17,37320.39166,
1,14_91,es,2013-03-17,75324.98587,
6,20_91,es,2013-03-17,67509.65858,
7,27_80,es,2013-03-17,21835.42817,
6,22_40,es,2013-03-17,57284.88582,
6,20_9,es,2013-03-17,46739.78881,
1,14_1,es,2013-03-17,43285.05495,
7,30_91,es,2013-03-17,29805.12028,
6,38_38,es,2013-03-17,106901.9605,
1,13_23,es,2013-03-17,32266.83731,
4,1_38,es,2013-03-17,80216.59817,
7,11_7,es,2013-03-17,28164.45034,
1,10_38,es,2013-03-17,109786.019,
6,23_92,es,2013-03-17,71490.00312,
3,21_72,es,2013-03-17,29295.37797,
7,20_90,es,2013-03-17,91994.69275,
6,2_87,es,2013-03-17,21391.23507,
4,3_72,es,2013-03-17,30075.01741,
7,4_95,es,2013-03-17,154381.0677,
5,24_87,es,2013-03-17,27011.64017,
1,23_22,es,2013-03-17,21541.12575,
2,37_95,es,2013-03-17,53854.66524,
4,34_91,es,2013-03-17,35329.28497,
1,4_8,es,2013-03-17,61310.79722,
1,16_95,es,2013-03-17,35539.74072,
2,10_34,es,2013-03-17,52103.29523,
1,44_94,es,2013-03-17,26549.50027,
6,40_4,es,2013-03-24,24741.64045,
1,10_5,es,2013-03-24,19394.93415,
2,23_16,es,2013-03-24,15737.37723,
4,13_13,es,2013-03-24,47227.10072,
2,29_40,es,2013-03-24,31660.14649,
5,23_74,es,2013-03-24,31680.60337,
6,1_97,es,2013-03-24,34953.40075,
3,16_40,es,2013-03-24,31796.87315,
2,40_2,es,2013-03-24,25951.38782,
3,24_90,es,2013-03-24,73052.40243,
2,23_72,es,2013-03-24,66794.01406,
6,31_13,es,2013-03-24,44823.76226,
1,26_40,es,2013-03-24,36108.06934,
4,20_7,es,2013-03-24,43793.07248,
3,19_2,es,2013-03-24,48109.50238,
6,6_72,es,2013-03-24,71158.31368,
3,26_92,es,2013-03-24,82706.60924,
6,2_81,es,2013-03-24,35109.41863,
6,17_95,es,2013-03-24,56382.87143,
1,31_2,es,2013-03-24,53202.69658,
5,4_94,es,2013-03-24,77729.90868,
6,35_14,es,2013-03-24,16269.10116,
4,11_93,es,2013-03-24,32596.88958,
4,6_96,es,2013-03-24,29960.72474,
3,45_13,es,2013-03-24,29373.78449,
4,12_34,es,2013-03-24,32884.66211,
1,42_38,es,2013-03-24,46091.81458,
2,4_96,es,2013-03-24,42549.69911,
3,6_93,es,2013-03-24,41861.95948,
4,14_2,es,2013-03-24,72250.9814,
2,15_72,es,2013-03-24,22650.99115,
2,2_16,es,2013-03-24,52741.25508,
6,19_9,es,2013-03-24,26967.43263,
7,18_72,es,2013-03-24,22522.8169,
1,32_90,es,2013-03-24,49004.4719,
5,22_38,es,2013-03-24,92160.25631,
5,9_38,es,2013-03-24,90073.8718,
4,16_72,es,2013-03-24,28406.39463,
3,10_72,es,2013-03-24,118092.6927,
6,1_1,es,2013-03-24,29449.08964,
6,31_46,es,2013-03-24,25905.78435,
5,36_95,es,2013-03-24,36677.6627,
3,10_40,es,2013-03-24,101967.1911,
1,30_92,es,2013-03-24,57028.98599,
7,11_46,es,2013-03-24,27823.53193,
4,41_91,es,2013-03-24,58103.37294,
1,4_9,es,2013-03-24,49799.12648,
5,2_2,es,2013-03-24,66877.71288,
6,32_95,es,2013-03-24,76325.65985,
4,30_95,es,2013-03-24,40802.45998,
7,26_4,es,2013-03-24,23651.00743,
3,16_38,es,2013-03-24,59350.68207,
2,11_95,es,2013-03-24,76493.01002,
7,22_9,es,2013-03-24,25553.60648,
1,11_92,es,2013-03-24,80736.84249,
7,11_74,es,2013-03-24,20468.99211,
2,11_13,es,2013-03-24,45709.42845,
7,12_40,es,2013-03-24,55694.50778,
3,7_40,es,2013-03-24,33659.55239,
2,41_40,es,2013-03-24,62186.22402,
5,43_38,es,2013-03-24,75892.35792,
5,10_23,es,2013-03-24,64719.09411,
6,20_92,es,2013-03-24,165446.0156,
7,28_91,es,2013-03-24,62360.45103,
4,17_4,es,2013-03-24,24020.85253,
7,18_74,es,2013-03-24,16136.43342,
2,19_23,es,2013-03-24,26152.55184,
1,13_4,es,2013-03-24,45738.8381,
5,13_91,es,2013-03-24,79263.44914,
4,23_40,es,2013-03-24,58863.7728,
3,32_92,es,2013-03-24,96561.4836,
1,6_38,es,2013-03-24,72083.04055,
7,12_8,es,2013-03-24,45414.97947,
2,10_16,es,2013-03-24,40083.53845,
7,14_91,es,2013-03-24,81857.27726,
4,20_91,es,2013-03-24,72099.65995,
4,27_80,es,2013-03-24,21835.1378,
4,22_40,es,2013-03-24,56494.6338,
1,20_9,es,2013-03-24,46476.40938,
4,14_1,es,2013-03-24,63871.68674,
6,30_91,es,2013-03-24,29687.42746,
4,38_38,es,2013-03-24,108413.4278,
5,13_23,es,2013-03-24,33058.81047,
1,1_38,es,2013-03-24,85787.48146,
7,11_7,es,2013-03-24,30399.68484,
6,10_38,es,2013-03-24,120623.8248,
4,23_92,es,2013-03-24,73664.31228,
7,21_72,es,2013-03-24,33394.06483,
7,20_90,es,2013-03-24,98641.30837,
3,2_87,es,2013-03-24,21189.9675,
2,3_72,es,2013-03-24,25984.3121,
6,4_95,es,2013-03-24,153338.8472,
3,24_87,es,2013-03-24,28691.55302,
6,23_22,es,2013-03-24,21161.51681,
2,37_95,es,2013-03-24,54069.02793,
6,34_91,es,2013-03-24,33146.65356,
1,4_8,es,2013-03-24,60166.88075,
3,16_95,es,2013-03-24,34265.33976,
3,10_34,es,2013-03-24,53481.30164,
3,44_94,es,2013-03-24,26296.40505,
6,40_4,es,2013-03-31,25497.31216,
7,10_5,es,2013-03-31,17377.5154,
1,23_16,es,2013-03-31,21818.00595,
7,13_13,es,2013-03-31,47770.22206,
4,29_40,es,2013-03-31,32181.85143,
5,23_74,es,2013-03-31,33114.43791,
7,1_97,es,2013-03-31,40532.00143,
6,16_40,es,2013-03-31,29665.02374,
5,40_2,es,2013-03-31,28463.28819,
2,24_90,es,2013-03-31,79105.92189,
5,23_72,es,2013-03-31,62896.04548,
5,31_13,es,2013-03-31,46215.3463,
4,26_40,es,2013-03-31,38109.29724,
6,20_7,es,2013-03-31,49684.50713,
1,19_2,es,2013-03-31,49816.36244,
4,6_72,es,2013-03-31,67755.45229,
1,26_92,es,2013-03-31,108682.1307,
7,2_81,es,2013-03-31,36878.82266,
6,17_95,es,2013-03-31,57566.96758,
6,31_2,es,2013-03-31,57417.58066,
5,4_94,es,2013-03-31,82736.02593,
2,35_14,es,2013-03-31,17052.11771,
4,11_93,es,2013-03-31,38492.32466,
5,6_96,es,2013-03-31,32064.40525,
2,45_13,es,2013-03-31,30140.75358,
2,12_34,es,2013-03-31,33561.83557,
4,42_38,es,2013-03-31,47910.45064,
2,4_96,es,2013-03-31,46037.91952,
3,6_93,es,2013-03-31,47681.42502,
2,14_2,es,2013-03-31,76217.3313,
4,15_72,es,2013-03-31,25609.95549,
7,2_16,es,2013-03-31,59051.17381,
1,19_9,es,2013-03-31,31065.04324,
1,18_72,es,2013-03-31,25518.95697,
5,32_90,es,2013-03-31,54226.38958,
4,22_38,es,2013-03-31,96725.55797,
2,9_38,es,2013-03-31,92650.58377,
6,16_72,es,2013-03-31,25516.05249,
7,10_72,es,2013-03-31,124824.1763,
5,1_1,es,2013-03-31,35681.65874,
6,31_46,es,2013-03-31,26580.85197,
7,36_95,es,2013-03-31,40096.31201,
4,10_40,es,2013-03-31,104604.7362,
7,30_92,es,2013-03-31,57818.37457,
7,11_46,es,2013-03-31,28562.47217,
5,41_91,es,2013-03-31,60209.60398,
4,4_9,es,2013-03-31,53709.27768,
3,2_2,es,2013-03-31,65662.5807,
7,32_95,es,2013-03-31,84235.21759,
4,30_95,es,2013-03-31,42128.4912,
7,26_4,es,2013-03-31,25950.47276,
4,16_38,es,2013-03-31,59067.11138,
3,11_95,es,2013-03-31,87127.48957,
3,22_9,es,2013-03-31,28796.3649,
1,11_92,es,2013-03-31,91758.33214,
1,11_74,es,2013-03-31,23140.95083,
5,11_13,es,2013-03-31,46650.9887,
4,12_40,es,2013-03-31,57283.66422,
5,7_40,es,2013-03-31,33533.64498,
5,41_40,es,2013-03-31,62046.68194,
6,43_38,es,2013-03-31,73114.99424,
4,10_23,es,2013-03-31,71541.80172,
6,20_92,es,2013-03-31,188749.9505,
2,28_91,es,2013-03-31,77928.57509,
2,17_4,es,2013-03-31,26339.63227,
5,18_74,es,2013-03-31,17608.73959,
5,19_23,es,2013-03-31,25679.24447,
6,13_4,es,2013-03-31,46102.90635,
6,13_91,es,2013-03-31,86141.41553,
2,23_40,es,2013-03-31,60298.34963,
4,32_92,es,2013-03-31,108257.6939,
7,6_38,es,2013-03-31,81247.76098,
1,12_8,es,2013-03-31,45624.46455,
7,10_16,es,2013-03-31,43436.91072,
3,14_91,es,2013-03-31,97291.76895,
1,20_91,es,2013-03-31,86288.27201,
7,27_80,es,2013-03-31,22964.50692,
3,22_40,es,2013-03-31,56762.34185,
3,20_9,es,2013-03-31,51769.32123,
7,14_1,es,2013-03-31,82840.25914,
5,30_91,es,2013-03-31,29964.84472,
4,38_38,es,2013-03-31,108246.906,
1,13_23,es,2013-03-31,32571.30699,
2,1_38,es,2013-03-31,95201.24003,
5,11_7,es,2013-03-31,34964.11405,
2,10_38,es,2013-03-31,109810.1174,
6,23_92,es,2013-03-31,76483.45846,
6,21_72,es,2013-03-31,37613.15409,
3,20_90,es,2013-03-31,106540.2585,
4,2_87,es,2013-03-31,21498.17633,
1,3_72,es,2013-03-31,30849.79461,
1,4_95,es,2013-03-31,172740.9364,
7,24_87,es,2013-03-31,29105.53095,
6,23_22,es,2013-03-31,21171.49353,
2,37_95,es,2013-03-31,53418.60966,
7,34_91,es,2013-03-31,39625.58807,
3,4_8,es,2013-03-31,63998.29229,
2,16_95,es,2013-03-31,32470.20772,
1,10_34,es,2013-03-31,55614.80771,
1,44_94,es,2013-03-31,26100.07054,
6,40_4,es,2013-04-07,23014.49091,
7,10_5,es,2013-04-07,26787.85919,
7,23_16,es,2013-04-07,35098.6089,
2,13_13,es,2013-04-07,44686.62037,
2,29_40,es,2013-04-07,31211.87173,
3,23_74,es,2013-04-07,29212.84917,
4,1_97,es,2013-04-07,40323.99675,
7,16_40,es,2013-04-07,28326.73347,
6,40_2,es,2013-04-07,25406.27049,
1,24_90,es,2013-04-07,72916.40999,
1,23_72,es,2013-04-07,62596.48781,
3,31_13,es,2013-04-07,45835.66743,
7,26_40,es,2013-04-07,33560.16744,
5,20_7,es,2013-04-07,43134.84385,
6,19_2,es,2013-04-07,49918.61485,
3,6_72,es,2013-04-07,70557.45242,
1,26_92,es,2013-04-07,82863.50122,
3,2_81,es,2013-04-07,36171.57065,
1,17_95,es,2013-04-07,52517.27441,
6,31_2,es,2013-04-07,55678.04172,
3,4_94,es,2013-04-07,76130.35734,
1,35_14,es,2013-04-07,18741.13479,
7,11_93,es,2013-04-07,39206.06303,
7,6_96,es,2013-04-07,30513.12262,
3,45_13,es,2013-04-07,29930.45111,
7,12_34,es,2013-04-07,33601.63275,
7,42_38,es,2013-04-07,50157.82975,
7,4_96,es,2013-04-07,43220.66412,
5,6_93,es,2013-04-07,46441.62325,
3,14_2,es,2013-04-07,75327.0241,
2,15_72,es,2013-04-07,20354.20526,
2,2_16,es,2013-04-07,54749.85039,
2,19_9,es,2013-04-07,35052.15127,
4,18_72,es,2013-04-07,28414.1436,
6,32_90,es,2013-04-07,51809.22527,
1,22_38,es,2013-04-07,97275.00107,
5,9_38,es,2013-04-07,82517.3907,
3,16_72,es,2013-04-07,26860.64415,
1,10_72,es,2013-04-07,131548.8787,
1,1_1,es,2013-04-07,30654.36693,
4,31_46,es,2013-04-07,26673.72616,
7,36_95,es,2013-04-07,41979.81967,
5,10_40,es,2013-04-07,97275.40271,
4,30_92,es,2013-04-07,56517.41976,
6,11_46,es,2013-04-07,29425.07265,
4,41_91,es,2013-04-07,58482.00414,
2,4_9,es,2013-04-07,50553.14724,
7,2_2,es,2013-04-07,64543.87832,
7,32_95,es,2013-04-07,83317.20563,
6,30_95,es,2013-04-07,41715.22303,
6,26_4,es,2013-04-07,23091.07908,
7,16_38,es,2013-04-07,54851.35368,
4,11_95,es,2013-04-07,87055.38969,
3,22_9,es,2013-04-07,33975.60338,
7,11_92,es,2013-04-07,89404.7103,
5,11_74,es,2013-04-07,22076.1262,
7,11_13,es,2013-04-07,43743.19842,
5,12_40,es,2013-04-07,53634.63844,
4,7_40,es,2013-04-07,27389.63737,
7,41_40,es,2013-04-07,61121.11609,
4,43_38,es,2013-04-07,73426.76359,
5,10_23,es,2013-04-07,65489.26726,
1,20_92,es,2013-04-07,182932.3247,
6,28_91,es,2013-04-07,56279.85808,
6,17_4,es,2013-04-07,27309.00043,
5,18_74,es,2013-04-07,16430.68744,
2,19_23,es,2013-04-07,26641.57572,
5,13_4,es,2013-04-07,46346.89419,
3,13_91,es,2013-04-07,88176.60862,
4,23_40,es,2013-04-07,58912.93175,
3,32_92,es,2013-04-07,105284.3627,
2,6_38,es,2013-04-07,64551.84864,
6,12_8,es,2013-04-07,45617.28546,
2,10_16,es,2013-04-07,35512.08079,
7,14_91,es,2013-04-07,82810.18825,
4,20_91,es,2013-04-07,84170.00823,
6,27_80,es,2013-04-07,21100.91389,
7,22_40,es,2013-04-07,57038.71596,
1,20_9,es,2013-04-07,81513.4121,
2,14_1,es,2013-04-07,63531.60594,
4,30_91,es,2013-04-07,30412.23463,
2,38_38,es,2013-04-07,105056.2751,
5,13_23,es,2013-04-07,31781.40271,
1,1_38,es,2013-04-07,84958.36146,
3,11_7,es,2013-04-07,37430.26911,
4,10_38,es,2013-04-07,106101.5491,
6,23_92,es,2013-04-07,69259.59096,
3,21_72,es,2013-04-07,34905.37687,
6,20_90,es,2013-04-07,103159.9494,
1,2_87,es,2013-04-07,20449.10055,
3,3_72,es,2013-04-07,27969.19965,
5,4_95,es,2013-04-07,168786.1332,
4,24_87,es,2013-04-07,24124.94227,
5,23_22,es,2013-04-07,18473.89543,
1,37_95,es,2013-04-07,54737.36076,
3,34_91,es,2013-04-07,36401.22103,
2,4_8,es,2013-04-07,59791.03718,
3,16_95,es,2013-04-07,31059.37705,
6,10_34,es,2013-04-07,50637.97442,
5,44_94,es,2013-04-07,26009.04874,
2,40_4,es,2013-04-14,24216.81808,
1,10_5,es,2013-04-14,27022.32267,
6,23_16,es,2013-04-14,31998.71917,
2,13_13,es,2013-04-14,47025.95375,
2,29_40,es,2013-04-14,32078.59182,
7,23_74,es,2013-04-14,33439.89979,
1,1_97,es,2013-04-14,36023.53475,
4,16_40,es,2013-04-14,21765.21393,
1,40_2,es,2013-04-14,26018.49673,
7,24_90,es,2013-04-14,81425.36891,
7,23_72,es,2013-04-14,62185.2772,
7,31_13,es,2013-04-14,47394.54454,
5,26_40,es,2013-04-14,35336.9239,
6,20_7,es,2013-04-14,72623.20623,
4,19_2,es,2013-04-14,48078.57745,
1,6_72,es,2013-04-14,69956.15157,
5,26_92,es,2013-04-14,88901.88714,
5,2_81,es,2013-04-14,35127.99666,
6,17_95,es,2013-04-14,60186.91206,
2,31_2,es,2013-04-14,57319.18207,
1,4_94,es,2013-04-14,83705.01491,
6,35_14,es,2013-04-14,18762.71133,
2,11_93,es,2013-04-14,37512.36528,
3,6_96,es,2013-04-14,33377.99221,
6,45_13,es,2013-04-14,29995.04948,
1,12_34,es,2013-04-14,33111.7461,
4,42_38,es,2013-04-14,41763.85067,
3,4_96,es,2013-04-14,49810.87226,
1,6_93,es,2013-04-14,48642.30542,
4,14_2,es,2013-04-14,79095.85962,
4,15_72,es,2013-04-14,23881.51701,
5,2_16,es,2013-04-14,52203.78999,
1,19_9,es,2013-04-14,31061.13597,
4,18_72,es,2013-04-14,22500.45973,
1,32_90,es,2013-04-14,55837.13343,
7,22_38,es,2013-04-14,90267.10484,
4,9_38,es,2013-04-14,82794.23331,
1,16_72,es,2013-04-14,18894.67501,
4,10_72,es,2013-04-14,112277.2411,
4,1_1,es,2013-04-14,47423.38273,
2,31_46,es,2013-04-14,27986.20003,
6,36_95,es,2013-04-14,38074.82514,
1,10_40,es,2013-04-14,100236.0001,
4,30_92,es,2013-04-14,57827.74501,
7,11_46,es,2013-04-14,31053.64793,
7,41_91,es,2013-04-14,57674.34332,
5,4_9,es,2013-04-14,52953.55383,
7,2_2,es,2013-04-14,67129.5984,
3,32_95,es,2013-04-14,85850.35141,
2,30_95,es,2013-04-14,41326.18406,
6,26_4,es,2013-04-14,24994.12868,
2,16_38,es,2013-04-14,45570.01029,
5,11_95,es,2013-04-14,81791.34321,
3,22_9,es,2013-04-14,36722.61708,
1,11_92,es,2013-04-14,85411.13236,
3,11_74,es,2013-04-14,21512.61489,
6,11_13,es,2013-04-14,44216.12842,
3,12_40,es,2013-04-14,52516.66432,
6,7_40,es,2013-04-14,28599.17549,
1,41_40,es,2013-04-14,61243.45087,
6,43_38,es,2013-04-14,70469.82059,
3,10_23,es,2013-04-14,75285.05526,
1,20_92,es,2013-04-14,187890.7815,
4,28_91,es,2013-04-14,52003.71082,
3,17_4,es,2013-04-14,31455.11861,
1,18_74,es,2013-04-14,22079.71916,
6,19_23,es,2013-04-14,25086.40435,
7,13_4,es,2013-04-14,47397.45735,
3,13_91,es,2013-04-14,84872.56849,
5,23_40,es,2013-04-14,60351.97892,
6,32_92,es,2013-04-14,109644.4171,
7,6_38,es,2013-04-14,72910.1396,
6,12_8,es,2013-04-14,43732.83644,
4,10_16,es,2013-04-14,43235.60775,
2,14_91,es,2013-04-14,85355.37902,
5,20_91,es,2013-04-14,78722.46544,
2,27_80,es,2013-04-14,21967.49607,
4,22_40,es,2013-04-14,57283.08609,
1,20_9,es,2013-04-14,67131.26198,
1,14_1,es,2013-04-14,122484.2489,
3,30_91,es,2013-04-14,30518.03486,
1,38_38,es,2013-04-14,109096.1679,
4,13_23,es,2013-04-14,35999.72888,
1,1_38,es,2013-04-14,77916.13576,
6,11_7,es,2013-04-14,41870.44193,
6,10_38,es,2013-04-14,108738.4191,
1,23_92,es,2013-04-14,77646.62116,
5,21_72,es,2013-04-14,33452.26101,
4,20_90,es,2013-04-14,113788.3754,
2,2_87,es,2013-04-14,21782.47049,
4,3_72,es,2013-04-14,28486.22433,
4,4_95,es,2013-04-14,183468.3491,
1,24_87,es,2013-04-14,25444.4273,
3,23_22,es,2013-04-14,20689.85284,
2,37_95,es,2013-04-14,55154.19849,
5,34_91,es,2013-04-14,36843.33149,
3,4_8,es,2013-04-14,63413.96798,
1,16_95,es,2013-04-14,27785.06985,
1,10_34,es,2013-04-14,58762.49575,
6,44_94,es,2013-04-14,24250.02225,
