intersection,date,actual_sales,Country,Store,Division,Category,Product,forecast_es,forecast_sarima
40_4,2010-02-05,23906.14,Canada,40,C,C_2,4,23202.667788453313,0.0
40_4,2010-02-12,21778.87,Canada,40,C,C_2,4,20684.055555256877,19216.924116136335
40_4,2010-02-19,21779.47,Canada,40,C,C_2,4,22203.422475435247,21103.68638048287
40_4,2010-02-26,20609.53,Canada,40,C,C_2,4,21900.56707318711,21598.15141414821
40_4,2010-03-05,25311.53,Canada,40,C,C_2,4,23715.423877171066,20875.12525695515
40_4,2010-03-12,21921.82,Canada,40,C,C_2,4,20970.006854344094,24119.570384102473
40_4,2010-03-19,21356.97,Canada,40,C,C_2,4,20469.133060041357,22512.308764254813
40_4,2010-03-26,21865.7,Canada,40,C,C_2,4,21273.957423873173,21667.38509181395
40_4,2010-04-02,23860.81,Canada,40,C,C_2,4,22354.866192186546,21812.41697646247
40_4,2010-04-09,21321.64,Canada,40,C,C_2,4,23203.940422046617,23310.450095345343
40_4,2010-04-16,22288.3,Canada,40,C,C_2,4,20545.88313230398,21855.99123146341
40_4,2010-04-23,21947.07,Canada,40,C,C_2,4,21861.33161540783,22172.14777240238
40_4,2010-04-30,20806.15,Canada,40,C,C_2,4,20068.969023332127,22007.54363956036
40_4,2010-05-07,24371.97,Canada,40,C,C_2,4,26149.41982897999,21128.939074875812
40_4,2010-05-14,22923.7,Canada,40,C,C_2,4,22756.82025673238,23500.63614434738
40_4,2010-05-21,22583.53,Canada,40,C,C_2,4,23161.14499078037,23078.710546222374
40_4,2010-05-28,23216.91,Canada,40,C,C_2,4,23944.337191497576,22716.574545225165
40_4,2010-06-04,26084.16,Canada,40,C,C_2,4,26811.48518494966,23082.480439815605
40_4,2010-06-11,25090.77,Canada,40,C,C_2,4,25277.765489279656,25277.67215421759
40_4,2010-06-18,24583.04,Canada,40,C,C_2,4,23859.99316588159,25140.986657942594
40_4,2010-06-25,23139.35,Canada,40,C,C_2,4,24918.377013588673,24732.948472641267
40_4,2010-07-02,29461.56,Canada,40,C,C_2,4,28675.724935033235,23567.51622276755
40_4,2010-07-09,26173.4,Canada,40,C,C_2,4,28360.93939380359,27877.95503033575
40_4,2010-07-16,25722.38,Canada,40,C,C_2,4,25518.596541671144,26631.377904326586
40_4,2010-07-23,26797.59,Canada,40,C,C_2,4,25168.06994644896,25966.608521726754
40_4,2010-07-30,25706.3,Canada,40,C,C_2,4,25765.26686357565,26574.32284277668
40_4,2010-08-06,29667.02,Canada,40,C,C_2,4,29650.201121228376,25939.519388853714
40_4,2010-08-13,24876.87,Canada,40,C,C_2,4,24878.719650668343,28665.519380842827
40_4,2010-08-20,24946.77,Canada,40,C,C_2,4,24936.969700029284,25894.800000960262
40_4,2010-08-27,25633.3,Canada,40,C,C_2,4,25594.42758998616,25201.485620998807
40_4,2010-09-03,26314.71,Canada,40,C,C_2,4,26256.633250240386,25517.280604419637
40_4,2010-09-10,26862.59,Canada,40,C,C_2,4,26825.806722310626,26100.457578144033
40_4,2010-09-17,24092.8,Canada,40,C,C_2,4,24067.697314388566,26657.821128846444
40_4,2010-09-24,22841.26,Canada,40,C,C_2,4,22813.172972869335,24781.966955736974
40_4,2010-10-01,23983.73,Canada,40,C,C_2,4,23967.314598810994,23362.6869347029
40_4,2010-10-08,24510.55,Canada,40,C,C_2,4,24494.35702035487,23816.868856487836
40_4,2010-10-15,22681.74,Canada,40,C,C_2,4,22643.90762499032,24324.17254035646
40_4,2010-10-22,22125.99,Canada,40,C,C_2,4,22088.2267909827,23123.02690446693
40_4,2010-10-29,21633.53,Canada,40,C,C_2,4,21596.58394565161,22393.87274002163
40_4,2010-11-05,23719.13,Canada,40,C,C_2,4,23661.02868961606,21837.818021476472
40_4,2010-11-12,23915.41,Canada,40,C,C_2,4,23828.366513556648,23213.661240133068
40_4,2010-11-19,21333.08,Canada,40,C,C_2,4,21235.01035701725,23726.864942382083
40_4,2010-11-26,24478.78,Canada,40,C,C_2,4,24346.212149282863,21976.239412169125
40_4,2010-12-03,23326.81,Canada,40,C,C_2,4,23186.560739318742,23806.40024486753
40_4,2010-12-10,22922.74,Canada,40,C,C_2,4,22771.315141695606,23455.665760811928
40_4,2010-12-17,21521.68,Canada,40,C,C_2,4,21368.013071587477,23065.925886495163
40_4,2010-12-24,25876.14,Canada,40,C,C_2,4,25705.862461787896,21936.586226126765
40_4,2010-12-31,22467.31,Canada,40,C,C_2,4,22264.175244206468,24817.66517857697
40_4,2011-01-07,24691.51,Canada,40,C,C_2,4,24492.21534852741,23098.80075268972
40_4,2011-01-14,21980.89,Canada,40,C,C_2,4,21750.38713680397,24263.582693281714
40_4,2011-01-21,21182.7,Canada,40,C,C_2,4,20970.037333476615,22594.201273197577
40_4,2011-01-28,20532.44,Canada,40,C,C_2,4,20319.636305706914,22030.92891364697
40_4,2011-02-04,23147.61,Canada,40,C,C_2,4,22952.388017719433,38197.93575496163
40_4,2011-02-11,20613.39,Canada,40,C,C_2,4,20407.347184551,25731.82115570321
40_4,2011-02-18,22119.35,Canada,40,C,C_2,4,21865.638620281035,22598.732094280607
40_4,2011-02-25,21892.4,Canada,40,C,C_2,4,21626.67084129531,21253.865129507518
40_4,2011-03-04,23829.76,Canada,40,C,C_2,4,23583.06985188035,25989.971955875015
40_4,2011-03-11,20974.85,Canada,40,C,C_2,4,20744.665938869774,21566.96080928913
40_4,2011-03-18,20445.01,Canada,40,C,C_2,4,20197.778180093563,20674.682852440492
40_4,2011-03-25,21231.59,Canada,40,C,C_2,4,20960.444804650004,21014.5728346144
40_4,2011-04-01,22285.61,Canada,40,C,C_2,4,22024.235767860053,22990.1974037696
40_4,2011-04-08,23063.69,Canada,40,C,C_2,4,22775.564745548534,20221.70325865221
40_4,2011-04-15,20623.18,Canada,40,C,C_2,4,20300.294596773165,22802.823441612818
40_4,2011-04-22,21845.42,Canada,40,C,C_2,4,21508.73858457223,21182.543696212986
40_4,2011-04-29,20070.98,Canada,40,C,C_2,4,19742.648260333463,20537.829558331337
40_4,2011-05-06,26139.35,Canada,40,C,C_2,4,25793.360460752392,23567.37900405626
40_4,2011-05-13,22904.63,Canada,40,C,C_2,4,22580.06427072032,23778.82293677611
40_4,2011-05-20,23325.25,Canada,40,C,C_2,4,23008.451403303294,22944.66306697307
40_4,2011-05-27,24160.87,Canada,40,C,C_2,4,23876.76341161476,23781.029938584452
40_4,2011-06-03,27091.65,Canada,40,C,C_2,4,26841.8003709563,26680.892372194136
40_4,2011-06-10,25650.16,Canada,40,C,C_2,4,25407.22459343988,26019.30430692029
40_4,2011-06-17,24287.23,Canada,40,C,C_2,4,24047.85412487551,25322.96243966118
40_4,2011-06-24,25344.33,Canada,40,C,C_2,4,25088.358904828532,23396.29692036157
40_4,2011-07-01,29244.06,Canada,40,C,C_2,4,29036.12359052083,30424.537883747733
40_4,2011-07-08,28904.93,Canada,40,C,C_2,4,28700.680833069804,26695.3416917442
40_4,2011-07-15,26273.31,Canada,40,C,C_2,4,26082.62814433044,27588.42167038957
40_4,2011-07-22,25946.62,Canada,40,C,C_2,4,25768.128450439315,27795.97208483986
40_4,2011-07-29,26456.87,Canada,40,C,C_2,4,26281.208608793175,25701.12300040856
40_4,2011-08-05,29709.39,Canada,40,C,C_2,4,30215.87384712098,29805.83597976866
40_4,2011-08-12,27360.11,Canada,40,C,C_2,4,25433.208587036588,25307.58179313709
40_4,2011-08-19,26512.66,Canada,40,C,C_2,4,25677.8805034367,26574.813411745334
40_4,2011-08-26,27182.48,Canada,40,C,C_2,4,26438.6963893352,27175.882238145346
40_4,2011-09-02,26046.42,Canada,40,C,C_2,4,27197.33962616309,27817.64711403706
40_4,2011-09-09,27988.79,Canada,40,C,C_2,4,27709.721016837855,27252.341838968354
40_4,2011-09-16,26130.16,Canada,40,C,C_2,4,25008.6570234838,25103.934255249453
40_4,2011-09-23,23803.56,Canada,40,C,C_2,4,23881.48164665516,24536.21985099706
40_4,2011-09-30,25338.69,Canada,40,C,C_2,4,25068.976909956265,25149.15613140015
40_4,2011-10-07,28446.26,Canada,40,C,C_2,4,25658.23441466294,25743.218832707244
40_4,2011-10-14,25050.33,Canada,40,C,C_2,4,24075.688389624986,25651.491686681773
40_4,2011-10-21,23355.77,Canada,40,C,C_2,4,23648.262112393357,24759.50837773661
40_4,2011-10-28,23453.91,Canada,40,C,C_2,4,23185.083466547207,23469.12810443635
40_4,2011-11-04,25352.14,Canada,40,C,C_2,4,25322.581856488992,25399.423080512588
40_4,2011-11-11,24848.39,Canada,40,C,C_2,4,25542.60722777683,25554.972525684116
40_4,2011-11-18,22588.77,Canada,40,C,C_2,4,22940.615784825775,22749.994446503588
40_4,2011-11-25,23227.83,Canada,40,C,C_2,4,26067.44739064105,25561.15887741939
40_4,2011-12-02,24346.86,Canada,40,C,C_2,4,24716.74885886505,23107.421433439737
40_4,2011-12-09,24713.42,Canada,40,C,C_2,4,24300.378862136804,23463.11830338562
40_4,2011-12-16,23198.36,Canada,40,C,C_2,4,22956.933047187773,22926.625265338214
40_4,2011-12-23,27543.69,Canada,40,C,C_2,4,27341.4212018065,27117.72044129395
40_4,2011-12-30,20958.23,Canada,40,C,C_2,4,23942.15805307815,24232.222477394906
40_4,2012-01-06,27014.15,Canada,40,C,C_2,4,25950.943887401434,24305.747116092727
40_4,2012-01-13,23009.01,Canada,40,C,C_2,4,23308.273994403477,23386.663066574343
40_4,2012-01-20,23056.3,Canada,40,C,C_2,4,22516.6954481769,22349.100174663607
40_4,2012-01-27,20443.45,Canada,40,C,C_2,4,21922.913812547948,22299.18150334961
40_4,2012-02-03,25029.74,Canada,40,C,C_2,4,24449.209051744227,24109.979514518083
40_4,2012-02-10,22612.86,Canada,40,C,C_2,4,21960.823257355914,22391.09769895341
40_4,2012-02-17,22121.79,Canada,40,C,C_2,4,23482.07418499222,23882.42759055714
40_4,2012-02-24,23275.83,Canada,40,C,C_2,4,23140.06746847806,22607.04533687606
40_4,2012-03-02,24360.53,Canada,40,C,C_2,4,25108.485837103737,24913.258552703366
40_4,2012-03-09,23528.38,Canada,40,C,C_2,4,22211.344611623015,21905.748430210526
40_4,2012-03-16,22356.97,Canada,40,C,C_2,4,21771.567477145985,22365.504688817564
40_4,2012-03-23,20848.28,Canada,40,C,C_2,4,22584.23242320588,23089.25468150995
40_4,2012-03-30,22631.97,Canada,40,C,C_2,4,23508.455503928104,22767.60307981415
40_4,2012-04-06,27642.06,Canada,40,C,C_2,4,24183.993857902435,23295.046272543826
40_4,2012-04-13,21120.38,Canada,40,C,C_2,4,21979.287555184543,23729.272705687974
40_4,2012-04-20,22677.59,Canada,40,C,C_2,4,23115.38223741709,23251.21919245567
40_4,2012-04-27,24598.59,Canada,40,C,C_2,4,21305.953845927954,21292.56711011825
40_4,2012-05-04,25907.6,Canada,40,C,C_2,4,27346.953613551726,26868.103712901597
40_4,2012-05-11,24006.47,Canada,40,C,C_2,4,24121.333960671473,23931.320906407465
40_4,2012-05-18,23310.67,Canada,40,C,C_2,4,24537.957173738072,24299.00681863677
40_4,2012-05-25,24282.47,Canada,40,C,C_2,4,25393.98907473481,25091.96023480668
40_4,2012-06-01,26287.77,Canada,40,C,C_2,4,28348.30714137879,27839.389859678235
40_4,2012-06-08,29713.53,Canada,40,C,C_2,4,26904.84346554983,26522.51665687969
40_4,2012-06-15,25058.75,Canada,40,C,C_2,4,25536.28676422581,25277.83854344527
40_4,2012-06-22,25134.64,Canada,40,C,C_2,4,26567.075238539,26199.329849034217
40_4,2012-06-29,26639.86,Canada,40,C,C_2,4,30502.880542577637,29935.03213123901
40_4,2012-07-06,31653.89,Canada,40,C,C_2,4,30158.5443421167,29530.014677071704
40_4,2012-07-13,27508.13,Canada,40,C,C_2,4,27531.168917615258,27145.29760846346
40_4,2012-07-20,26413.05,Canada,40,C,C_2,4,27207.74480560585,26888.678112497968
40_4,2012-07-27,26394.12,Canada,40,C,C_2,4,27712.24195154233,27325.109178240793
40_4,2012-08-03,30442.76,Canada,40,C,C_2,4,31637.24431057748,30372.87768585322
40_4,2012-08-10,27357.91,Canada,40,C,C_2,4,26902.953412787607,28089.27875097432
40_4,2012-08-17,27211.16,Canada,40,C,C_2,4,26996.28941950448,27310.978675694612
40_4,2012-08-24,26006.72,Canada,40,C,C_2,4,27688.931101298258,27937.55881610311
40_4,2012-08-31,27586.26,Canada,40,C,C_2,4,28382.073203135264,26950.0773452744
40_4,2012-09-07,30202.87,Canada,40,C,C_2,4,28983.83640883174,28698.24795497451
40_4,2012-09-14,25157.38,Canada,40,C,C_2,4,26259.257951822237,26910.53110204548
40_4,2012-09-21,24200.49,Canada,40,C,C_2,4,25037.019784685355,24760.23782652869
40_4,2012-09-28,23473.66,Canada,40,C,C_2,4,26224.68088574749,26172.627293031732
40_4,2012-10-05,27127.41,Canada,40,C,C_2,4,26788.32008609092,28971.516062214552
40_4,2012-10-12,25611.14,Canada,40,C,C_2,4,24970.03354752694,25848.801975227045
40_4,2012-10-19,23069.57,Canada,40,C,C_2,4,24445.234943961033,24292.232127303883
40_4,2012-10-26,23462.71,Canada,40,C,C_2,4,23986.21305436545,24365.545053731807
40_4,2012-10-28,,Canada,40,C,C_2,4,26082.420570747418,26149.60176612869
40_4,2012-11-04,,Canada,40,C,C_2,4,26279.187040077388,25706.274740235327
40_4,2012-11-11,,Canada,40,C,C_2,4,23713.77423955918,23593.075681209302
40_4,2012-11-18,,Canada,40,C,C_2,4,26848.859530433452,24275.229511909085
40_4,2012-11-25,,Canada,40,C,C_2,4,25714.975733843236,25243.443883703854
40_4,2012-12-02,,Canada,40,C,C_2,4,25322.698070900926,25548.76913857193
40_4,2012-12-09,,Canada,40,C,C_2,4,23939.9876627863,24152.828897182004
40_4,2012-12-16,,Canada,40,C,C_2,4,28297.872516400348,28201.4539594488
40_4,2012-12-23,,Canada,40,C,C_2,4,24871.14588884267,22190.148196958897
40_4,2012-12-30,,Canada,40,C,C_2,4,27118.225294495263,27671.83415450314
40_4,2013-01-06,,Canada,40,C,C_2,4,24389.56513590546,23959.51242143027
40_4,2013-01-13,,Canada,40,C,C_2,4,23621.351534010326,23905.8474303796
40_4,2013-01-20,,Canada,40,C,C_2,4,22980.844042543962,21661.332830096457
40_4,2013-01-27,,Canada,40,C,C_2,4,25626.884266910743,26312.355848679606
40_4,2013-02-03,,Canada,40,C,C_2,4,23093.826771860746,24125.300012217416
40_4,2013-02-10,,Canada,40,C,C_2,4,24560.459052589627,23721.04503327384
40_4,2013-02-17,,Canada,40,C,C_2,4,24328.785082107617,24724.25840643843
40_4,2013-02-24,,Canada,40,C,C_2,4,26288.164772633983,25876.445971084657
40_4,2013-03-03,,Canada,40,C,C_2,4,23456.380506194157,24982.430380695245
40_4,2013-03-10,,Canada,40,C,C_2,4,22913.783682071342,23900.327145133615
40_4,2013-03-17,,Canada,40,C,C_2,4,23676.944839278272,22593.442005097448
40_4,2013-03-24,,Canada,40,C,C_2,4,24741.640446851125,24263.35442267627
40_4,2013-03-31,,Canada,40,C,C_2,4,25497.312161658512,28647.556926425168
40_4,2013-04-07,,Canada,40,C,C_2,4,23014.490907251144,22834.49705967592
40_4,2013-04-14,,Canada,40,C,C_2,4,24216.81807537929,24223.375556116574
10_5,2010-02-05,75297.91,USA,10,C,C_5,5,63070.00799589831,0.0
10_5,2010-02-12,74064.19,USA,10,C,C_5,5,78528.5352481706,45444.421389449184
10_5,2010-02-19,59974.12,USA,10,C,C_5,5,72794.6642580236,60570.20877989821
10_5,2010-02-26,56750.43,USA,10,C,C_5,5,61418.716556943575,60265.47652007193
10_5,2010-03-05,62991.98,USA,10,C,C_5,5,65145.002533000734,58483.1581722622
10_5,2010-03-12,77866.56,USA,10,C,C_5,5,49756.439255443904,60764.80092434415
10_5,2010-03-19,65958.62,USA,10,C,C_5,5,65012.55969400184,69414.73501076695
10_5,2010-03-26,107445.17,USA,10,C,C_5,5,63812.15999966867,67666.86849389509
10_5,2010-04-02,88914.18,USA,10,C,C_5,5,103541.03580780861,87783.42410187074
10_5,2010-04-09,70232.42,USA,10,C,C_5,5,90590.92529766154,88355.2622813603
10_5,2010-04-16,43362.27,USA,10,C,C_5,5,84788.30384173225,79190.31777037731
10_5,2010-04-23,72058.29,USA,10,C,C_5,5,54046.62243384966,61071.640538277774
10_5,2010-04-30,71695.0,USA,10,C,C_5,5,55649.33996974065,66627.7215173341
10_5,2010-05-07,58111.11,USA,10,C,C_5,5,61710.53176640963,69190.30522176927
10_5,2010-05-14,50173.4,USA,10,C,C_5,5,50361.48278636842,63587.42291438581
10_5,2010-05-21,44269.77,USA,10,C,C_5,5,53762.59505779666,56803.790164955055
10_5,2010-05-28,46470.52,USA,10,C,C_5,5,49380.611161889996,50465.18539410111
10_5,2010-06-04,72205.52,USA,10,C,C_5,5,44274.119189243815,48445.03505211315
10_5,2010-06-11,55807.88,USA,10,C,C_5,5,71216.43293451512,60460.998107014806
10_5,2010-06-18,59728.6,USA,10,C,C_5,5,61523.88408124887,58107.8603075839
10_5,2010-06-25,47864.95,USA,10,C,C_5,5,55533.25420985254,58927.48786603928
10_5,2010-07-02,52988.05,USA,10,C,C_5,5,52436.83849043143,53333.02939507854
10_5,2010-07-09,45590.23,USA,10,C,C_5,5,46477.56966664563,53158.56916520417
10_5,2010-07-16,45290.09,USA,10,C,C_5,5,43300.66587538426,49331.16900923659
10_5,2010-07-23,44139.12,USA,10,C,C_5,5,49331.01740062099,47287.546743820785
10_5,2010-07-30,47763.56,USA,10,C,C_5,5,39964.138856797195,45695.34946680741
10_5,2010-08-06,50567.89,USA,10,C,C_5,5,50457.315181212136,46741.268412103746
10_5,2010-08-13,44400.33,USA,10,C,C_5,5,44344.82868205615,48676.436979823084
10_5,2010-08-20,40494.25,USA,10,C,C_5,5,40263.0411974351,46513.95824251258
10_5,2010-08-27,40316.99,USA,10,C,C_5,5,39909.61195581088,43469.71937274858
10_5,2010-09-03,38887.81,USA,10,C,C_5,5,38407.317750732625,41875.34620452962
10_5,2010-09-10,40913.56,USA,10,C,C_5,5,40675.69963843832,40364.513208600154
10_5,2010-09-17,46395.04,USA,10,C,C_5,5,46429.04927783835,40642.17277553648
10_5,2010-09-24,44171.1,USA,10,C,C_5,5,44624.88651190102,43551.46693262236
10_5,2010-10-01,57195.49,USA,10,C,C_5,5,57920.07653526778,43864.82282840823
10_5,2010-10-08,54949.05,USA,10,C,C_5,5,55331.04976293977,50606.30157268501
10_5,2010-10-15,52206.49,USA,10,C,C_5,5,51987.26929844463,52802.48169162728
10_5,2010-10-22,47913.97,USA,10,C,C_5,5,47459.450690984006,52501.08152394225
10_5,2010-10-29,38374.84,USA,10,C,C_5,5,38233.43051791853,50181.32404757348
10_5,2010-11-05,62690.21,USA,10,C,C_5,5,62652.26083880906,44210.64304362663
10_5,2010-11-12,62657.61,USA,10,C,C_5,5,62568.731348841415,53555.98234557221
10_5,2010-11-19,63648.46,USA,10,C,C_5,5,63452.93704630374,58158.784934583266
10_5,2010-11-26,183294.86,USA,10,C,C_5,5,182965.6913790999,60934.97965088081
10_5,2010-12-03,89737.04,USA,10,C,C_5,5,89635.05987656229,122813.84301967901
10_5,2010-12-10,134269.26,USA,10,C,C_5,5,134281.7074028781,106086.50584926394
10_5,2010-12-17,186875.35,USA,10,C,C_5,5,186728.65307667563,120338.86363577083
10_5,2010-12-24,259955.82,USA,10,C,C_5,5,259737.46384990454,153987.16516258477
10_5,2010-12-31,69231.19,USA,10,C,C_5,5,68965.09996726704,207576.7886188237
10_5,2011-01-07,49255.31,USA,10,C,C_5,5,48993.28320597717,137613.75522762263
10_5,2011-01-14,46074.44,USA,10,C,C_5,5,45820.01347179279,92929.82660559817
10_5,2011-01-21,43718.95,USA,10,C,C_5,5,43427.60242267882,69234.49397216045
10_5,2011-01-28,52026.64,USA,10,C,C_5,5,51753.02519370126,68159.44759160343
10_5,2011-02-04,55377.61,USA,10,C,C_5,5,55155.17374975316,109347.69471033715
10_5,2011-02-11,61898.2,USA,10,C,C_5,5,61638.004312724945,80722.79271847362
10_5,2011-02-18,59774.06,USA,10,C,C_5,5,59435.303397788724,61805.02873155828
10_5,2011-02-25,58293.76,USA,10,C,C_5,5,57898.14331910982,58638.75216991096
10_5,2011-03-04,65772.76,USA,10,C,C_5,5,65411.72202222258,62630.7564170539
10_5,2011-03-11,52259.93,USA,10,C,C_5,5,51907.40674719581,74131.22072654688
10_5,2011-03-18,46838.32,USA,10,C,C_5,5,46411.89323060849,55187.55761344319
10_5,2011-03-25,45320.74,USA,10,C,C_5,5,44827.18389600757,78605.85170890353
10_5,2011-04-01,52650.5,USA,10,C,C_5,5,52300.114989250906,49476.82050487953
10_5,2011-04-08,50842.59,USA,10,C,C_5,5,50542.66143397546,38620.36547715797
10_5,2011-04-15,60626.22,USA,10,C,C_5,5,60179.39936417714,26880.92814096762
10_5,2011-04-22,61353.17,USA,10,C,C_5,5,60746.037270160006,62999.84995913489
10_5,2011-04-29,50220.12,USA,10,C,C_5,5,49339.78424792865,61923.76051318225
10_5,2011-05-06,44869.48,USA,10,C,C_5,5,44062.91386325584,46966.989515533336
10_5,2011-05-13,36712.35,USA,10,C,C_5,5,36007.993547099264,40613.184979300786
10_5,2011-05-20,40782.43,USA,10,C,C_5,5,40075.65195786636,34710.16226414514
10_5,2011-05-27,44109.66,USA,10,C,C_5,5,43319.67035509122,39241.71184732439
10_5,2011-06-03,41583.6,USA,10,C,C_5,5,40983.49021830874,58835.9367989219
10_5,2011-06-10,47513.32,USA,10,C,C_5,5,47490.704193559395,39218.92133997819
10_5,2011-06-17,48662.46,USA,10,C,C_5,5,49334.84305048619,46006.63103617755
10_5,2011-06-24,42844.96,USA,10,C,C_5,5,44183.606083867446,39441.51846530748
10_5,2011-07-01,45006.16,USA,10,C,C_5,5,45820.51659343242,44562.403022469356
10_5,2011-07-08,38896.24,USA,10,C,C_5,5,38841.32450956032,39855.921975978476
10_5,2011-07-15,36626.51,USA,10,C,C_5,5,36370.097310196914,39168.12054844425
10_5,2011-07-22,41486.48,USA,10,C,C_5,5,41105.22829875148,37118.75473478953
10_5,2011-07-29,36288.49,USA,10,C,C_5,5,35906.9180763177,41734.69458244939
10_5,2011-08-05,43187.64,USA,10,C,C_5,5,40855.26897616763,40853.731274547325
10_5,2011-08-12,37897.15,USA,10,C,C_5,5,36404.52146385766,37920.715569504835
10_5,2011-08-19,40381.49,USA,10,C,C_5,5,33398.06340177334,35303.754106751
10_5,2011-08-26,37838.57,USA,10,C,C_5,5,38093.498563795576,37744.03760427232
10_5,2011-09-02,33630.17,USA,10,C,C_5,5,36097.651957715454,36840.53573680234
10_5,2011-09-09,38749.03,USA,10,C,C_5,5,36163.69297848693,36573.59543354236
10_5,2011-09-16,48452.46,USA,10,C,C_5,5,43673.22382409124,41325.7241861314
10_5,2011-09-23,47777.08,USA,10,C,C_5,5,45468.74943705868,43446.80822462973
10_5,2011-09-30,41554.29,USA,10,C,C_5,5,60830.6307420713,54308.784223975104
10_5,2011-10-07,57616.25,USA,10,C,C_5,5,44374.851063411494,46384.624118239124
10_5,2011-10-14,53009.89,USA,10,C,C_5,5,51216.28870248959,50223.52022564982
10_5,2011-10-21,64236.97,USA,10,C,C_5,5,47867.12825894504,48772.00606312595
10_5,2011-10-28,62747.68,USA,10,C,C_5,5,50540.755101776725,50230.5958143124
10_5,2011-11-04,63989.84,USA,10,C,C_5,5,83982.42455640924,72753.04335821969
10_5,2011-11-11,78583.89,USA,10,C,C_5,5,68928.45562929715,68345.00648388575
10_5,2011-11-18,67757.19,USA,10,C,C_5,5,76966.76691540181,74220.61929536858
10_5,2011-11-25,207982.28,USA,10,C,C_5,5,189451.61395325142,150665.70461425724
10_5,2011-12-02,72171.56,USA,10,C,C_5,5,109730.33111225591,117321.59556925081
10_5,2011-12-09,103116.73,USA,10,C,C_5,5,126226.49256055334,124231.02796858427
10_5,2011-12-16,112787.47,USA,10,C,C_5,5,161407.42145752843,148640.42248778214
10_5,2011-12-23,177554.72,USA,10,C,C_5,5,197958.73481413326,179188.98771479802
10_5,2011-12-30,67301.64,USA,10,C,C_5,5,-8234.823030965817,51304.986071951105
10_5,2012-01-06,43383.89,USA,10,C,C_5,5,28057.613637892267,45982.447902890766
10_5,2012-01-13,42318.82,USA,10,C,C_5,5,36145.64576877275,42498.25469603001
10_5,2012-01-20,45436.86,USA,10,C,C_5,5,38178.72081910996,40800.7445992569
10_5,2012-01-27,45238.81,USA,10,C,C_5,5,51713.55780753417,50987.353516718744
10_5,2012-02-03,59209.34,USA,10,C,C_5,5,50072.53501879613,70479.16875162745
10_5,2012-02-10,72282.41,USA,10,C,C_5,5,63220.7611600704,68585.88625167195
10_5,2012-02-17,89423.13,USA,10,C,C_5,5,67599.71341742651,65296.42820998221
10_5,2012-02-24,63286.95,USA,10,C,C_5,5,82126.50742300133,75653.4219769862
10_5,2012-03-02,59035.25,USA,10,C,C_5,5,75264.5172592457,75843.41719884831
10_5,2012-03-09,53813.26,USA,10,C,C_5,5,49360.435076416026,62839.79870277154
10_5,2012-03-16,55853.85,USA,10,C,C_5,5,46931.69805498251,51638.33993432532
10_5,2012-03-23,55758.15,USA,10,C,C_5,5,51699.97866344659,64025.42853726891
10_5,2012-03-30,50627.71,USA,10,C,C_5,5,61840.14044225968,59484.837744314646
10_5,2012-04-06,58070.75,USA,10,C,C_5,5,51441.30808610034,48818.32382836226
10_5,2012-04-13,48858.38,USA,10,C,C_5,5,65811.67586005307,52406.427030466235
10_5,2012-04-20,41458.02,USA,10,C,C_5,5,53372.74598487742,58838.035224988664
10_5,2012-04-27,34073.11,USA,10,C,C_5,5,32606.498153057422,42927.714186872596
10_5,2012-05-04,38292.51,USA,10,C,C_5,5,26671.5708710127,35862.84530659635
10_5,2012-05-11,43364.64,USA,10,C,C_5,5,18013.673310115708,28548.56742301076
10_5,2012-05-18,41556.25,USA,10,C,C_5,5,21554.71402729781,29527.101851896674
10_5,2012-05-25,39254.77,USA,10,C,C_5,5,24270.25984032877,32229.69189716359
10_5,2012-06-01,37920.13,USA,10,C,C_5,5,21343.320085405412,37592.52303117695
10_5,2012-06-08,51545.14,USA,10,C,C_5,5,27401.626020652904,36911.853267887425
10_5,2012-06-15,50225.6,USA,10,C,C_5,5,29228.52014305671,38698.57333658219
10_5,2012-06-22,46431.46,USA,10,C,C_5,5,24579.603221683134,31805.270596994724
10_5,2012-06-29,40098.67,USA,10,C,C_5,5,27217.0845129929,34557.320264672664
10_5,2012-07-06,39325.36,USA,10,C,C_5,5,20846.652188180127,28686.802243122496
10_5,2012-07-13,34468.04,USA,10,C,C_5,5,18334.332982760287,27167.53385623207
10_5,2012-07-20,36958.83,USA,10,C,C_5,5,22877.72597606692,29932.589066032124
10_5,2012-07-27,31065.97,USA,10,C,C_5,5,17394.31964688617,27622.198949274458
10_5,2012-08-03,30494.96,USA,10,C,C_5,5,22057.501599106377,32748.126859119966
10_5,2012-08-10,32075.35,USA,10,C,C_5,5,15862.909412911682,27729.805766060814
10_5,2012-08-17,34128.95,USA,10,C,C_5,5,11740.83566656283,28245.017652303177
10_5,2012-08-24,50062.19,USA,10,C,C_5,5,11214.488666451885,26586.564967715643
10_5,2012-08-31,41573.25,USA,10,C,C_5,5,9408.052017937145,23535.98461375477
10_5,2012-09-07,36708.3,USA,10,C,C_5,5,11318.297639742766,27325.927918521942
10_5,2012-09-14,42269.57,USA,10,C,C_5,5,16894.571753483055,34953.63193832965
10_5,2012-09-21,38609.11,USA,10,C,C_5,5,15116.077288294826,33926.86664189648
10_5,2012-09-28,65585.96,USA,10,C,C_5,5,28748.85653656615,33512.36130533103
10_5,2012-10-05,54202.85,USA,10,C,C_5,5,26705.36774923081,43075.19766708747
10_5,2012-10-12,49683.63,USA,10,C,C_5,5,23646.699521532886,39418.57427720122
10_5,2012-10-19,49277.87,USA,10,C,C_5,5,18957.130278534467,45366.72787822329
10_5,2012-10-26,51926.77,USA,10,C,C_5,5,9391.511028963956,41847.45802089538
10_5,2012-10-28,,USA,10,C,C_5,5,33701.998604313645,49217.07439920157
10_5,2012-11-04,,USA,10,C,C_5,5,33593.66031379029,58457.58094486677
10_5,2012-11-11,,USA,10,C,C_5,5,34410.13504172686,51887.50164809055
10_5,2012-11-18,,USA,10,C,C_5,5,153780.09039907088,173035.70271653202
10_5,2012-11-25,,USA,10,C,C_5,5,60198.31612806325,61760.18459073493
10_5,2012-12-02,,USA,10,C,C_5,5,104770.70178541612,93401.6283401009
10_5,2012-12-09,,USA,10,C,C_5,5,157224.9525340555,113760.70117232732
10_5,2012-12-16,,USA,10,C,C_5,5,230127.460896739,174522.60898048297
10_5,2012-12-23,,USA,10,C,C_5,5,39201.98307100824,53114.91253581559
10_5,2012-12-30,,USA,10,C,C_5,5,19025.731152960107,32544.137098278992
10_5,2013-01-06,,USA,10,C,C_5,5,15656.149301201527,30993.333611422364
10_5,2013-01-13,,USA,10,C,C_5,5,13074.116573667103,32318.823601452634
10_5,2013-01-20,,USA,10,C,C_5,5,21180.81015324917,35106.07840988614
10_5,2013-01-27,,USA,10,C,C_5,5,24380.395410892404,50703.06664063676
10_5,2013-02-03,,USA,10,C,C_5,5,30697.342241900915,60561.238240910796
10_5,2013-02-10,,USA,10,C,C_5,5,28301.800738731392,69697.51532053074
10_5,2013-02-17,,USA,10,C,C_5,5,26507.70582158989,52580.504945617235
10_5,2013-02-24,,USA,10,C,C_5,5,33726.13538761944,52358.14735534132
10_5,2013-03-03,,USA,10,C,C_5,5,19954.301355097145,46688.15705973914
10_5,2013-03-10,,USA,10,C,C_5,5,14195.994452126635,45612.03760848985
10_5,2013-03-17,,USA,10,C,C_5,5,12292.282968911311,48422.260279119946
10_5,2013-03-24,,USA,10,C,C_5,5,19394.934150447454,45654.1670946815
10_5,2013-03-31,,USA,10,C,C_5,5,17377.515403263,48397.45849595479
10_5,2013-04-07,,USA,10,C,C_5,5,26787.859188165436,43043.6068389383
10_5,2013-04-14,,USA,10,C,C_5,5,27022.322672198094,40830.667439276636
23_16,2010-02-05,4269.59,France,23,D,D_3,16,6650.457159662452,0.0
23_16,2010-02-12,5292.73,France,23,D,D_3,16,4688.3253439598375,3298.5307877769455
23_16,2010-02-19,5888.94,France,23,D,D_3,16,4657.894467183061,4243.501402576494
23_16,2010-02-26,6595.26,France,23,D,D_3,16,4683.750266500727,4847.865839522046
23_16,2010-03-05,7835.69,France,23,D,D_3,16,6233.141614794484,5494.816877129369
23_16,2010-03-12,13358.38,France,23,D,D_3,16,6842.364244099186,6483.797952750165
23_16,2010-03-19,15401.41,France,23,D,D_3,16,7739.7730849074815,10304.847150879254
23_16,2010-03-26,16826.62,France,23,D,D_3,16,9127.363931131209,12022.081615691186
23_16,2010-04-02,22291.23,France,23,D,D_3,16,12704.991945631537,13349.816484396588
23_16,2010-04-09,35984.55,France,23,D,D_3,16,19485.921450319147,17255.53198250058
23_16,2010-04-16,37830.5,France,23,D,D_3,16,36678.950550706664,26548.346197822484
23_16,2010-04-23,42659.8,France,23,D,D_3,16,32073.319421015538,28754.321632883708
23_16,2010-04-30,47444.72,France,23,D,D_3,16,36325.82842834914,32782.12511972282
23_16,2010-05-07,55027.78,France,23,D,D_3,16,93217.5854060566,36841.538055696605
23_16,2010-05-14,48304.46,France,23,D,D_3,16,72898.28504817322,42715.15346299032
23_16,2010-05-21,61348.47,France,23,D,D_3,16,53625.58120521238,39762.801000619394
23_16,2010-05-28,93123.75,France,23,D,D_3,16,70968.08045088669,48810.94917156355
23_16,2010-06-04,74840.3,France,23,D,D_3,16,78634.2338566314,69974.7424162047
23_16,2010-06-11,50693.73,France,23,D,D_3,16,78895.50273601052,60870.44676941488
23_16,2010-06-18,52388.86,France,23,D,D_3,16,63255.55611255353,47179.61650654902
23_16,2010-06-25,52412.53,France,23,D,D_3,16,59845.80382406789,48589.0988656203
23_16,2010-07-02,47749.63,France,23,D,D_3,16,52776.15951663835,48981.91557688918
23_16,2010-07-09,55564.71,France,23,D,D_3,16,51636.29555961711,46412.76835121656
23_16,2010-07-16,40507.34,France,23,D,D_3,16,37383.768405305746,51419.931843653656
23_16,2010-07-23,32126.59,France,23,D,D_3,16,33885.60845799086,42439.9145376054
23_16,2010-07-30,29322.17,France,23,D,D_3,16,27353.87375421412,37024.15502831659
23_16,2010-08-06,26067.44,France,23,D,D_3,16,22686.724997486443,34793.212541314664
23_16,2010-08-13,20219.26,France,23,D,D_3,16,17088.223517062394,32225.84654647782
23_16,2010-08-20,20811.18,France,23,D,D_3,16,17938.266794093637,27975.325390298916
23_16,2010-08-27,17365.99,France,23,D,D_3,16,14740.553031604464,27581.291752757752
23_16,2010-09-03,16054.07,France,23,D,D_3,16,13658.958080345452,24769.179897734826
23_16,2010-09-10,14520.02,France,23,D,D_3,16,12380.87930334495,23224.34322975527
23_16,2010-09-17,9082.41,France,23,D,D_3,16,7240.292748413589,21564.294390636776
23_16,2010-09-24,8541.86,France,23,D,D_3,16,6991.859807239192,17485.098919957112
23_16,2010-10-01,7170.39,France,23,D,D_3,16,5915.989727587783,16323.380554578593
23_16,2010-10-08,7131.23,France,23,D,D_3,16,6243.507581161668,14705.231548270918
23_16,2010-10-15,7050.44,France,23,D,D_3,16,6436.142262136733,13941.386760315367
23_16,2010-10-22,6002.66,France,23,D,D_3,16,5593.948464090094,13222.927598559476
23_16,2010-10-29,5843.27,France,23,D,D_3,16,5725.957178563838,11964.98831657391
23_16,2010-11-05,4831.56,France,23,D,D_3,16,4527.343321857868,11281.46938971283
23_16,2010-11-12,5416.41,France,23,D,D_3,16,4573.348652327393,10119.261930967928
23_16,2010-11-19,4542.39,France,23,D,D_3,16,3594.398520722614,9967.692202881024
23_16,2010-11-26,4358.35,France,23,D,D_3,16,3748.0680806478376,8982.372095301076
23_16,2010-12-03,4756.13,France,23,D,D_3,16,4366.458058862121,8442.81210867034
23_16,2010-12-10,7052.58,France,23,D,D_3,16,6393.988142389113,8310.184101890532
23_16,2010-12-17,6481.93,France,23,D,D_3,16,5482.041856674166,9430.609424004257
23_16,2010-12-24,7411.38,France,23,D,D_3,16,6265.913773045499,8915.709214667877
23_16,2010-12-31,5336.83,France,23,D,D_3,16,4098.227628789082,9396.636017813918
23_16,2011-01-07,3707.25,France,23,D,D_3,16,2481.1765787746117,8179.056700482975
23_16,2011-01-14,4280.67,France,23,D,D_3,16,3141.8807296662235,7402.702981901965
23_16,2011-01-21,4803.66,France,23,D,D_3,16,3693.948134052327,8392.929066786179
23_16,2011-01-28,4287.03,France,23,D,D_3,16,3192.204905589686,10260.648436594289
23_16,2011-02-04,5803.02,France,23,D,D_3,16,4627.839128386349,10732.066596382785
23_16,2011-02-11,4170.02,France,23,D,D_3,16,3300.1621379242533,10219.95666724956
23_16,2011-02-18,4106.33,France,23,D,D_3,16,3383.751155957041,8821.553247965097
23_16,2011-02-25,4007.71,France,23,D,D_3,16,3440.513555485373,8632.538181247723
23_16,2011-03-04,5352.38,France,23,D,D_3,16,4860.979824217338,8782.945290959451
23_16,2011-03-11,5784.49,France,23,D,D_3,16,5709.531202585966,12635.399987829638
23_16,2011-03-18,5996.79,France,23,D,D_3,16,5997.339339561557,11658.112529335154
23_16,2011-03-25,6594.56,France,23,D,D_3,16,6556.2357477204405,11536.904173915958
23_16,2011-04-01,9370.99,France,23,D,D_3,16,9416.5815207782,14765.94255979014
23_16,2011-04-08,15124.61,France,23,D,D_3,16,15579.021271117253,23403.975551798518
23_16,2011-04-15,30499.49,France,23,D,D_3,16,29851.435226387675,21949.268265284143
23_16,2011-04-22,25784.19,France,23,D,D_3,16,25783.383403106684,33553.27493262724
23_16,2011-04-29,28872.66,France,23,D,D_3,16,28852.91887965199,31997.897591021207
23_16,2011-05-06,84546.29,France,23,D,D_3,16,81207.58991406087,36940.21108205897
23_16,2011-05-13,68536.62,France,23,D,D_3,16,66395.61492141032,62913.186211361135
23_16,2011-05-20,52084.48,France,23,D,D_3,16,52256.424805385206,66710.19890033282
23_16,2011-05-27,68668.62,France,23,D,D_3,16,69697.65412698059,74338.45562679198
23_16,2011-06-03,73940.64,France,23,D,D_3,16,73073.44805920139,57885.314305439286
23_16,2011-06-10,74656.9,France,23,D,D_3,16,72245.14271245245,51805.13713308201
23_16,2011-06-17,62216.64,France,23,D,D_3,16,61188.78377877817,64315.06724266208
23_16,2011-06-24,60106.01,France,23,D,D_3,16,59384.40406459511,56959.95488947701
23_16,2011-07-01,53968.38,France,23,D,D_3,16,53448.33674523668,52802.64316783333
23_16,2011-07-08,53521.45,France,23,D,D_3,16,53591.120853432265,56875.92532297637
23_16,2011-07-15,38981.61,France,23,D,D_3,16,38912.97413697494,42796.56352812548
23_16,2011-07-22,35290.92,France,23,D,D_3,16,34821.258375901496,34442.18723799797
23_16,2011-07-29,29094.58,France,23,D,D_3,16,28852.81422327026,33657.22812899001
23_16,2011-08-05,22816.83,France,23,D,D_3,16,24154.850531467593,28697.97989006115
23_16,2011-08-12,17724.38,France,23,D,D_3,16,18077.27396980799,21919.104063544815
23_16,2011-08-19,14442.23,France,23,D,D_3,16,18580.062030629677,21410.802450742474
23_16,2011-08-26,12798.67,France,23,D,D_3,16,14634.455700055547,16381.3562144666
23_16,2011-09-02,9472.42,France,23,D,D_3,16,13083.16136470718,15509.843684857407
23_16,2011-09-09,9483.52,France,23,D,D_3,16,11153.8975638267,12593.653537276801
23_16,2011-09-16,7355.64,France,23,D,D_3,16,5598.150961434258,9022.11472833866
23_16,2011-09-23,6941.11,France,23,D,D_3,16,5348.4938951236145,9353.422962944223
23_16,2011-09-30,5792.55,France,23,D,D_3,16,4285.3619589319915,8124.056033424401
23_16,2011-10-07,5178.83,France,23,D,D_3,16,4644.6283188486905,7765.042075720851
23_16,2011-10-14,5625.3,France,23,D,D_3,16,4807.32376195556,7144.034332621529
23_16,2011-10-21,4615.68,France,23,D,D_3,16,4001.8257667706293,6509.800766316723
23_16,2011-10-28,5259.77,France,23,D,D_3,16,4165.323657657691,6063.476844279243
23_16,2011-11-04,5554.64,France,23,D,D_3,16,3116.779098301351,5654.267884829936
23_16,2011-11-11,4689.47,France,23,D,D_3,16,3467.407833597579,6565.992104557784
23_16,2011-11-18,3949.47,France,23,D,D_3,16,2570.138097287272,5094.262710390246
23_16,2011-11-25,5828.59,France,23,D,D_3,16,2782.746451056002,4780.173434703759
23_16,2011-12-02,3920.43,France,23,D,D_3,16,3693.7361168662246,6191.30500234751
23_16,2011-12-09,4535.92,France,23,D,D_3,16,5757.252828479444,6444.300607301184
23_16,2011-12-16,5128.73,France,23,D,D_3,16,4692.778260880206,5332.340495414307
23_16,2011-12-23,5931.78,France,23,D,D_3,16,5456.630200457657,6479.09298272697
23_16,2011-12-30,4405.65,France,23,D,D_3,16,3252.7363323037716,5038.788937146479
23_16,2012-01-06,4448.05,France,23,D,D_3,16,1657.3378529512083,3802.704460891343
23_16,2012-01-13,5406.25,France,23,D,D_3,16,2520.221174853912,4909.579354349472
23_16,2012-01-20,6550.08,France,23,D,D_3,16,3300.9772496714213,5668.25582402342
23_16,2012-01-27,3665.13,France,23,D,D_3,16,3075.346501137392,5910.317966847486
23_16,2012-02-03,4210.75,France,23,D,D_3,16,4498.951412771345,6494.526288283721
23_16,2012-02-10,4499.06,France,23,D,D_3,16,3025.3992705637465,4583.366753730708
23_16,2012-02-17,4305.08,France,23,D,D_3,16,3203.9526683909826,5297.689257339298
23_16,2012-02-24,4161.32,France,23,D,D_3,16,3330.6454422157694,5175.47361662447
23_16,2012-03-02,5966.43,France,23,D,D_3,16,4813.8626932986335,6227.8053302107855
23_16,2012-03-09,7607.29,France,23,D,D_3,16,5747.812935487398,8326.371695132802
23_16,2012-03-16,14383.25,France,23,D,D_3,16,6270.6875838604865,8878.915437831141
23_16,2012-03-23,32696.21,France,23,D,D_3,16,7786.22921563311,13360.165181214703
23_16,2012-03-30,19260.99,France,23,D,D_3,16,13490.623597391044,27706.130799892533
23_16,2012-04-06,23771.42,France,23,D,D_3,16,20367.146776884125,25930.385001684925
23_16,2012-04-13,20248.87,France,23,D,D_3,16,35241.04931738372,35212.616729183115
23_16,2012-04-20,41663.63,France,23,D,D_3,16,29472.061626585964,24241.30869700029
23_16,2012-04-27,29562.36,France,23,D,D_3,16,33992.46618363118,41510.72963817111
23_16,2012-05-04,39155.04,France,23,D,D_3,16,86659.03649804654,80442.07342003923
23_16,2012-05-11,51942.69,France,23,D,D_3,16,71488.33657629031,66431.65031226583
23_16,2012-05-18,64008.04,France,23,D,D_3,16,57047.0807191122,58111.968806837496
23_16,2012-05-25,87543.94,France,23,D,D_3,16,74539.24605397304,78249.4754420628
23_16,2012-06-01,76627.67,France,23,D,D_3,16,78243.88104550175,76663.0497096177
23_16,2012-06-08,57089.04,France,23,D,D_3,16,77509.45585658528,70336.89573584076
23_16,2012-06-15,74330.31,France,23,D,D_3,16,66179.28461292198,62115.430718308184
23_16,2012-06-22,66019.07,France,23,D,D_3,16,64324.355108144046,60628.525434264855
23_16,2012-06-29,46132.31,France,23,D,D_3,16,58377.65782336532,55040.449279919834
23_16,2012-07-06,49617.89,France,23,D,D_3,16,58505.92852865676,56900.28338328319
23_16,2012-07-13,35951.71,France,23,D,D_3,16,43926.80196746065,42570.50617587333
23_16,2012-07-20,27840.81,France,23,D,D_3,16,39935.949499162074,37651.9603134907
23_16,2012-07-27,22952.99,France,23,D,D_3,16,33981.77001564266,32549.28059554687
23_16,2012-08-03,24733.72,France,23,D,D_3,16,29234.034969344037,27264.482542143083
23_16,2012-08-10,18930.75,France,23,D,D_3,16,23452.88097495955,22079.72538609737
23_16,2012-08-17,16035.85,France,23,D,D_3,16,23829.063571933206,19953.577410185826
23_16,2012-08-24,15580.15,France,23,D,D_3,16,20583.72922794259,17839.42081550511
23_16,2012-08-31,11962.46,France,23,D,D_3,16,19211.07517079671,15151.384490745913
23_16,2012-09-07,12706.8,France,23,D,D_3,16,17907.188987451693,14722.633638134133
23_16,2012-09-14,9657.12,France,23,D,D_3,16,12861.5376578898,11716.11224631154
23_16,2012-09-21,9288.65,France,23,D,D_3,16,12502.259181442825,11269.806047898903
23_16,2012-09-28,7333.27,France,23,D,D_3,16,11350.866580462758,10081.369029516385
23_16,2012-10-05,5828.35,France,23,D,D_3,16,11570.852234524307,9637.603535552882
23_16,2012-10-12,5452.9,France,23,D,D_3,16,11784.359077313975,9919.965464533974
23_16,2012-10-19,6048.56,France,23,D,D_3,16,10964.905674618327,8919.914425485795
23_16,2012-10-26,4971.83,France,23,D,D_3,16,11181.364901891631,9318.524148951208
23_16,2012-10-28,,France,23,D,D_3,16,10187.715291798611,9236.484147015106
23_16,2012-11-04,,France,23,D,D_3,16,10272.166879925964,8794.061037273425
23_16,2012-11-11,,France,23,D,D_3,16,9332.49717853787,8031.391692684971
23_16,2012-11-18,,France,23,D,D_3,16,9582.725045791361,9283.25688722793
23_16,2012-11-25,,France,23,D,D_3,16,10046.691897256696,8064.053094587501
23_16,2012-12-02,,France,23,D,D_3,16,12066.285762827327,9130.646304170392
23_16,2012-12-09,,France,23,D,D_3,16,11324.870969954822,9380.674342287215
23_16,2012-12-16,,France,23,D,D_3,16,12120.562701853127,10196.343625041181
23_16,2012-12-23,,France,23,D,D_3,16,9985.550886251425,8553.463473606924
23_16,2012-12-30,,France,23,D,D_3,16,8445.388865033452,8126.886750866515
23_16,2013-01-06,,France,23,D,D_3,16,9076.203502995519,8954.886299275533
23_16,2013-01-13,,France,23,D,D_3,16,9627.978768126108,9901.989868009756
23_16,2013-01-20,,France,23,D,D_3,16,8929.572126032988,7764.575407778899
23_16,2013-01-27,,France,23,D,D_3,16,10292.261819304855,8663.104647558428
23_16,2013-02-03,,France,23,D,D_3,16,9029.533402471814,8433.13782081834
23_16,2013-02-10,,France,23,D,D_3,16,9080.655335971296,8295.03615533032
23_16,2013-02-17,,France,23,D,D_3,16,9126.506736152514,8184.818950771493
23_16,2013-02-24,,France,23,D,D_3,16,10596.78744753708,9844.765407856745
23_16,2013-03-03,,France,23,D,D_3,16,11505.82021245156,11238.29433844335
23_16,2013-03-10,,France,23,D,D_3,16,12287.907594206137,16058.435192907882
23_16,2013-03-17,,France,23,D,D_3,16,14051.310505830957,28993.631975442942
23_16,2013-03-24,,France,23,D,D_3,16,15737.377232524494,20556.04289468486
23_16,2013-03-31,,France,23,D,D_3,16,21818.005951384905,25622.7907138629
23_16,2013-04-07,,France,23,D,D_3,16,35098.60889779698,27502.695634773183
23_16,2013-04-14,,France,23,D,D_3,16,31998.719173221616,41195.291334888905
13_13,2010-02-05,51049.68,Germany,13,C,C_5,13,47154.68063064028,0.0
13_13,2010-02-12,43973.45,Germany,13,C,C_5,13,45706.24274868915,40804.10577838619
13_13,2010-02-19,50441.5,Germany,13,C,C_5,13,48980.81871279277,46075.35330428433
13_13,2010-02-26,47826.51,Germany,13,C,C_5,13,50451.23882973605,48856.09681101618
13_13,2010-03-05,53915.97,Germany,13,C,C_5,13,54456.078453394424,48501.599563892974
13_13,2010-03-12,47166.23,Germany,13,C,C_5,13,47721.64231651721,52483.845670259536
13_13,2010-03-19,44229.72,Germany,13,C,C_5,13,47260.84897049591,48785.3603934361
13_13,2010-03-26,44837.89,Germany,13,C,C_5,13,45848.700109762896,44830.12366588197
13_13,2010-04-02,46320.91,Germany,13,C,C_5,13,46290.90319808417,44670.136836711994
13_13,2010-04-09,45766.63,Germany,13,C,C_5,13,46837.518470313924,45987.54009334921
13_13,2010-04-16,47462.98,Germany,13,C,C_5,13,43590.07488972914,45909.59957692037
13_13,2010-04-23,47505.4,Germany,13,C,C_5,13,46516.30740428526,47066.12260883207
13_13,2010-04-30,47760.56,Germany,13,C,C_5,13,43449.87659366825,47514.05068899927
13_13,2010-05-07,47723.32,Germany,13,C,C_5,13,48384.28679075534,47701.46214564333
13_13,2010-05-14,42920.05,Germany,13,C,C_5,13,44377.88655648707,47734.62798284922
13_13,2010-05-21,44486.31,Germany,13,C,C_5,13,42774.57542592993,44024.46161158295
13_13,2010-05-28,44448.46,Germany,13,C,C_5,13,43064.57837391845,44074.78014688757
13_13,2010-06-04,47431.44,Germany,13,C,C_5,13,45366.12317171913,44476.25647223744
13_13,2010-06-11,48218.0,Germany,13,C,C_5,13,44709.68454633326,46743.9509107699
13_13,2010-06-18,46913.62,Germany,13,C,C_5,13,47305.38776458642,48068.95142751179
13_13,2010-06-25,43673.56,Germany,13,C,C_5,13,43408.29387863661,47220.59125633998
13_13,2010-07-02,46535.84,Germany,13,C,C_5,13,46321.59158697952,44404.65856164981
13_13,2010-07-09,43609.03,Germany,13,C,C_5,13,49394.399133310995,45843.492655529175
13_13,2010-07-16,48323.32,Germany,13,C,C_5,13,48388.156600358016,44314.42417510002
13_13,2010-07-23,45748.8,Germany,13,C,C_5,13,48357.19363871356,47206.131732441514
13_13,2010-07-30,44891.24,Germany,13,C,C_5,13,44913.00960002565,46392.86095487445
13_13,2010-08-06,49125.69,Germany,13,C,C_5,13,49730.58220119785,45058.63578197059
13_13,2010-08-13,46569.31,Germany,13,C,C_5,13,47067.93649141722,48143.839302184744
13_13,2010-08-20,49406.02,Germany,13,C,C_5,13,49860.980784496816,47202.92019322937
13_13,2010-08-27,51229.9,Germany,13,C,C_5,13,51617.716519778776,48724.07690140524
13_13,2010-09-03,53103.38,Germany,13,C,C_5,13,53387.26106845668,50841.970819105685
13_13,2010-09-10,48130.56,Germany,13,C,C_5,13,48406.36104006579,52690.402575958185
13_13,2010-09-17,46849.8,Germany,13,C,C_5,13,47053.66360373287,49293.65581862915
13_13,2010-09-24,48297.19,Germany,13,C,C_5,13,48402.08449709887,47090.47167108263
13_13,2010-10-01,48250.09,Germany,13,C,C_5,13,48299.24094678179,47953.070867916715
13_13,2010-10-08,48826.38,Germany,13,C,C_5,13,48922.85787385965,48276.88736577715
13_13,2010-10-15,48739.29,Germany,13,C,C_5,13,48790.90630845326,48692.5681697466
13_13,2010-10-22,47162.16,Germany,13,C,C_5,13,47244.465649072044,48765.53115107141
13_13,2010-10-29,47581.54,Germany,13,C,C_5,13,47666.23076187417,47523.74301386047
13_13,2010-11-05,49738.81,Germany,13,C,C_5,13,49873.33185914292,47468.29415934415
13_13,2010-11-12,48379.88,Germany,13,C,C_5,13,48484.16945119065,49247.80732546127
13_13,2010-11-19,45223.02,Germany,13,C,C_5,13,45330.131511170395,48715.265652061906
13_13,2010-11-26,43319.7,Germany,13,C,C_5,13,43441.05305928244,45933.6480289466
13_13,2010-12-03,46391.17,Germany,13,C,C_5,13,46483.262785179104,43724.62091715008
13_13,2010-12-10,45018.93,Germany,13,C,C_5,13,45213.9675275957,45665.657273013116
13_13,2010-12-17,44334.03,Germany,13,C,C_5,13,44523.987767061175,45368.88133091588
13_13,2010-12-24,44343.42,Germany,13,C,C_5,13,44553.395061011455,44473.073253686336
13_13,2010-12-31,39128.45,Germany,13,C,C_5,13,39340.25021729594,44343.04711022964
13_13,2011-01-07,50591.11,Germany,13,C,C_5,13,50758.968011085606,40298.31153197625
13_13,2011-01-14,48633.01,Germany,13,C,C_5,13,48712.9853637059,48007.80939701548
13_13,2011-01-21,48517.18,Germany,13,C,C_5,13,48554.521656742145,48813.2538270371
13_13,2011-01-28,43712.33,Germany,13,C,C_5,13,43755.651315562754,49946.346403500516
13_13,2011-02-04,46724.99,Germany,13,C,C_5,13,46756.14965342307,83553.84662158747
13_13,2011-02-11,44767.29,Germany,13,C,C_5,13,44711.110910579715,49326.58113206637
13_13,2011-02-18,48336.92,Germany,13,C,C_5,13,48256.35869979951,49265.72222574191
13_13,2011-02-25,49661.03,Germany,13,C,C_5,13,49516.24129398158,46681.8238890256
13_13,2011-03-04,54119.48,Germany,13,C,C_5,13,53940.458740943126,53968.372528590706
13_13,2011-03-11,47464.21,Germany,13,C,C_5,13,47314.572658435696,48449.39088964727
13_13,2011-03-18,47185.5,Germany,13,C,C_5,13,46960.0605721957,45061.292282007475
13_13,2011-03-25,46267.14,Germany,13,C,C_5,13,46041.82689229825,47069.43456236266
13_13,2011-04-01,46862.72,Germany,13,C,C_5,13,46671.84774424121,47966.40361314178
13_13,2011-04-08,47436.0,Germany,13,C,C_5,13,47243.13989549741,46588.78369492577
13_13,2011-04-15,44359.21,Germany,13,C,C_5,13,44188.312736466796,48632.6172367971
13_13,2011-04-22,46777.36,Germany,13,C,C_5,13,46553.254436208874,45664.52511534818
13_13,2011-04-29,43535.38,Germany,13,C,C_5,13,43371.12968036339,46348.00835405496
13_13,2011-05-06,47877.36,Germany,13,C,C_5,13,47675.92081636172,44432.01379596779
13_13,2011-05-13,44006.78,Germany,13,C,C_5,13,43799.52922519858,42462.11593290983
13_13,2011-05-20,42619.88,Germany,13,C,C_5,13,42448.52706700598,45260.92617182727
13_13,2011-05-27,42688.39,Germany,13,C,C_5,13,42504.468753590576,43366.456141019604
13_13,2011-06-03,44761.3,Germany,13,C,C_5,13,44623.4551003529,45286.27696903067
13_13,2011-06-10,43757.81,Germany,13,C,C_5,13,43673.979858646315,45611.84898723554
13_13,2011-06-17,45868.77,Germany,13,C,C_5,13,45748.70933413802,43068.05258973476
13_13,2011-06-24,42024.14,Germany,13,C,C_5,13,41927.714261569345,42136.73042104006
13_13,2011-07-01,44918.2,Germany,13,C,C_5,13,44813.86018043573,44777.055020234744
13_13,2011-07-08,48069.52,Germany,13,C,C_5,13,47867.83655310518,42281.145629021325
13_13,2011-07-15,47907.66,Germany,13,C,C_5,13,47768.8469222511,50607.20091630971
13_13,2011-07-22,47920.33,Germany,13,C,C_5,13,47767.88510650194,46848.21075087993
13_13,2011-07-29,44859.4,Germany,13,C,C_5,13,44742.181081243674,46557.24091252462
13_13,2011-08-05,53669.24,Germany,13,C,C_5,13,49580.60486595911,49191.03364945142
13_13,2011-08-12,47330.49,Germany,13,C,C_5,13,47629.8420217517,50057.92547730538
13_13,2011-08-19,51720.19,Germany,13,C,C_5,13,50453.70184205306,50952.55030720774
13_13,2011-08-26,53482.66,Germany,13,C,C_5,13,52472.206397330745,52821.11160176501
13_13,2011-09-02,53292.8,Germany,13,C,C_5,13,54454.765341870836,55069.81235329915
13_13,2011-09-09,51472.28,Germany,13,C,C_5,13,49341.757179606444,49435.96678368592
13_13,2011-09-16,50208.22,Germany,13,C,C_5,13,48355.078010994665,49629.746581656465
13_13,2011-09-23,49472.94,Germany,13,C,C_5,13,50016.90349434291,51504.37509004521
13_13,2011-09-30,47698.32,Germany,13,C,C_5,13,49849.11793152474,49993.92206294883
13_13,2011-10-07,54237.09,Germany,13,C,C_5,13,50155.49433461733,48683.24488705984
13_13,2011-10-14,50613.39,Germany,13,C,C_5,13,50658.640497747445,52491.867159496695
13_13,2011-10-21,49135.39,Germany,13,C,C_5,13,49115.07962207768,50209.14898190037
13_13,2011-10-28,46940.97,Germany,13,C,C_5,13,49554.32986790342,49532.55671231592
13_13,2011-11-04,50957.05,Germany,13,C,C_5,13,51379.75127188148,49534.88518494418
13_13,2011-11-11,49667.83,Germany,13,C,C_5,13,49948.4124168737,49173.29606286875
13_13,2011-11-18,47329.56,Germany,13,C,C_5,13,46769.12324481146,46906.44973374137
13_13,2011-11-25,45052.23,Germany,13,C,C_5,13,44982.778820061634,45537.56856661092
13_13,2011-12-02,43873.05,Germany,13,C,C_5,13,48055.507457577085,47894.90241130175
13_13,2011-12-09,46428.53,Germany,13,C,C_5,13,46167.277870072976,43745.901475503386
13_13,2011-12-16,43577.51,Germany,13,C,C_5,13,45547.4795406003,44788.931172959594
13_13,2011-12-23,45464.67,Germany,13,C,C_5,13,45307.88157216689,44166.800457315636
13_13,2011-12-30,40513.21,Germany,13,C,C_5,13,40151.128856893876,40436.733357103265
13_13,2012-01-06,53171.19,Germany,13,C,C_5,13,51657.72132084602,50624.11052228641
13_13,2012-01-13,49277.86,Germany,13,C,C_5,13,49867.711279877985,50862.06610587318
13_13,2012-01-20,48063.77,Germany,13,C,C_5,13,49633.06484725236,49508.648879240856
13_13,2012-01-27,45810.78,Germany,13,C,C_5,13,44602.87405924455,44826.79588936798
13_13,2012-02-03,47963.2,Germany,13,C,C_5,13,47794.03328756819,50218.97680976348
13_13,2012-02-10,48474.79,Germany,13,C,C_5,13,45780.43299550086,46823.787134635604
13_13,2012-02-17,48685.72,Germany,13,C,C_5,13,49726.97583600742,51132.17819013022
13_13,2012-02-24,51160.05,Germany,13,C,C_5,13,50818.16447591656,50553.33614691933
13_13,2012-03-02,51222.0,Germany,13,C,C_5,13,55273.593785285295,54791.35235071444
13_13,2012-03-09,47430.34,Germany,13,C,C_5,13,48007.24301378456,46383.49384832618
13_13,2012-03-16,46971.49,Germany,13,C,C_5,13,47543.19639632305,46398.56776078883
13_13,2012-03-23,45254.02,Germany,13,C,C_5,13,46504.59579575938,46242.759754544684
13_13,2012-03-30,45615.21,Germany,13,C,C_5,13,46911.15360534015,46110.10800820074
13_13,2012-04-06,48675.59,Germany,13,C,C_5,13,47257.09772508416,46133.63780292797
13_13,2012-04-13,45814.23,Germany,13,C,C_5,13,44388.17635668721,45491.528859157246
13_13,2012-04-20,47356.23,Germany,13,C,C_5,13,46943.702076857655,47946.69588213952
13_13,2012-04-27,45661.38,Germany,13,C,C_5,13,43790.51879968566,44805.698914605535
13_13,2012-05-04,46750.53,Germany,13,C,C_5,13,48070.78876432864,48363.45497071172
13_13,2012-05-11,46330.07,Germany,13,C,C_5,13,44164.20547503177,44869.18527931066
13_13,2012-05-18,44739.83,Germany,13,C,C_5,13,42782.09429597095,43777.93361777313
13_13,2012-05-25,45540.02,Germany,13,C,C_5,13,42812.34520369265,43854.59817578835
13_13,2012-06-01,45078.57,Germany,13,C,C_5,13,44903.70144741969,45762.60401216229
13_13,2012-06-08,50770.28,Germany,13,C,C_5,13,43933.556489959745,44983.432783971635
13_13,2012-06-15,47605.4,Germany,13,C,C_5,13,45995.7979252366,46651.37424376118
13_13,2012-06-22,46930.06,Germany,13,C,C_5,13,42156.79941372818,43263.284681507954
13_13,2012-06-29,47729.05,Germany,13,C,C_5,13,45028.51176143641,45819.25542524311
13_13,2012-07-06,50051.8,Germany,13,C,C_5,13,48066.84779379195,48310.2042785692
13_13,2012-07-13,48283.09,Germany,13,C,C_5,13,47937.41811389654,48433.06134199685
13_13,2012-07-20,49334.99,Germany,13,C,C_5,13,47915.52999479113,48304.42453301541
13_13,2012-07-27,47194.42,Germany,13,C,C_5,13,44866.805072554984,45713.9444371886
13_13,2012-08-03,52797.12,Germany,13,C,C_5,13,49687.927529405075,53291.652061668385
13_13,2012-08-10,49931.46,Germany,13,C,C_5,13,47116.53225250957,47892.85766613119
13_13,2012-08-17,54060.29,Germany,13,C,C_5,13,49985.38813989323,51714.39368136436
13_13,2012-08-24,51468.09,Germany,13,C,C_5,13,51811.2099211328,53317.83330500353
13_13,2012-08-31,53578.28,Germany,13,C,C_5,13,53639.538249745245,53256.52662668609
13_13,2012-09-07,58308.96,Germany,13,C,C_5,13,48702.25063520571,51443.997774140786
13_13,2012-09-14,50882.35,Germany,13,C,C_5,13,47391.634675746376,50296.39773515547
13_13,2012-09-21,50609.81,Germany,13,C,C_5,13,48771.05835231882,49761.61459763154
13_13,2012-09-28,51191.61,Germany,13,C,C_5,13,48684.309979424674,48291.982659713874
13_13,2012-10-05,53401.92,Germany,13,C,C_5,13,49316.35336951553,53775.79410898594
13_13,2012-10-12,47831.66,Germany,13,C,C_5,13,49198.99189443817,50747.622117951
13_13,2012-10-19,49102.01,Germany,13,C,C_5,13,47660.76124738469,49417.375518247056
13_13,2012-10-26,48124.32,Germany,13,C,C_5,13,48095.13381981842,47616.64417514763
13_13,2012-10-28,,Germany,13,C,C_5,13,50315.693397359704,51088.86743655295
13_13,2012-11-04,,Germany,13,C,C_5,13,48947.36601380473,49930.39537133354
13_13,2012-11-11,,Germany,13,C,C_5,13,45809.66416829318,47775.0248402437
13_13,2012-11-18,,Germany,13,C,C_5,13,43937.23229368163,45760.10724303354
13_13,2012-11-25,,Germany,13,C,C_5,13,46997.89518718173,44945.72592489198
13_13,2012-12-02,,Germany,13,C,C_5,13,45743.48706087653,47003.37639944029
13_13,2012-12-09,,Germany,13,C,C_5,13,45083.37116376241,44583.31421696306
13_13,2012-12-16,,Germany,13,C,C_5,13,45142.334260891446,46122.88582719382
13_13,2012-12-23,,Germany,13,C,C_5,13,39961.62186953267,41749.508644117515
13_13,2012-12-30,,Germany,13,C,C_5,13,51413.18075766186,52931.751395316394
13_13,2013-01-06,,Germany,13,C,C_5,13,49393.085995698326,49692.92935807485
13_13,2013-01-13,,Germany,13,C,C_5,13,49247.311855262094,48409.450105911
13_13,2013-01-20,,Germany,13,C,C_5,13,44455.045630370485,46884.15747642112
13_13,2013-01-27,,Germany,13,C,C_5,13,47462.68238148267,50709.09913274373
13_13,2013-02-03,,Germany,13,C,C_5,13,45423.3067204736,50862.35754707465
13_13,2013-02-10,,Germany,13,C,C_5,13,48960.342290621935,51456.69101375101
13_13,2013-02-17,,Germany,13,C,C_5,13,50208.81936986983,53444.148041963854
13_13,2013-02-24,,Germany,13,C,C_5,13,54611.29616254098,53933.968606721246
13_13,2013-03-03,,Germany,13,C,C_5,13,47959.231760310344,50254.07133523069
13_13,2013-03-10,,Germany,13,C,C_5,13,47582.63553372223,49686.62424754208
13_13,2013-03-17,,Germany,13,C,C_5,13,46630.71904651268,48275.91262480322
13_13,2013-03-24,,Germany,13,C,C_5,13,47227.1007215162,48671.27945775119
13_13,2013-03-31,,Germany,13,C,C_5,13,47770.22206402358,51177.41067250068
13_13,2013-04-07,,Germany,13,C,C_5,13,44686.62036803849,48815.244197744716
13_13,2013-04-14,,Germany,13,C,C_5,13,47025.95374613431,50168.64745890717
29_40,2010-02-05,30094.42,Canada,29,A,A_4,40,27814.656766650536,0.0
29_40,2010-02-12,26961.14,Canada,29,A,A_4,40,28067.733322976004,23264.41407318841
29_40,2010-02-19,27779.85,Canada,29,A,A_4,40,28643.911495505385,25914.21048607417
29_40,2010-02-26,26065.39,Canada,29,A,A_4,40,25848.393049201986,27242.93901952565
29_40,2010-03-05,28976.24,Canada,29,A,A_4,40,31565.471816229685,26404.723666682614
29_40,2010-03-12,28317.3,Canada,29,A,A_4,40,29625.350570239458,28235.126321170046
29_40,2010-03-19,25958.64,Canada,29,A,A_4,40,28538.783101247398,28293.61724486111
29_40,2010-03-26,27258.1,Canada,29,A,A_4,40,26337.063787067713,26631.589500781763
29_40,2010-04-02,26939.54,Canada,29,A,A_4,40,27100.660097085463,27077.53723216868
29_40,2010-04-09,28526.61,Canada,29,A,A_4,40,27367.27736187674,26979.311340391694
29_40,2010-04-16,28491.09,Canada,29,A,A_4,40,26719.876668103134,28080.672492859645
29_40,2010-04-23,28831.82,Canada,29,A,A_4,40,27909.18215098656,28372.80607408114
29_40,2010-04-30,29515.5,Canada,29,A,A_4,40,24522.62914709291,28699.5303966944
29_40,2010-05-07,29161.45,Canada,29,A,A_4,40,31450.54103786081,29280.334378576405
29_40,2010-05-14,27327.76,Canada,29,A,A_4,40,30980.18939196524,29195.71294147747
29_40,2010-05-21,26198.33,Canada,29,A,A_4,40,28227.178032885644,27866.11132153576
29_40,2010-05-28,28394.77,Canada,29,A,A_4,40,26300.50799478694,26678.991080129374
29_40,2010-06-04,27877.66,Canada,29,A,A_4,40,29417.49966363911,27900.2758248711
29_40,2010-06-11,26954.29,Canada,29,A,A_4,40,27958.167223935347,27884.177968914897
29_40,2010-06-18,27104.01,Canada,29,A,A_4,40,27790.06555578618,27222.287338599755
29_40,2010-06-25,26729.63,Canada,29,A,A_4,40,26341.726935225655,27138.097990189162
29_40,2010-07-02,28352.42,Canada,29,A,A_4,40,28571.98235727389,26847.35206753209
29_40,2010-07-09,26185.6,Canada,29,A,A_4,40,27421.971744940143,27918.65355307639
29_40,2010-07-16,27036.22,Canada,29,A,A_4,40,26190.458119731687,26685.072791778664
29_40,2010-07-23,26365.52,Canada,29,A,A_4,40,26885.925777682278,26935.01800534482
29_40,2010-07-30,26337.41,Canada,29,A,A_4,40,24581.183611501718,26529.651545812314
29_40,2010-08-06,26565.55,Canada,29,A,A_4,40,26403.18762776794,26392.814763120172
29_40,2010-08-13,25836.14,Canada,29,A,A_4,40,25735.570364814,26515.767031176125
29_40,2010-08-20,26415.04,Canada,29,A,A_4,40,26321.06059957292,26032.0111604885
29_40,2010-08-27,26541.44,Canada,29,A,A_4,40,26496.49393335299,26304.64959488933
29_40,2010-09-03,28863.04,Canada,29,A,A_4,40,28759.24738982619,26473.196081918475
29_40,2010-09-10,27671.42,Canada,29,A,A_4,40,27593.618076745897,28174.277663971494
29_40,2010-09-17,26080.2,Canada,29,A,A_4,40,25998.38823563486,27816.34553957456
29_40,2010-09-24,28330.7,Canada,29,A,A_4,40,28248.251868349987,26580.563914344177
29_40,2010-10-01,26020.77,Canada,29,A,A_4,40,25961.041775287988,27826.303955721138
29_40,2010-10-08,29550.1,Canada,29,A,A_4,40,29504.62476120365,26541.131926447302
29_40,2010-10-15,28190.4,Canada,29,A,A_4,40,28189.017472415588,28682.90366818305
29_40,2010-10-22,28364.72,Canada,29,A,A_4,40,28414.907511061214,28332.341477614427
29_40,2010-10-29,28722.34,Canada,29,A,A_4,40,28824.505685952772,28355.38838359331
29_40,2010-11-05,27186.22,Canada,29,A,A_4,40,27344.157509460354,28616.5831132789
29_40,2010-11-12,29550.64,Canada,29,A,A_4,40,29641.032921581027,27598.45622673311
29_40,2010-11-19,27362.91,Canada,29,A,A_4,40,27409.942204011677,28988.013024297055
29_40,2010-11-26,27652.5,Canada,29,A,A_4,40,27701.827597164694,27831.27102844757
29_40,2010-12-03,31142.72,Canada,29,A,A_4,40,31203.115971948908,27704.02250748936
29_40,2010-12-10,30268.55,Canada,29,A,A_4,40,30312.422576240064,30151.673973974062
29_40,2010-12-17,31130.67,Canada,29,A,A_4,40,31194.106114808124,30234.865873558865
29_40,2010-12-24,33501.15,Canada,29,A,A_4,40,33556.748646252054,30872.495757706027
29_40,2010-12-31,27483.79,Canada,29,A,A_4,40,27547.20714649359,32743.561597328495
29_40,2011-01-07,29671.96,Canada,29,A,A_4,40,29731.939128576658,28999.67668403944
29_40,2011-01-14,25679.03,Canada,29,A,A_4,40,25767.955572450177,29478.205326872358
29_40,2011-01-21,28016.62,Canada,29,A,A_4,40,28079.828729778408,26773.967143518177
29_40,2011-01-28,25439.68,Canada,29,A,A_4,40,25503.539146753516,30210.887805598224
29_40,2011-02-04,28333.14,Canada,29,A,A_4,40,28685.825691768427,44607.81620755325
29_40,2011-02-11,28249.97,Canada,29,A,A_4,40,28215.281882619645,31597.849430586888
29_40,2011-02-18,28984.32,Canada,29,A,A_4,40,28983.312383006793,30058.413625797068
29_40,2011-02-25,26293.29,Canada,29,A,A_4,40,26422.13827103009,28236.873842211306
29_40,2011-03-04,31976.96,Canada,29,A,A_4,40,31809.869282076666,29012.54324760218
29_40,2011-03-11,30319.25,Canada,29,A,A_4,40,30402.50780029416,30466.22527503516
29_40,2011-03-18,29397.93,Canada,29,A,A_4,40,29370.11083153465,28716.70227913115
29_40,2011-03-25,27523.55,Canada,29,A,A_4,40,27899.541360164163,30036.50883826141
29_40,2011-04-01,28143.66,Canada,29,A,A_4,40,28364.859799603513,28237.07017926252
29_40,2011-04-08,28378.75,Canada,29,A,A_4,40,28753.521608610354,29310.240453853567
29_40,2011-04-15,27517.24,Canada,29,A,A_4,40,27940.813820492753,28727.686087012728
29_40,2011-04-22,28414.84,Canada,29,A,A_4,40,28722.6566465058,28209.280723426466
29_40,2011-04-29,24831.41,Canada,29,A,A_4,40,25558.22492968816,28820.734385878925
29_40,2011-05-06,31044.7,Canada,29,A,A_4,40,30921.58189360376,25973.3455038378
29_40,2011-05-13,30898.65,Canada,29,A,A_4,40,30670.921743198254,27919.835905080676
29_40,2011-05-20,28629.13,Canada,29,A,A_4,40,28650.020557449705,29032.424954788938
29_40,2011-05-27,26919.51,Canada,29,A,A_4,40,27427.661059361206,30286.145504392072
29_40,2011-06-03,29684.8,Canada,29,A,A_4,40,29800.969525955934,27765.27329478288
29_40,2011-06-10,28375.33,Canada,29,A,A_4,40,28604.246546362316,28347.07109893708
29_40,2011-06-17,28312.35,Canada,29,A,A_4,40,28581.638623074814,28450.356861259657
29_40,2011-06-24,26939.66,Canada,29,A,A_4,40,27301.02871208299,28113.768711224402
29_40,2011-07-01,29087.47,Canada,29,A,A_4,40,29360.59605830202,28465.300927213262
29_40,2011-07-08,27956.66,Canada,29,A,A_4,40,28101.754720295547,27365.976146009252
29_40,2011-07-15,26919.0,Canada,29,A,A_4,40,27237.248348137935,28302.662670709742
29_40,2011-07-22,27528.12,Canada,29,A,A_4,40,27625.738360156425,26939.484792194307
29_40,2011-07-29,25258.43,Canada,29,A,A_4,40,25608.82342339641,27289.097755186474
29_40,2011-08-05,26615.18,Canada,29,A,A_4,40,26962.414102953007,26128.844434576517
29_40,2011-08-12,26997.13,Canada,29,A,A_4,40,26213.405348719043,25942.74862491261
29_40,2011-08-19,26170.86,Canada,29,A,A_4,40,26898.63236775472,27035.040578295793
29_40,2011-08-26,29529.16,Canada,29,A,A_4,40,26947.96984293273,26615.874694746795
29_40,2011-09-02,23403.91,Canada,29,A,A_4,40,29589.876115883548,30123.400963186665
29_40,2011-09-09,26698.93,Canada,29,A,A_4,40,27495.141432042343,24970.49295462915
29_40,2011-09-16,26616.28,Canada,29,A,A_4,40,25771.196704368012,24980.4271880487
29_40,2011-09-23,28481.22,Canada,29,A,A_4,40,28133.12589835899,27574.270779015525
29_40,2011-09-30,26055.8,Canada,29,A,A_4,40,25882.402618565855,26612.32544454185
29_40,2011-10-07,28195.93,Canada,29,A,A_4,40,29440.93819527353,28706.285194995293
29_40,2011-10-14,27017.94,Canada,29,A,A_4,40,27930.517584196536,27474.761778275006
29_40,2011-10-21,28987.99,Canada,29,A,A_4,40,28016.25884838908,27296.27779228828
29_40,2011-10-28,27365.95,Canada,29,A,A_4,40,28570.759828341088,28621.16619164951
29_40,2011-11-04,28480.47,Canada,29,A,A_4,40,26922.060040257413,26761.735330250514
29_40,2011-11-11,28365.34,Canada,29,A,A_4,40,29477.963957434687,29488.263101049262
29_40,2011-11-18,26388.85,Canada,29,A,A_4,40,27100.21726608605,27270.02844945799
29_40,2011-11-25,25717.43,Canada,29,A,A_4,40,27293.593305055943,26945.4356605704
29_40,2011-12-02,28707.89,Canada,29,A,A_4,40,30568.442076761694,28630.409402258814
29_40,2011-12-09,27585.42,Canada,29,A,A_4,40,29413.728028009744,28152.55688322177
29_40,2011-12-16,32149.6,Canada,29,A,A_4,40,30030.05789135898,28420.415780718227
29_40,2011-12-23,33248.17,Canada,29,A,A_4,40,32714.337822885784,32413.065099490148
29_40,2011-12-30,27337.35,Canada,29,A,A_4,40,26790.260220147942,28730.57416539213
29_40,2012-01-06,30294.99,Canada,29,A,A_4,40,29064.69947030443,29195.526988969574
29_40,2012-01-13,30403.28,Canada,29,A,A_4,40,25287.356317276342,27059.04333738011
29_40,2012-01-20,28988.95,Canada,29,A,A_4,40,28367.90302464481,30596.49170586061
29_40,2012-01-27,24465.66,Canada,29,A,A_4,40,25892.057394829353,28347.62491962055
29_40,2012-02-03,30292.58,Canada,29,A,A_4,40,28844.781527376315,32539.189258844322
29_40,2012-02-10,31318.03,Canada,29,A,A_4,40,28677.52758484767,30578.73063978507
29_40,2012-02-17,30147.22,Canada,29,A,A_4,40,29825.790588739183,31674.15210102859
29_40,2012-02-24,30077.8,Canada,29,A,A_4,40,27298.810481376844,28860.157418044375
29_40,2012-03-02,31286.73,Canada,29,A,A_4,40,33144.05069720083,33474.141302611504
29_40,2012-03-09,30614.66,Canada,29,A,A_4,40,31413.703697653924,31010.487875070143
29_40,2012-03-16,30988.82,Canada,29,A,A_4,40,30286.81459583384,29699.864862547143
29_40,2012-03-23,31278.04,Canada,29,A,A_4,40,28875.403800661967,29734.10289139915
29_40,2012-03-30,30586.67,Canada,29,A,A_4,40,29765.24074620006,31012.62992662515
29_40,2012-04-06,32279.06,Canada,29,A,A_4,40,30292.271715414223,31229.954078800758
29_40,2012-04-13,29713.34,Canada,29,A,A_4,40,29822.620906338452,31430.43471569103
29_40,2012-04-20,31225.97,Canada,29,A,A_4,40,30662.393724633956,30909.576576918626
29_40,2012-04-27,29373.74,Canada,29,A,A_4,40,27584.94323199656,29272.5202615359
29_40,2012-05-04,30683.39,Canada,29,A,A_4,40,33139.81988231424,32675.704058589516
29_40,2012-05-11,31209.44,Canada,29,A,A_4,40,32881.635392266275,32182.787285872575
29_40,2012-05-18,28643.03,Canada,29,A,A_4,40,30802.77921774746,30641.12507771272
29_40,2012-05-25,28301.8,Canada,29,A,A_4,40,29535.41555625289,30150.63192261797
29_40,2012-06-01,29290.11,Canada,29,A,A_4,40,32022.65309642865,31587.355837596002
29_40,2012-06-08,32531.09,Canada,29,A,A_4,40,30832.108325484216,30646.131866194537
29_40,2012-06-15,29074.01,Canada,29,A,A_4,40,30839.464313999197,30624.259543311295
29_40,2012-06-22,29549.71,Canada,29,A,A_4,40,29589.647380931114,29779.777391256037
29_40,2012-06-29,30237.48,Canada,29,A,A_4,40,31711.457144109176,31325.291776448226
29_40,2012-07-06,31940.05,Canada,29,A,A_4,40,30505.820082329265,30216.93995586968
29_40,2012-07-13,29262.54,Canada,29,A,A_4,40,29645.812830201085,29793.775604727387
29_40,2012-07-20,29748.34,Canada,29,A,A_4,40,30103.349458496294,29971.17942166903
29_40,2012-07-27,30130.33,Canada,29,A,A_4,40,28076.06582388962,28683.154625668507
29_40,2012-08-03,30641.75,Canada,29,A,A_4,40,29481.89455682346,29485.48804503578
29_40,2012-08-10,32371.2,Canada,29,A,A_4,40,28896.47936541795,29548.165158741245
29_40,2012-08-17,24084.37,Canada,29,A,A_4,40,29316.773085273002,29226.778117799902
29_40,2012-08-24,34076.22,Canada,29,A,A_4,40,29801.656427666465,31148.897279541517
29_40,2012-08-31,31994.71,Canada,29,A,A_4,40,31194.578765824524,28232.721206522736
29_40,2012-09-07,31195.62,Canada,29,A,A_4,40,30545.517224362367,29812.815055219966
29_40,2012-09-14,29529.31,Canada,29,A,A_4,40,29102.04096283412,29435.754805939574
29_40,2012-09-21,30561.3,Canada,29,A,A_4,40,31290.746302910655,30964.434868627635
29_40,2012-09-28,29697.96,Canada,29,A,A_4,40,28971.916706504326,29138.16986584208
29_40,2012-10-05,30829.37,Canada,29,A,A_4,40,32364.764670592496,31108.49657619778
29_40,2012-10-12,31464.73,Canada,29,A,A_4,40,31071.13428352122,30183.816982534972
29_40,2012-10-19,29708.54,Canada,29,A,A_4,40,31478.60146123665,31323.17350434871
29_40,2012-10-26,30458.8,Canada,29,A,A_4,40,31674.749975777846,30490.963668486937
29_40,2012-10-28,,Canada,29,A,A_4,40,30477.948421715362,30784.898304495306
29_40,2012-11-04,,Canada,29,A,A_4,40,32540.076705281095,31217.810988798534
29_40,2012-11-11,,Canada,29,A,A_4,40,30366.477889902526,29633.428697988602
29_40,2012-11-18,,Canada,29,A,A_4,40,30579.43299057493,29343.551349878922
29_40,2012-11-25,,Canada,29,A,A_4,40,34058.801306324596,31821.578788427076
29_40,2012-12-02,,Canada,29,A,A_4,40,33181.94552176829,31076.74753904293
29_40,2012-12-09,,Canada,29,A,A_4,40,34459.640587429436,33865.89016007473
29_40,2012-12-16,,Canada,29,A,A_4,40,36675.31185579444,34974.03706672156
29_40,2012-12-23,,Canada,29,A,A_4,40,30674.61253578514,30317.944803489492
29_40,2012-12-30,,Canada,29,A,A_4,40,32936.872765466185,32355.758906124094
29_40,2013-01-06,,Canada,29,A,A_4,40,29364.18369832016,31491.5431333203
29_40,2013-01-13,,Canada,29,A,A_4,40,31246.214844573988,31019.624886552385
29_40,2013-01-20,,Canada,29,A,A_4,40,28476.31696743367,28285.874423458394
29_40,2013-01-27,,Canada,29,A,A_4,40,31924.44280532309,35655.024650963634
29_40,2013-02-03,,Canada,29,A,A_4,40,31662.619008417812,35786.925243159865
29_40,2013-02-10,,Canada,29,A,A_4,40,32192.438209007538,35481.17307406211
29_40,2013-02-17,,Canada,29,A,A_4,40,29862.020222865085,34760.37549387967
29_40,2013-02-24,,Canada,29,A,A_4,40,34838.57803399901,36761.14368703513
29_40,2013-03-03,,Canada,29,A,A_4,40,33486.849458515164,36060.29358560497
29_40,2013-03-10,,Canada,29,A,A_4,40,32626.677681284033,35687.05792979677
29_40,2013-03-17,,Canada,29,A,A_4,40,31280.718008512104,35745.70522012388
29_40,2013-03-24,,Canada,29,A,A_4,40,31660.146493918855,35456.95406142039
29_40,2013-03-31,,Canada,29,A,A_4,40,32181.851428250677,36615.58148760079
29_40,2013-04-07,,Canada,29,A,A_4,40,31211.871734549004,35206.80892955049
29_40,2013-04-14,,Canada,29,A,A_4,40,32078.59182046448,36159.41549139135
23_74,2010-02-05,32081.02,France,23,A,A_0,74,28099.689810314674,0.0
23_74,2010-02-12,30613.79,France,23,A,A_0,74,29806.76190993271,21995.586994618163
23_74,2010-02-19,30628.25,France,23,A,A_0,74,37818.53541454877,27407.50148043951
23_74,2010-02-26,30426.63,France,23,A,A_0,74,34956.24349300411,29403.744074297403
23_74,2010-03-05,31349.11,France,23,A,A_0,74,33997.92810890879,30036.5262867002
23_74,2010-03-12,36318.67,France,23,A,A_0,74,24976.466772794105,30848.296747638335
23_74,2010-03-19,29515.91,France,23,A,A_0,74,31132.126926218334,34231.32479989155
23_74,2010-03-26,28431.21,France,23,A,A_0,74,31597.453835271714,31315.200850945348
23_74,2010-04-02,29600.01,France,23,A,A_0,74,31143.581886747666,29531.67428476902
23_74,2010-04-09,31419.72,France,23,A,A_0,74,31837.618322343482,29573.93466442752
23_74,2010-04-16,31072.89,France,23,A,A_0,74,27549.767742557193,30715.41079247452
23_74,2010-04-23,31243.58,France,23,A,A_0,74,33076.000260311615,30936.484160388758
23_74,2010-04-30,30078.57,France,23,A,A_0,74,28233.823562183028,31126.399294136143
23_74,2010-05-07,35837.76,France,23,A,A_0,74,33793.17736210254,30478.397547251418
23_74,2010-05-14,35804.61,France,23,A,A_0,74,34126.86604363859,33792.750611224576
23_74,2010-05-21,33857.89,France,23,A,A_0,74,36562.80426342938,35036.930751726824
23_74,2010-05-28,34028.34,France,23,A,A_0,74,36135.47211825321,34307.784820194334
23_74,2010-06-04,41611.37,France,23,A,A_0,74,41929.59560580189,34134.96971313877
23_74,2010-06-11,38984.63,France,23,A,A_0,74,34673.15908716339,38758.5476884454
23_74,2010-06-18,40976.64,France,23,A,A_0,74,39635.053169506245,38898.362192244414
23_74,2010-06-25,42564.85,France,23,A,A_0,74,38102.56395381733,40183.61701138434
23_74,2010-07-02,42572.71,France,23,A,A_0,74,40559.342039735595,41656.22628560757
23_74,2010-07-09,32251.53,France,23,A,A_0,74,38453.21972342358,42223.00090360635
23_74,2010-07-16,42279.67,France,23,A,A_0,74,37069.50749931483,36056.413845346964
23_74,2010-07-23,38869.59,France,23,A,A_0,74,38416.968172242836,39905.018653453786
23_74,2010-07-30,41146.86,France,23,A,A_0,74,42708.83663857305,39264.68574812187
23_74,2010-08-06,46283.44,France,23,A,A_0,74,48807.277917629384,40428.665615808495
23_74,2010-08-13,44650.94,France,23,A,A_0,74,46617.461266047336,44049.39281800353
23_74,2010-08-20,51120.03,France,23,A,A_0,74,52573.70943355857,44421.403437428824
23_74,2010-08-27,66275.88,France,23,A,A_0,74,67279.05143913675,48563.98824444304
23_74,2010-09-03,49371.27,France,23,A,A_0,74,50052.686863996816,59517.42967078337
23_74,2010-09-10,46389.07,France,23,A,A_0,74,46964.69445945775,53242.811059174375
23_74,2010-09-17,41791.22,France,23,A,A_0,74,42318.601160239516,49004.299878152866
23_74,2010-09-24,35267.96,France,23,A,A_0,74,35643.1966507765,44543.56530280331
23_74,2010-10-01,34316.99,France,23,A,A_0,74,34566.491943689,38807.31754450098
23_74,2010-10-08,36966.65,France,23,A,A_0,74,37135.79770021703,36030.39566497658
23_74,2010-10-15,32508.77,France,23,A,A_0,74,32660.771613011515,36609.39688971131
23_74,2010-10-22,31157.75,France,23,A,A_0,74,31289.586363246224,34073.474862430565
23_74,2010-10-29,26987.54,France,23,A,A_0,74,27090.152683255412,32270.323514357453
23_74,2010-11-05,27368.32,France,23,A,A_0,74,27483.7534684151,29003.328628032225
23_74,2010-11-12,32656.95,France,23,A,A_0,74,32787.36409062689,27992.201669609327
23_74,2010-11-19,30031.63,France,23,A,A_0,74,30135.103043543655,30876.989376688798
23_74,2010-11-26,43926.61,France,23,A,A_0,74,43970.23286353919,30354.199685753443
23_74,2010-12-03,28020.13,France,23,A,A_0,74,28029.71971404701,38747.69053603008
23_74,2010-12-10,30102.53,France,23,A,A_0,74,30142.722096507478,32113.520250856574
23_74,2010-12-17,31227.21,France,23,A,A_0,74,31316.41742023856,30869.877605243164
23_74,2010-12-24,38529.28,France,23,A,A_0,74,38670.85652608634,31090.860180663145
23_74,2010-12-31,35707.53,France,23,A,A_0,74,35910.24068482334,35690.95016089202
23_74,2011-01-07,39021.43,France,23,A,A_0,74,39184.72748464983,35701.20351491169
23_74,2011-01-14,29610.33,France,23,A,A_0,74,29765.516609643277,37754.50797434012
23_74,2011-01-21,30697.96,France,23,A,A_0,74,30908.546735190892,32717.960911001297
23_74,2011-01-28,27236.66,France,23,A,A_0,74,27437.12791556883,34587.998515944455
23_74,2011-02-04,27442.45,France,23,A,A_0,74,28201.78001482904,52135.19079218269
23_74,2011-02-11,28159.03,France,23,A,A_0,74,28237.04784907694,36118.50394714434
23_74,2011-02-18,35994.27,France,23,A,A_0,74,34829.497137871644,31496.241872793318
23_74,2011-02-25,34952.56,France,23,A,A_0,74,34474.58710143305,34034.87814567908
23_74,2011-03-04,35152.48,France,23,A,A_0,74,35061.95185066221,35289.8500399016
23_74,2011-03-11,26832.02,France,23,A,A_0,74,28823.9879625275,38865.60543994684
23_74,2011-03-18,30110.77,France,23,A,A_0,74,29675.304217808156,26770.920761951504
23_74,2011-03-25,31015.77,France,23,A,A_0,74,30426.82193302104,27900.772252569965
23_74,2011-04-01,31442.58,France,23,A,A_0,74,31163.69015990458,30592.024699991776
23_74,2011-04-08,32585.85,France,23,A,A_0,74,32486.197160350246,32447.003095830612
23_74,2011-04-15,28451.47,France,23,A,A_0,74,28918.234674755684,32290.029160262766
23_74,2011-04-22,33173.56,France,23,A,A_0,74,32636.290240191047,30174.064500048076
23_74,2011-04-29,28928.42,France,23,A,A_0,74,28942.17963265148,31117.578611814337
23_74,2011-05-06,34162.26,France,23,A,A_0,74,34062.07217354981,34112.27352347766
23_74,2011-05-13,34092.86,France,23,A,A_0,74,33849.84569819686,34154.82621990568
23_74,2011-05-20,36148.51,France,23,A,A_0,74,35268.15796532027,32708.133858116194
23_74,2011-05-27,36446.34,France,23,A,A_0,74,35835.41520806184,34903.95990723361
23_74,2011-06-03,42788.57,France,23,A,A_0,74,42583.29943692364,41443.97176110788
23_74,2011-06-10,35574.22,France,23,A,A_0,74,36151.208396619935,40357.38574494076
23_74,2011-06-17,39435.17,France,23,A,A_0,74,39434.66846557378,39039.77493686115
23_74,2011-06-24,37518.27,France,23,A,A_0,74,38029.965515528595,40451.949502985
23_74,2011-07-01,38744.09,France,23,A,A_0,74,38864.44018039084,38698.235154397786
23_74,2011-07-08,36055.96,France,23,A,A_0,74,34991.08921058984,31119.6581505505
23_74,2011-07-15,36230.17,France,23,A,A_0,74,37148.12520486663,41394.823109246994
23_74,2011-07-22,36281.46,France,23,A,A_0,74,36236.69887295877,35910.22599020153
23_74,2011-07-29,40455.97,France,23,A,A_0,74,40124.104789577854,37866.766508508226
23_74,2011-08-05,46688.21,France,23,A,A_0,74,46556.69544172924,43248.437151854974
23_74,2011-08-12,47004.69,France,23,A,A_0,74,45120.4937448162,44180.823288695574
23_74,2011-08-19,52821.44,France,23,A,A_0,74,52125.63478610548,50731.84969810768
23_74,2011-08-26,66301.3,France,23,A,A_0,74,67441.04373052908,63150.253586354906
23_74,2011-09-02,52045.99,France,23,A,A_0,74,50228.26463254312,52502.14991902808
23_74,2011-09-09,48244.88,France,23,A,A_0,74,47787.15238101316,49865.06664284563
23_74,2011-09-16,39797.15,France,23,A,A_0,74,43409.249722063745,45371.488393927495
23_74,2011-09-23,41756.07,France,23,A,A_0,74,35977.67835798958,37168.92374607383
23_74,2011-09-30,37475.82,France,23,A,A_0,74,36473.6964907395,39081.341268564676
23_74,2011-10-07,41191.44,France,23,A,A_0,74,39371.216594278165,40029.38468386992
23_74,2011-10-14,34467.34,France,23,A,A_0,74,35401.28624372169,37375.50447827055
23_74,2011-10-21,39291.23,France,23,A,A_0,74,33835.87112780231,34598.813441985265
23_74,2011-10-28,34027.39,France,23,A,A_0,74,31051.910709859738,34243.044274975844
23_74,2011-11-04,36123.79,France,23,A,A_0,74,32221.22825768281,34401.6976581551
23_74,2011-11-11,36882.08,France,23,A,A_0,74,38537.659768725265,39345.55695530986
23_74,2011-11-18,31529.57,France,23,A,A_0,74,35504.80026516918,36051.281067339885
23_74,2011-11-25,48022.87,France,23,A,A_0,74,48371.63941745314,43621.83518663676
23_74,2011-12-02,26796.51,France,23,A,A_0,74,32359.537442834495,34494.53525299835
23_74,2011-12-09,28548.56,France,23,A,A_0,74,33065.95424218335,31464.030726487985
23_74,2011-12-16,32715.56,France,23,A,A_0,74,33101.94768346437,30624.970460673983
23_74,2011-12-23,33509.14,France,23,A,A_0,74,40373.63153795262,37271.86390145647
23_74,2011-12-30,31116.24,France,23,A,A_0,74,35906.28229228739,33013.75951661596
23_74,2012-01-06,37188.83,France,23,A,A_0,74,38028.18649735726,34276.027133174124
23_74,2012-01-13,31828.05,France,23,A,A_0,74,28439.292589667588,28962.912763337852
23_74,2012-01-20,31728.62,France,23,A,A_0,74,30468.785038288224,31264.50386444348
23_74,2012-01-27,27119.02,France,23,A,A_0,74,27370.096365613972,29343.122663733287
23_74,2012-02-03,32898.48,France,23,A,A_0,74,28038.35457448141,34486.8094436448
23_74,2012-02-10,32382.87,France,23,A,A_0,74,29594.46759452991,33785.02912340758
23_74,2012-02-17,36891.35,France,23,A,A_0,74,37096.63410436725,38485.1999406736
23_74,2012-02-24,34057.96,France,23,A,A_0,74,36293.222390841984,36789.9260077071
23_74,2012-03-02,36739.28,France,23,A,A_0,74,36137.618031800484,35539.55193240231
23_74,2012-03-09,34023.59,France,23,A,A_0,74,29717.440962648267,31493.732256572664
23_74,2012-03-16,29987.62,France,23,A,A_0,74,32522.150831131992,33771.03628113273
23_74,2012-03-23,29762.8,France,23,A,A_0,74,32546.832736539818,31947.362262827104
23_74,2012-03-30,30874.31,France,23,A,A_0,74,32385.727171334023,31227.24733282988
23_74,2012-04-06,33113.3,France,23,A,A_0,74,33229.39808029334,32226.116939854615
23_74,2012-04-13,27909.7,France,23,A,A_0,74,29522.285981765013,29773.32239875879
23_74,2012-04-20,32081.06,France,23,A,A_0,74,33101.10279591542,32035.485438474352
23_74,2012-04-27,35026.69,France,23,A,A_0,74,28931.330532508073,28840.50241373187
23_74,2012-05-04,34678.58,France,23,A,A_0,74,34071.671531842774,33790.239592596015
23_74,2012-05-11,35982.38,France,23,A,A_0,74,33855.43666468998,33747.9509777592
23_74,2012-05-18,33157.04,France,23,A,A_0,74,35307.60015187559,34771.2541586538
23_74,2012-05-25,36794.28,France,23,A,A_0,74,35612.19724438421,35034.348470069
23_74,2012-06-01,40678.65,France,23,A,A_0,74,42145.070341529354,41164.044078548905
23_74,2012-06-08,45190.77,France,23,A,A_0,74,35544.088271955115,35540.85596328419
23_74,2012-06-15,38695.5,France,23,A,A_0,74,39059.47472708475,38691.323044969584
23_74,2012-06-22,38639.63,France,23,A,A_0,74,37577.97373930281,37698.579264277454
23_74,2012-06-29,41444.37,France,23,A,A_0,74,38600.07262842501,38550.151834991695
23_74,2012-07-06,46780.21,France,23,A,A_0,74,34934.21863198589,34392.833738131834
23_74,2012-07-13,34843.36,France,23,A,A_0,74,36525.83339563273,36718.686502383374
23_74,2012-07-20,41262.56,France,23,A,A_0,74,35990.03115278335,36023.377114276416
23_74,2012-07-27,39615.47,France,23,A,A_0,74,39908.97012328093,39475.4025877399
23_74,2012-08-03,46342.41,France,23,A,A_0,74,46227.7171856985,45005.48148286477
23_74,2012-08-10,48650.28,France,23,A,A_0,74,45020.23545416241,44907.29773293626
23_74,2012-08-17,57462.59,France,23,A,A_0,74,51371.806382041395,50452.48325876615
23_74,2012-08-24,69494.15,France,23,A,A_0,74,66236.94627538003,63251.85624001781
23_74,2012-08-31,54220.58,France,23,A,A_0,74,49753.959210645466,49518.53689380069
23_74,2012-09-07,44311.19,France,23,A,A_0,74,46650.37085401475,46141.168138630186
23_74,2012-09-14,38768.44,France,23,A,A_0,74,41548.260439740094,39156.69222636339
23_74,2012-09-21,39120.18,France,23,A,A_0,74,36432.521575890096,39058.03518156796
23_74,2012-09-28,38291.77,France,23,A,A_0,74,34755.196690271296,35823.7269800451
23_74,2012-10-05,40707.2,France,23,A,A_0,74,37521.71419570908,38994.08556243253
23_74,2012-10-12,40590.56,France,23,A,A_0,74,32680.110765441445,33282.89139161107
23_74,2012-10-19,36106.31,France,23,A,A_0,74,32305.42346585982,36348.608463571494
23_74,2012-10-26,35005.78,France,23,A,A_0,74,27772.810462326295,31728.862921345946
23_74,2012-10-28,,France,23,A,A_0,74,28328.910712293873,33282.8738926065
23_74,2012-11-04,,France,23,A,A_0,74,32828.39708412088,34986.123365026324
23_74,2012-11-11,,France,23,A,A_0,74,29866.219382959196,30677.126011571076
23_74,2012-11-18,,France,23,A,A_0,74,44278.49610850576,45295.59800085676
23_74,2012-11-25,,France,23,A,A_0,74,27574.471678001137,26904.418123981235
23_74,2012-12-02,,France,23,A,A_0,74,29841.56037760761,28574.351398633724
23_74,2012-12-09,,France,23,A,A_0,74,31635.58071721758,31755.51087288132
23_74,2012-12-16,,France,23,A,A_0,74,38036.16006347278,33929.312739675035
23_74,2012-12-23,,France,23,A,A_0,74,35612.207549717044,31638.978903250823
23_74,2012-12-30,,France,23,A,A_0,74,39534.32836484893,36610.83430395757
23_74,2013-01-06,,France,23,A,A_0,74,30789.599600610534,30754.930720766268
23_74,2013-01-13,,France,23,A,A_0,74,31645.1959295978,30869.495307301462
23_74,2013-01-20,,France,23,A,A_0,74,28002.52490736769,26976.831851196053
23_74,2013-01-27,,France,23,A,A_0,74,29498.318127716768,32955.080864599426
23_74,2013-02-03,,France,23,A,A_0,74,29517.417729547364,32664.606929133253
23_74,2013-02-10,,France,23,A,A_0,74,35867.776934844886,37479.061056343475
23_74,2013-02-17,,France,23,A,A_0,74,34812.54332333008,35270.09484484656
23_74,2013-02-24,,France,23,A,A_0,74,35645.34496951395,37247.47855887565
23_74,2013-03-03,,France,23,A,A_0,74,29626.935938125986,33917.5071746934
23_74,2013-03-10,,France,23,A,A_0,74,30321.419671973254,31340.144782429237
23_74,2013-03-17,,France,23,A,A_0,74,30948.5922119201,31300.61143146102
23_74,2013-03-24,,France,23,A,A_0,74,31680.603371052137,32244.988439669087
23_74,2013-03-31,,France,23,A,A_0,74,33114.43791453071,34172.07701276593
23_74,2013-04-07,,France,23,A,A_0,74,29212.849166129803,29641.256268228855
23_74,2013-04-14,,France,23,A,A_0,74,33439.899788869145,33565.978680066626
1_97,2010-02-05,32153.04,UK,1,A,A_6,97,35507.73841883487,0.0
1_97,2010-02-12,33874.47,UK,1,A,A_6,97,33760.27046381221,28726.832519924454
1_97,2010-02-19,31585.78,UK,1,A,A_6,97,30015.79806107303,33226.184074656514
1_97,2010-02-26,28457.31,UK,1,A,A_6,97,27158.860670396873,31792.875520855625
1_97,2010-03-05,31576.47,UK,1,A,A_6,97,32962.63659172858,28878.430357468613
1_97,2010-03-12,31197.12,UK,1,A,A_6,97,34046.87390554432,31235.83806934484
1_97,2010-03-19,31733.15,UK,1,A,A_6,97,35098.03228254896,31202.008219815176
1_97,2010-03-26,30294.48,UK,1,A,A_6,97,30395.7539051869,31666.092478308874
1_97,2010-04-02,30149.2,UK,1,A,A_6,97,28612.50941349338,30467.648327078765
1_97,2010-04-09,32544.27,UK,1,A,A_6,97,35149.78374958034,30189.40462407082
1_97,2010-04-16,33866.82,UK,1,A,A_6,97,35343.777650536234,32246.96438045046
1_97,2010-04-23,29464.0,UK,1,A,A_6,97,29906.322107731983,33662.310568813926
1_97,2010-04-30,29095.46,UK,1,A,A_6,97,27651.396584592334,29994.043601422392
1_97,2010-05-07,34449.36,UK,1,A,A_6,97,34433.71868419178,29208.907654829436
1_97,2010-05-14,33943.35,UK,1,A,A_6,97,35617.367966411904,33787.744288492315
1_97,2010-05-21,31165.21,UK,1,A,A_6,97,30889.51166290014,33923.70452347375
1_97,2010-05-28,30171.25,UK,1,A,A_6,97,30513.93215606264,31513.47446204019
1_97,2010-06-04,35109.14,UK,1,A,A_6,97,34634.11122507045,30340.70804178036
1_97,2010-06-11,37297.1,UK,1,A,A_6,97,35831.8190346431,34507.11763723177
1_97,2010-06-18,36307.14,UK,1,A,A_6,97,36150.136490758996,36944.860146557156
1_97,2010-06-25,31260.27,UK,1,A,A_6,97,29733.86741770982,36387.65321540893
1_97,2010-07-02,33726.13,UK,1,A,A_6,97,32748.259042434016,31907.61054825668
1_97,2010-07-09,38404.83,UK,1,A,A_6,97,36023.323478434686,33496.53893386528
1_97,2010-07-16,35429.54,UK,1,A,A_6,97,35734.03596312137,37785.15019525935
1_97,2010-07-23,31706.54,UK,1,A,A_6,97,31968.154921872232,35726.939654212634
1_97,2010-07-30,29315.71,UK,1,A,A_6,97,28827.900985933313,32214.122056388493
1_97,2010-08-06,37436.74,UK,1,A,A_6,97,36662.45323703805,29681.63928026486
1_97,2010-08-13,37470.84,UK,1,A,A_6,97,36782.136079971046,36457.64580305907
1_97,2010-08-20,33496.7,UK,1,A,A_6,97,32983.54960334056,37342.92256933722
1_97,2010-08-27,31655.17,UK,1,A,A_6,97,31201.728331150673,33982.291913487104
1_97,2010-09-03,36014.75,UK,1,A,A_6,97,35613.99456801648,31948.972961871445
1_97,2010-09-10,38996.39,UK,1,A,A_6,97,38612.40100015331,35501.43897439882
1_97,2010-09-17,35442.67,UK,1,A,A_6,97,35081.576689787325,38555.14669557055
1_97,2010-09-24,31177.11,UK,1,A,A_6,97,30803.75645203037,35835.62529237831
1_97,2010-10-01,32954.82,UK,1,A,A_6,97,32590.71162666593,31765.2552032623
1_97,2010-10-08,37839.71,UK,1,A,A_6,97,37544.70369614685,32804.63549157613
1_97,2010-10-15,38436.02,UK,1,A,A_6,97,38074.658471543444,37204.02357753772
1_97,2010-10-22,32393.82,UK,1,A,A_6,97,32074.788538571185,38280.47842917099
1_97,2010-10-29,32281.74,UK,1,A,A_6,97,31955.342969008383,33137.02029044986
1_97,2010-11-05,35669.19,UK,1,A,A_6,97,35398.019210360944,32389.720540730756
1_97,2010-11-12,36255.13,UK,1,A,A_6,97,35980.728315465996,35255.15159706299
1_97,2010-11-19,34756.36,UK,1,A,A_6,97,34479.8732083881,36128.88108502574
1_97,2010-11-26,28754.58,UK,1,A,A_6,97,28496.124670469642,34929.643040168245
1_97,2010-12-03,30659.4,UK,1,A,A_6,97,30382.32185550048,29534.191846044392
1_97,2010-12-10,36498.68,UK,1,A,A_6,97,36261.211729206516,30517.340623377775
1_97,2010-12-17,35614.14,UK,1,A,A_6,97,35422.56929201802,35743.52608450254
1_97,2010-12-24,40058.17,UK,1,A,A_6,97,39860.23834072578,35630.475205573624
1_97,2010-12-31,28591.28,UK,1,A,A_6,97,28431.965150393364,39499.1662635281
1_97,2011-01-07,35362.9,UK,1,A,A_6,97,35261.76655916853,29968.41854758005
1_97,2011-01-14,36612.04,UK,1,A,A_6,97,36515.25696493689,34681.837860841886
1_97,2011-01-21,31942.34,UK,1,A,A_6,97,31857.33014986398,36368.34881123652
1_97,2011-01-28,29371.79,UK,1,A,A_6,97,29270.038105631153,32897.205964552704
1_97,2011-02-04,37785.87,UK,1,A,A_6,97,37029.41739789908,54700.70805285657
1_97,2011-02-11,36562.46,UK,1,A,A_6,97,36700.9593705089,41640.2120929323
1_97,2011-02-18,32770.02,UK,1,A,A_6,97,33205.35830328197,35264.66502335024
1_97,2011-02-25,29680.01,UK,1,A,A_6,97,29949.226612995742,30318.730375502262
1_97,2011-03-04,35305.67,UK,1,A,A_6,97,34974.718023842026,32594.30780022031
1_97,2011-03-11,36603.97,UK,1,A,A_6,97,36110.26536309311,34556.73212557541
1_97,2011-03-18,38218.31,UK,1,A,A_6,97,37695.02030248403,36774.38706157951
1_97,2011-03-25,34150.08,UK,1,A,A_6,97,34346.74948989295,36696.720609232245
1_97,2011-04-01,32320.8,UK,1,A,A_6,97,32889.616233296205,34408.86416934177
1_97,2011-04-08,38632.57,UK,1,A,A_6,97,38295.35161788944,34809.81306076264
1_97,2011-04-15,39347.42,UK,1,A,A_6,97,39272.32319715354,39243.99096192289
1_97,2011-04-22,34137.86,UK,1,A,A_6,97,34352.464583952176,35347.237771804255
1_97,2011-04-29,31939.43,UK,1,A,A_6,97,32536.103242136527,33990.61959094539
1_97,2011-05-06,38463.79,UK,1,A,A_6,97,38716.638965727405,37098.18772686987
1_97,2011-05-13,39672.38,UK,1,A,A_6,97,39569.69485609481,37803.40477363325
1_97,2011-05-20,35237.13,UK,1,A,A_6,97,35571.500117732045,36870.31519151444
1_97,2011-05-27,34836.36,UK,1,A,A_6,97,35008.2274373099,34591.141657903616
1_97,2011-06-03,39013.79,UK,1,A,A_6,97,39352.89912548928,39274.535393395156
1_97,2011-06-10,40101.21,UK,1,A,A_6,97,40626.88986690738,41043.689738888315
1_97,2011-06-17,40178.65,UK,1,A,A_6,97,40370.29415571371,39343.13006695143
1_97,2011-06-24,33724.87,UK,1,A,A_6,97,34179.5847297609,35484.62926841596
1_97,2011-07-01,36457.02,UK,1,A,A_6,97,36757.43540555011,36224.73022763175
1_97,2011-07-08,39544.16,UK,1,A,A_6,97,40087.15019363908,40656.690461021695
1_97,2011-07-15,38860.63,UK,1,A,A_6,97,38776.67162708918,37020.2855885056
1_97,2011-07-22,35158.35,UK,1,A,A_6,97,35104.40493919278,35198.1497574299
1_97,2011-07-29,32060.9,UK,1,A,A_6,97,32178.378795308992,33008.14339163747
1_97,2011-08-05,37986.05,UK,1,A,A_6,97,39971.5502050122,39554.721335502676
1_97,2011-08-12,37747.44,UK,1,A,A_6,97,39581.940060609784,38264.65216895108
1_97,2011-08-19,38711.47,UK,1,A,A_6,97,35293.08450405764,34224.88680334185
1_97,2011-08-26,33691.44,UK,1,A,A_6,97,34034.24737039679,36362.024098900765
1_97,2011-09-02,36907.61,UK,1,A,A_6,97,38298.0215253203,38048.23400044164
1_97,2011-09-09,39703.09,UK,1,A,A_6,97,40969.53640526399,39782.763144005876
1_97,2011-09-16,38823.04,UK,1,A,A_6,97,37131.64532618456,36494.2790729404
1_97,2011-09-23,33436.59,UK,1,A,A_6,97,33097.052212444316,34602.01599594952
1_97,2011-09-30,32167.23,UK,1,A,A_6,97,34875.95071654316,35225.15972413872
1_97,2011-10-07,40724.52,UK,1,A,A_6,97,39251.614704472566,37061.153763773116
1_97,2011-10-14,37394.9,UK,1,A,A_6,97,40002.08363924735,40704.777016216714
1_97,2011-10-21,34172.38,UK,1,A,A_6,97,33442.914404418116,32428.098173920676
1_97,2011-10-28,31358.04,UK,1,A,A_6,97,33386.83259746967,33799.27687320654
1_97,2011-11-04,36482.93,UK,1,A,A_6,97,36373.582883081486,34797.458797267
1_97,2011-11-11,37047.49,UK,1,A,A_6,97,36908.30710019425,36759.869442922405
1_97,2011-11-18,35561.29,UK,1,A,A_6,97,35363.70141146349,35634.28207084827
1_97,2011-11-25,30320.41,UK,1,A,A_6,97,29342.40466399954,30137.669599708206
1_97,2011-12-02,30023.13,UK,1,A,A_6,97,31344.580423770454,32017.449370177248
1_97,2011-12-09,36644.98,UK,1,A,A_6,97,36904.135332524726,35618.87401108799
1_97,2011-12-16,37639.31,UK,1,A,A_6,97,35943.252945591885,35709.69601169521
1_97,2011-12-23,40044.91,UK,1,A,A_6,97,40635.186994073025,41345.64033569753
1_97,2011-12-30,29166.73,UK,1,A,A_6,97,29035.177094754312,29881.187674169574
1_97,2012-01-06,37707.5,UK,1,A,A_6,97,35827.25832178134,35385.443220831105
1_97,2012-01-13,37686.0,UK,1,A,A_6,97,37385.38986917938,38485.958325040716
1_97,2012-01-20,34151.42,UK,1,A,A_6,97,32745.863408393554,33568.82517096124
1_97,2012-01-27,29976.37,UK,1,A,A_6,97,30388.27537280526,31970.175168022077
1_97,2012-02-03,35049.26,UK,1,A,A_6,97,38163.68980325423,38621.66380293964
1_97,2012-02-10,36981.11,UK,1,A,A_6,97,36940.81095784704,34631.268708756776
1_97,2012-02-17,36733.72,UK,1,A,A_6,97,33397.532769781814,33211.97400849835
1_97,2012-02-24,32002.54,UK,1,A,A_6,97,30842.0830812226,33369.360096391996
1_97,2012-03-02,33473.25,UK,1,A,A_6,97,36229.56341005825,37257.634740733876
1_97,2012-03-09,38745.38,UK,1,A,A_6,97,36817.976648054784,35181.08576721786
1_97,2012-03-16,38407.78,UK,1,A,A_6,97,38653.55081092987,39635.77904652362
1_97,2012-03-23,32622.65,UK,1,A,A_6,97,35013.859910508356,34972.64569290553
1_97,2012-03-30,35314.89,UK,1,A,A_6,97,33066.4868982388,31373.404169251895
1_97,2012-04-06,40962.41,UK,1,A,A_6,97,39138.22934876234,40343.433517328915
1_97,2012-04-13,36554.07,UK,1,A,A_6,97,40324.447834353916,41542.541885175975
1_97,2012-04-20,34402.49,UK,1,A,A_6,97,34632.0113108713,32577.904749431444
1_97,2012-04-27,32306.41,UK,1,A,A_6,97,32719.652240231964,32184.773818550104
1_97,2012-05-04,37558.68,UK,1,A,A_6,97,39053.226287762045,38110.34089718429
1_97,2012-05-11,37634.44,UK,1,A,A_6,97,39999.92386957446,39155.89522470791
1_97,2012-05-18,35798.96,UK,1,A,A_6,97,35881.52748852685,35158.53645864891
1_97,2012-05-25,34412.58,UK,1,A,A_6,97,35390.97613590262,34773.33678199495
1_97,2012-06-01,36918.07,UK,1,A,A_6,97,39717.34749383365,38629.79084841798
1_97,2012-06-08,40069.6,UK,1,A,A_6,97,41000.629144986444,39675.4657559725
1_97,2012-06-15,40683.18,UK,1,A,A_6,97,40886.53254664875,39700.16015041022
1_97,2012-06-22,33754.43,UK,1,A,A_6,97,34665.96544328868,33849.88345900212
1_97,2012-06-29,33889.59,UK,1,A,A_6,97,37341.40533656966,36339.02311253024
1_97,2012-07-06,43995.15,UK,1,A,A_6,97,40666.89352947152,39224.86129560475
1_97,2012-07-13,38504.79,UK,1,A,A_6,97,39561.24913155891,38511.85332233466
1_97,2012-07-20,34958.1,UK,1,A,A_6,97,35856.37311229017,35112.4928017275
1_97,2012-07-27,31575.8,UK,1,A,A_6,97,32876.417200651216,32311.77916901824
1_97,2012-08-03,36222.9,UK,1,A,A_6,97,40327.775309755285,37815.52309721037
1_97,2012-08-10,40136.61,UK,1,A,A_6,97,40320.1637391764,37616.21056682677
1_97,2012-08-17,38837.77,UK,1,A,A_6,97,37351.03661588049,38306.07202738014
1_97,2012-08-24,32858.35,UK,1,A,A_6,97,34754.62055114724,33834.77433811713
1_97,2012-08-31,36432.05,UK,1,A,A_6,97,38873.828397765414,36824.17033454121
1_97,2012-09-07,43039.76,UK,1,A,A_6,97,41814.8479404569,39391.764769680936
1_97,2012-09-14,39216.22,UK,1,A,A_6,97,38760.74380451003,38480.641258486794
1_97,2012-09-21,36362.41,UK,1,A,A_6,97,34158.42684465443,33589.60383439795
1_97,2012-09-28,32971.82,UK,1,A,A_6,97,35294.36885448106,32546.351590125985
1_97,2012-10-05,40500.26,UK,1,A,A_6,97,40947.269936243014,40241.27285599987
1_97,2012-10-12,39844.82,UK,1,A,A_6,97,40658.65966316595,37343.555273176666
1_97,2012-10-19,36028.46,UK,1,A,A_6,97,35202.430821181006,34284.99085112515
1_97,2012-10-26,32830.52,UK,1,A,A_6,97,34495.843893079335,31807.970602442518
1_97,2012-10-28,,UK,1,A,A_6,97,38258.76839132155,36432.127238761765
1_97,2012-11-04,,UK,1,A,A_6,97,38785.25208821587,36952.733424815284
1_97,2012-11-11,,UK,1,A,A_6,97,37231.99552614977,35580.96105004905
1_97,2012-11-18,,UK,1,A,A_6,97,31326.792101111634,30754.171038095476
1_97,2012-11-25,,UK,1,A,A_6,97,32721.425755459226,30566.86633265895
1_97,2012-12-02,,UK,1,A,A_6,97,38726.27012516172,36602.07464308538
1_97,2012-12-09,,UK,1,A,A_6,97,38186.95283949921,37459.69645123928
1_97,2012-12-16,,UK,1,A,A_6,97,42143.40464997065,39718.5697930707
1_97,2012-12-23,,UK,1,A,A_6,97,30789.827382442374,29758.599978693295
1_97,2012-12-30,,UK,1,A,A_6,97,37890.43591615552,37488.40676115435
1_97,2013-01-06,,UK,1,A,A_6,97,38808.80951510218,37518.82984823703
1_97,2013-01-13,,UK,1,A,A_6,97,34320.07179413251,34229.82873456226
1_97,2013-01-20,,UK,1,A,A_6,97,31359.300991865013,30676.177926020693
1_97,2013-01-27,,UK,1,A,A_6,97,38695.39009253037,36129.65324105522
1_97,2013-02-03,,UK,1,A,A_6,97,38633.55235025458,37879.51086066826
1_97,2013-02-10,,UK,1,A,A_6,97,35706.209060558846,37506.78486923463
1_97,2013-02-17,,UK,1,A,A_6,97,32130.785920098388,33230.864582557486
1_97,2013-02-24,,UK,1,A,A_6,97,36561.678013384844,34729.43447475793
1_97,2013-03-03,,UK,1,A,A_6,97,38529.09757746562,39321.7644791141
1_97,2013-03-10,,UK,1,A,A_6,97,39599.5083887646,39079.576452161404
1_97,2013-03-17,,UK,1,A,A_6,97,35594.27171765867,33927.10878767636
1_97,2013-03-24,,UK,1,A,A_6,97,34953.40074624083,36219.757744231254
1_97,2013-03-31,,UK,1,A,A_6,97,40532.00142511359,41336.5516373058
1_97,2013-04-07,,UK,1,A,A_6,97,40323.99674569984,37572.34014286111
1_97,2013-04-14,,UK,1,A,A_6,97,36023.534748291226,35442.87187862361
16_40,2010-02-05,34870.18,USA,16,A,A_4,40,35521.91283811476,0.0
16_40,2010-02-12,33667.35,USA,16,A,A_4,40,34961.91846165895,31001.71421096287
16_40,2010-02-19,33627.79,USA,16,A,A_4,40,35503.9414831695,33305.06308671558
16_40,2010-02-26,33763.57,USA,16,A,A_4,40,32594.908294880075,33583.77877634195
16_40,2010-03-05,34182.25,USA,16,A,A_4,40,36421.61405348078,33739.04979144358
16_40,2010-03-12,32460.44,USA,16,A,A_4,40,33601.807159479984,34121.80559074075
16_40,2010-03-19,36986.62,USA,16,A,A_4,40,34054.51741641876,32687.01991117785
16_40,2010-03-26,35604.16,USA,16,A,A_4,40,34351.10997531593,36400.23310716247
16_40,2010-04-02,32144.26,USA,16,A,A_4,40,32202.486250444606,35712.72982652818
16_40,2010-04-09,29778.53,USA,16,A,A_4,40,30130.71777277985,32630.934083763757
16_40,2010-04-16,29297.67,USA,16,A,A_4,40,28540.04865083014,30167.545799901094
16_40,2010-04-23,22541.75,USA,16,A,A_4,40,22405.119771828344,29416.305165346806
16_40,2010-04-30,24329.25,USA,16,A,A_4,40,23402.10459407595,23479.313717509143
16_40,2010-05-07,24974.05,USA,16,A,A_4,40,26466.490623544043,24213.33422050714
16_40,2010-05-14,24552.08,USA,16,A,A_4,40,24065.864402054274,24870.30226694162
16_40,2010-05-21,26216.06,USA,16,A,A_4,40,24782.138948736632,24595.47970287702
16_40,2010-05-28,27623.27,USA,16,A,A_4,40,25151.598174544153,25995.04245757751
16_40,2010-06-04,29380.81,USA,16,A,A_4,40,28723.998522856728,27401.20951304383
16_40,2010-06-11,32137.18,USA,16,A,A_4,40,33417.67731967622,29110.828663449156
16_40,2010-06-18,30537.01,USA,16,A,A_4,40,32061.330723889398,31724.44097306084
16_40,2010-06-25,31886.84,USA,16,A,A_4,40,33410.75373089441,30698.953888820655
16_40,2010-07-02,36984.81,USA,16,A,A_4,40,34888.64076968569,31724.834038655907
16_40,2010-07-09,38102.33,USA,16,A,A_4,40,39120.779141794585,36267.44538545955
16_40,2010-07-16,37636.13,USA,16,A,A_4,40,35493.49489515106,37852.08526429979
16_40,2010-07-23,38407.55,USA,16,A,A_4,40,38059.18154404582,37665.58235226757
16_40,2010-07-30,37334.79,USA,16,A,A_4,40,37885.26918952881,38306.35916956106
16_40,2010-08-06,36242.34,USA,16,A,A_4,40,36582.62535539692,37467.29428289851
16_40,2010-08-13,32997.18,USA,16,A,A_4,40,33205.62640311519,36409.40138268297
16_40,2010-08-20,32470.74,USA,16,A,A_4,40,32561.50644429783,33462.54465088516
16_40,2010-08-27,33800.16,USA,16,A,A_4,40,33819.06019959862,32606.004032822602
16_40,2010-09-03,31708.79,USA,16,A,A_4,40,31678.956170786114,33637.29894485619
16_40,2010-09-10,32456.05,USA,16,A,A_4,40,32362.393570752905,31971.80338371732
16_40,2010-09-17,32847.53,USA,16,A,A_4,40,32745.026439145964,32390.00760935312
16_40,2010-09-24,31406.83,USA,16,A,A_4,40,31330.510974074514,32785.1323054436
16_40,2010-10-01,30887.52,USA,16,A,A_4,40,30811.186617435553,31594.80525109078
16_40,2010-10-08,29734.17,USA,16,A,A_4,40,29645.638696661583,30983.980785229392
16_40,2010-10-15,26131.82,USA,16,A,A_4,40,26042.283474510772,29904.621355440293
16_40,2010-10-22,27169.13,USA,16,A,A_4,40,27081.468496736583,26646.361170905217
16_40,2010-10-29,26444.27,USA,16,A,A_4,40,26364.753800667408,27097.833883376457
16_40,2010-11-05,26207.27,USA,16,A,A_4,40,26116.507154190625,26533.404172232273
16_40,2010-11-12,26683.59,USA,16,A,A_4,40,26581.73209340707,26251.748742197946
16_40,2010-11-19,26663.7,USA,16,A,A_4,40,26577.524265851363,26624.69474273599
16_40,2010-11-26,25129.65,USA,16,A,A_4,40,25080.638100429664,26658.38039558585
16_40,2010-12-03,31052.55,USA,16,A,A_4,40,31027.611957698686,25338.14089406972
16_40,2010-12-10,29397.24,USA,16,A,A_4,40,29368.84845867541,30273.209007621255
16_40,2010-12-17,31647.56,USA,16,A,A_4,40,31591.498631818646,29516.706167548953
16_40,2010-12-24,44681.03,USA,16,A,A_4,40,44590.9051288557,31356.95047071847
16_40,2010-12-31,41757.25,USA,16,A,A_4,40,41675.22872083181,42863.8690004301
16_40,2011-01-07,41403.37,USA,16,A,A_4,40,41331.39341397115,41908.17261229339
16_40,2011-01-14,35759.82,USA,16,A,A_4,40,35698.48617549073,41472.21585291802
16_40,2011-01-21,34618.85,USA,16,A,A_4,40,34581.26944571694,36538.886421452524
16_40,2011-01-28,35060.29,USA,16,A,A_4,40,35018.71640113896,35690.96778659059
16_40,2011-02-04,36011.59,USA,16,A,A_4,40,35878.05500494909,59247.03773807173
16_40,2011-02-11,35701.71,USA,16,A,A_4,40,35468.329610639346,38584.68492940868
16_40,2011-02-18,36694.11,USA,16,A,A_4,40,36381.99230668239,36178.94896063896
16_40,2011-02-25,34331.86,USA,16,A,A_4,40,34465.07046041087,36722.27663238159
16_40,2011-03-04,37832.08,USA,16,A,A_4,40,37512.849330719895,35089.1636772314
16_40,2011-03-11,35695.01,USA,16,A,A_4,40,35561.07249518589,35945.71046568741
16_40,2011-03-18,36484.38,USA,16,A,A_4,40,36864.966920673134,39506.06319378193
16_40,2011-03-25,35931.47,USA,16,A,A_4,40,36008.27321900633,35851.51494212601
16_40,2011-04-01,33428.25,USA,16,A,A_4,40,33321.262280554976,33000.70667915557
16_40,2011-04-08,31382.73,USA,16,A,A_4,40,31262.57577726777,31343.806258034634
16_40,2011-04-15,29916.34,USA,16,A,A_4,40,29939.99372080135,30916.624211525334
16_40,2011-04-22,23584.85,USA,16,A,A_4,40,23506.606560711196,24438.7307146006
16_40,2011-04-29,24572.75,USA,16,A,A_4,40,24580.826133192673,25190.925563026245
16_40,2011-05-06,27397.16,USA,16,A,A_4,40,27089.033573245262,25223.532050375394
16_40,2011-05-13,25439.13,USA,16,A,A_4,40,25442.27103343913,26684.80578817718
16_40,2011-05-20,26032.56,USA,16,A,A_4,40,26130.25837611979,27055.576607319956
16_40,2011-05-27,26015.66,USA,16,A,A_4,40,26181.675193057185,27410.0207996082
16_40,2011-06-03,28881.5,USA,16,A,A_4,40,28778.850773343256,27753.429653430172
16_40,2011-06-10,33381.06,USA,16,A,A_4,40,33083.13161290699,30998.61479853301
16_40,2011-06-17,32420.43,USA,16,A,A_4,40,32152.8402364309,31660.917461380268
16_40,2011-06-24,34205.84,USA,16,A,A_4,40,34018.91352003648,33443.95434603119
16_40,2011-07-01,36101.55,USA,16,A,A_4,40,36419.45775351242,38356.193026540386
16_40,2011-07-08,39733.66,USA,16,A,A_4,40,39586.802442710505,37455.93855302444
16_40,2011-07-15,36396.18,USA,16,A,A_4,40,36670.46321625392,38965.00996561211
16_40,2011-07-22,38340.44,USA,16,A,A_4,40,38327.038485195284,37476.29187759936
16_40,2011-07-29,38032.39,USA,16,A,A_4,40,37950.11144296176,37288.36006374292
16_40,2011-08-05,37519.34,USA,16,A,A_4,40,36854.87213894207,36963.36674019757
16_40,2011-08-12,37667.49,USA,16,A,A_4,40,33783.24305374236,34696.57678736283
16_40,2011-08-19,34998.64,USA,16,A,A_4,40,34332.88849017526,36699.56283316352
16_40,2011-08-26,31785.88,USA,16,A,A_4,40,35817.478738547274,36387.084913799044
16_40,2011-09-02,33323.91,USA,16,A,A_4,40,32527.125917697864,30841.162253402978
16_40,2011-09-09,34252.51,USA,16,A,A_4,40,33439.44477968729,33510.59746435595
16_40,2011-09-16,31429.31,USA,16,A,A_4,40,34030.78606048737,34445.69484355646
16_40,2011-09-23,31424.95,USA,16,A,A_4,40,31834.176670321005,30742.01855448214
16_40,2011-09-30,30934.29,USA,16,A,A_4,40,31175.09281583967,30854.168082706252
16_40,2011-10-07,29899.37,USA,16,A,A_4,40,29919.738467079136,29929.423794367845
16_40,2011-10-14,27753.43,USA,16,A,A_4,40,26285.24741653942,26886.591972763108
16_40,2011-10-21,27377.17,USA,16,A,A_4,40,27721.69065442832,28444.833145373377
16_40,2011-10-28,28445.22,USA,16,A,A_4,40,26879.659145578218,26956.66076737234
16_40,2011-11-04,26103.37,USA,16,A,A_4,40,27061.241836642494,27988.70259449867
16_40,2011-11-11,27530.37,USA,16,A,A_4,40,27225.824165289123,26824.83401895909
16_40,2011-11-18,27009.31,USA,16,A,A_4,40,27278.389215139276,27390.095414063806
16_40,2011-11-25,27034.89,USA,16,A,A_4,40,25674.930265828818,25825.90842367269
16_40,2011-12-02,28956.9,USA,16,A,A_4,40,31997.096326019822,31769.087714680234
16_40,2011-12-09,30145.38,USA,16,A,A_4,40,29455.592610876858,28115.17694684298
16_40,2011-12-16,32942.16,USA,16,A,A_4,40,31872.244469590703,31750.361500242052
16_40,2011-12-23,42300.7,USA,16,A,A_4,40,45168.03915334296,43642.78945988817
16_40,2011-12-30,41544.27,USA,16,A,A_4,40,41399.196108785625,40158.253661506154
16_40,2012-01-06,41070.23,USA,16,A,A_4,40,41072.35268923257,40966.44721921997
16_40,2012-01-13,35310.46,USA,16,A,A_4,40,35416.840328125836,36314.154049941906
16_40,2012-01-20,33846.86,USA,16,A,A_4,40,34248.477151012434,34471.213373613005
16_40,2012-01-27,31555.21,USA,16,A,A_4,40,34559.810019607714,34586.95042503343
16_40,2012-02-03,30280.17,USA,16,A,A_4,40,34552.05239326427,35299.56791522858
16_40,2012-02-10,32134.88,USA,16,A,A_4,40,32884.20803544331,30888.80655713874
16_40,2012-02-17,32337.06,USA,16,A,A_4,40,33523.46524603837,32681.760908193744
16_40,2012-02-24,34009.5,USA,16,A,A_4,40,31121.25725542365,30609.731036449215
16_40,2012-03-02,32316.45,USA,16,A,A_4,40,35092.874998541345,36133.06789476691
16_40,2012-03-09,32569.57,USA,16,A,A_4,40,32226.419058531403,31190.463792923794
16_40,2012-03-16,33044.28,USA,16,A,A_4,40,33528.92709204088,33376.596911373614
16_40,2012-03-23,31103.15,USA,16,A,A_4,40,32677.61165053475,32538.16843067705
16_40,2012-03-30,30880.8,USA,16,A,A_4,40,29580.077475445993,29068.7810775938
16_40,2012-04-06,28798.78,USA,16,A,A_4,40,27866.254854452698,28737.182322339537
16_40,2012-04-13,27997.92,USA,16,A,A_4,40,26760.080018944627,27570.11629470611
16_40,2012-04-20,25591.84,USA,16,A,A_4,40,20701.73701969813,22398.47833533931
16_40,2012-04-27,23068.85,USA,16,A,A_4,40,23152.052099856253,25946.567325708224
16_40,2012-05-04,23370.56,USA,16,A,A_4,40,25699.844319366268,28173.626007842522
16_40,2012-05-11,25717.92,USA,16,A,A_4,40,23927.118829380146,26647.371780240966
16_40,2012-05-18,25265.16,USA,16,A,A_4,40,24604.537223926884,27274.513157814858
16_40,2012-05-25,24877.79,USA,16,A,A_4,40,24675.750618076247,27423.595623524783
16_40,2012-06-01,27496.21,USA,16,A,A_4,40,27352.382110557082,29816.269232926756
16_40,2012-06-08,30992.36,USA,16,A,A_4,40,31649.991840032362,33543.22763831403
16_40,2012-06-15,33007.61,USA,16,A,A_4,40,30629.98306754604,32674.240704477448
16_40,2012-06-22,33820.53,USA,16,A,A_4,40,32409.09615056847,34195.771393344636
16_40,2012-06-29,32520.27,USA,16,A,A_4,40,34695.609395349195,36177.545286124936
16_40,2012-07-06,35581.6,USA,16,A,A_4,40,38009.400355494035,39088.54044546114
16_40,2012-07-13,32940.63,USA,16,A,A_4,40,35000.51246419531,36504.001403909395
16_40,2012-07-20,32472.56,USA,16,A,A_4,40,36769.97135200679,38060.17296221661
16_40,2012-07-27,32997.95,USA,16,A,A_4,40,36397.08006121369,37713.55145219618
16_40,2012-08-03,34054.16,USA,16,A,A_4,40,35346.89769966467,37192.4373135271
16_40,2012-08-10,34582.97,USA,16,A,A_4,40,32465.31359610559,36966.316389798085
16_40,2012-08-17,31099.16,USA,16,A,A_4,40,31513.43499743182,34858.38726279177
16_40,2012-08-24,30934.73,USA,16,A,A_4,40,32248.51455141956,32521.963605609526
16_40,2012-08-31,29448.48,USA,16,A,A_4,40,30692.145577808573,33491.394400924124
16_40,2012-09-07,30636.07,USA,16,A,A_4,40,31376.39353985793,34268.570541105495
16_40,2012-09-14,30359.36,USA,16,A,A_4,40,31328.058000385663,32145.080074524718
16_40,2012-09-21,29683.85,USA,16,A,A_4,40,30140.775116748584,31990.933020655673
16_40,2012-09-28,27941.31,USA,16,A,A_4,40,29619.32447751442,31548.819493842526
16_40,2012-10-05,28103.29,USA,16,A,A_4,40,28459.25405887499,30620.107409010714
16_40,2012-10-12,26413.45,USA,16,A,A_4,40,25006.914831425434,28610.3019686396
16_40,2012-10-19,27089.79,USA,16,A,A_4,40,25804.981966120948,28407.543611703757
16_40,2012-10-26,26270.11,USA,16,A,A_4,40,25288.426872494645,29149.57303664868
16_40,2012-10-28,,USA,16,A,A_4,40,24719.20953705958,27335.58426580995
16_40,2012-11-04,,USA,16,A,A_4,40,25309.164563637547,28470.93129227699
16_40,2012-11-11,,USA,16,A,A_4,40,25205.57070504711,28070.49882521486
16_40,2012-11-18,,USA,16,A,A_4,40,23872.479139167506,27960.15263056246
16_40,2012-11-25,,USA,16,A,A_4,40,29280.50144746363,30022.19680029515
16_40,2012-12-02,,USA,16,A,A_4,40,28057.142548250325,30809.472343289
16_40,2012-12-09,,USA,16,A,A_4,40,30319.811602626287,33236.692764080115
16_40,2012-12-16,,USA,16,A,A_4,40,42840.01837825258,41716.48652696463
16_40,2012-12-23,,USA,16,A,A_4,40,40254.48382060563,40900.061876554166
16_40,2012-12-30,,USA,16,A,A_4,40,39868.19080032742,40467.071468661336
16_40,2013-01-06,,USA,16,A,A_4,40,34200.736925501405,35476.50177749308
16_40,2013-01-13,,USA,16,A,A_4,40,33027.83336465057,34189.20014140504
16_40,2013-01-20,,USA,16,A,A_4,40,33146.04978570109,32674.586778224675
16_40,2013-01-27,,USA,16,A,A_4,40,33853.83797448364,33912.00881240559
16_40,2013-02-03,,USA,16,A,A_4,40,33835.01769210218,35239.55338799212
16_40,2013-02-10,,USA,16,A,A_4,40,34638.72204418357,35457.23742649321
16_40,2013-02-17,,USA,16,A,A_4,40,33062.03117494289,36555.714853295634
16_40,2013-02-24,,USA,16,A,A_4,40,35529.852030167596,35560.46178230762
16_40,2013-03-03,,USA,16,A,A_4,40,33833.819939435256,35480.53974090243
16_40,2013-03-10,,USA,16,A,A_4,40,34939.68002975332,36255.239883812144
16_40,2013-03-17,,USA,16,A,A_4,40,34099.211219970064,34670.449931127936
16_40,2013-03-24,,USA,16,A,A_4,40,31796.87314915788,34035.65121852194
16_40,2013-03-31,,USA,16,A,A_4,40,29665.023735948238,32147.846463879374
16_40,2013-04-07,,USA,16,A,A_4,40,28326.73346847003,31385.381596248902
16_40,2013-04-14,,USA,16,A,A_4,40,21765.2139256941,28632.99528048125
40_2,2010-02-05,27089.38,Canada,40,D,D_4,2,23759.426446108653,0.0
40_2,2010-02-12,25187.64,Canada,40,D,D_4,2,24554.477828410087,19761.847131554863
40_2,2010-02-19,25082.06,Canada,40,D,D_4,2,26654.371651308742,23262.150080990494
40_2,2010-02-26,24338.23,Canada,40,D,D_4,2,26188.52241608636,24416.27844647016
40_2,2010-03-05,25673.66,Canada,40,D,D_4,2,27425.197617972848,24366.89752128955
40_2,2010-03-12,24345.43,Canada,40,D,D_4,2,22519.275812788714,25193.421009353293
40_2,2010-03-19,23987.48,Canada,40,D,D_4,2,25712.328864600328,24657.091907583243
40_2,2010-03-26,23886.96,Canada,40,D,D_4,2,26026.516014109104,24233.584711861025
40_2,2010-04-02,25791.04,Canada,40,D,D_4,2,24214.79025894274,24014.356313499142
40_2,2010-04-09,23950.61,Canada,40,D,D_4,2,27304.43322063119,25138.04849389014
40_2,2010-04-16,25355.47,Canada,40,D,D_4,2,23906.94081940681,24387.03392581267
40_2,2010-04-23,24002.04,Canada,40,D,D_4,2,24550.9896821687,24999.5368910784
40_2,2010-04-30,23009.05,Canada,40,D,D_4,2,22361.466056892845,24368.653945103793
40_2,2010-05-07,25699.63,Canada,40,D,D_4,2,24951.82101811379,23508.750571080684
40_2,2010-05-14,23876.45,Canada,40,D,D_4,2,23771.38287968002,24894.40748961284
40_2,2010-05-21,24618.18,Canada,40,D,D_4,2,24616.11869925189,24250.583909166646
40_2,2010-05-28,26221.43,Canada,40,D,D_4,2,25631.928511460424,24483.0759668147
40_2,2010-06-04,28068.84,Canada,40,D,D_4,2,28390.348313526687,25582.525923368397
40_2,2010-06-11,26963.71,Canada,40,D,D_4,2,25076.229500614343,27155.035234675102
40_2,2010-06-18,27325.72,Canada,40,D,D_4,2,27040.922453826748,27034.028513986726
40_2,2010-06-25,26240.45,Canada,40,D,D_4,2,27200.02721342955,27218.513483965326
40_2,2010-07-02,28826.15,Canada,40,D,D_4,2,28943.05628899422,26599.92150878406
40_2,2010-07-09,28715.12,Canada,40,D,D_4,2,29295.361441543893,28007.935510086787
40_2,2010-07-16,30091.86,Canada,40,D,D_4,2,28456.708438480015,28455.205710441678
40_2,2010-07-23,29866.19,Canada,40,D,D_4,2,29235.694998865758,29490.33402906795
40_2,2010-07-30,29223.65,Canada,40,D,D_4,2,28121.187016639633,29728.050180682087
40_2,2010-08-06,31842.74,Canada,40,D,D_4,2,32199.973614583963,29409.034176951
40_2,2010-08-13,28251.65,Canada,40,D,D_4,2,28644.279689848026,30948.27055247384
40_2,2010-08-20,28204.19,Canada,40,D,D_4,2,28585.134604205086,29242.749529333025
40_2,2010-08-27,29081.83,Canada,40,D,D_4,2,29427.188692543583,28585.895857638
40_2,2010-09-03,30377.61,Canada,40,D,D_4,2,30685.835402019453,28899.557379321406
40_2,2010-09-10,28201.81,Canada,40,D,D_4,2,28509.024535479115,29834.37552255742
40_2,2010-09-17,25577.35,Canada,40,D,D_4,2,25883.872472803836,28801.833210357734
40_2,2010-09-24,24357.43,Canada,40,D,D_4,2,24624.909575440903,26762.456962563185
40_2,2010-10-01,27169.57,Canada,40,D,D_4,2,27429.70367773974,25241.358993436952
40_2,2010-10-08,27929.1,Canada,40,D,D_4,2,28170.613536379205,26460.887045215644
40_2,2010-10-15,25892.31,Canada,40,D,D_4,2,26114.212199624235,27389.48193356034
40_2,2010-10-22,24048.43,Canada,40,D,D_4,2,24277.92886278491,26442.571473502845
40_2,2010-10-29,22394.52,Canada,40,D,D_4,2,22623.663575404014,24928.3582069435
40_2,2010-11-05,25449.88,Canada,40,D,D_4,2,25690.761442877843,23325.791495355134
40_2,2010-11-12,25324.79,Canada,40,D,D_4,2,25572.042141363334,24669.20542000249
40_2,2010-11-19,21892.76,Canada,40,D,D_4,2,22139.152624613413,25083.84042773725
40_2,2010-11-26,25251.73,Canada,40,D,D_4,2,25501.718310262688,23065.590306841943
40_2,2010-12-03,25472.18,Canada,40,D,D_4,2,25722.57319395432,24448.249503288105
40_2,2010-12-10,29968.16,Canada,40,D,D_4,2,30231.091193974822,25095.85080810465
40_2,2010-12-17,31575.65,Canada,40,D,D_4,2,31856.53607862509,28177.42109072988
40_2,2010-12-24,52961.05,Canada,40,D,D_4,2,53232.50406244339,30326.68559918589
40_2,2010-12-31,18851.45,Canada,40,D,D_4,2,19110.13221605927,44642.15326689485
40_2,2011-01-07,22450.25,Canada,40,D,D_4,2,22699.002529524616,28330.40833751532
40_2,2011-01-14,20379.09,Canada,40,D,D_4,2,20634.353791469825,24611.407659118417
40_2,2011-01-21,21904.22,Canada,40,D,D_4,2,22177.509192721678,21934.610310817134
40_2,2011-01-28,21241.19,Canada,40,D,D_4,2,21527.18715609869,24220.833452699826
40_2,2011-02-04,23727.43,Canada,40,D,D_4,2,24602.804104377366,39416.71384052173
40_2,2011-02-11,24379.58,Canada,40,D,D_4,2,24765.901551243962,28961.854042371764
40_2,2011-02-18,26461.66,Canada,40,D,D_4,2,26446.640938501016,26585.919952469776
40_2,2011-02-25,26067.98,Canada,40,D,D_4,2,25997.19297613931,26014.01278468825
40_2,2011-03-04,27352.83,Canada,40,D,D_4,2,27328.311775490467,27047.91794279825
40_2,2011-03-11,22492.29,Canada,40,D,D_4,2,23107.17778629929,26190.120575261324
40_2,2011-03-18,25627.6,Canada,40,D,D_4,2,25593.11704971522,24040.900973997836
40_2,2011-03-25,26026.54,Canada,40,D,D_4,2,25907.22998847651,24781.27711491984
40_2,2011-04-01,24292.29,Canada,40,D,D_4,2,24823.45728293594,26847.121668002634
40_2,2011-04-08,27303.19,Canada,40,D,D_4,2,26983.128394578824,24194.337895631084
40_2,2011-04-15,24030.45,Canada,40,D,D_4,2,24556.920016289492,26785.966924700013
40_2,2011-04-22,24615.74,Canada,40,D,D_4,2,24778.912945825617,24361.466163390814
40_2,2011-04-29,22473.58,Canada,40,D,D_4,2,22809.997746167595,23746.777491859586
40_2,2011-05-06,25055.61,Canada,40,D,D_4,2,25377.785859284464,25145.581291690865
40_2,2011-05-13,23850.12,Canada,40,D,D_4,2,24043.9820847546,23775.71193300151
40_2,2011-05-20,24703.14,Canada,40,D,D_4,2,24858.972401607636,24426.66415299814
40_2,2011-05-27,25729.44,Canada,40,D,D_4,2,25969.052270520046,25873.916933138375
40_2,2011-06-03,28477.2,Canada,40,D,D_4,2,28537.85114200729,27270.542394949254
40_2,2011-06-10,25203.79,Canada,40,D,D_4,2,25612.791684565596,27087.493950376655
40_2,2011-06-17,27118.87,Canada,40,D,D_4,2,27210.087725857396,26417.13107833175
40_2,2011-06-24,27242.19,Canada,40,D,D_4,2,27140.72307587996,26003.29999771032
40_2,2011-07-01,29035.32,Canada,40,D,D_4,2,29070.95860656397,28634.836989356107
40_2,2011-07-08,29447.13,Canada,40,D,D_4,2,29347.10659490492,28844.03640021296
40_2,2011-07-15,28642.07,Canada,40,D,D_4,2,28915.537588959683,30236.821751658616
40_2,2011-07-22,29375.21,Canada,40,D,D_4,2,29445.267358033267,29299.796541234722
40_2,2011-07-29,28244.89,Canada,40,D,D_4,2,28383.31845975339,28882.802815727937
40_2,2011-08-05,30689.9,Canada,40,D,D_4,2,32161.8141538634,30506.35256574255
40_2,2011-08-12,29521.47,Canada,40,D,D_4,2,28555.0044536854,27859.200479637693
40_2,2011-08-19,28742.79,Canada,40,D,D_4,2,28552.67852765955,28607.0811929179
40_2,2011-08-26,30453.73,Canada,40,D,D_4,2,29423.838558965963,29336.218954772125
40_2,2011-09-02,27253.08,Canada,40,D,D_4,2,30744.325562849295,30837.960302938573
40_2,2011-09-09,29712.24,Canada,40,D,D_4,2,28439.144083398234,27297.729024116583
40_2,2011-09-16,26721.81,Canada,40,D,D_4,2,25877.85866686207,26403.705005356842
40_2,2011-09-23,25785.37,Canada,40,D,D_4,2,24671.987741911165,25591.11476276438
40_2,2011-09-30,25832.93,Canada,40,D,D_4,2,27533.747721691714,27818.484603309727
40_2,2011-10-07,28690.71,Canada,40,D,D_4,2,28219.64991977254,27393.075541776
40_2,2011-10-14,25033.58,Canada,40,D,D_4,2,26195.336088289867,26432.40013197573
40_2,2011-10-21,25880.08,Canada,40,D,D_4,2,24319.76879467816,24224.949951769893
40_2,2011-10-28,24191.29,Canada,40,D,D_4,2,22737.780253087192,23770.08332743989
40_2,2011-11-04,26510.67,Canada,40,D,D_4,2,25870.76357790356,26283.083921934824
40_2,2011-11-11,25801.51,Canada,40,D,D_4,2,25786.48349115994,26305.639781306167
40_2,2011-11-18,23723.19,Canada,40,D,D_4,2,22364.30541120124,23498.162763698594
40_2,2011-11-25,25526.89,Canada,40,D,D_4,2,25791.03953271784,26227.240466420368
40_2,2011-12-02,27566.42,Canada,40,D,D_4,2,26011.23633712616,26284.308088328624
40_2,2011-12-09,31767.28,Canada,40,D,D_4,2,30590.483248322627,30619.95731410421
40_2,2011-12-16,33543.44,Canada,40,D,D_4,2,32270.966043892804,32844.32945638453
40_2,2011-12-23,49470.42,Canada,40,D,D_4,2,53711.25866325581,49137.24169022542
40_2,2011-12-30,24531.03,Canada,40,D,D_4,2,19430.826299494678,23257.70621355463
40_2,2012-01-06,23472.77,Canada,40,D,D_4,2,23237.733122896883,25929.2149472627
40_2,2012-01-13,21423.84,Canada,40,D,D_4,2,21191.508110155657,22862.445538803604
40_2,2012-01-20,23960.06,Canada,40,D,D_4,2,22751.269668108274,22982.202879760243
40_2,2012-01-27,21194.94,Canada,40,D,D_4,2,22158.616246552127,22988.82109720167
40_2,2012-02-03,27069.05,Canada,40,D,D_4,2,25105.889481361173,27995.477747749774
40_2,2012-02-10,25414.26,Canada,40,D,D_4,2,25467.409049684826,27706.913193663273
40_2,2012-02-17,27104.18,Canada,40,D,D_4,2,27230.404448615955,27999.492982378924
40_2,2012-02-24,26512.83,Canada,40,D,D_4,2,26784.839395459654,27149.297736090208
40_2,2012-03-02,27333.05,Canada,40,D,D_4,2,28094.21724105989,27985.430520483475
40_2,2012-03-09,27312.87,Canada,40,D,D_4,2,23731.813701292802,24075.702796177422
40_2,2012-03-16,26682.84,Canada,40,D,D_4,2,26498.458024852396,27714.23102644313
40_2,2012-03-23,24029.46,Canada,40,D,D_4,2,26833.199631637955,27460.513001110292
40_2,2012-03-30,25410.64,Canada,40,D,D_4,2,25519.98501500229,25003.82148866452
40_2,2012-04-06,28812.1,Canada,40,D,D_4,2,27842.591185063065,26850.40726316362
40_2,2012-04-13,23507.91,Canada,40,D,D_4,2,25297.561147487897,25893.146857361666
40_2,2012-04-20,25160.83,Canada,40,D,D_4,2,25530.848958452367,24799.872556644794
40_2,2012-04-27,25123.8,Canada,40,D,D_4,2,23523.921707711917,23312.999493368603
40_2,2012-05-04,26283.0,Canada,40,D,D_4,2,26107.75944197949,25646.110558076187
40_2,2012-05-11,25995.21,Canada,40,D,D_4,2,24808.98037274734,24457.974063780013
40_2,2012-05-18,23426.65,Canada,40,D,D_4,2,25638.344291034682,25220.800333880034
40_2,2012-05-25,25112.8,Canada,40,D,D_4,2,26740.38850779333,26307.854854137604
40_2,2012-06-01,27676.81,Canada,40,D,D_4,2,29349.56108163025,28599.99999706811
40_2,2012-06-08,29016.19,Canada,40,D,D_4,2,26367.28500278428,26163.69310389565
40_2,2012-06-15,26487.29,Canada,40,D,D_4,2,28035.584842964352,27543.13392026718
40_2,2012-06-22,27508.52,Canada,40,D,D_4,2,28002.957622454305,27420.100109925443
40_2,2012-06-29,28063.43,Canada,40,D,D_4,2,29905.635203294725,29222.80456707955
40_2,2012-07-06,30610.66,Canada,40,D,D_4,2,30206.50467797456,29514.823574514892
40_2,2012-07-13,28357.63,Canada,40,D,D_4,2,29706.925956919426,29286.391829813616
40_2,2012-07-20,27849.25,Canada,40,D,D_4,2,30282.588690586454,29745.38685197303
40_2,2012-07-27,27625.52,Canada,40,D,D_4,2,29211.786178708935,28854.535561499626
40_2,2012-08-03,30702.74,Canada,40,D,D_4,2,32767.383992699724,31068.236828210986
40_2,2012-08-10,30086.3,Canada,40,D,D_4,2,29637.90329181036,29491.757640063584
40_2,2012-08-17,30037.9,Canada,40,D,D_4,2,29463.55591083899,28935.512935620263
40_2,2012-08-24,28019.26,Canada,40,D,D_4,2,30470.993091007953,30278.875512713905
40_2,2012-08-31,29797.24,Canada,40,D,D_4,2,30975.143551418256,28375.39764138496
40_2,2012-09-07,30367.64,Canada,40,D,D_4,2,29627.416456084884,29528.42805871467
40_2,2012-09-14,26095.61,Canada,40,D,D_4,2,26941.237496477257,26883.794410168117
40_2,2012-09-21,25091.89,Canada,40,D,D_4,2,25747.50931977416,25959.168626324514
40_2,2012-09-28,24393.39,Canada,40,D,D_4,2,28082.08414729498,26601.85380467929
40_2,2012-10-05,28521.9,Canada,40,D,D_4,2,29208.883900680874,28699.179555656712
40_2,2012-10-12,25868.29,Canada,40,D,D_4,2,26885.77481732724,25752.48019183739
40_2,2012-10-19,24332.14,Canada,40,D,D_4,2,25523.634015660642,25880.813713567823
40_2,2012-10-26,24220.81,Canada,40,D,D_4,2,23860.393581110722,24366.467694392504
40_2,2012-10-28,,Canada,40,D,D_4,2,26795.304635272943,26597.17974841214
40_2,2012-11-04,,Canada,40,D,D_4,2,26578.1349605396,26090.598171524824
40_2,2012-11-11,,Canada,40,D,D_4,2,23385.678252436493,23954.782365302726
40_2,2012-11-18,,Canada,40,D,D_4,2,26479.438228715684,25942.90119427395
40_2,2012-11-25,,Canada,40,D,D_4,2,27022.10467845708,27483.46575521364
40_2,2012-12-02,,Canada,40,D,D_4,2,31473.745327117183,31439.281534636695
40_2,2012-12-09,,Canada,40,D,D_4,2,33123.13292624253,33183.56317828961
40_2,2012-12-16,,Canada,40,D,D_4,2,53567.24084894624,48519.48326347477
40_2,2012-12-23,,Canada,40,D,D_4,2,21058.817533562997,24104.14227443861
40_2,2012-12-30,,Canada,40,D,D_4,2,23826.09273944598,23862.217906338203
40_2,2013-01-06,,Canada,40,D,D_4,2,21769.919842605366,21901.34550026894
40_2,2013-01-13,,Canada,40,D,D_4,2,23487.642658480578,23808.036032735745
40_2,2013-01-20,,Canada,40,D,D_4,2,22473.891453738557,21784.905960922606
40_2,2013-01-27,,Canada,40,D,D_4,2,25961.644871964967,28039.22556544407
40_2,2013-02-03,,Canada,40,D,D_4,2,25898.3711803664,26943.152646917504
40_2,2013-02-10,,Canada,40,D,D_4,2,27650.982965735217,28473.973478759344
40_2,2013-02-17,,Canada,40,D,D_4,2,27185.524350797747,27942.54569752322
40_2,2013-02-24,,Canada,40,D,D_4,2,28422.050371518373,28859.725630222903
40_2,2013-03-03,,Canada,40,D,D_4,2,24834.506335523023,27786.45957713513
40_2,2013-03-10,,Canada,40,D,D_4,2,26874.481357043438,27926.431018308533
40_2,2013-03-17,,Canada,40,D,D_4,2,26689.683770448686,26229.426259910157
40_2,2013-03-24,,Canada,40,D,D_4,2,25951.387817503433,27001.68195788766
40_2,2013-03-31,,Canada,40,D,D_4,2,28463.288187011643,29665.233421238907
40_2,2013-04-07,,Canada,40,D,D_4,2,25406.27048910777,25638.063729607868
40_2,2013-04-14,,Canada,40,D,D_4,2,26018.49673197905,26711.75607417577
24_90,2010-02-05,73435.29,Germany,24,A,A_3,90,76608.6988618881,0.0
24_90,2010-02-12,75151.67,Germany,24,A,A_3,90,74185.67221753349,56945.950097033914
24_90,2010-02-19,68813.04,Germany,24,A,A_3,90,70506.15024099739,74858.32875698167
24_90,2010-02-26,61811.89,Germany,24,A,A_3,90,67943.63413030146,70271.12466970905
24_90,2010-03-05,73524.48,Germany,24,A,A_3,90,75240.19391136186,63411.444105441326
24_90,2010-03-12,69360.4,Germany,24,A,A_3,90,73794.7917199455,70823.7285331327
24_90,2010-03-19,62178.07,Germany,24,A,A_3,90,63208.19321389586,70333.65359501152
24_90,2010-03-26,63730.32,Germany,24,A,A_3,90,65174.28390399721,63822.223664081015
24_90,2010-04-02,76430.99,Germany,24,A,A_3,90,65527.69686851586,63363.60922236621
24_90,2010-04-09,65806.16,Germany,24,A,A_3,90,72560.26485591568,73515.29023915491
24_90,2010-04-16,63443.01,Germany,24,A,A_3,90,66810.22400153965,68265.07419581043
24_90,2010-04-23,62939.4,Germany,24,A,A_3,90,75785.54899146201,63970.85556251751
24_90,2010-04-30,63414.31,Germany,24,A,A_3,90,58735.343887648145,63051.865491567456
24_90,2010-05-07,70688.71,Germany,24,A,A_3,90,67998.2621973241,63304.51069671081
24_90,2010-05-14,66002.63,Germany,24,A,A_3,90,65086.454991573126,69018.10717406376
24_90,2010-05-21,62977.81,Germany,24,A,A_3,90,63830.86317508249,67089.49309622221
24_90,2010-05-28,67847.76,Germany,24,A,A_3,90,66720.63488291031,63666.08864125273
24_90,2010-06-04,67669.53,Germany,24,A,A_3,90,65968.2082045552,66724.67862821132
24_90,2010-06-11,69659.59,Germany,24,A,A_3,90,69924.23163886658,67717.36673202849
24_90,2010-06-18,65635.29,Germany,24,A,A_3,90,65229.525385315086,69202.08496500214
24_90,2010-06-25,62679.78,Germany,24,A,A_3,90,61889.8916288829,66562.66974034418
24_90,2010-07-02,74085.61,Germany,24,A,A_3,90,71222.21879233723,63353.1130778364
24_90,2010-07-09,72616.27,Germany,24,A,A_3,90,75395.98779439193,71461.01721982846
24_90,2010-07-16,69276.72,Germany,24,A,A_3,90,67442.55935881412,72969.94626226829
24_90,2010-07-23,67862.24,Germany,24,A,A_3,90,65127.36461617165,70041.8043747378
24_90,2010-07-30,66590.85,Germany,24,A,A_3,90,66695.92359352305,68182.52054881041
24_90,2010-08-06,74565.3,Germany,24,A,A_3,90,75396.69181252395,66880.98431543977
24_90,2010-08-13,71321.57,Germany,24,A,A_3,90,72101.46774768345,72731.40919926784
24_90,2010-08-20,66734.92,Germany,24,A,A_3,90,67478.36555234858,72078.05815398347
24_90,2010-08-27,67100.47,Germany,24,A,A_3,90,67739.34561773215,67784.05188517796
24_90,2010-09-03,71924.29,Germany,24,A,A_3,90,72459.52760586352,67010.0505325988
24_90,2010-09-10,78041.85,Germany,24,A,A_3,90,78492.31775434963,70816.5833015805
24_90,2010-09-17,68401.97,Germany,24,A,A_3,90,68775.82141544417,76643.14945769212
24_90,2010-09-24,63774.92,Germany,24,A,A_3,90,64101.732939055866,70625.28920680787
24_90,2010-10-01,65442.33,Germany,24,A,A_3,90,65837.58147678598,64824.3363746164
24_90,2010-10-08,76143.91,Germany,24,A,A_3,90,76556.95368276215,65052.809509959436
24_90,2010-10-15,68566.39,Germany,24,A,A_3,90,68860.56502149768,73687.63638233165
24_90,2010-10-22,65853.24,Germany,24,A,A_3,90,65970.530597406,70322.37383521014
24_90,2010-10-29,67106.53,Germany,24,A,A_3,90,67124.77693056778,66465.80888494042
24_90,2010-11-05,71063.28,Germany,24,A,A_3,90,71132.23397550233,66814.83225648585
24_90,2010-11-12,74649.84,Germany,24,A,A_3,90,74733.62636055291,70156.01480901512
24_90,2010-11-19,72424.03,Germany,24,A,A_3,90,72489.10729759501,73831.4029780806
24_90,2010-11-26,82116.32,Germany,24,A,A_3,90,82165.70311750942,72940.41761802453
24_90,2010-12-03,65872.48,Germany,24,A,A_3,90,65931.89465334857,79886.40208391519
24_90,2010-12-10,78020.99,Germany,24,A,A_3,90,78078.12396249919,69618.01321707478
24_90,2010-12-17,77516.92,Germany,24,A,A_3,90,77560.3229126448,75207.47008605885
24_90,2010-12-24,103408.6,Germany,24,A,A_3,90,103449.76989689567,77647.6707967161
24_90,2010-12-31,67131.27,Germany,24,A,A_3,90,67195.55589008002,97469.0630734593
24_90,2011-01-07,70971.83,Germany,24,A,A_3,90,71025.72652539407,75460.70950254853
24_90,2011-01-14,74687.43,Germany,24,A,A_3,90,74721.32791468207,70214.83400216639
24_90,2011-01-21,70398.13,Germany,24,A,A_3,90,70466.21793532182,73090.47549858513
24_90,2011-01-28,69893.71,Germany,24,A,A_3,90,69979.08419540281,74562.95048300053
24_90,2011-02-04,78370.11,Germany,24,A,A_3,90,78122.95237999386,128066.06457486804
24_90,2011-02-11,76213.95,Germany,24,A,A_3,90,76369.07425507744,91131.67736645692
24_90,2011-02-18,72522.56,Germany,24,A,A_3,90,72315.71528731873,71975.324992136
24_90,2011-02-25,70182.13,Germany,24,A,A_3,90,69426.90235904112,66590.11420510733
24_90,2011-03-04,77906.08,Germany,24,A,A_3,90,77689.75377614624,78785.34522305468
24_90,2011-03-11,76538.84,Germany,24,A,A_3,90,76104.34316680876,74963.40165032668
24_90,2011-03-18,66340.84,Germany,24,A,A_3,90,66232.9018690123,70317.29672310973
24_90,2011-03-25,68404.12,Germany,24,A,A_3,90,68240.49111205271,68637.63723102698
24_90,2011-04-01,68926.71,Germany,24,A,A_3,90,69982.81388717168,78378.67467447552
24_90,2011-04-08,75174.61,Germany,24,A,A_3,90,74285.85214453738,62697.75314065768
24_90,2011-04-15,69976.18,Germany,24,A,A_3,90,69457.92684014983,69791.51122234159
24_90,2011-04-22,79252.44,Germany,24,A,A_3,90,77752.76097261457,70346.6986930425
24_90,2011-04-29,63234.89,Germany,24,A,A_3,90,63599.085365164065,77359.78272376348
24_90,2011-05-06,72206.02,Germany,24,A,A_3,90,72282.36040392281,72925.17835443221
24_90,2011-05-13,69149.02,Germany,24,A,A_3,90,68983.00071543157,67713.60633793773
24_90,2011-05-20,67859.5,Germany,24,A,A_3,90,67492.4480373371,66562.2806325485
24_90,2011-05-27,70822.38,Germany,24,A,A_3,90,70682.49307661799,71490.8029786777
24_90,2011-06-03,69995.12,Germany,24,A,A_3,90,69918.01172687617,70908.49218631662
24_90,2011-06-10,73830.63,Germany,24,A,A_3,90,73551.55179583219,71747.85020570045
24_90,2011-06-17,69164.81,Germany,24,A,A_3,90,68969.70196499236,70075.38480237302
24_90,2011-06-24,65759.45,Germany,24,A,A_3,90,65656.23428393097,67144.88588505394
24_90,2011-07-01,74992.91,Germany,24,A,A_3,90,75151.62050472327,75140.19142023401
24_90,2011-07-08,78993.0,Germany,24,A,A_3,90,78516.6644824502,73801.95169852482
24_90,2011-07-15,71260.6,Germany,24,A,A_3,90,71285.89992101133,75095.76715684625
24_90,2011-07-22,68757.94,Germany,24,A,A_3,90,68923.19275007145,71312.33607383694
24_90,2011-07-29,70057.7,Germany,24,A,A_3,90,69978.9106095825,68068.17449196418
24_90,2011-08-05,77804.67,Germany,24,A,A_3,90,78617.55699396376,75897.82512170095
24_90,2011-08-12,79112.81,Germany,24,A,A_3,90,75327.58636058192,74888.68347196585
24_90,2011-08-19,73663.03,Germany,24,A,A_3,90,71056.17525464368,74514.22886167897
24_90,2011-08-26,78140.16,Germany,24,A,A_3,90,71586.60641196434,74373.69366069695
24_90,2011-09-02,64730.71,Germany,24,A,A_3,90,76872.93807398548,81027.6435782181
24_90,2011-09-09,87388.78,Germany,24,A,A_3,90,82037.04998387094,73699.45575868682
24_90,2011-09-16,71708.44,Germany,24,A,A_3,90,72773.91401831472,75479.84061541324
24_90,2011-09-23,69533.74,Germany,24,A,A_3,90,68057.9069399861,69866.88824218616
24_90,2011-09-30,72853.84,Germany,24,A,A_3,90,69930.30561302749,70513.38005666474
24_90,2011-10-07,80857.32,Germany,24,A,A_3,90,80908.94062022741,80956.45856816942
24_90,2011-10-14,75336.25,Germany,24,A,A_3,90,73262.23098981277,74928.21439792209
24_90,2011-10-21,70878.92,Germany,24,A,A_3,90,70581.71438738404,73026.78129807033
24_90,2011-10-28,74241.32,Germany,24,A,A_3,90,71789.90103677927,72420.92030990409
24_90,2011-11-04,76743.12,Germany,24,A,A_3,90,75993.54747613955,76862.47338856143
24_90,2011-11-11,81601.55,Germany,24,A,A_3,90,79670.46901901299,79778.24735863513
24_90,2011-11-18,75782.29,Germany,24,A,A_3,90,77597.15393617477,79367.10037771382
24_90,2011-11-25,86195.76,Germany,24,A,A_3,90,87158.17303692432,84481.11030471695
24_90,2011-12-02,69533.3,Germany,24,A,A_3,90,70868.75257446402,72576.70965235477
24_90,2011-12-09,82015.99,Germany,24,A,A_3,90,82932.10442808202,80112.86297349274
24_90,2011-12-16,81212.21,Germany,24,A,A_3,90,82363.47560130918,81006.63465751975
24_90,2011-12-23,102877.43,Germany,24,A,A_3,90,108181.1627544089,102018.5797328763
24_90,2011-12-30,70471.88,Germany,24,A,A_3,90,71533.70567966616,73623.6582703084
24_90,2012-01-06,79231.46,Germany,24,A,A_3,90,75296.1804336194,74276.3930328265
24_90,2012-01-13,74405.41,Germany,24,A,A_3,90,79305.90536438292,80977.79588810701
24_90,2012-01-20,72661.63,Germany,24,A,A_3,90,74684.85976982211,72312.74771883803
24_90,2012-01-27,68478.4,Germany,24,A,A_3,90,74052.36402211392,73891.16471462863
24_90,2012-02-03,76240.16,Germany,24,A,A_3,90,81814.76858612416,81477.1985704984
24_90,2012-02-10,82724.94,Germany,24,A,A_3,90,79573.96869141921,75691.11180592343
24_90,2012-02-17,71638.17,Germany,24,A,A_3,90,75805.99236474125,77565.04148303892
24_90,2012-02-24,73672.8,Germany,24,A,A_3,90,72636.58040276794,71182.4648283465
24_90,2012-03-02,75000.41,Germany,24,A,A_3,90,80859.90042650573,79392.56799031612
24_90,2012-03-09,80067.94,Germany,24,A,A_3,90,78826.43150343842,74930.65672570425
24_90,2012-03-16,69239.31,Germany,24,A,A_3,90,68972.77838828936,70251.59707056632
24_90,2012-03-23,64140.79,Germany,24,A,A_3,90,70988.44758734512,71524.16845899781
24_90,2012-03-30,67793.72,Germany,24,A,A_3,90,72059.2621105648,67069.3364513019
24_90,2012-04-06,86581.06,Germany,24,A,A_3,90,76301.01680378862,71232.31755947892
24_90,2012-04-13,70414.72,Germany,24,A,A_3,90,72135.76925861504,78950.20230491334
24_90,2012-04-20,65677.71,Germany,24,A,A_3,90,80349.68675088641,80276.53339429168
24_90,2012-04-27,69562.93,Germany,24,A,A_3,90,64754.76471535285,56285.9575325356
24_90,2012-05-04,75588.66,Germany,24,A,A_3,90,73470.07093117604,62998.440995156314
24_90,2012-05-11,75393.92,Germany,24,A,A_3,90,70176.33791368002,60482.4270497703
24_90,2012-05-18,66397.09,Germany,24,A,A_3,90,68668.6816359457,59240.30754559597
24_90,2012-05-25,72210.85,Germany,24,A,A_3,90,71782.1262066987,61863.03300674468
24_90,2012-06-01,68367.94,Germany,24,A,A_3,90,70975.01168788217,61224.55903024931
24_90,2012-06-08,75417.14,Germany,24,A,A_3,90,74597.7979396358,64290.46442208694
24_90,2012-06-15,70218.98,Germany,24,A,A_3,90,69960.30813689367,60436.6463534131
24_90,2012-06-22,66664.51,Germany,24,A,A_3,90,66596.58484929125,57630.383209000116
24_90,2012-06-29,69240.43,Germany,24,A,A_3,90,76031.12628445249,65505.31434101983
24_90,2012-07-06,80037.9,Germany,24,A,A_3,90,79447.4046349001,68452.99836658295
24_90,2012-07-13,71474.25,Germany,24,A,A_3,90,72102.666913258,62311.02637359225
24_90,2012-07-20,69427.81,Germany,24,A,A_3,90,69701.13250031226,60293.95415611017
24_90,2012-07-27,67361.67,Germany,24,A,A_3,90,70768.19055397224,61197.57642440488
24_90,2012-08-03,75179.83,Germany,24,A,A_3,90,79282.99864176902,67686.94001419096
24_90,2012-08-10,80841.67,Germany,24,A,A_3,90,76501.16047927027,68448.25454729883
24_90,2012-08-17,72928.6,Germany,24,A,A_3,90,71793.40399296515,63955.12503593983
24_90,2012-08-24,70568.62,Germany,24,A,A_3,90,72500.91056574219,67390.66989144812
24_90,2012-08-31,70017.41,Germany,24,A,A_3,90,75334.78231645245,57536.774199261716
24_90,2012-09-07,82942.14,Germany,24,A,A_3,90,83188.54478094135,75247.53753059969
24_90,2012-09-14,74787.14,Germany,24,A,A_3,90,72830.49563127627,62591.011320471094
24_90,2012-09-21,74192.53,Germany,24,A,A_3,90,68426.34683042557,60582.97599673231
24_90,2012-09-28,74304.65,Germany,24,A,A_3,90,70304.67032181511,63242.91078980518
24_90,2012-10-05,85116.43,Germany,24,A,A_3,90,80723.00392058899,70126.5971075474
24_90,2012-10-12,83989.04,Germany,24,A,A_3,90,73265.14040552081,65367.31885931987
24_90,2012-10-19,75301.99,Germany,24,A,A_3,90,70210.05438175605,61764.11288167914
24_90,2012-10-26,78170.17,Germany,24,A,A_3,90,71581.6685777062,64419.96716168952
24_90,2012-10-28,,Germany,24,A,A_3,90,75387.6190281726,66624.32290668455
24_90,2012-11-04,,Germany,24,A,A_3,90,79091.20077807293,70592.44442418044
24_90,2012-11-11,,Germany,24,A,A_3,90,76447.46573356615,66007.3648765624
24_90,2012-11-18,,Germany,24,A,A_3,90,86195.42065129384,74638.58089826995
24_90,2012-11-25,,Germany,24,A,A_3,90,69903.32554081049,60764.30936272434
24_90,2012-12-02,,Germany,24,A,A_3,90,82074.71676839971,71156.04313201223
24_90,2012-12-09,,Germany,24,A,A_3,90,81515.91266543164,70545.98204606319
24_90,2012-12-16,,Germany,24,A,A_3,90,106959.86954174847,88928.37629276619
24_90,2012-12-23,,Germany,24,A,A_3,90,71119.51567772638,61591.90167020983
24_90,2012-12-30,,Germany,24,A,A_3,90,75446.34791424012,68492.26006166643
24_90,2013-01-06,,Germany,24,A,A_3,90,78218.24043709297,65190.805939500104
24_90,2013-01-13,,Germany,24,A,A_3,90,74235.2807548812,63115.28151501877
24_90,2013-01-20,,Germany,24,A,A_3,90,73364.53235402696,61647.55724670069
24_90,2013-01-27,,Germany,24,A,A_3,90,81526.67894876169,72285.70552817895
24_90,2013-02-03,,Germany,24,A,A_3,90,80586.40461638446,77091.80841833854
24_90,2013-02-10,,Germany,24,A,A_3,90,75807.99061535584,68291.36979368977
24_90,2013-02-17,,Germany,24,A,A_3,90,73471.7667964739,69215.17581554096
24_90,2013-02-24,,Germany,24,A,A_3,90,80890.78070785575,71386.14881610985
24_90,2013-03-03,,Germany,24,A,A_3,90,80017.34785545849,74782.56868130145
24_90,2013-03-10,,Germany,24,A,A_3,90,69955.6771192713,65729.64264968103
24_90,2013-03-17,,Germany,24,A,A_3,90,71206.44273964602,62192.22183595527
24_90,2013-03-24,,Germany,24,A,A_3,90,73052.4024292518,65710.70553004589
24_90,2013-03-31,,Germany,24,A,A_3,90,79105.92188938825,79283.80716134924
24_90,2013-04-07,,Germany,24,A,A_3,90,72916.4099949245,66893.4147929669
24_90,2013-04-14,,Germany,24,A,A_3,90,81425.36890775009,63918.61155906643
23_72,2010-02-05,104395.84,France,23,D,D_2,72,88445.45227447551,0.0
23_72,2010-02-12,104389.46,France,23,D,D_2,72,99724.80851405454,65489.200379778624
23_72,2010-02-19,95179.55,France,23,D,D_2,72,106111.76484706916,87448.89677831325
23_72,2010-02-26,81875.05,France,23,D,D_2,72,84615.2545553882,91718.28407010478
23_72,2010-03-05,76042.23,France,23,D,D_2,72,86132.78602198642,86306.48365775739
23_72,2010-03-12,104909.72,France,23,D,D_2,72,67940.07924366595,80668.34782487078
23_72,2010-03-19,58704.8,France,23,D,D_2,72,62146.42568405748,93981.62260602617
23_72,2010-03-26,48503.2,France,23,D,D_2,72,61142.9765714342,74608.44752622624
23_72,2010-04-02,60193.48,France,23,D,D_2,72,67120.70365371655,60272.18868463427
23_72,2010-04-09,54651.39,France,23,D,D_2,72,62566.63099851407,60228.96418275884
23_72,2010-04-16,61017.04,France,23,D,D_2,72,61559.59785665941,57165.92494360443
23_72,2010-04-23,59515.31,France,23,D,D_2,72,61467.47612846588,59280.843613921956
23_72,2010-04-30,58559.17,France,23,D,D_2,72,53529.49615206105,59409.60562797246
23_72,2010-05-07,50592.52,France,23,D,D_2,72,58227.334332682854,58942.57150073988
23_72,2010-05-14,51064.97,France,23,D,D_2,72,48016.61308191744,54356.96985774596
23_72,2010-05-21,46025.31,France,23,D,D_2,72,51048.4862308151,52549.10077413339
23_72,2010-05-28,49007.51,France,23,D,D_2,72,54672.48651007246,48966.42757914579
23_72,2010-06-04,60506.87,France,23,D,D_2,72,62454.71370544528,48988.988831196104
23_72,2010-06-11,58973.51,France,23,D,D_2,72,58258.585687073224,55314.268956658576
23_72,2010-06-18,68973.9,France,23,D,D_2,72,68518.13186625518,57323.81605186652
23_72,2010-06-25,61378.91,France,23,D,D_2,72,59020.60114627144,63721.698038761046
23_72,2010-07-02,69332.52,France,23,D,D_2,72,63310.268347503596,62435.1080485917
23_72,2010-07-09,53307.48,France,23,D,D_2,72,56771.039523855405,66222.9629581845
23_72,2010-07-16,55733.87,France,23,D,D_2,72,54480.27260485338,59130.161212026294
23_72,2010-07-23,61195.81,France,23,D,D_2,72,63644.0756549374,57265.0183972269
23_72,2010-07-30,69815.45,France,23,D,D_2,72,62771.17441563815,59423.693038678495
23_72,2010-08-06,65767.95,France,23,D,D_2,72,65935.93786621167,65130.539012580244
23_72,2010-08-13,63175.29,France,23,D,D_2,72,63529.42722323067,65480.58629917644
23_72,2010-08-20,81679.06,France,23,D,D_2,72,81961.31056024216,64214.58566496486
23_72,2010-08-27,92393.51,France,23,D,D_2,72,92534.4011702125,73805.5591082595
23_72,2010-09-03,80005.41,France,23,D,D_2,72,80014.45466053358,84013.51269151228
23_72,2010-09-10,70051.82,France,23,D,D_2,72,70310.29930195765,81812.3810837218
23_72,2010-09-17,58728.26,France,23,D,D_2,72,59297.600487088785,75353.82831720969
23_72,2010-09-24,59700.24,France,23,D,D_2,72,60100.212850854776,66223.5572794975
23_72,2010-10-01,64177.04,France,23,D,D_2,72,64371.533102815534,62641.144113798284
23_72,2010-10-08,71896.24,France,23,D,D_2,72,71928.55190626993,63484.61276757135
23_72,2010-10-15,58747.95,France,23,D,D_2,72,58677.1412149357,68104.02998296816
23_72,2010-10-22,60534.35,France,23,D,D_2,72,60413.09529707792,62965.94721399672
23_72,2010-10-29,52798.0,France,23,D,D_2,72,52670.652246359874,61630.585848012386
23_72,2010-11-05,67119.46,France,23,D,D_2,72,66921.25039764622,56779.990595112875
23_72,2010-11-12,87924.61,France,23,D,D_2,72,87631.2714188194,62458.12178747841
23_72,2010-11-19,65988.31,France,23,D,D_2,72,65624.16111617137,76443.56489069786
23_72,2010-11-26,369830.98,France,23,D,D_2,72,369313.8115855725,70701.84772956934
23_72,2010-12-03,117503.24,France,23,D,D_2,72,116868.51577659557,234974.73156702647
23_72,2010-12-10,125201.71,France,23,D,D_2,72,124518.45546787174,170462.85824351158
23_72,2010-12-17,181905.35,France,23,D,D_2,72,181203.4104600111,145606.7725412522
23_72,2010-12-24,225156.09,France,23,D,D_2,72,224458.99720892875,165540.8791028125
23_72,2010-12-31,83414.76,France,23,D,D_2,72,82781.42776495592,198279.79202756757
23_72,2011-01-07,74441.29,France,23,D,D_2,72,73817.76723871523,135199.30929413898
23_72,2011-01-14,62177.55,France,23,D,D_2,72,61520.94663071326,101832.79975378187
23_72,2011-01-21,68583.7,France,23,D,D_2,72,67906.68425405298,80055.30791638013
23_72,2011-01-28,59089.11,France,23,D,D_2,72,58449.18110470694,78975.99266543292
23_72,2011-02-04,89289.05,France,23,D,D_2,72,89836.50987530102,159828.50172126034
23_72,2011-02-11,100510.38,France,23,D,D_2,72,100231.27792013297,121078.17747922795
23_72,2011-02-18,106811.69,France,23,D,D_2,72,105487.80718210175,101692.43180331233
23_72,2011-02-25,85258.5,France,23,D,D_2,72,84634.7936286056,92703.81148813284
23_72,2011-03-04,86758.53,France,23,D,D_2,72,85646.74472811836,83474.21855957904
23_72,2011-03-11,68708.49,France,23,D,D_2,72,70854.69072883949,110810.81145142278
23_72,2011-03-18,62903.02,France,23,D,D_2,72,61993.35762626964,46923.77567919568
23_72,2011-03-25,62084.09,France,23,D,D_2,72,60357.92750656164,46594.447774964574
23_72,2011-04-01,68235.41,France,23,D,D_2,72,66813.47904019772,65387.03652654548
23_72,2011-04-08,63836.07,France,23,D,D_2,72,62230.93198786935,62033.961013415304
23_72,2011-04-15,63001.01,France,23,D,D_2,72,61795.49225850813,68651.66423622218
23_72,2011-04-22,63275.44,France,23,D,D_2,72,61611.9333028839,64238.54005063883
23_72,2011-04-29,55956.68,France,23,D,D_2,72,54188.24810780551,62862.9670086021
23_72,2011-05-06,61091.78,France,23,D,D_2,72,57969.70225692317,52038.41436194032
23_72,2011-05-13,51023.12,France,23,D,D_2,72,48572.04453284506,57391.85525093416
23_72,2011-05-20,54044.91,France,23,D,D_2,72,51027.28640803693,49455.72668295585
23_72,2011-05-27,57552.26,France,23,D,D_2,72,54645.89156930637,54603.20625862121
23_72,2011-06-03,64917.84,France,23,D,D_2,72,62735.17625927263,66398.35863262911
23_72,2011-06-10,60400.77,France,23,D,D_2,72,58748.968401680206,64240.25755116028
23_72,2011-06-17,70306.23,France,23,D,D_2,72,68994.80173237895,71002.3082055929
23_72,2011-06-24,60368.62,France,23,D,D_2,72,59636.78739274663,63901.009869935944
23_72,2011-07-01,64535.33,France,23,D,D_2,72,64178.744841218206,69012.43880385612
23_72,2011-07-08,57874.98,France,23,D,D_2,72,56937.03568036538,52381.3496639046
23_72,2011-07-15,55392.18,France,23,D,D_2,72,55003.55170908791,57525.93309522706
23_72,2011-07-22,64463.05,France,23,D,D_2,72,63899.95313329894,61201.78609044873
23_72,2011-07-29,63504.49,France,23,D,D_2,72,63716.77859393282,70616.95935926885
23_72,2011-08-05,67280.69,France,23,D,D_2,72,66332.69114934171,63158.68322286487
23_72,2011-08-12,64383.87,France,23,D,D_2,72,63918.54888960009,63119.38783408663
23_72,2011-08-19,74450.97,France,23,D,D_2,72,82359.65736622871,80199.00509043207
23_72,2011-08-26,88503.68,France,23,D,D_2,72,92904.67735285728,86553.03146259981
23_72,2011-09-02,81111.56,France,23,D,D_2,72,80372.81364890386,76646.14016810009
23_72,2011-09-09,78996.78,France,23,D,D_2,72,70654.68275982403,70260.00089542584
23_72,2011-09-16,68241.38,France,23,D,D_2,72,59662.91097017859,64992.925432350814
23_72,2011-09-23,68050.06,France,23,D,D_2,72,60523.32164632226,67621.49095012533
23_72,2011-09-30,67770.14,France,23,D,D_2,72,64848.905221829154,71819.1589231186
23_72,2011-10-07,81254.76,France,23,D,D_2,72,72433.05670016613,76443.82188283141
23_72,2011-10-14,63619.88,France,23,D,D_2,72,59233.27703287017,67428.18783050388
23_72,2011-10-21,93962.81,France,23,D,D_2,72,60994.429520426944,66932.78036554845
23_72,2011-10-28,83214.33,France,23,D,D_2,72,53416.70573503038,74840.80445759828
23_72,2011-11-04,85255.09,France,23,D,D_2,72,67820.75695145024,92111.78617516818
23_72,2011-11-11,81054.15,France,23,D,D_2,72,88623.79359009746,106831.64235265908
23_72,2011-11-18,73856.33,France,23,D,D_2,72,66582.47108228804,73431.60759124263
23_72,2011-11-25,347680.08,France,23,D,D_2,72,370317.61898968084,342688.97652868635
23_72,2011-12-02,93837.55,France,23,D,D_2,72,117764.96649679376,122048.34263001406
23_72,2011-12-09,114936.96,France,23,D,D_2,72,125295.59431559814,113447.15088086372
23_72,2011-12-16,156177.34,France,23,D,D_2,72,181926.71202551515,164456.42521890873
23_72,2011-12-23,205813.32,France,23,D,D_2,72,225049.72871739476,198202.0555916565
23_72,2011-12-30,91656.89,France,23,D,D_2,72,83267.98121148442,76824.00053626158
23_72,2012-01-06,57195.03,France,23,D,D_2,72,74342.42627189397,76912.15021964496
23_72,2012-01-13,58112.04,France,23,D,D_2,72,61959.11814653182,55262.72163802258
23_72,2012-01-20,64096.83,France,23,D,D_2,72,68323.80183895845,62458.237084183915
23_72,2012-01-27,53855.03,France,23,D,D_2,72,58839.15422413313,54005.879992181755
23_72,2012-02-03,99451.99,France,23,D,D_2,72,90113.98178881015,94582.46819350487
23_72,2012-02-10,112970.13,France,23,D,D_2,72,100616.93553164104,107190.14322751889
23_72,2012-02-17,91914.75,France,23,D,D_2,72,106008.10877080416,114696.83410365795
23_72,2012-02-24,73299.72,France,23,D,D_2,72,85028.25821609473,81359.25015385776
23_72,2012-03-02,93656.9,France,23,D,D_2,72,86013.14212829627,77511.5922463354
23_72,2012-03-09,68474.61,France,23,D,D_2,72,71022.20710957883,74181.10390052368
23_72,2012-03-16,69191.39,France,23,D,D_2,72,62376.06021752476,59715.36396411888
23_72,2012-03-23,55438.24,France,23,D,D_2,72,60828.199853831684,62790.690869696875
23_72,2012-03-30,58829.33,France,23,D,D_2,72,67226.55663699307,65809.06165136522
23_72,2012-04-06,63759.79,France,23,D,D_2,72,62607.937705008924,57354.057494068
23_72,2012-04-13,65718.14,France,23,D,D_2,72,62141.83285829361,60962.3376328089
23_72,2012-04-20,52360.63,France,23,D,D_2,72,62002.681859163305,63598.70001125533
23_72,2012-04-27,60798.94,France,23,D,D_2,72,54529.92448217829,50846.69288599675
23_72,2012-05-04,56884.11,France,23,D,D_2,72,58398.73955938844,54334.182907054186
23_72,2012-05-11,54460.01,France,23,D,D_2,72,48937.77833838309,45464.25013637686
23_72,2012-05-18,43723.09,France,23,D,D_2,72,51421.02497739864,47468.8427109714
23_72,2012-05-25,42247.33,France,23,D,D_2,72,55016.628205223984,50980.669217943774
23_72,2012-06-01,45716.8,France,23,D,D_2,72,63039.938121435895,59059.2102168924
23_72,2012-06-08,65404.76,France,23,D,D_2,72,59005.07851755144,54843.99070060337
23_72,2012-06-15,61986.7,France,23,D,D_2,72,69218.4518987444,64975.44589568363
23_72,2012-06-22,62056.29,France,23,D,D_2,72,59812.676947829896,55137.491078043044
23_72,2012-06-29,61796.61,France,23,D,D_2,72,64324.2947167503,59903.1650568588
23_72,2012-07-06,61392.97,France,23,D,D_2,72,57122.10933360165,51841.935018740165
23_72,2012-07-13,55332.2,France,23,D,D_2,72,55144.88317427853,49964.79085751863
23_72,2012-07-20,53062.93,France,23,D,D_2,72,64051.72920209404,58746.068738969574
23_72,2012-07-27,49604.08,France,23,D,D_2,72,63810.619158602065,59051.96225069736
23_72,2012-08-03,65004.5,France,23,D,D_2,72,66510.04428195396,61858.20447351118
23_72,2012-08-10,65374.19,France,23,D,D_2,72,64056.84479615255,58938.32395871036
23_72,2012-08-17,69557.29,France,23,D,D_2,72,81900.46105399868,70353.95094464144
23_72,2012-08-24,79128.7,France,23,D,D_2,72,92734.31210411087,84260.89321977997
23_72,2012-08-31,78522.94,France,23,D,D_2,72,80589.73560136782,76038.99924591844
23_72,2012-09-07,67527.31,France,23,D,D_2,72,71408.2849076912,72827.86547368336
23_72,2012-09-14,61599.95,France,23,D,D_2,72,60391.590659102294,61765.57080752273
23_72,2012-09-21,77183.97,France,23,D,D_2,72,61134.34544572974,61727.07511336281
23_72,2012-09-28,69075.95,France,23,D,D_2,72,65094.95630495576,62079.66925936676
23_72,2012-10-05,78539.46,France,23,D,D_2,72,73083.83556974947,75081.19279286778
23_72,2012-10-12,69878.26,France,23,D,D_2,72,59524.71329187202,57667.89124566197
23_72,2012-10-19,58041.44,France,23,D,D_2,72,63295.253152632315,84831.13351998635
23_72,2012-10-26,51421.23,France,23,D,D_2,72,55327.293435943146,74252.977705121
23_72,2012-10-28,,France,23,D,D_2,72,68703.62100855935,77982.4270509894
23_72,2012-11-04,,France,23,D,D_2,72,87642.35017123875,77040.83065999179
23_72,2012-11-11,,France,23,D,D_2,72,66693.76112338543,67693.24048551133
23_72,2012-11-18,,France,23,D,D_2,72,368266.62663318537,351452.177392468
23_72,2012-11-25,,France,23,D,D_2,72,115735.43239374604,92329.68535251783
23_72,2012-12-02,,France,23,D,D_2,72,124350.0059879468,112090.28416397703
23_72,2012-12-09,,France,23,D,D_2,72,179939.03629226726,156297.73210875387
23_72,2012-12-16,,France,23,D,D_2,72,223653.65946413932,206152.91223112072
23_72,2012-12-23,,France,23,D,D_2,72,83931.44841322815,85837.23754201598
23_72,2012-12-30,,France,23,D,D_2,72,73149.02668568943,54065.149519816725
23_72,2013-01-06,,France,23,D,D_2,72,61796.716162082266,53238.93503792332
23_72,2013-01-13,,France,23,D,D_2,72,68153.62559212616,59415.152438093835
23_72,2013-01-20,,France,23,D,D_2,72,58636.29298263155,49229.5314197679
23_72,2013-01-27,,France,23,D,D_2,72,90953.93012065551,91123.57986244517
23_72,2013-02-03,,France,23,D,D_2,72,101624.47728799094,104622.32999492403
23_72,2013-02-10,,France,23,D,D_2,72,105074.27392957195,87013.75922557598
23_72,2013-02-17,,France,23,D,D_2,72,84332.95208479153,67946.82432775783
23_72,2013-02-24,,France,23,D,D_2,72,86753.29205094787,86359.99656098928
23_72,2013-03-03,,France,23,D,D_2,72,70999.81686860052,60867.480435843034
23_72,2013-03-10,,France,23,D,D_2,72,63031.8386090479,61894.4428150118
23_72,2013-03-17,,France,23,D,D_2,72,60582.44487532263,49837.59291007012
23_72,2013-03-24,,France,23,D,D_2,72,66794.01405581897,53374.18447475616
23_72,2013-03-31,,France,23,D,D_2,72,62896.04548131102,57300.95227072462
23_72,2013-04-07,,France,23,D,D_2,72,62596.487809711376,58766.09665744136
23_72,2013-04-14,,France,23,D,D_2,72,62185.27719627532,46987.14734957447
31_13,2010-02-05,45228.96,France,31,C,C_5,13,39898.398227892496,0.0
31_13,2010-02-12,44611.81,France,31,C,C_5,13,43851.20725372305,39349.684870862584
31_13,2010-02-19,43438.72,France,31,C,C_5,13,45782.55737883614,41812.18899929173
31_13,2010-02-26,42684.62,France,31,C,C_5,13,46854.667453388145,42245.37119164641
31_13,2010-03-05,43321.34,France,31,C,C_5,13,44833.20241967178,42219.23533938702
31_13,2010-03-12,42558.84,France,31,C,C_5,13,42134.254923728964,42977.97183852029
31_13,2010-03-19,40104.38,France,31,C,C_5,13,44223.07996596154,42519.76815317416
31_13,2010-03-26,38282.57,France,31,C,C_5,13,41113.41168766946,40511.78998266595
31_13,2010-04-02,39514.74,France,31,C,C_5,13,39172.98510791022,38803.202867316555
31_13,2010-04-09,42348.88,France,31,C,C_5,13,40471.12449410856,39560.74231189733
31_13,2010-04-16,42424.85,France,31,C,C_5,13,40802.04869360534,41878.874365882555
31_13,2010-04-23,42995.63,France,31,C,C_5,13,42424.297380403936,42176.60823896364
31_13,2010-04-30,40150.94,France,31,C,C_5,13,38459.36969347705,42772.2072728561
31_13,2010-05-07,41429.68,France,31,C,C_5,13,39982.559018367196,40534.061958852835
31_13,2010-05-14,38006.63,France,31,C,C_5,13,38843.75534708945,41398.818628580826
31_13,2010-05-21,43530.24,France,31,C,C_5,13,41794.91634967243,38586.65025521646
31_13,2010-05-28,40410.68,France,31,C,C_5,13,41397.56478617675,42859.42650561506
31_13,2010-06-04,41409.84,France,31,C,C_5,13,40788.725609635985,40617.89870711524
31_13,2010-06-11,40109.52,France,31,C,C_5,13,39912.527004271375,41339.65213555378
31_13,2010-06-18,40461.94,France,31,C,C_5,13,41515.7923878491,40300.61811334888
31_13,2010-06-25,39112.49,France,31,C,C_5,13,40656.365899558135,40496.19389576693
31_13,2010-07-02,42078.69,France,31,C,C_5,13,39911.62868800723,39364.360606635455
31_13,2010-07-09,39016.89,France,31,C,C_5,13,38482.325349939856,41688.65628658535
31_13,2010-07-16,40492.78,France,31,C,C_5,13,40141.65376361911,39354.465178305545
31_13,2010-07-23,39840.33,France,31,C,C_5,13,41953.581369447544,40404.84795412956
31_13,2010-07-30,38870.83,France,31,C,C_5,13,38000.39705340777,39909.85569099365
31_13,2010-08-06,40614.49,France,31,C,C_5,13,41259.223244293775,39074.244542112094
31_13,2010-08-13,41436.05,France,31,C,C_5,13,42066.68205162178,40412.89126993746
31_13,2010-08-20,43011.76,France,31,C,C_5,13,43622.69466298261,41192.32700457922
31_13,2010-08-27,42245.95,France,31,C,C_5,13,42711.6633576494,42615.78550347858
31_13,2010-09-03,42940.63,France,31,C,C_5,13,43339.7092904434,42181.15834136434
31_13,2010-09-10,43992.55,France,31,C,C_5,13,44292.68875136618,42787.38869154463
31_13,2010-09-17,39863.64,France,31,C,C_5,13,40187.71515168017,43732.936159931
31_13,2010-09-24,39873.99,France,31,C,C_5,13,40138.11305534237,40452.059511829735
31_13,2010-10-01,41765.66,France,31,C,C_5,13,41897.088172316704,40166.428997867755
31_13,2010-10-08,41481.32,France,31,C,C_5,13,41697.827907227846,41582.83110816784
31_13,2010-10-15,39237.58,France,31,C,C_5,13,39469.80915388136,41439.358428648666
31_13,2010-10-22,42152.05,France,31,C,C_5,13,42345.35282197058,39606.90437636786
31_13,2010-10-29,39894.74,France,31,C,C_5,13,40074.717600970245,41829.748382613805
31_13,2010-11-05,43181.49,France,31,C,C_5,13,43354.81757392896,40126.24259230223
31_13,2010-11-12,42721.95,France,31,C,C_5,13,42948.65781352091,42725.516596396745
31_13,2010-11-19,42729.38,France,31,C,C_5,13,42962.42974161119,42573.89813930158
31_13,2010-11-26,43740.81,France,31,C,C_5,13,43965.46713041845,42654.11270466732
31_13,2010-12-03,39531.81,France,31,C,C_5,13,39736.550958239604,43527.410103927046
31_13,2010-12-10,38822.26,France,31,C,C_5,13,39012.835388353735,40157.82158686024
31_13,2010-12-17,39690.3,France,31,C,C_5,13,39893.60244376525,39260.41537655964
31_13,2010-12-24,42187.5,France,31,C,C_5,13,42351.777301495444,39763.580757047595
31_13,2010-12-31,37748.22,France,31,C,C_5,13,37861.74567679282,41805.63081956441
31_13,2011-01-07,40822.89,France,31,C,C_5,13,40987.03495285138,38378.20889081217
31_13,2011-01-14,40024.06,France,31,C,C_5,13,40192.597836223256,40752.428799151436
31_13,2011-01-21,44041.21,France,31,C,C_5,13,44138.06496252396,40585.87794455266
31_13,2011-01-28,39662.73,France,31,C,C_5,13,39750.46575067434,45025.85080433905
31_13,2011-02-04,40132.28,France,31,C,C_5,13,41232.38474518367,70272.15609214752
31_13,2011-02-11,43520.96,France,31,C,C_5,13,43668.56286168833,45846.46836423456
31_13,2011-02-18,45463.58,France,31,C,C_5,13,44987.415431146124,45161.62908364193
31_13,2011-02-25,46859.25,France,31,C,C_5,13,46104.533237583986,45644.484354246815
31_13,2011-03-04,45217.71,France,31,C,C_5,13,45105.75601459301,47337.67004190349
31_13,2011-03-11,42649.81,France,31,C,C_5,13,42914.09803607416,45063.78008811133
31_13,2011-03-18,44765.94,France,31,C,C_5,13,44186.83200639211,41367.92836856024
31_13,2011-03-25,42168.15,France,31,C,C_5,13,41852.73826293429,42748.51025419226
31_13,2011-04-01,40502.98,France,31,C,C_5,13,40804.167738976845,43115.31141085797
31_13,2011-04-08,41745.39,France,31,C,C_5,13,42271.96097446374,43371.4484773877
31_13,2011-04-15,41948.77,France,31,C,C_5,13,42270.56780925579,42390.473759462184
31_13,2011-04-22,43384.1,France,31,C,C_5,13,43487.53035533992,42683.31812344404
31_13,2011-04-29,39359.5,France,31,C,C_5,13,39620.56167858797,41036.7598019798
31_13,2011-05-06,40665.49,France,31,C,C_5,13,40866.97182522904,40717.33267231499
31_13,2011-05-13,39394.43,France,31,C,C_5,13,39159.434567618235,38072.94023876524
31_13,2011-05-20,42433.11,France,31,C,C_5,13,42653.34496911417,43534.1736780011
31_13,2011-05-27,41914.57,France,31,C,C_5,13,41579.43339336071,40122.83985410774
31_13,2011-06-03,41433.22,France,31,C,C_5,13,41388.17486472222,42341.194434929275
31_13,2011-06-10,40517.86,France,31,C,C_5,13,40372.5351105797,40479.03283275913
31_13,2011-06-17,42160.17,France,31,C,C_5,13,41766.69077290749,40807.13843810354
31_13,2011-06-24,41494.14,France,31,C,C_5,13,41002.3274291804,40782.6645649226
31_13,2011-07-01,40896.04,France,31,C,C_5,13,41100.66684025451,43589.27491098529
31_13,2011-07-08,39250.47,France,31,C,C_5,13,39120.234869241576,38987.94116181969
31_13,2011-07-15,40883.64,France,31,C,C_5,13,40699.777980221945,40531.0373554254
31_13,2011-07-22,42715.02,France,31,C,C_5,13,42093.297262657696,40320.66770677754
31_13,2011-07-29,38956.5,France,31,C,C_5,13,38950.674177589884,41390.881395712284
31_13,2011-08-05,42033.46,France,31,C,C_5,13,41859.87955743321,40742.66290222763
31_13,2011-08-12,41751.79,France,31,C,C_5,13,42767.77268764236,42549.84966388436
31_13,2011-08-19,45419.41,France,31,C,C_5,13,44279.38753695904,43159.931621828684
31_13,2011-08-26,42480.95,France,31,C,C_5,13,43603.01377074212,44351.36726082517
31_13,2011-09-02,44226.92,France,31,C,C_5,13,44161.619515104474,43310.37569111001
31_13,2011-09-09,42107.19,France,31,C,C_5,13,45186.07168034962,44926.33452029699
31_13,2011-09-16,42199.07,France,31,C,C_5,13,40739.814278683305,39398.55877212329
31_13,2011-09-23,44043.59,France,31,C,C_5,13,40914.84527376584,41744.582058589345
31_13,2011-09-30,41569.73,France,31,C,C_5,13,43105.55450654694,44876.15834605347
31_13,2011-10-07,45559.09,France,31,C,C_5,13,42722.1583233618,41877.99238260503
31_13,2011-10-14,43719.19,France,31,C,C_5,13,40861.19304206327,43107.26996552738
31_13,2011-10-21,44647.83,France,31,C,C_5,13,44117.59318491171,45686.672784989016
31_13,2011-10-28,41332.47,France,31,C,C_5,13,41937.41087667543,42993.93027147918
31_13,2011-11-04,43234.46,France,31,C,C_5,13,45167.82413095926,44387.51083355291
31_13,2011-11-11,45702.09,France,31,C,C_5,13,44540.43003356104,43285.70942232813
31_13,2011-11-18,46325.73,France,31,C,C_5,13,44721.80161178066,45283.19150697379
31_13,2011-11-25,47252.42,France,31,C,C_5,13,45949.428888255694,46726.32979815801
31_13,2011-12-02,42838.37,France,31,C,C_5,13,41909.79657353955,43617.442436553916
31_13,2011-12-09,41530.29,France,31,C,C_5,13,41326.91993812741,42337.33274562418
31_13,2011-12-16,43998.55,France,31,C,C_5,13,42254.789395820226,42428.32784152902
31_13,2011-12-23,46385.07,France,31,C,C_5,13,44956.70187991562,45684.83862367887
31_13,2011-12-30,39469.65,France,31,C,C_5,13,40669.68972679853,42582.49774033296
31_13,2012-01-06,44118.01,France,31,C,C_5,13,43657.25643880376,42527.8250267833
31_13,2012-01-13,43539.82,France,31,C,C_5,13,42939.76260829993,43330.47075648842
31_13,2012-01-20,44990.05,France,31,C,C_5,13,46991.94994960495,46694.03646652844
31_13,2012-01-27,40779.44,France,31,C,C_5,13,42377.099541362186,42228.95465500917
31_13,2012-02-03,44700.15,France,31,C,C_5,13,43514.83189518103,45965.611776797654
31_13,2012-02-10,46266.74,France,31,C,C_5,13,46382.92274262323,47645.208783104405
31_13,2012-02-17,44539.56,France,31,C,C_5,13,47807.98637056406,48037.99444738145
31_13,2012-02-24,45384.04,France,31,C,C_5,13,48518.09606148536,46421.64552046388
31_13,2012-03-02,48558.92,France,31,C,C_5,13,46945.81561556803,44849.12452757354
31_13,2012-03-09,45338.61,France,31,C,C_5,13,44876.11303977339,45934.58940489543
31_13,2012-03-16,45999.76,France,31,C,C_5,13,46373.60942446094,46413.44396879723
31_13,2012-03-23,44058.26,France,31,C,C_5,13,43882.56319274148,43953.6983497758
31_13,2012-03-30,44506.97,France,31,C,C_5,13,42718.60647006079,43032.33659601117
31_13,2012-04-06,45709.61,France,31,C,C_5,13,44404.161255879175,45443.94883890463
31_13,2012-04-13,43005.37,France,31,C,C_5,13,44658.95570007589,45705.577784402696
31_13,2012-04-20,47289.81,France,31,C,C_5,13,45751.181108986915,44663.94050360609
31_13,2012-04-27,42723.81,France,31,C,C_5,13,42059.11167748616,43608.429558350035
31_13,2012-05-04,45162.63,France,31,C,C_5,13,43348.3187141706,44556.013123650686
31_13,2012-05-11,41087.84,France,31,C,C_5,13,41737.09302276245,43154.14667630815
31_13,2012-05-18,44323.2,France,31,C,C_5,13,45130.86679980256,46043.26611345834
31_13,2012-05-25,44310.38,France,31,C,C_5,13,44174.678255915,45261.29326537616
31_13,2012-06-01,43161.56,France,31,C,C_5,13,43897.73481779847,45039.91946055
31_13,2012-06-08,42906.19,France,31,C,C_5,13,42894.36673916153,44207.40114526445
31_13,2012-06-15,44122.9,France,31,C,C_5,13,44312.443644078376,45418.19897599772
31_13,2012-06-22,44096.72,France,31,C,C_5,13,43517.77575678027,44762.86105886555
31_13,2012-06-29,42103.92,France,31,C,C_5,13,43445.84658743056,44723.09402330732
31_13,2012-07-06,43832.39,France,31,C,C_5,13,41545.52647442538,43141.51679444263
31_13,2012-07-13,43543.04,France,31,C,C_5,13,43119.348911662804,44499.3948049752
31_13,2012-07-20,43770.01,France,31,C,C_5,13,44562.49514068665,45721.623674821356
31_13,2012-07-27,42322.64,France,31,C,C_5,13,41246.720676704186,42919.52250699111
31_13,2012-08-03,43451.32,France,31,C,C_5,13,44183.49333341109,45364.577448300566
31_13,2012-08-10,44322.3,France,31,C,C_5,13,44880.063012405495,45301.48316170308
31_13,2012-08-17,45925.71,France,31,C,C_5,13,46863.20498841023,48148.80053667246
31_13,2012-08-24,46350.41,France,31,C,C_5,13,45685.82907127548,45963.71566284599
31_13,2012-08-31,45207.54,France,31,C,C_5,13,46572.82356173346,47302.60084782033
31_13,2012-09-07,43602.33,France,31,C,C_5,13,47084.48520432066,45917.94149167908
31_13,2012-09-14,44162.08,France,31,C,C_5,13,43743.51308938272,45420.647184783746
31_13,2012-09-21,45627.52,France,31,C,C_5,13,44012.45846242831,46727.80745484025
31_13,2012-09-28,43084.7,France,31,C,C_5,13,45074.561196570845,45214.850644796534
31_13,2012-10-05,45895.15,France,31,C,C_5,13,45582.53845088371,48024.86035804735
31_13,2012-10-12,44885.93,France,31,C,C_5,13,43382.5407560447,46417.71028960671
31_13,2012-10-19,44206.55,France,31,C,C_5,13,45918.635570183214,47467.35202604315
31_13,2012-10-26,43482.72,France,31,C,C_5,13,43491.78532354373,44815.94567486769
31_13,2012-10-28,,France,31,C,C_5,13,46581.89810754711,46623.21783632546
31_13,2012-11-04,,France,31,C,C_5,13,46687.58502653524,48339.816166624056
31_13,2012-11-11,,France,31,C,C_5,13,46800.12530469527,48788.52445013015
31_13,2012-11-18,,France,31,C,C_5,13,47785.439993532644,49563.98544030342
31_13,2012-11-25,,France,31,C,C_5,13,43527.84914018714,45825.371397113246
31_13,2012-12-02,,France,31,C,C_5,13,42715.674926117375,44771.54013427648
31_13,2012-12-09,,France,31,C,C_5,13,43866.78403165527,46640.86980064809
31_13,2012-12-16,,France,31,C,C_5,13,46306.38813998386,48662.81012999191
31_13,2012-12-23,,France,31,C,C_5,13,41422.533417223465,43126.52576319388
31_13,2012-12-30,,France,31,C,C_5,13,44822.21231541836,46832.837729198305
31_13,2013-01-06,,France,31,C,C_5,13,44070.769610239695,46314.171047352625
31_13,2013-01-13,,France,31,C,C_5,13,47630.63842239996,47911.48938561783
31_13,2013-01-20,,France,31,C,C_5,13,43322.77420069434,44582.35320362265
31_13,2013-01-27,,France,31,C,C_5,13,45101.88770004528,50764.077081243275
31_13,2013-02-03,,France,31,C,C_5,13,47616.666842641185,52216.8310484273
31_13,2013-02-10,,France,31,C,C_5,13,48547.93287537786,51158.33910214827
31_13,2013-02-17,,France,31,C,C_5,13,49675.52332781182,51810.22018639118
31_13,2013-02-24,,France,31,C,C_5,13,49247.784352630726,53892.82715196235
31_13,2013-03-03,,France,31,C,C_5,13,46798.17348383309,51367.78013496742
31_13,2013-03-10,,France,31,C,C_5,13,48105.525645325,51738.11008206237
31_13,2013-03-17,,France,31,C,C_5,13,45748.77414283775,49969.62028706903
31_13,2013-03-24,,France,31,C,C_5,13,44823.76225690195,50251.48230837849
31_13,2013-03-31,,France,31,C,C_5,13,46215.346296731375,51493.747552229965
31_13,2013-04-07,,France,31,C,C_5,13,45835.66743209278,49687.08553297211
31_13,2013-04-14,,France,31,C,C_5,13,47394.54454269994,52797.08304263868
26_40,2010-02-05,39952.95,UK,26,A,A_4,40,36942.704190660275,0.0
26_40,2010-02-12,38027.19,UK,26,A,A_4,40,39049.184992997914,32206.827700201306
26_40,2010-02-19,38743.39,UK,26,A,A_4,40,39076.56858737681,36667.57905111968
26_40,2010-02-26,35015.57,UK,26,A,A_4,40,37499.39017230303,38253.94911755495
26_40,2010-03-05,40794.21,UK,26,A,A_4,40,39848.51711817871,35779.51867040988
26_40,2010-03-12,36544.77,UK,26,A,A_4,40,36345.00620962562,39611.18707586258
26_40,2010-03-19,33419.33,UK,26,A,A_4,40,37618.838790357295,37268.173944935006
26_40,2010-03-26,37680.61,UK,26,A,A_4,40,37507.65927414017,34327.3177498227
26_40,2010-04-02,35334.94,UK,26,A,A_4,40,35944.593410005036,36889.52874459914
26_40,2010-04-09,37135.64,UK,26,A,A_4,40,37908.551995494316,35701.68584983848
26_40,2010-04-16,36157.33,UK,26,A,A_4,40,33084.86563859745,36797.35327608952
26_40,2010-04-23,35886.61,UK,26,A,A_4,40,35206.25008426366,36308.31905168666
26_40,2010-04-30,35066.87,UK,26,A,A_4,40,31430.425601748222,35986.09614711466
26_40,2010-05-07,37753.02,UK,26,A,A_4,40,36692.787226334374,35283.72630729935
26_40,2010-05-14,34492.52,UK,26,A,A_4,40,35001.29708915341,37170.48444711421
26_40,2010-05-21,36867.51,UK,26,A,A_4,40,36271.89818197697,35124.283448965
26_40,2010-05-28,37443.63,UK,26,A,A_4,40,36447.42512095487,36456.262263161625
26_40,2010-06-04,36003.97,UK,26,A,A_4,40,36773.276044799204,37210.69828670033
26_40,2010-06-11,38607.17,UK,26,A,A_4,40,38247.11654122088,36288.651458408145
26_40,2010-06-18,36648.39,UK,26,A,A_4,40,34537.95179046148,38060.20408642946
26_40,2010-06-25,34574.78,UK,26,A,A_4,40,37926.12964196139,36981.453621326735
26_40,2010-07-02,40346.68,UK,26,A,A_4,40,39254.5839311779,35142.54273829209
26_40,2010-07-09,37267.17,UK,26,A,A_4,40,38702.367304956315,39118.96254135823
26_40,2010-07-16,40217.55,UK,26,A,A_4,40,38872.58198926867,37704.02973649006
26_40,2010-07-23,38390.88,UK,26,A,A_4,40,37421.39509183778,39624.58087659371
26_40,2010-07-30,38486.22,UK,26,A,A_4,40,38368.662720221706,38681.92461100222
26_40,2010-08-06,40503.23,UK,26,A,A_4,40,40867.93926572289,38532.38902967418
26_40,2010-08-13,38290.01,UK,26,A,A_4,40,38674.09711256659,40038.28533274854
26_40,2010-08-20,38969.07,UK,26,A,A_4,40,39340.659932503404,38702.44880408789
26_40,2010-08-27,37827.68,UK,26,A,A_4,40,38173.09954559825,38906.17091017897
26_40,2010-09-03,40028.36,UK,26,A,A_4,40,40360.33344595222,38082.10874636608
26_40,2010-09-10,41557.59,UK,26,A,A_4,40,41902.838556566654,39569.21633740464
26_40,2010-09-17,38162.0,UK,26,A,A_4,40,38472.09258601335,41088.50916352129
26_40,2010-09-24,37714.17,UK,26,A,A_4,40,37989.21531238703,38852.39808372593
26_40,2010-10-01,38907.77,UK,26,A,A_4,40,39182.414317354116,37982.691451305436
26_40,2010-10-08,40056.44,UK,26,A,A_4,40,40321.60907002598,38689.53304203123
26_40,2010-10-15,37702.19,UK,26,A,A_4,40,37992.826107999725,39733.970500783405
26_40,2010-10-22,37388.72,UK,26,A,A_4,40,37718.24823462106,38181.511022390034
26_40,2010-10-29,36315.53,UK,26,A,A_4,40,36689.187148558194,37575.74876774687
26_40,2010-11-05,37616.12,UK,26,A,A_4,40,38037.61325302258,36612.83049479191
26_40,2010-11-12,37303.33,UK,26,A,A_4,40,37732.78453180517,37379.432153451555
26_40,2010-11-19,35374.23,UK,26,A,A_4,40,35807.135667582195,37321.28339702513
26_40,2010-11-26,31169.42,UK,26,A,A_4,40,31620.371162911444,35833.56289769751
26_40,2010-12-03,39433.9,UK,26,A,A_4,40,39889.93311215927,32269.74640899716
26_40,2010-12-10,36401.21,UK,26,A,A_4,40,36856.435820343635,37743.79153480196
26_40,2010-12-17,35194.07,UK,26,A,A_4,40,35675.829367511644,36717.94084452526
26_40,2010-12-24,39720.88,UK,26,A,A_4,40,40192.51390228292,35553.56913433389
26_40,2010-12-31,36260.53,UK,26,A,A_4,40,36712.13363005971,38737.76213663941
26_40,2011-01-07,38029.31,UK,26,A,A_4,40,38480.00586138933,36844.93832559101
26_40,2011-01-14,35661.31,UK,26,A,A_4,40,36113.75560109681,37749.902730539194
26_40,2011-01-21,37260.94,UK,26,A,A_4,40,37738.08059267549,36154.03369853546
26_40,2011-01-28,36475.6,UK,26,A,A_4,40,36965.916750886514,39668.062183634975
26_40,2011-02-04,36489.15,UK,26,A,A_4,40,37194.091164809564,61971.11352451235
26_40,2011-02-11,38464.79,UK,26,A,A_4,40,38874.20758557868,41887.31227863896
26_40,2011-02-18,38513.1,UK,26,A,A_4,40,38973.49467795978,39973.35145241233
26_40,2011-02-25,36927.48,UK,26,A,A_4,40,37243.730039969196,36312.281305695564
26_40,2011-03-04,39350.29,UK,26,A,A_4,40,39915.38735041219,40833.56745437482
26_40,2011-03-11,35733.97,UK,26,A,A_4,40,36299.74307813791,36725.44751469063
26_40,2011-03-18,36956.38,UK,26,A,A_4,40,37241.09371754037,33758.25549201315
26_40,2011-03-25,37005.93,UK,26,A,A_4,40,37587.599316021195,39068.673744450614
26_40,2011-04-01,35415.76,UK,26,A,A_4,40,35940.412696035884,35950.090590228145
26_40,2011-04-08,37406.25,UK,26,A,A_4,40,37896.58917304046,36835.07045342451
26_40,2011-04-15,32643.81,UK,26,A,A_4,40,33347.87085737408,36552.301326035216
26_40,2011-04-22,34654.0,UK,26,A,A_4,40,35152.84065386251,33530.086802818245
26_40,2011-04-29,30845.35,UK,26,A,A_4,40,31532.013886850247,33768.023008578355
26_40,2011-05-06,35949.49,UK,26,A,A_4,40,36443.26032996409,33561.83277399257
26_40,2011-05-13,34217.03,UK,26,A,A_4,40,34581.44148293496,32985.38025877757
26_40,2011-05-20,35499.44,UK,26,A,A_4,40,35933.506331027624,35560.45045051627
26_40,2011-05-27,35635.66,UK,26,A,A_4,40,36094.8694856181,35944.090944224794
26_40,2011-06-03,35908.18,UK,26,A,A_4,40,36240.891667243704,34720.544932651275
26_40,2011-06-10,37390.16,UK,26,A,A_4,40,37809.69280251565,37415.76177031897
26_40,2011-06-17,33712.35,UK,26,A,A_4,40,34188.972714534284,35998.00954376238
26_40,2011-06-24,37058.74,UK,26,A,A_4,40,37098.2752805514,32901.57373665309
26_40,2011-07-01,38483.04,UK,26,A,A_4,40,38864.89273358414,40009.175306200166
26_40,2011-07-08,37846.27,UK,26,A,A_4,40,38079.87788280952,36783.1851796043
26_40,2011-07-15,38081.15,UK,26,A,A_4,40,38489.08090025466,39637.5781440311
26_40,2011-07-22,36576.14,UK,26,A,A_4,40,36941.33373515351,37233.88096402087
26_40,2011-07-29,37443.93,UK,26,A,A_4,40,37776.25555700056,36833.77037550371
26_40,2011-08-05,39141.73,UK,26,A,A_4,40,40224.23106954094,38703.500810705664
26_40,2011-08-12,39197.7,UK,26,A,A_4,40,38000.00207711704,37449.4404243559
26_40,2011-08-19,36467.04,UK,26,A,A_4,40,38731.17369542434,39168.205691319905
26_40,2011-08-26,38572.02,UK,26,A,A_4,40,37488.937727995246,36432.29223033059
26_40,2011-09-02,37039.7,UK,26,A,A_4,40,39734.657525823015,39561.95064950772
26_40,2011-09-09,37301.3,UK,26,A,A_4,40,41180.79382968026,38834.03378995418
26_40,2011-09-16,38426.85,UK,26,A,A_4,40,37609.71578680306,35296.865022921316
26_40,2011-09-23,37055.56,UK,26,A,A_4,40,37174.62723363482,37204.29178156486
26_40,2011-09-30,37989.83,UK,26,A,A_4,40,38374.04390419741,37953.44044716705
26_40,2011-10-07,41690.97,UK,26,A,A_4,40,39509.36113815448,38790.75199530319
26_40,2011-10-14,39709.06,UK,26,A,A_4,40,37277.48226287949,39184.427156350444
26_40,2011-10-21,37230.29,UK,26,A,A_4,40,37110.015033797834,39296.14843979311
26_40,2011-10-28,36433.05,UK,26,A,A_4,40,36095.99944591136,37035.68100244697
26_40,2011-11-04,36825.13,UK,26,A,A_4,40,37469.74916423827,37515.43088169262
26_40,2011-11-11,38802.75,UK,26,A,A_4,40,37155.28955639759,36772.25570124995
26_40,2011-11-18,33486.66,UK,26,A,A_4,40,35313.15041791981,36803.136831996744
26_40,2011-11-25,31988.32,UK,26,A,A_4,40,31068.83017788831,31445.052428035826
26_40,2011-12-02,37769.6,UK,26,A,A_4,40,39393.278702117845,37718.54933572852
26_40,2011-12-09,36202.61,UK,26,A,A_4,40,36312.6370339468,35650.44326472442
26_40,2011-12-16,40684.39,UK,26,A,A_4,40,35144.0675715832,35206.0952553717
26_40,2011-12-23,39262.95,UK,26,A,A_4,40,39904.429004494516,42364.45872043786
26_40,2011-12-30,33139.43,UK,26,A,A_4,40,36418.51540066752,37696.128888260115
26_40,2012-01-06,37460.11,UK,26,A,A_4,40,38072.27749722841,35631.27869482504
26_40,2012-01-13,37450.94,UK,26,A,A_4,40,35699.326841028895,35240.94518142132
26_40,2012-01-20,36038.26,UK,26,A,A_4,40,37410.85357641086,37835.11995670882
26_40,2012-01-27,34021.61,UK,26,A,A_4,40,36601.5899954124,36686.23020049849
26_40,2012-02-03,39109.47,UK,26,A,A_4,40,36730.65286705471,40827.05145257386
26_40,2012-02-10,40107.58,UK,26,A,A_4,40,38555.423265646554,40609.740196491024
26_40,2012-02-17,37817.48,UK,26,A,A_4,40,38730.33290634833,40439.032028701964
26_40,2012-02-24,38195.64,UK,26,A,A_4,40,36992.14033247367,36926.19224034918
26_40,2012-03-02,37398.15,UK,26,A,A_4,40,39708.030523704314,40355.277887143864
26_40,2012-03-09,38735.42,UK,26,A,A_4,40,36021.87601998954,35256.63580003662
26_40,2012-03-16,36315.73,UK,26,A,A_4,40,37114.79978347248,37864.163089443944
26_40,2012-03-23,33955.36,UK,26,A,A_4,40,37420.15405581776,37577.02102263597
26_40,2012-03-30,36457.36,UK,26,A,A_4,40,35660.47108925381,33600.94216307142
26_40,2012-04-06,38783.71,UK,26,A,A_4,40,37672.28866882664,37160.5492227887
26_40,2012-04-13,34204.44,UK,26,A,A_4,40,33173.524952977365,35292.759106275276
26_40,2012-04-20,35538.65,UK,26,A,A_4,40,35062.549300530816,35631.87784160721
26_40,2012-04-27,34939.7,UK,26,A,A_4,40,31468.166672901534,33150.27872003492
26_40,2012-05-04,37706.23,UK,26,A,A_4,40,36420.32255368008,36699.078620025044
26_40,2012-05-11,36643.71,UK,26,A,A_4,40,34587.27545916482,35072.39417704823
26_40,2012-05-18,33952.19,UK,26,A,A_4,40,35949.25140046276,36291.55061233017
26_40,2012-05-25,38266.9,UK,26,A,A_4,40,36126.38956559058,36498.283295021996
26_40,2012-06-01,36082.65,UK,26,A,A_4,40,36299.59768662749,36404.69670324682
26_40,2012-06-08,39711.07,UK,26,A,A_4,40,37875.85886992986,37774.02244305651
26_40,2012-06-15,37952.18,UK,26,A,A_4,40,34268.14233005472,35209.8165735917
26_40,2012-06-22,36993.5,UK,26,A,A_4,40,37226.62819344422,36829.34277120256
26_40,2012-06-29,38372.61,UK,26,A,A_4,40,38971.364479627635,38793.49554497125
26_40,2012-07-06,39124.79,UK,26,A,A_4,40,38211.911001037624,37867.44601083196
26_40,2012-07-13,39512.06,UK,26,A,A_4,40,38618.58288405858,38559.02480600379
26_40,2012-07-20,39399.25,UK,26,A,A_4,40,37090.21999929776,37322.26131225943
26_40,2012-07-27,37828.54,UK,26,A,A_4,40,37942.1263466517,37864.4085270122
26_40,2012-08-03,42319.79,UK,26,A,A_4,40,40352.08681120846,39264.66262138982
26_40,2012-08-10,41304.33,UK,26,A,A_4,40,38327.84188323326,38878.347725763655
26_40,2012-08-17,41958.2,UK,26,A,A_4,40,38773.37765443669,37364.503015593495
26_40,2012-08-24,40550.29,UK,26,A,A_4,40,37851.957030439095,38407.38932013767
26_40,2012-08-31,40094.35,UK,26,A,A_4,40,39794.996527684765,37926.13264288025
26_40,2012-09-07,40376.46,UK,26,A,A_4,40,41268.708377662515,38372.87073064439
26_40,2012-09-14,40222.95,UK,26,A,A_4,40,38176.15584948496,38388.744783630405
26_40,2012-09-21,39813.26,UK,26,A,A_4,40,37643.93955404411,37475.827495415455
26_40,2012-09-28,39795.83,UK,26,A,A_4,40,38830.009444302435,38274.99642794109
26_40,2012-10-05,40291.18,UK,26,A,A_4,40,40156.733410496796,40704.72494408435
26_40,2012-10-12,42396.2,UK,26,A,A_4,40,37853.96085544646,39061.83509721805
26_40,2012-10-19,36699.87,UK,26,A,A_4,40,37429.93738665058,37485.46557871255
26_40,2012-10-26,36454.82,UK,26,A,A_4,40,36425.93210257542,36789.916651610874
26_40,2012-10-28,,UK,26,A,A_4,40,37718.79378697819,37263.64632221365
26_40,2012-11-04,,UK,26,A,A_4,40,37587.46828583985,38359.12638700503
26_40,2012-11-11,,UK,26,A,A_4,40,35440.71696735461,34776.51328847816
26_40,2012-11-18,,UK,26,A,A_4,40,31458.341539243873,33091.61059555227
26_40,2012-11-25,,UK,26,A,A_4,40,39571.361688338344,38122.47888206042
26_40,2012-12-02,,UK,26,A,A_4,40,36660.01167891697,36666.228502492806
26_40,2012-12-09,,UK,26,A,A_4,40,35883.2014120435,39124.78616761862
26_40,2012-12-16,,UK,26,A,A_4,40,39996.22207146354,39127.227056434196
26_40,2012-12-23,,UK,26,A,A_4,40,36355.390230179946,34822.13602297696
26_40,2012-12-30,,UK,26,A,A_4,40,38324.297070486144,37702.491027096665
26_40,2013-01-06,,UK,26,A,A_4,40,36138.0856207443,37232.10674812309
26_40,2013-01-13,,UK,26,A,A_4,40,37564.76992420411,36584.9224543357
26_40,2013-01-20,,UK,26,A,A_4,40,36728.143717145555,35717.584959148975
26_40,2013-01-27,,UK,26,A,A_4,40,37301.247755060656,43290.91891745144
26_40,2013-02-03,,UK,26,A,A_4,40,38973.357336230256,43970.68942525574
26_40,2013-02-10,,UK,26,A,A_4,40,38916.65939384213,42859.402165427826
26_40,2013-02-17,,UK,26,A,A_4,40,37360.37734747671,42295.66188292704
26_40,2013-02-24,,UK,26,A,A_4,40,39786.86806352897,43050.86491770076
26_40,2013-03-03,,UK,26,A,A_4,40,36538.276510680305,42624.723166934345
26_40,2013-03-10,,UK,26,A,A_4,40,37280.91063136878,40987.69587177627
26_40,2013-03-17,,UK,26,A,A_4,40,37435.788359117476,40342.47596891155
26_40,2013-03-24,,UK,26,A,A_4,40,36108.06933724822,41142.471768747106
26_40,2013-03-31,,UK,26,A,A_4,40,38109.2972380872,42938.85588555422
26_40,2013-04-07,,UK,26,A,A_4,40,33560.167437504824,39647.625726558035
26_40,2013-04-14,,UK,26,A,A_4,40,35336.92390198151,40583.74876733703
20_7,2010-02-05,33042.19,France,20,A,A_3,7,31735.601505076625,0.0
20_7,2010-02-12,33130.25,France,20,A,A_3,7,34138.77288718418,25062.945608628474
20_7,2010-02-19,36627.36,France,20,A,A_3,7,43113.358690395486,27693.929164527668
20_7,2010-02-26,26483.03,France,20,A,A_3,7,32657.371937989297,31786.546765839572
20_7,2010-03-05,33152.1,France,20,A,A_3,7,35127.84397886008,26207.75677934892
20_7,2010-03-12,33205.4,France,20,A,A_3,7,30838.80225973806,30858.342082791645
20_7,2010-03-19,37623.52,France,20,A,A_3,7,33355.92946167322,31552.196756937137
20_7,2010-03-26,46295.55,France,20,A,A_3,7,32930.68567374334,35036.488265181244
20_7,2010-04-02,79696.7,France,20,A,A_3,7,33965.935922063974,41680.84472215464
20_7,2010-04-09,48588.65,France,20,A,A_3,7,39529.72809194459,65736.67624098467
20_7,2010-04-16,34190.01,France,20,A,A_3,7,45950.774542661464,48529.275460955396
20_7,2010-04-23,29356.09,France,20,A,A_3,7,82991.50431668916,38745.56471681934
20_7,2010-04-30,30881.74,France,20,A,A_3,7,50771.78045479919,34160.81771034234
20_7,2010-05-07,34850.79,France,20,A,A_3,7,31039.047591157858,33833.766186741195
20_7,2010-05-14,31404.94,France,20,A,A_3,7,31796.554526942677,35696.17216058806
20_7,2010-05-21,35019.69,France,20,A,A_3,7,30558.52310077452,33110.77076522677
20_7,2010-05-28,43036.71,France,20,A,A_3,7,35694.375029739575,35086.15780480926
20_7,2010-06-04,63469.12,France,20,A,A_3,7,64107.96053068871,40523.45619134681
20_7,2010-06-11,44145.1,France,20,A,A_3,7,45440.67334288737,55143.39305632411
20_7,2010-06-18,50049.32,France,20,A,A_3,7,40491.57142808392,44357.77667463826
20_7,2010-06-25,46008.5,France,20,A,A_3,7,38377.65234347852,48315.60141776337
20_7,2010-07-02,52843.91,France,20,A,A_3,7,48933.450767172406,46058.17244580972
20_7,2010-07-09,56237.24,France,20,A,A_3,7,51978.35901265225,50696.05849339874
20_7,2010-07-16,37063.56,France,20,A,A_3,7,39023.77311803246,53615.79555927267
20_7,2010-07-23,32664.48,France,20,A,A_3,7,33410.69362281983,41311.592727010466
20_7,2010-07-30,33549.62,France,20,A,A_3,7,26948.463079628986,37110.58886455062
20_7,2010-08-06,28108.59,France,20,A,A_3,7,27285.29190913673,36449.60172040712
20_7,2010-08-13,27829.61,France,20,A,A_3,7,26986.550291925294,31922.531399000363
20_7,2010-08-20,32560.75,France,20,A,A_3,7,31623.385147568366,30648.909198473346
20_7,2010-08-27,35564.95,France,20,A,A_3,7,34484.76863127084,33067.67692847616
20_7,2010-09-03,35273.83,France,20,A,A_3,7,34096.022701853566,34968.209992640026
20_7,2010-09-10,31014.81,France,20,A,A_3,7,29823.2530367585,34939.64886839617
20_7,2010-09-17,32253.56,France,20,A,A_3,7,31109.479796812622,32136.031538064202
20_7,2010-09-24,28847.15,France,20,A,A_3,7,27856.984797834553,32660.490139114972
20_7,2010-10-01,32676.83,France,20,A,A_3,7,32239.17199165117,30226.545592784638
20_7,2010-10-08,33716.66,France,20,A,A_3,7,33789.64031930061,32440.96204840836
20_7,2010-10-15,37411.98,France,20,A,A_3,7,37442.43134830675,33215.66875903229
20_7,2010-10-22,33694.49,France,20,A,A_3,7,33075.93021742288,35872.972239987525
20_7,2010-10-29,36163.75,France,20,A,A_3,7,34808.35261699908,33780.28010678118
20_7,2010-11-05,51748.96,France,20,A,A_3,7,50197.95658209428,35436.45362433039
20_7,2010-11-12,74878.36,France,20,A,A_3,7,73311.95464541737,46250.09937251403
20_7,2010-11-19,70224.61,France,20,A,A_3,7,68647.07039319618,63554.138358876975
20_7,2010-11-26,172139.24,France,20,A,A_3,7,170626.4974744866,63605.37584033974
20_7,2010-12-03,119493.03,France,20,A,A_3,7,118000.6875235737,134848.2251078636
20_7,2010-12-10,155897.11,France,20,A,A_3,7,154350.3741694282,109618.94458633714
20_7,2010-12-17,176021.53,France,20,A,A_3,7,174529.195456657,137210.1405324649
20_7,2010-12-24,261136.32,France,20,A,A_3,7,259796.81489007585,156240.89686799273
20_7,2010-12-31,26464.69,France,20,A,A_3,7,25231.322189196202,219850.29636092385
20_7,2011-01-07,15863.19,France,20,A,A_3,7,14701.740976495057,72030.18407107684
20_7,2011-01-14,17100.68,France,20,A,A_3,7,15951.992605985979,52273.94220095831
20_7,2011-01-21,19049.08,France,20,A,A_3,7,17864.875193702817,43817.4268282479
20_7,2011-01-28,22070.59,France,20,A,A_3,7,20932.939929058382,40295.55940382164
20_7,2011-02-04,31454.03,France,20,A,A_3,7,30657.496295724282,58229.75816395007
20_7,2011-02-11,33898.2,France,20,A,A_3,7,32529.25967574006,44750.91364090018
20_7,2011-02-18,42960.35,France,20,A,A_3,7,40332.60764941773,45150.429085703865
20_7,2011-02-25,32787.24,France,20,A,A_3,7,30375.0210451229,39704.361634303976
20_7,2011-03-04,35494.47,France,20,A,A_3,7,34263.52754462641,41520.33863350289
20_7,2011-03-11,31315.93,France,20,A,A_3,7,31213.02322634456,39000.32966181484
20_7,2011-03-18,33777.15,France,20,A,A_3,7,34160.001140699766,38384.83794726139
20_7,2011-03-25,33253.51,France,20,A,A_3,7,35790.206036433265,43115.338503417
20_7,2011-04-01,33851.37,France,20,A,A_3,7,43993.69532672627,61998.19205843288
20_7,2011-04-08,37626.5,France,20,A,A_3,7,38495.095587519696,21885.25020086437
20_7,2011-04-15,43723.44,France,20,A,A_3,7,39501.3827773215,26320.430996026706
20_7,2011-04-22,81643.49,France,20,A,A_3,7,67137.32798660903,34296.1112908282
20_7,2011-04-29,52335.98,France,20,A,A_3,7,45826.441023496336,65234.629305357346
20_7,2011-05-06,34080.47,France,20,A,A_3,7,32934.19041711135,52425.872462865016
20_7,2011-05-13,35096.57,France,20,A,A_3,7,32661.850784153623,36337.03451628932
20_7,2011-05-20,34029.37,France,20,A,A_3,7,32791.03257912614,40029.518817526194
20_7,2011-05-27,39038.54,France,20,A,A_3,7,38573.81020517521,42721.32912064852
20_7,2011-06-03,66977.87,France,20,A,A_3,7,64874.11156399999,56266.97841777843
20_7,2011-06-10,47991.49,France,20,A,A_3,7,46241.67658503889,50347.66929874703
20_7,2011-06-17,42628.92,France,20,A,A_3,7,44104.007991224644,52058.83213078441
20_7,2011-06-24,39541.7,France,20,A,A_3,7,41156.47146815368,42605.32160321542
20_7,2011-07-01,49774.18,France,20,A,A_3,7,50511.46757542391,46674.10008699696
20_7,2011-07-08,53009.04,France,20,A,A_3,7,53512.73978225081,52102.78563885362
20_7,2011-07-15,39962.36,France,20,A,A_3,7,38929.61197109991,38653.39790301137
20_7,2011-07-22,34520.48,France,20,A,A_3,7,33787.18564714656,36185.257624588965
20_7,2011-07-29,28182.34,France,20,A,A_3,7,29207.43686235282,35473.993232365356
20_7,2011-08-05,31850.72,France,20,A,A_3,7,27902.929245130563,26667.879366807592
20_7,2011-08-12,25753.96,France,20,A,A_3,7,27790.685168698743,30959.005425967545
20_7,2011-08-19,31326.35,France,20,A,A_3,7,32386.771687882956,30605.95406371577
20_7,2011-08-26,30152.88,France,20,A,A_3,7,35252.687890144254,33843.71667953355
20_7,2011-09-02,29923.64,France,20,A,A_3,7,34682.81201541808,31252.882529182607
20_7,2011-09-09,29893.41,France,20,A,A_3,7,30212.79504631758,27761.185063494573
20_7,2011-09-16,28062.79,France,20,A,A_3,7,31464.231324918837,30491.46496469169
20_7,2011-09-23,31719.35,France,20,A,A_3,7,28024.501239163925,26236.024372216194
20_7,2011-09-30,32771.52,France,20,A,A_3,7,32419.067440163526,33023.852793910664
20_7,2011-10-07,36548.54,France,20,A,A_3,7,33879.28435094976,33026.852645149185
20_7,2011-10-14,36824.17,France,20,A,A_3,7,37691.321948164325,37925.94000658846
20_7,2011-10-21,73104.29,France,20,A,A_3,7,33484.315659261876,33950.41395619947
20_7,2011-10-28,65791.98,France,20,A,A_3,7,37043.16885490759,62302.02155231584
20_7,2011-11-04,81532.41,France,20,A,A_3,7,53687.65999320695,71075.49428591214
20_7,2011-11-11,77636.25,France,20,A,A_3,7,77994.62766955022,92672.56570626923
20_7,2011-11-18,73198.96,France,20,A,A_3,7,73380.98900102351,76805.06511624723
20_7,2011-11-25,164776.95,France,20,A,A_3,7,175398.3930227922,149810.19254967535
20_7,2011-12-02,99158.61,France,20,A,A_3,7,122390.66367673826,122414.13293197686
20_7,2011-12-09,131108.68,France,20,A,A_3,7,157844.1085789918,131647.63898350607
20_7,2011-12-16,142984.01,France,20,A,A_3,7,176929.36788133238,148312.72149055137
20_7,2011-12-23,224649.58,France,20,A,A_3,7,260756.40429658582,207813.20982608147
20_7,2011-12-30,53713.4,France,20,A,A_3,7,24643.874392111506,48922.61809382227
20_7,2012-01-06,17538.97,France,20,A,A_3,7,15237.282058653582,42700.48992762226
20_7,2012-01-13,16911.83,France,20,A,A_3,7,16548.458255037403,25279.64045094337
20_7,2012-01-20,21805.75,France,20,A,A_3,7,18455.37076263111,23927.384094818357
20_7,2012-01-27,22001.9,France,20,A,A_3,7,21619.005964756856,27437.905348198565
20_7,2012-02-03,33519.59,France,20,A,A_3,7,31249.846336469767,38721.549457125904
20_7,2012-02-10,40591.19,France,20,A,A_3,7,33338.4116650498,38072.86066231319
20_7,2012-02-17,39483.8,France,20,A,A_3,7,41706.98534644871,48101.15015714694
20_7,2012-02-24,31846.1,France,20,A,A_3,7,31522.953090988307,32912.81253500267
20_7,2012-03-02,35437.18,France,20,A,A_3,7,35062.738543729596,36719.180366840854
20_7,2012-03-09,35018.8,France,20,A,A_3,7,31725.19227774337,33480.542490054235
20_7,2012-03-16,41359.5,France,20,A,A_3,7,34705.66908433479,37641.77775204806
20_7,2012-03-23,40942.52,France,20,A,A_3,7,36131.27012423419,41659.886065688705
20_7,2012-03-30,45468.11,France,20,A,A_3,7,42841.956345564344,48435.66157973578
20_7,2012-04-06,79070.99,France,20,A,A_3,7,40131.32745148572,42179.18662121172
20_7,2012-04-13,46073.9,France,20,A,A_3,7,44052.17014428704,68747.46186432787
20_7,2012-04-20,29145.36,France,20,A,A_3,7,74151.13894189437,74680.84289482486
20_7,2012-04-27,31771.96,France,20,A,A_3,7,48546.443896857636,24334.406151349314
20_7,2012-05-04,37241.14,France,20,A,A_3,7,34124.82162191632,18447.376074762313
20_7,2012-05-11,34549.39,France,20,A,A_3,7,34134.249843976766,20879.100176644275
20_7,2012-05-18,30152.23,France,20,A,A_3,7,33894.68721316873,21891.391937064476
20_7,2012-05-25,50857.47,France,20,A,A_3,7,39457.220889960336,27598.645637732217
20_7,2012-06-01,64386.23,France,20,A,A_3,7,66146.86204022332,52092.16560759602
20_7,2012-06-08,49255.54,France,20,A,A_3,7,47357.428771296356,34421.10860569154
20_7,2012-06-15,52776.52,France,20,A,A_3,7,44386.56294865611,31928.4078411358
20_7,2012-06-22,51677.93,France,20,A,A_3,7,41477.59532522752,28857.294469749682
20_7,2012-06-29,56654.95,France,20,A,A_3,7,51122.40489436178,37632.29257290994
20_7,2012-07-06,63787.96,France,20,A,A_3,7,54224.32073878161,40675.92813762963
20_7,2012-07-13,37603.61,France,20,A,A_3,7,40045.471932005035,27196.912888436524
20_7,2012-07-20,33265.36,France,20,A,A_3,7,34803.856310070565,22362.63516896412
20_7,2012-07-27,31374.99,France,20,A,A_3,7,29786.27198550246,18050.41266959456
20_7,2012-08-03,31101.95,France,20,A,A_3,7,29730.80013124911,19463.424790259167
20_7,2012-08-10,32436.3,France,20,A,A_3,7,28034.243913953134,15068.402364366459
20_7,2012-08-17,31385.87,France,20,A,A_3,7,32959.50173897349,20066.465904256398
20_7,2012-08-24,33210.64,France,20,A,A_3,7,34912.906998153805,19891.460199167086
20_7,2012-08-31,30746.27,France,20,A,A_3,7,34649.33612258782,19665.006016336163
20_7,2012-09-07,33162.47,France,20,A,A_3,7,31459.95808416845,18710.02265732277
20_7,2012-09-14,41047.45,France,20,A,A_3,7,32008.597499441683,17681.437812768792
20_7,2012-09-21,58083.85,France,20,A,A_3,7,30435.671836817124,19534.7719659463
20_7,2012-09-28,54554.74,France,20,A,A_3,7,33902.69310709686,21124.61295506891
20_7,2012-10-05,65381.41,France,20,A,A_3,7,35927.612768657695,24040.148039479205
20_7,2012-10-12,55887.0,France,20,A,A_3,7,38803.99715838668,25050.326843485705
20_7,2012-10-19,59021.74,France,20,A,A_3,7,44366.621826296076,50026.1372356573
20_7,2012-10-26,64594.17,France,20,A,A_3,7,43701.039917438655,45376.466244599986
20_7,2012-10-28,,France,20,A,A_3,7,58922.94571565555,59989.14751999949
20_7,2012-11-04,,France,20,A,A_3,7,75267.2643943971,62300.50224523815
20_7,2012-11-11,,France,20,A,A_3,7,70638.06503548019,58135.35646806936
20_7,2012-11-18,,France,20,A,A_3,7,170086.13411100284,145582.74450645573
20_7,2012-11-25,,France,20,A,A_3,7,114419.8608868916,87404.83645307727
20_7,2012-12-02,,France,20,A,A_3,7,149931.31637439222,118099.50293349616
20_7,2012-12-09,,France,20,A,A_3,7,168352.8567288758,130952.85927999218
20_7,2012-12-16,,France,20,A,A_3,7,253051.49874224866,207655.57856726795
20_7,2012-12-23,,France,20,A,A_3,7,34088.15294523404,34687.837305359746
20_7,2012-12-30,,France,20,A,A_3,7,17113.6104366347,6646.113850699973
20_7,2013-01-06,,France,20,A,A_3,7,17891.728883759868,6485.615368539553
20_7,2013-01-13,,France,20,A,A_3,7,20525.09137608654,10447.657449004868
20_7,2013-01-20,,France,20,A,A_3,7,22862.808823757514,11407.677801669117
20_7,2013-01-27,,France,20,A,A_3,7,32951.72343031597,23475.262394862002
20_7,2013-02-03,,France,20,A,A_3,7,36162.80506148834,29023.67555928532
20_7,2013-02-10,,France,20,A,A_3,7,41976.837825098235,30388.461471116956
20_7,2013-02-17,,France,20,A,A_3,7,32507.137617237422,22201.493949395757
20_7,2013-02-24,,France,20,A,A_3,7,36059.590358813904,25713.183796314373
20_7,2013-03-03,,France,20,A,A_3,7,33420.30852136042,24520.654341564034
20_7,2013-03-10,,France,20,A,A_3,7,37083.836251641136,29801.55953242719
20_7,2013-03-17,,France,20,A,A_3,7,37802.16847530626,29889.134650366617
20_7,2013-03-24,,France,20,A,A_3,7,43793.07247816655,35137.44589548155
20_7,2013-03-31,,France,20,A,A_3,7,49684.50712995392,58011.14156829822
20_7,2013-04-07,,France,20,A,A_3,7,43134.843850062796,35090.89834106302
20_7,2013-04-14,,France,20,A,A_3,7,72623.20623354468,30964.939091224915
19_2,2010-02-05,52144.5,Germany,19,D,D_4,2,47506.55030540337,0.0
19_2,2010-02-12,52442.96,Germany,19,D,D_4,2,50690.361070155195,41201.95537934147
19_2,2010-02-19,52145.11,Germany,19,D,D_4,2,54485.31363560453,52599.28842847501
19_2,2010-02-26,49014.17,Germany,19,D,D_4,2,48408.76930735426,52209.04014229719
19_2,2010-03-05,55814.15,Germany,19,D,D_4,2,56550.07538967764,49718.59620134694
19_2,2010-03-12,50823.55,Germany,19,D,D_4,2,49521.031460896826,54266.92884898316
19_2,2010-03-19,46815.76,Germany,19,D,D_4,2,48138.30188493432,51980.21549171261
19_2,2010-03-26,52082.97,Germany,19,D,D_4,2,50832.021626038964,47695.414153137644
19_2,2010-04-02,53226.53,Germany,19,D,D_4,2,53567.81905902306,50877.65164697958
19_2,2010-04-09,51474.94,Germany,19,D,D_4,2,55212.37197693687,52993.49354683152
19_2,2010-04-16,58622.41,Germany,19,D,D_4,2,54635.552139152,51874.54328623375
19_2,2010-04-23,52848.92,Germany,19,D,D_4,2,53519.80017294528,57003.11629877444
19_2,2010-04-30,51838.29,Germany,19,D,D_4,2,47392.56077905337,54183.53369677301
19_2,2010-05-07,52178.54,Germany,19,D,D_4,2,52899.20972683792,52038.71012503363
19_2,2010-05-14,49166.11,Germany,19,D,D_4,2,48256.2419945259,52097.73281153125
19_2,2010-05-21,49229.64,Germany,19,D,D_4,2,52067.00649017619,49846.79286146791
19_2,2010-05-28,55807.84,Germany,19,D,D_4,2,52416.85342855662,49201.353581400996
19_2,2010-06-04,50844.36,Germany,19,D,D_4,2,51902.28199782521,54325.64358088286
19_2,2010-06-11,49834.68,Germany,19,D,D_4,2,52708.860181232885,51993.578256287634
19_2,2010-06-18,50112.31,Germany,19,D,D_4,2,50832.641496646494,50038.68993621642
19_2,2010-06-25,50285.16,Germany,19,D,D_4,2,52019.67405571276,50045.54418461366
19_2,2010-07-02,54927.41,Germany,19,D,D_4,2,54042.35541646643,50247.56818525141
19_2,2010-07-09,53215.26,Germany,19,D,D_4,2,50406.55620233105,53881.78250734385
19_2,2010-07-16,55604.72,Germany,19,D,D_4,2,52467.92015107552,53622.64597145672
19_2,2010-07-23,53114.54,Germany,19,D,D_4,2,52733.365631641,55057.758608963995
19_2,2010-07-30,54311.04,Germany,19,D,D_4,2,52237.880559157995,53687.068264661786
19_2,2010-08-06,56760.15,Germany,19,D,D_4,2,58423.60561828944,54029.59256102419
19_2,2010-08-13,54797.34,Germany,19,D,D_4,2,56233.265248319105,56213.87654271635
19_2,2010-08-20,56848.37,Germany,19,D,D_4,2,58041.92283675106,55250.980901416515
19_2,2010-08-27,64772.9,Germany,19,D,D_4,2,65757.16544076131,56376.74427024902
19_2,2010-09-03,66454.68,Germany,19,D,D_4,2,67278.80135796397,62996.32690660363
19_2,2010-09-10,57835.71,Germany,19,D,D_4,2,58539.94310825779,66112.04564495034
19_2,2010-09-17,51508.83,Germany,19,D,D_4,2,52108.37638009518,59785.52221232946
19_2,2010-09-24,50173.88,Germany,19,D,D_4,2,50688.74157657359,52894.95104469363
19_2,2010-10-01,50677.46,Germany,19,D,D_4,2,51132.665261859576,50446.34751462154
19_2,2010-10-08,53241.14,Germany,19,D,D_4,2,53600.02576675384,50558.35870527919
19_2,2010-10-15,50087.19,Germany,19,D,D_4,2,50403.271289367905,52665.71056101933
19_2,2010-10-22,50650.03,Germany,19,D,D_4,2,50961.15204154374,50809.921234182315
19_2,2010-10-29,50163.53,Germany,19,D,D_4,2,50481.386224978705,50508.332500256736
19_2,2010-11-05,48761.19,Germany,19,D,D_4,2,49091.834364404305,50276.09828216747
19_2,2010-11-12,48519.51,Germany,19,D,D_4,2,48832.003221135885,49074.97814945665
19_2,2010-11-19,46351.25,Germany,19,D,D_4,2,46626.529515497656,48567.54974998081
19_2,2010-11-26,48483.7,Germany,19,D,D_4,2,48748.051722571785,46839.0005324376
19_2,2010-12-03,50999.03,Germany,19,D,D_4,2,51273.944673450125,47993.04710020693
19_2,2010-12-10,53141.17,Germany,19,D,D_4,2,53368.60368777235,50442.01930473057
19_2,2010-12-17,59258.41,Germany,19,D,D_4,2,59441.53956256607,52670.163690973866
19_2,2010-12-24,84541.59,Germany,19,D,D_4,2,84690.66782539476,57887.49447518945
19_2,2010-12-31,38007.95,Germany,19,D,D_4,2,38142.12259312853,78877.6358473911
19_2,2011-01-07,42431.88,Germany,19,D,D_4,2,42588.169278758374,48584.97836705898
19_2,2011-01-14,41492.93,Germany,19,D,D_4,2,41695.906031172744,41332.4327181551
19_2,2011-01-21,44348.21,Germany,19,D,D_4,2,44576.89683027211,41260.492504087204
19_2,2011-01-28,46595.62,Germany,19,D,D_4,2,46839.973650262116,45608.04885681788
19_2,2011-02-04,45599.75,Germany,19,D,D_4,2,45843.57846022581,86473.17182812511
19_2,2011-02-11,47935.16,Germany,19,D,D_4,2,48138.40496943746,55470.46030715369
19_2,2011-02-18,51400.35,Germany,19,D,D_4,2,51576.349835723144,47195.08119548849
19_2,2011-02-25,45722.81,Germany,19,D,D_4,2,45894.151337210686,47910.913876265855
19_2,2011-03-04,53704.73,Germany,19,D,D_4,2,53893.676952167734,52100.873731917716
19_2,2011-03-11,46756.2,Germany,19,D,D_4,2,46964.52495070718,48990.95905205481
19_2,2011-03-18,45116.86,Germany,19,D,D_4,2,45306.119063851605,44120.449986362844
19_2,2011-03-25,48025.49,Germany,19,D,D_4,2,48206.52087346729,49065.588995722625
19_2,2011-04-01,50529.26,Germany,19,D,D_4,2,50681.23700396425,49343.74879464231
19_2,2011-04-08,52220.54,Germany,19,D,D_4,2,52359.23379416588,48725.62641469278
19_2,2011-04-15,52296.77,Germany,19,D,D_4,2,52438.966183578385,57363.5332873128
19_2,2011-04-22,50432.4,Germany,19,D,D_4,2,50570.68578986768,48956.04533103224
19_2,2011-04-29,44403.79,Germany,19,D,D_4,2,44541.44023439525,48860.40164417639
19_2,2011-05-06,49113.66,Germany,19,D,D_4,2,49212.68148725544,45941.17826920673
19_2,2011-05-13,44653.48,Germany,19,D,D_4,2,44682.95548868415,45523.986399002366
19_2,2011-05-20,48352.12,Germany,19,D,D_4,2,48321.620710527044,45200.477746297205
19_2,2011-05-27,49229.43,Germany,19,D,D_4,2,49194.54670993593,52904.7036655538
19_2,2011-06-03,48104.11,Germany,19,D,D_4,2,48068.00557836761,46249.04370585484
19_2,2011-06-10,49146.65,Germany,19,D,D_4,2,49072.90953111944,46518.655763185074
19_2,2011-06-17,47868.61,Germany,19,D,D_4,2,47733.34783125621,48909.31942222884
19_2,2011-06-24,49256.48,Germany,19,D,D_4,2,49075.61683750921,48398.97399218139
19_2,2011-07-01,51711.34,Germany,19,D,D_4,2,51447.284013636636,52803.398007345975
19_2,2011-07-08,48033.25,Germany,19,D,D_4,2,47698.836421354645,50656.60416068014
19_2,2011-07-15,49623.99,Germany,19,D,D_4,2,49309.926460701834,50561.069740040286
19_2,2011-07-22,49352.42,Germany,19,D,D_4,2,49060.87722994449,47661.584128411305
19_2,2011-07-29,48824.33,Germany,19,D,D_4,2,48549.22945885119,49908.11662749101
19_2,2011-08-05,54845.42,Germany,19,D,D_4,2,54406.594339433206,51228.11757227214
19_2,2011-08-12,52880.06,Germany,19,D,D_4,2,52598.51710498113,52252.1103570749
19_2,2011-08-19,53848.31,Germany,19,D,D_4,2,54719.47309510191,54689.83997819892
19_2,2011-08-26,62338.12,Germany,19,D,D_4,2,62493.20435492303,60625.48943262055
19_2,2011-09-02,59970.83,Germany,19,D,D_4,2,64165.538382728315,63266.55729056012
19_2,2011-09-09,55916.15,Germany,19,D,D_4,2,54813.21489839446,53722.101584321004
19_2,2011-09-16,48066.87,Germany,19,D,D_4,2,48710.22204946911,49864.22295390775
19_2,2011-09-23,47691.97,Germany,19,D,D_4,2,47282.40380005912,47567.73678407219
19_2,2011-09-30,49291.39,Germany,19,D,D_4,2,47894.31280441628,47929.84505010667
19_2,2011-10-07,49809.34,Germany,19,D,D_4,2,50698.51877466415,51121.96857352071
19_2,2011-10-14,47279.87,Germany,19,D,D_4,2,47405.11712217419,47594.89463911078
19_2,2011-10-21,47796.98,Germany,19,D,D_4,2,47997.54208002625,47714.99785207416
19_2,2011-10-28,47655.67,Germany,19,D,D_4,2,47537.715811804206,47375.091948946414
19_2,2011-11-04,49075.58,Germany,19,D,D_4,2,46227.285980325636,46424.086980451684
19_2,2011-11-11,50399.44,Germany,19,D,D_4,2,46545.723869105524,48228.09439648063
19_2,2011-11-18,46618.62,Germany,19,D,D_4,2,45098.240546607914,48229.44603373429
19_2,2011-11-25,46388.62,Germany,19,D,D_4,2,47546.5110527598,48877.542616931816
19_2,2011-12-02,50318.76,Germany,19,D,D_4,2,49909.87428529181,48981.85220391571
19_2,2011-12-09,55007.21,Germany,19,D,D_4,2,52129.002905283,51676.509946597536
19_2,2011-12-16,62038.76,Germany,19,D,D_4,2,58767.0927359537,59477.72304942898
19_2,2011-12-23,85706.27,Germany,19,D,D_4,2,84644.9784159975,82430.09517165324
19_2,2011-12-30,45810.03,Germany,19,D,D_4,2,38316.88195756784,46493.60918267616
19_2,2012-01-06,43809.18,Germany,19,D,D_4,2,44151.00093051508,49633.53946588966
19_2,2012-01-13,41096.56,Germany,19,D,D_4,2,43225.39175485032,44481.63131100461
19_2,2012-01-20,44903.65,Germany,19,D,D_4,2,45756.374730413554,43656.83148347543
19_2,2012-01-27,46701.89,Germany,19,D,D_4,2,47906.27344203883,47464.55097421887
19_2,2012-02-03,49110.79,Germany,19,D,D_4,2,46735.55330251255,49349.332591266604
19_2,2012-02-10,51313.04,Germany,19,D,D_4,2,49507.27973348648,51071.15742413024
19_2,2012-02-17,46659.94,Germany,19,D,D_4,2,53311.180287930096,53951.93369109681
19_2,2012-02-24,51887.55,Germany,19,D,D_4,2,46451.2201021317,43797.29919889121
19_2,2012-03-02,49140.06,Germany,19,D,D_4,2,55471.38186849619,56191.88424237274
19_2,2012-03-09,49377.07,Germany,19,D,D_4,2,47425.008250223,45658.53032504389
19_2,2012-03-16,48698.99,Germany,19,D,D_4,2,46159.98018884164,46318.27078976148
19_2,2012-03-23,49357.03,Germany,19,D,D_4,2,49557.13889433711,51132.76745376828
19_2,2012-03-30,49699.04,Germany,19,D,D_4,2,52028.7863257109,51909.04247478856
19_2,2012-04-06,55509.54,Germany,19,D,D_4,2,53310.92301903449,51351.554125665774
19_2,2012-04-13,44597.89,Germany,19,D,D_4,2,53816.28502294841,54927.74702339598
19_2,2012-04-20,47080.89,Germany,19,D,D_4,2,50296.93472742829,45549.00504317906
19_2,2012-04-27,48717.46,Germany,19,D,D_4,2,43707.85227561195,41184.78321046044
19_2,2012-05-04,49805.02,Germany,19,D,D_4,2,48404.25506567186,45163.39532477992
19_2,2012-05-11,48068.04,Germany,19,D,D_4,2,43892.6728003355,41381.92433817725
19_2,2012-05-18,44880.08,Germany,19,D,D_4,2,47536.82746866589,44320.91300224956
19_2,2012-05-25,49081.41,Germany,19,D,D_4,2,48404.31716200137,45458.46148049156
19_2,2012-06-01,47122.16,Germany,19,D,D_4,2,47271.54051429956,44240.29803363663
19_2,2012-06-08,49436.63,Germany,19,D,D_4,2,48269.994882653926,44976.75627519353
19_2,2012-06-15,48503.24,Germany,19,D,D_4,2,46917.14049979803,43989.469981373506
19_2,2012-06-22,49092.23,Germany,19,D,D_4,2,48234.91687587739,45107.09244425346
19_2,2012-06-29,49911.01,Germany,19,D,D_4,2,50573.80003530585,47359.87081234441
19_2,2012-07-06,50305.52,Germany,19,D,D_4,2,46777.42346158866,44363.991990953844
19_2,2012-07-13,48628.68,Germany,19,D,D_4,2,48327.753824208965,45770.90998667408
19_2,2012-07-20,49238.58,Germany,19,D,D_4,2,48021.63912956248,45391.90560383603
19_2,2012-07-27,46480.71,Germany,19,D,D_4,2,47457.01760684859,45063.16800359623
19_2,2012-08-03,50328.07,Germany,19,D,D_4,2,53264.43782524286,49971.63121468712
19_2,2012-08-10,54230.56,Germany,19,D,D_4,2,51376.53947465672,48301.25694714993
19_2,2012-08-17,53408.13,Germany,19,D,D_4,2,53446.037244851934,49225.353405133195
19_2,2012-08-24,61912.39,Germany,19,D,D_4,2,61378.50548542643,56473.40547595814
19_2,2012-08-31,58463.14,Germany,19,D,D_4,2,63078.131736292766,54728.77100318769
19_2,2012-09-07,52584.33,Germany,19,D,D_4,2,54490.43733458122,50914.940679345054
19_2,2012-09-14,49736.21,Germany,19,D,D_4,2,48186.50194524454,44265.08301401973
19_2,2012-09-21,46832.22,Germany,19,D,D_4,2,46876.15133091329,43858.87565471364
19_2,2012-09-28,46848.2,Germany,19,D,D_4,2,47413.94248490922,45157.01400527026
19_2,2012-10-05,47767.58,Germany,19,D,D_4,2,49963.531057963686,45737.47266448745
19_2,2012-10-12,45713.56,Germany,19,D,D_4,2,46832.22750315313,43533.327400299575
19_2,2012-10-19,46449.21,Germany,19,D,D_4,2,47447.56335501258,43969.33242782644
19_2,2012-10-26,46788.18,Germany,19,D,D_4,2,47024.45198109942,43823.19857920212
19_2,2012-10-28,,Germany,19,D,D_4,2,45693.3797048086,44841.69247234148
19_2,2012-11-04,,Germany,19,D,D_4,2,45493.94562800025,45856.75418295657
19_2,2012-11-11,,Germany,19,D,D_4,2,43344.75692926606,42733.49444634954
19_2,2012-11-18,,Germany,19,D,D_4,2,45515.70902428116,42702.69142179711
19_2,2012-11-25,,Germany,19,D,D_4,2,48090.08998297478,45985.810302791564
19_2,2012-12-02,,Germany,19,D,D_4,2,50235.40187619587,49852.4804980846
19_2,2012-12-09,,Germany,19,D,D_4,2,56349.845937781865,55903.216232119674
19_2,2012-12-16,,Germany,19,D,D_4,2,81631.78286741121,76188.35390860397
19_2,2012-12-23,,Germany,19,D,D_4,2,35111.97783981761,41607.27697345177
19_2,2012-12-30,,Germany,19,D,D_4,2,39580.534557560975,40183.56543076743
19_2,2013-01-06,,Germany,19,D,D_4,2,38716.291829267386,38069.62279126986
19_2,2013-01-13,,Germany,19,D,D_4,2,41634.5611746344,41005.326774252855
19_2,2013-01-20,,Germany,19,D,D_4,2,43939.20138350186,43522.95943838045
19_2,2013-01-27,,Germany,19,D,D_4,2,42988.197656920645,48025.82962626818
19_2,2013-02-03,,Germany,19,D,D_4,2,45327.31429880873,49943.080641395136
19_2,2013-02-10,,Germany,19,D,D_4,2,48800.225538145634,46536.22932301059
19_2,2013-02-17,,Germany,19,D,D_4,2,43153.09350031281,50068.83712798283
19_2,2013-02-24,,Germany,19,D,D_4,2,51180.963436264996,48770.37172055194
19_2,2013-03-03,,Germany,19,D,D_4,2,44288.299555239675,48298.73210184553
19_2,2013-03-10,,Germany,19,D,D_4,2,42668.026860113525,47453.45915352075
19_2,2013-03-17,,Germany,19,D,D_4,2,45602.27617145347,48418.88444082702
19_2,2013-03-24,,Germany,19,D,D_4,2,48109.50238380078,48889.007096521396
19_2,2013-03-31,,Germany,19,D,D_4,2,49816.362440209225,53330.20215677624
19_2,2013-04-07,,Germany,19,D,D_4,2,49918.61484594374,45402.81121689807
19_2,2013-04-14,,Germany,19,D,D_4,2,48078.57744885584,46863.420062059864
6_72,2010-02-05,112279.42,USA,6,D,D_2,72,112828.94226099378,0.0
6_72,2010-02-12,96945.02,USA,6,D,D_2,72,100463.90415816003,82178.6663421898
6_72,2010-02-19,86956.87,USA,6,D,D_2,72,94605.97571067442,92638.36454975758
6_72,2010-02-26,78522.57,USA,6,D,D_2,72,80935.2100335127,88625.3639361997
6_72,2010-03-05,78699.59,USA,6,D,D_2,72,80339.53001297389,81491.23391730149
6_72,2010-03-12,73425.74,USA,6,D,D_2,72,77803.06260194219,79519.94492332234
6_72,2010-03-19,71927.91,USA,6,D,D_2,72,77055.37636327777,75216.59630418304
6_72,2010-03-26,59922.33,USA,6,D,D_2,72,57445.57828696144,72894.33087396709
6_72,2010-04-02,65701.31,USA,6,D,D_2,72,60872.15864866947,63734.31195125919
6_72,2010-04-09,74329.29,USA,6,D,D_2,72,57653.91700199315,65123.283436931335
6_72,2010-04-16,66531.13,USA,6,D,D_2,72,66623.08825008888,71623.99177260611
6_72,2010-04-23,62007.34,USA,6,D,D_2,72,66038.99126545379,68027.73005472496
6_72,2010-04-30,62275.56,USA,6,D,D_2,72,61212.27666325852,63776.50564550159
6_72,2010-05-07,64539.11,USA,6,D,D_2,72,59538.04723606553,62716.63133385855
6_72,2010-05-14,70526.73,USA,6,D,D_2,72,68786.01960699596,64003.55223439181
6_72,2010-05-21,56282.3,USA,6,D,D_2,72,60117.656944237955,68609.81400327692
6_72,2010-05-28,65686.57,USA,6,D,D_2,72,60941.570181297844,59904.8915714421
6_72,2010-06-04,83719.72,USA,6,D,D_2,72,69206.51525827248,63987.55270109316
6_72,2010-06-11,69015.89,USA,6,D,D_2,72,69660.35230281271,77921.1800085383
6_72,2010-06-18,73529.3,USA,6,D,D_2,72,81817.69345283939,71632.81897023709
6_72,2010-06-25,68500.11,USA,6,D,D_2,72,74809.07285372763,72971.99572989406
6_72,2010-07-02,85489.51,USA,6,D,D_2,72,91818.60330643496,69814.22860893117
6_72,2010-07-09,76343.2,USA,6,D,D_2,72,83446.67803091611,80883.13581683728
6_72,2010-07-16,68952.81,USA,6,D,D_2,72,63561.86225629298,77677.31596373695
6_72,2010-07-23,81263.4,USA,6,D,D_2,72,69300.93502292117,71516.61335571544
6_72,2010-07-30,72037.3,USA,6,D,D_2,72,75828.1658896063,78399.18689613797
6_72,2010-08-06,75930.54,USA,6,D,D_2,72,79372.77026204951,73906.81869146453
6_72,2010-08-13,75253.74,USA,6,D,D_2,72,77767.96078385181,75335.8446094047
6_72,2010-08-20,78605.1,USA,6,D,D_2,72,80382.52683895134,75277.86744904837
6_72,2010-08-27,71143.8,USA,6,D,D_2,72,72381.42053324936,77627.35180258546
6_72,2010-09-03,70435.72,USA,6,D,D_2,72,71323.2854141504,73049.07142024026
6_72,2010-09-10,66857.07,USA,6,D,D_2,72,67467.7573430426,71203.68544912974
6_72,2010-09-17,59438.97,USA,6,D,D_2,72,59802.940907947675,68134.37639658013
6_72,2010-09-24,67800.41,USA,6,D,D_2,72,68029.20827610022,61994.22209009209
6_72,2010-10-01,64756.84,USA,6,D,D_2,72,64980.125908034766,66094.1902886251
6_72,2010-10-08,61139.56,USA,6,D,D_2,72,61516.88398320049,65149.83682663945
6_72,2010-10-15,56190.23,USA,6,D,D_2,72,56687.87321738665,62318.02915667436
6_72,2010-10-22,58400.42,USA,6,D,D_2,72,58827.4897217276,57990.95913083347
6_72,2010-10-29,62931.73,USA,6,D,D_2,72,63304.79767122956,58280.0948887826
6_72,2010-11-05,62123.71,USA,6,D,D_2,72,62534.278123061544,61564.78982513254
6_72,2010-11-12,82920.11,USA,6,D,D_2,72,83380.09409886127,61959.46443402089
6_72,2010-11-19,63496.25,USA,6,D,D_2,72,63925.72122670032,76760.56656414451
6_72,2010-11-26,342578.65,USA,6,D,D_2,72,343011.18914779625,67394.13252306473
6_72,2010-12-03,104295.19,USA,6,D,D_2,72,104912.65620648113,261712.29581550648
6_72,2010-12-10,100963.79,USA,6,D,D_2,72,101717.06772390248,150554.14217612197
6_72,2010-12-17,135009.23,USA,6,D,D_2,72,135681.09833846838,115536.52475984726
6_72,2010-12-24,204271.34,USA,6,D,D_2,72,204814.27696284011,129286.93612490065
6_72,2010-12-31,109801.34,USA,6,D,D_2,72,110240.59204502734,182236.2508980665
6_72,2011-01-07,68762.84,USA,6,D,D_2,72,69091.0097733835,131087.22924155684
6_72,2011-01-14,68440.64,USA,6,D,D_2,72,68767.94503432198,87077.62813179352
6_72,2011-01-21,64437.53,USA,6,D,D_2,72,64944.953641020664,73917.34812666336
6_72,2011-01-28,72476.46,USA,6,D,D_2,72,73073.3754636677,70584.95809393891
6_72,2011-02-04,112270.88,USA,6,D,D_2,72,112726.26848311395,171238.96383356914
6_72,2011-02-11,99955.43,USA,6,D,D_2,72,100211.62967908355,115951.72989038154
6_72,2011-02-18,94836.34,USA,6,D,D_2,72,95047.39290830719,95786.10425891248
6_72,2011-02-25,83098.45,USA,6,D,D_2,72,83828.31089724498,87585.05178684539
6_72,2011-03-04,83001.49,USA,6,D,D_2,72,83762.76311322713,84583.38684792035
6_72,2011-03-11,80868.2,USA,6,D,D_2,72,81316.67709263417,78759.9655996873
6_72,2011-03-18,81380.11,USA,6,D,D_2,72,81655.43420016301,78899.23511058449
6_72,2011-03-25,63149.13,USA,6,D,D_2,72,63893.78827158155,69925.15560919819
6_72,2011-04-01,65714.84,USA,6,D,D_2,72,66532.72798084439,70319.23559908915
6_72,2011-04-08,61127.2,USA,6,D,D_2,72,62391.86152156592,74783.74821355077
6_72,2011-04-15,65438.83,USA,6,D,D_2,72,65201.186959259656,58222.21743500263
6_72,2011-04-22,65054.59,USA,6,D,D_2,72,64477.55806257499,59254.88802014271
6_72,2011-04-29,61571.32,USA,6,D,D_2,72,61279.370632888254,63570.525589793164
6_72,2011-05-06,59685.65,USA,6,D,D_2,72,59616.298153630225,64186.685711226935
6_72,2011-05-13,67459.39,USA,6,D,D_2,72,67250.51644283239,66365.8587442871
6_72,2011-05-20,58260.69,USA,6,D,D_2,72,57809.6069865325,54422.855478004385
6_72,2011-05-27,60039.01,USA,6,D,D_2,72,60376.045711229905,65518.30720527123
6_72,2011-06-03,66691.62,USA,6,D,D_2,72,67757.08053090202,77765.26013488747
6_72,2011-06-10,62938.31,USA,6,D,D_2,72,62825.797221123445,56859.9990094803
6_72,2011-06-17,75024.11,USA,6,D,D_2,72,74746.27501168045,65159.57536746802
6_72,2011-06-24,69799.97,USA,6,D,D_2,72,70320.08769228714,67609.16361023465
6_72,2011-07-01,88216.9,USA,6,D,D_2,72,88994.06401853065,84313.70364397627
6_72,2011-07-08,81515.1,USA,6,D,D_2,72,82173.78510700182,78894.86033805313
6_72,2011-07-15,63542.08,USA,6,D,D_2,72,64885.25910786924,74139.95707151538
6_72,2011-07-22,67637.94,USA,6,D,D_2,72,69075.28519322339,77675.91031757028
6_72,2011-07-29,70658.0,USA,6,D,D_2,72,70809.44567427055,62386.11755555738
6_72,2011-08-05,80258.52,USA,6,D,D_2,72,75421.52363508297,71675.06791974849
6_72,2011-08-12,69171.8,USA,6,D,D_2,72,76254.4105648814,77105.86517783852
6_72,2011-08-19,65710.37,USA,6,D,D_2,72,77596.91564053272,74517.86886201413
6_72,2011-08-26,65571.8,USA,6,D,D_2,72,66716.82865362529,61664.60878559991
6_72,2011-09-02,65146.4,USA,6,D,D_2,72,65705.08997824349,63775.13015457039
6_72,2011-09-09,74476.16,USA,6,D,D_2,72,61959.64101784671,61541.09783286231
6_72,2011-09-16,61254.69,USA,6,D,D_2,72,58087.58258313399,64011.759384884484
6_72,2011-09-23,65346.06,USA,6,D,D_2,72,67337.77601403728,69534.86674176503
6_72,2011-09-30,61300.94,USA,6,D,D_2,72,63780.959661730216,63873.0084667123
6_72,2011-10-07,76236.88,USA,6,D,D_2,72,59658.30176452623,58833.358799341026
6_72,2011-10-14,65459.42,USA,6,D,D_2,72,59702.85866450633,66648.79967407821
6_72,2011-10-21,76700.89,USA,6,D,D_2,72,63646.99132709349,67786.4654699623
6_72,2011-10-28,73178.81,USA,6,D,D_2,72,72008.49564937805,78102.32835582262
6_72,2011-11-04,71247.09,USA,6,D,D_2,72,71680.4671576799,73932.58386305156
6_72,2011-11-11,79737.68,USA,6,D,D_2,72,92517.22712108443,90628.01882136505
6_72,2011-11-18,73184.29,USA,6,D,D_2,72,69518.47853633079,65707.71172822517
6_72,2011-11-25,326866.6,USA,6,D,D_2,72,349782.82635756803,320066.36389269045
6_72,2011-12-02,103927.65,USA,6,D,D_2,72,105200.78729803735,112185.21833503846
6_72,2011-12-09,107866.89,USA,6,D,D_2,72,101807.93895080213,103367.431686171
6_72,2011-12-16,110965.53,USA,6,D,D_2,72,137737.48513996508,136925.05252919806
6_72,2011-12-23,175338.43,USA,6,D,D_2,72,199364.20310699902,180488.85745296956
6_72,2011-12-30,105780.82,USA,6,D,D_2,72,98035.2776009487,92528.98418549671
6_72,2012-01-06,66531.81,USA,6,D,D_2,72,59246.88300613158,65176.81598822052
6_72,2012-01-13,66349.72,USA,6,D,D_2,72,61114.116946782364,65817.80089339284
6_72,2012-01-20,66549.16,USA,6,D,D_2,72,58880.682410070716,62606.76429621507
6_72,2012-01-27,73302.16,USA,6,D,D_2,72,69356.44344710905,75001.97644986982
6_72,2012-02-03,96289.98,USA,6,D,D_2,72,110324.65381444884,112468.26163907516
6_72,2012-02-10,108389.59,USA,6,D,D_2,72,93911.84007266955,89753.73995135899
6_72,2012-02-17,105998.11,USA,6,D,D_2,72,92990.87774449127,98016.81885394767
6_72,2012-02-24,85070.07,USA,6,D,D_2,72,85545.68780834059,92995.74025830063
6_72,2012-03-02,89978.23,USA,6,D,D_2,72,85551.17192443198,87339.71959943806
6_72,2012-03-09,69227.08,USA,6,D,D_2,72,84617.0067765614,87140.30351197186
6_72,2012-03-16,93562.9,USA,6,D,D_2,72,80664.46629346203,74946.78234557257
6_72,2012-03-23,70599.81,USA,6,D,D_2,72,66666.93677631205,71559.94721982513
6_72,2012-03-30,66597.41,USA,6,D,D_2,72,70647.93499091222,73332.68852718643
6_72,2012-04-06,70421.94,USA,6,D,D_2,72,65549.86743012384,64825.26080707631
6_72,2012-04-13,67333.53,USA,6,D,D_2,72,70214.87731632119,72314.72872232553
6_72,2012-04-20,56893.51,USA,6,D,D_2,72,68613.50318389462,68327.49504801913
6_72,2012-04-27,59294.63,USA,6,D,D_2,72,61858.19426763873,57223.683742908834
6_72,2012-05-04,67399.0,USA,6,D,D_2,72,60097.446894374494,55632.84557847598
6_72,2012-05-11,76081.89,USA,6,D,D_2,72,67719.5546315705,62683.197463395154
6_72,2012-05-18,73021.02,USA,6,D,D_2,72,58232.46031835937,54112.6153802912
6_72,2012-05-25,72015.59,USA,6,D,D_2,72,60621.83440811782,55984.83399281176
6_72,2012-06-01,68839.8,USA,6,D,D_2,72,68056.22244799483,62433.7386357472
6_72,2012-06-08,73838.3,USA,6,D,D_2,72,63501.14096673722,58655.01073814241
6_72,2012-06-15,85938.3,USA,6,D,D_2,72,75398.63329508281,69463.1531886897
6_72,2012-06-22,75080.04,USA,6,D,D_2,72,70844.69755923722,64695.86663412431
6_72,2012-06-29,83105.66,USA,6,D,D_2,72,89652.7370361493,81490.80899008732
6_72,2012-07-06,83083.31,USA,6,D,D_2,72,83062.82190221117,75285.2209184476
6_72,2012-07-13,72715.63,USA,6,D,D_2,72,65922.9210217589,59188.14505756548
6_72,2012-07-20,71316.15,USA,6,D,D_2,72,70493.68052825633,63194.08003978385
6_72,2012-07-27,67826.29,USA,6,D,D_2,72,72717.62250761359,65565.92808348943
6_72,2012-08-03,81135.44,USA,6,D,D_2,72,77669.05923210192,74161.47081583357
6_72,2012-08-10,69517.03,USA,6,D,D_2,72,76401.79482468152,64356.84521022621
6_72,2012-08-17,69159.89,USA,6,D,D_2,72,79497.77767630202,61407.758044309565
6_72,2012-08-24,71861.75,USA,6,D,D_2,72,72676.90620736932,61045.62494532099
6_72,2012-08-31,69865.4,USA,6,D,D_2,72,72029.73214583014,60644.71093615919
6_72,2012-09-07,74390.02,USA,6,D,D_2,72,69221.23708632884,68760.58870445637
6_72,2012-09-14,67954.92,USA,6,D,D_2,72,61191.185517680264,56855.37782478851
6_72,2012-09-21,77148.18,USA,6,D,D_2,72,69223.28099837175,60731.32344795748
6_72,2012-09-28,72925.94,USA,6,D,D_2,72,66210.60131070841,57064.37531692143
6_72,2012-10-05,82813.18,USA,6,D,D_2,72,63932.728686363276,70127.11422364949
6_72,2012-10-12,66434.55,USA,6,D,D_2,72,58562.16789586259,60457.84464836399
6_72,2012-10-19,65821.75,USA,6,D,D_2,72,61281.50941736912,70449.28478383074
6_72,2012-10-26,77553.69,USA,6,D,D_2,72,65178.95979358227,67489.57896799422
6_72,2012-10-28,,USA,6,D,D_2,72,64417.680984032304,65768.82186482612
6_72,2012-11-04,,USA,6,D,D_2,72,84645.32221860906,73942.36342487499
6_72,2012-11-11,,USA,6,D,D_2,72,66300.39610113035,67596.81451521887
6_72,2012-11-18,,USA,6,D,D_2,72,343931.075846841,300374.87694760633
6_72,2012-11-25,,USA,6,D,D_2,72,107229.78946718229,96049.44973330916
6_72,2012-12-02,,USA,6,D,D_2,72,104638.32292405405,99387.11351526578
6_72,2012-12-09,,USA,6,D,D_2,72,136875.00002989863,103213.78620481188
6_72,2012-12-16,,USA,6,D,D_2,72,206371.56118776664,162225.1961166987
6_72,2012-12-23,,USA,6,D,D_2,72,113845.16581452152,97812.33991180663
6_72,2012-12-30,,USA,6,D,D_2,72,72800.66667095824,61835.99882769449
6_72,2013-01-06,,USA,6,D,D_2,72,72449.89550922647,61646.024734219536
6_72,2013-01-13,,USA,6,D,D_2,72,68854.21482973234,61684.62295842665
6_72,2013-01-20,,USA,6,D,D_2,72,76901.88100956385,69835.86943005383
6_72,2013-01-27,,USA,6,D,D_2,72,115667.38388780884,93993.24761851189
6_72,2013-02-03,,USA,6,D,D_2,72,104987.1775766671,103860.6215339437
6_72,2013-02-10,,USA,6,D,D_2,72,99811.55629552697,101358.20767107407
6_72,2013-02-17,,USA,6,D,D_2,72,87821.75727359063,82453.73663550532
6_72,2013-02-24,,USA,6,D,D_2,72,88254.87410672149,86753.23190682806
6_72,2013-03-03,,USA,6,D,D_2,72,84869.94981555123,68365.99639639894
6_72,2013-03-10,,USA,6,D,D_2,72,87026.3770113373,89667.60553336378
6_72,2013-03-17,,USA,6,D,D_2,72,68783.59444796205,68700.35041083129
6_72,2013-03-24,,USA,6,D,D_2,72,71158.31368413554,65414.67301335632
6_72,2013-03-31,,USA,6,D,D_2,72,67755.45228704874,68853.98655159608
6_72,2013-04-07,,USA,6,D,D_2,72,70557.4524242743,66072.321448842
6_72,2013-04-14,,USA,6,D,D_2,72,69956.15157204997,56793.16800647603
26_92,2010-02-05,91402.2,UK,26,B,B_0,92,76779.26933324365,0.0
26_92,2010-02-12,88291.71,UK,26,B,B_0,92,96043.9839508819,59130.14912016914
26_92,2010-02-19,77237.57,UK,26,B,B_0,92,76061.13358618873,89682.42087909626
26_92,2010-02-26,71127.2,UK,26,B,B_0,92,74278.7009432247,81195.10633548639
26_92,2010-03-05,91305.17,UK,26,B,B_0,92,78911.06015312689,73287.67305889312
26_92,2010-03-12,80604.61,UK,26,B,B_0,92,93309.65185020998,84041.20412123327
26_92,2010-03-19,70355.46,UK,26,B,B_0,92,75189.79253053527,84508.80003460225
26_92,2010-03-26,69547.55,UK,26,B,B_0,92,71724.51287080742,74002.55696423145
26_92,2010-04-02,76722.81,UK,26,B,B_0,92,68763.22553387917,69806.63459693259
26_92,2010-04-09,82468.69,UK,26,B,B_0,92,95358.44042443129,74144.08431786862
26_92,2010-04-16,70029.1,UK,26,B,B_0,92,68504.20640659059,80427.37102914973
26_92,2010-04-23,71853.47,UK,26,B,B_0,92,74608.8254733896,74513.3230294773
26_92,2010-04-30,69469.88,UK,26,B,B_0,92,63839.374484735104,71160.22388074065
26_92,2010-05-07,87111.96,UK,26,B,B_0,92,89788.09378253727,70331.68619852148
26_92,2010-05-14,75493.37,UK,26,B,B_0,92,73856.85181885329,80769.63867903894
26_92,2010-05-21,73954.66,UK,26,B,B_0,92,75703.07311678714,79719.37029506314
26_92,2010-05-28,72268.9,UK,26,B,B_0,92,73812.74159811516,74471.23897428035
26_92,2010-06-04,70141.76,UK,26,B,B_0,92,71017.22443067035,72869.83548815532
26_92,2010-06-11,96470.2,UK,26,B,B_0,92,91483.51105612097,70900.47047651716
26_92,2010-06-18,73851.16,UK,26,B,B_0,92,72299.94897163575,87009.62179050983
26_92,2010-06-25,66764.1,UK,26,B,B_0,92,72332.3305507251,82053.77170520471
26_92,2010-07-02,76982.78,UK,26,B,B_0,92,78751.11873128769,69239.17731894496
26_92,2010-07-09,83739.53,UK,26,B,B_0,92,90005.89708046318,73292.36080647394
26_92,2010-07-16,74355.96,UK,26,B,B_0,92,76853.75944070856,81344.6799939572
26_92,2010-07-23,70376.96,UK,26,B,B_0,92,70190.33344035386,77745.82202143376
26_92,2010-07-30,73450.04,UK,26,B,B_0,92,74167.9467024873,71776.92071924232
26_92,2010-08-06,95480.49,UK,26,B,B_0,92,95239.70605702551,72334.63741402054
26_92,2010-08-13,80498.48,UK,26,B,B_0,92,80266.27510827516,87579.1933419549
26_92,2010-08-20,77941.75,UK,26,B,B_0,92,77593.55161825534,85945.49197410617
26_92,2010-08-27,78413.37,UK,26,B,B_0,92,77998.04774684503,78813.49756845886
26_92,2010-09-03,75809.99,UK,26,B,B_0,92,75440.25575979889,78236.60346497587
26_92,2010-09-10,95903.34,UK,26,B,B_0,92,95492.08830165412,76746.32599958665
26_92,2010-09-17,77654.53,UK,26,B,B_0,92,77041.07581381261,88680.17261689495
26_92,2010-09-24,72274.17,UK,26,B,B_0,92,71564.67648984912,84268.8295946981
26_92,2010-10-01,73079.27,UK,26,B,B_0,92,72401.32387945827,74149.90910050254
26_92,2010-10-08,93268.29,UK,26,B,B_0,92,92522.29574551566,72774.21569986908
26_92,2010-10-15,79214.72,UK,26,B,B_0,92,78340.94250752148,86021.32916245188
26_92,2010-10-22,74821.24,UK,26,B,B_0,92,73919.95883010463,84322.77641775114
26_92,2010-10-29,73189.93,UK,26,B,B_0,92,72304.44642162013,76355.42283274393
26_92,2010-11-05,87468.21,UK,26,B,B_0,92,86603.77831069355,73762.64571589734
26_92,2010-11-12,92564.14,UK,26,B,B_0,92,91686.29675799275,82336.26661196399
26_92,2010-11-19,81824.27,UK,26,B,B_0,92,80943.67071448127,90777.83966850684
26_92,2010-11-26,83599.91,UK,26,B,B_0,92,82687.84247456395,85696.21620122103
26_92,2010-12-03,74153.46,UK,26,B,B_0,92,73221.34905049254,82928.73130119314
26_92,2010-12-10,99183.73,UK,26,B,B_0,92,98297.28455326144,77552.97742929851
26_92,2010-12-17,86887.97,UK,26,B,B_0,92,86072.64084392568,90162.11226461561
26_92,2010-12-24,98138.1,UK,26,B,B_0,92,97292.73574923747,91392.78529379047
26_92,2010-12-31,63802.8,UK,26,B,B_0,92,62895.18572794224,94025.04495766638
26_92,2011-01-07,93628.5,UK,26,B,B_0,92,92653.45580643404,76262.22885510226
26_92,2011-01-14,79739.74,UK,26,B,B_0,92,78692.81742181121,82553.70934771666
26_92,2011-01-21,74736.76,UK,26,B,B_0,92,73681.72117089188,85525.34800260348
26_92,2011-01-28,74056.55,UK,26,B,B_0,92,73011.7372230716,74566.31748859741
26_92,2011-02-04,78664.55,UK,26,B,B_0,92,77679.67172463021,168877.1821096697
26_92,2011-02-11,96826.64,UK,26,B,B_0,92,95838.30967245315,107818.73494793227
26_92,2011-02-18,77526.35,UK,26,B,B_0,92,76497.00388631689,77122.0862093502
26_92,2011-02-25,75700.65,UK,26,B,B_0,92,74681.02149281613,73759.97041603703
26_92,2011-03-04,80648.08,UK,26,B,B_0,92,79632.68086897818,95516.9859790508
26_92,2011-03-11,94098.49,UK,26,B,B_0,92,93103.9330140947,75322.54398431868
26_92,2011-03-18,76981.72,UK,26,B,B_0,92,76037.35247040942,74023.41641984292
26_92,2011-03-25,73958.4,UK,26,B,B_0,92,73058.23234225535,78394.94751519863
26_92,2011-04-01,71259.29,UK,26,B,B_0,92,70396.9451690223,82408.03987927103
26_92,2011-04-08,97393.25,UK,26,B,B_0,92,96478.03045298933,81200.08616049754
26_92,2011-04-15,71758.62,UK,26,B,B_0,92,70774.92820003413,76762.235635927
26_92,2011-04-22,77876.1,UK,26,B,B_0,92,76939.49687237952,78255.37018920213
26_92,2011-04-29,67449.98,UK,26,B,B_0,92,66572.937533633,73791.11939951396
26_92,2011-05-06,92991.67,UK,26,B,B_0,92,92256.19020903706,89179.36618924708
26_92,2011-05-13,77407.27,UK,26,B,B_0,92,76698.51409334423,78117.95258468337
26_92,2011-05-20,79355.17,UK,26,B,B_0,92,78583.66019892367,76939.98230015683
26_92,2011-05-27,77715.58,UK,26,B,B_0,92,77008.09730371491,76241.4741101321
26_92,2011-06-03,75145.65,UK,26,B,B_0,92,74519.96444848693,75373.41849314755
26_92,2011-06-10,95796.7,UK,26,B,B_0,92,95245.96142360511,103363.46209306632
26_92,2011-06-17,76377.08,UK,26,B,B_0,92,75846.22684901574,74388.39385311701
26_92,2011-06-24,76536.45,UK,26,B,B_0,92,75914.82732960458,67081.65606021948
26_92,2011-07-01,83599.56,UK,26,B,B_0,92,82952.32660919528,84606.41469842696
26_92,2011-07-08,95081.88,UK,26,B,B_0,92,94553.06690480451,92222.59413405374
26_92,2011-07-15,82547.66,UK,26,B,B_0,92,82118.27117700239,83495.68901315246
26_92,2011-07-22,76278.21,UK,26,B,B_0,92,75895.99698443484,79230.4848971269
26_92,2011-07-29,80427.06,UK,26,B,B_0,92,80108.70310799198,80292.3401820925
26_92,2011-08-05,96906.53,UK,26,B,B_0,92,101485.33345507552,103622.2818919048
26_92,2011-08-12,93798.16,UK,26,B,B_0,92,86345.67617429969,83493.24819524557
26_92,2011-08-19,84216.4,UK,26,B,B_0,92,84459.72004306705,86339.29514065434
26_92,2011-08-26,87235.57,UK,26,B,B_0,92,85056.12301640798,87244.84457029583
26_92,2011-09-02,83393.48,UK,26,B,B_0,92,82878.69555685835,83521.57444320979
26_92,2011-09-09,103147.18,UK,26,B,B_0,92,103189.14578787953,105236.4205470291
26_92,2011-09-16,82957.62,UK,26,B,B_0,92,84948.87150834601,84288.69054479654
26_92,2011-09-23,80254.53,UK,26,B,B_0,92,79505.369509386,77484.86732378385
26_92,2011-09-30,79311.99,UK,26,B,B_0,92,80575.345650614,79991.86452095532
26_92,2011-10-07,110575.24,UK,26,B,B_0,92,100768.53978425029,101525.15100703818
26_92,2011-10-14,88398.33,UK,26,B,B_0,92,87544.36582799442,91999.02967148068
26_92,2011-10-21,81041.07,UK,26,B,B_0,92,83392.91279013595,86353.81026977114
26_92,2011-10-28,81395.79,UK,26,B,B_0,92,81783.46985448836,80278.39356136872
26_92,2011-11-04,85040.12,UK,26,B,B_0,92,96231.4833837747,95859.65107720076
26_92,2011-11-11,112168.26,UK,26,B,B_0,92,100577.17597434079,94737.36643545254
26_92,2011-11-18,88833.94,UK,26,B,B_0,92,90883.07958741485,92729.33528746813
26_92,2011-11-25,91010.25,UK,26,B,B_0,92,92626.0202390713,95103.44193210217
26_92,2011-12-02,79237.5,UK,26,B,B_0,92,83174.23300254536,80813.30534858415
26_92,2011-12-09,107089.44,UK,26,B,B_0,92,108059.70911743797,106580.87790098421
26_92,2011-12-16,97339.91,UK,26,B,B_0,92,95862.02079979901,93527.42769226013
26_92,2011-12-23,117673.52,UK,26,B,B_0,92,107303.62451629719,108138.47566357293
26_92,2011-12-30,68677.14,UK,26,B,B_0,92,73853.16517939183,77921.31197928866
26_92,2012-01-06,98685.94,UK,26,B,B_0,92,103341.88957126357,105159.83419277372
26_92,2012-01-13,86058.44,UK,26,B,B_0,92,89113.6971560674,84277.46265720222
26_92,2012-01-20,84689.87,UK,26,B,B_0,92,83927.2771874649,80598.58911184524
26_92,2012-01-27,78459.57,UK,26,B,B_0,92,83368.74246337502,80699.75249484112
26_92,2012-02-03,84867.54,UK,26,B,B_0,92,87685.32968773662,84468.39943043533
26_92,2012-02-10,110267.91,UK,26,B,B_0,92,105633.71277186618,103561.17425869995
26_92,2012-02-17,82946.22,UK,26,B,B_0,92,86667.0168652809,87503.5004785172
26_92,2012-02-24,85155.75,UK,26,B,B_0,92,84562.71046542194,83507.54003452616
26_92,2012-03-02,84372.42,UK,26,B,B_0,92,89550.95570080768,88870.48669375738
26_92,2012-03-09,106049.59,UK,26,B,B_0,92,102586.61389219793,100920.95939731301
26_92,2012-03-16,83000.67,UK,26,B,B_0,92,85754.45099270147,85153.01026896192
26_92,2012-03-23,73468.31,UK,26,B,B_0,92,82521.65164075892,81567.39866355367
26_92,2012-03-30,79412.98,UK,26,B,B_0,92,79076.00569283591,72900.27522365558
26_92,2012-04-06,109475.72,UK,26,B,B_0,92,105083.57429786642,103981.95761101399
26_92,2012-04-13,80928.63,UK,26,B,B_0,92,79629.91997135754,81377.15682330787
26_92,2012-04-20,78905.05,UK,26,B,B_0,92,85806.32930412448,87914.12279193524
26_92,2012-04-27,79701.22,UK,26,B,B_0,92,74789.3864678814,70937.87847341667
26_92,2012-05-04,86376.01,UK,26,B,B_0,92,100344.2546913579,96951.99019891706
26_92,2012-05-11,109733.57,UK,26,B,B_0,92,84664.70767399351,80797.1320501306
26_92,2012-05-18,82495.41,UK,26,B,B_0,92,86425.95215377313,82725.13181812779
26_92,2012-05-25,85992.45,UK,26,B,B_0,92,84717.3007903499,81042.1110321818
26_92,2012-06-01,79698.81,UK,26,B,B_0,92,82096.86970356444,78275.30413337013
26_92,2012-06-08,113211.08,UK,26,B,B_0,92,102693.17550633974,100233.802708859
26_92,2012-06-15,86576.77,UK,26,B,B_0,92,83166.27262906409,79587.3943211251
26_92,2012-06-22,81281.5,UK,26,B,B_0,92,83106.17828630118,79778.36319164968
26_92,2012-06-29,88117.52,UK,26,B,B_0,92,90004.54013022898,87279.22543640368
26_92,2012-07-06,103514.96,UK,26,B,B_0,92,101460.47912519219,99491.12793608189
26_92,2012-07-13,92988.8,UK,26,B,B_0,92,88886.81860243353,86162.25477183094
26_92,2012-07-20,89373.76,UK,26,B,B_0,92,82530.75114035742,79498.13401118112
26_92,2012-07-27,88557.82,UK,26,B,B_0,92,86611.04311432343,83899.51536931784
26_92,2012-08-03,93890.07,UK,26,B,B_0,92,107857.78577256555,101410.4121773304
26_92,2012-08-10,111812.56,UK,26,B,B_0,92,92986.96733706232,98118.39674339282
26_92,2012-08-17,93212.89,UK,26,B,B_0,92,90414.2145150829,87929.89547109867
26_92,2012-08-24,88145.09,UK,26,B,B_0,92,90908.90981707728,91146.01416413451
26_92,2012-08-31,89760.87,UK,26,B,B_0,92,88433.43385492654,87049.20132272039
26_92,2012-09-07,108022.43,UK,26,B,B_0,92,108569.03402916924,108054.06495161104
26_92,2012-09-14,88267.1,UK,26,B,B_0,92,90196.16496067365,86584.87507704663
26_92,2012-09-21,88434.78,UK,26,B,B_0,92,84779.54107255668,83726.48244913828
26_92,2012-09-28,87719.06,UK,26,B,B_0,92,85664.13701756972,82713.84365618166
26_92,2012-10-05,101551.43,UK,26,B,B_0,92,105832.87781395126,115968.4668538354
26_92,2012-10-12,100700.06,UK,26,B,B_0,92,91687.86845849836,92375.02034795492
26_92,2012-10-19,89664.58,UK,26,B,B_0,92,87289.10924876679,84558.37278970114
26_92,2012-10-26,85968.84,UK,26,B,B_0,92,85689.0848212827,84933.2854079315
26_92,2012-10-28,,UK,26,B,B_0,92,99998.74731449164,88785.3237789909
26_92,2012-11-04,,UK,26,B,B_0,92,105091.59686713859,117656.44218646777
26_92,2012-11-11,,UK,26,B,B_0,92,94349.61077944007,92829.67422285619
26_92,2012-11-18,,UK,26,B,B_0,92,96090.5758837958,95154.0991349742
26_92,2012-11-25,,UK,26,B,B_0,92,86612.98806630491,82622.43740658122
26_92,2012-12-02,,UK,26,B,B_0,92,111671.49030520159,112242.69878429551
26_92,2012-12-09,,UK,26,B,B_0,92,99427.7348030781,101861.4327497799
26_92,2012-12-16,,UK,26,B,B_0,92,110630.08293550514,123527.73616355823
26_92,2012-12-23,,UK,26,B,B_0,92,76205.22530442246,71367.58504614166
26_92,2012-12-30,,UK,26,B,B_0,92,105927.87863711079,103386.6977091909
26_92,2013-01-06,,UK,26,B,B_0,92,91921.03701478768,89683.98971898845
26_92,2013-01-13,,UK,26,B,B_0,92,86852.5090012373,88981.29863415801
26_92,2013-01-20,,UK,26,B,B_0,92,86117.47980731676,80391.01814583896
26_92,2013-01-27,,UK,26,B,B_0,92,90715.92511580775,87052.55754316911
26_92,2013-02-03,,UK,26,B,B_0,92,108804.50820214736,113959.08965550916
26_92,2013-02-10,,UK,26,B,B_0,92,89385.64348825772,85004.29703447167
26_92,2013-02-17,,UK,26,B,B_0,92,87484.35761161364,87353.25970648999
26_92,2013-02-24,,UK,26,B,B_0,92,92344.59609744378,86495.74218417113
26_92,2013-03-03,,UK,26,B,B_0,92,105720.36629291424,109502.2972521723
26_92,2013-03-10,,UK,26,B,B_0,92,88552.69163594129,85078.73930943968
26_92,2013-03-17,,UK,26,B,B_0,92,85470.85604052906,74969.68572230503
26_92,2013-03-24,,UK,26,B,B_0,92,82706.6092382487,81261.13642067446
26_92,2013-03-31,,UK,26,B,B_0,92,108682.13065304459,113140.88705284575
26_92,2013-04-07,,UK,26,B,B_0,92,82863.50122247043,82879.74114634783
26_92,2013-04-14,,UK,26,B,B_0,92,88901.88714213671,80736.23437101282
2_81,2010-02-05,32543.64,USA,2,A,A_4,81,35143.383064584435,0.0
2_81,2010-02-12,33361.51,USA,2,A,A_4,81,34844.150341913104,30999.411939065856
2_81,2010-02-19,29863.25,USA,2,A,A_4,81,30467.3739482898,33367.81869793115
2_81,2010-02-26,29834.16,USA,2,A,A_4,81,30151.50118539034,30090.00430141173
2_81,2010-03-05,31887.2,USA,2,A,A_4,81,32554.215145578946,29827.312956491212
2_81,2010-03-12,31610.78,USA,2,A,A_4,81,32887.66375218137,31754.24492396882
2_81,2010-03-19,32060.11,USA,2,A,A_4,81,33389.90560590715,31633.83797234007
2_81,2010-03-26,28639.43,USA,2,A,A_4,81,29727.75627339598,32030.065418711547
2_81,2010-04-02,32613.74,USA,2,A,A_4,81,31052.530351864192,28862.5503555064
2_81,2010-04-09,31396.1,USA,2,A,A_4,81,33554.10699726357,32347.258042586196
2_81,2010-04-16,32165.46,USA,2,A,A_4,81,32631.748617914433,31485.375891081414
2_81,2010-04-23,31442.16,USA,2,A,A_4,81,31670.071581541313,32112.09839365835
2_81,2010-04-30,30399.36,USA,2,A,A_4,81,30476.46316971536,31491.149408548976
2_81,2010-05-07,32977.2,USA,2,A,A_4,81,32956.89903435846,30465.13871061758
2_81,2010-05-14,31031.38,USA,2,A,A_4,81,32824.42950150035,32807.39383479124
2_81,2010-05-21,31742.85,USA,2,A,A_4,81,31653.326426437845,31164.182464767757
2_81,2010-05-28,32539.75,USA,2,A,A_4,81,33428.29866226458,31691.568134618396
2_81,2010-06-04,33969.05,USA,2,A,A_4,81,33410.98142514429,32490.015694558482
2_81,2010-06-11,33801.49,USA,2,A,A_4,81,34180.8800927459,33878.22055137802
2_81,2010-06-18,33886.47,USA,2,A,A_4,81,34528.583705563244,33815.86150944279
2_81,2010-06-25,31162.04,USA,2,A,A_4,81,31837.61899299529,33880.40217407865
2_81,2010-07-02,34041.09,USA,2,A,A_4,81,34333.22591780345,31339.05809707935
2_81,2010-07-09,33909.88,USA,2,A,A_4,81,34676.38763737133,33847.45377050984
2_81,2010-07-16,32496.82,USA,2,A,A_4,81,32791.09262902257,33925.852961773075
2_81,2010-07-23,31116.1,USA,2,A,A_4,81,32460.0716477085,32587.896156589395
2_81,2010-07-30,30664.38,USA,2,A,A_4,81,31243.334399084157,31202.18465995265
2_81,2010-08-06,32317.34,USA,2,A,A_4,81,34381.733270475284,30690.375454046833
2_81,2010-08-13,31218.42,USA,2,A,A_4,81,33072.853809553264,32209.080438354616
2_81,2010-08-20,30900.1,USA,2,A,A_4,81,32197.9630545876,31293.89754031852
2_81,2010-08-27,30135.89,USA,2,A,A_4,81,31242.467292180932,30917.847908840784
2_81,2010-09-03,31517.02,USA,2,A,A_4,81,32383.346165045255,30184.79483743021
2_81,2010-09-10,31354.52,USA,2,A,A_4,81,32316.53505201392,31425.516620744045
2_81,2010-09-17,30509.71,USA,2,A,A_4,81,31225.082743131472,31368.589133321515
2_81,2010-09-24,29350.11,USA,2,A,A_4,81,29872.59536310336,30563.986563713417
2_81,2010-10-01,30572.39,USA,2,A,A_4,81,30989.969478927233,29423.264032409756
2_81,2010-10-08,31469.32,USA,2,A,A_4,81,32235.547772771028,30490.260082683093
2_81,2010-10-15,30264.11,USA,2,A,A_4,81,30859.817698675128,31414.283168402522
2_81,2010-10-22,29138.39,USA,2,A,A_4,81,29772.678598323222,30344.43438878312
2_81,2010-10-29,28863.73,USA,2,A,A_4,81,29362.88125416559,29208.342236726457
2_81,2010-11-05,31223.48,USA,2,A,A_4,81,31395.65101608514,28878.85771049808
2_81,2010-11-12,31553.54,USA,2,A,A_4,81,32119.817482233306,31069.776476241535
2_81,2010-11-19,31701.09,USA,2,A,A_4,81,32440.587889506056,31538.04359054864
2_81,2010-11-26,33443.08,USA,2,A,A_4,81,33959.91766691069,31692.112618844563
2_81,2010-12-03,28776.89,USA,2,A,A_4,81,29220.906892504954,33330.390572512995
2_81,2010-12-10,32413.83,USA,2,A,A_4,81,32745.184277491222,29084.013242728837
2_81,2010-12-17,32170.62,USA,2,A,A_4,81,32561.41438657439,32166.003494514804
2_81,2010-12-24,35995.54,USA,2,A,A_4,81,36550.19873733983,32195.949697229273
2_81,2010-12-31,25435.48,USA,2,A,A_4,81,25746.746044404616,35746.353416678554
2_81,2011-01-07,30530.1,USA,2,A,A_4,81,31065.93792635011,26130.473144704923
2_81,2011-01-14,32710.67,USA,2,A,A_4,81,32993.75480810083,30171.128976050382
2_81,2011-01-21,32002.56,USA,2,A,A_4,81,32305.848736476804,32598.641196081095
2_81,2011-01-28,29957.52,USA,2,A,A_4,81,30523.294035632855,31901.60096039707
2_81,2011-02-04,35795.44,USA,2,A,A_4,81,34715.47278216901,55253.50641233001
2_81,2011-02-11,35716.49,USA,2,A,A_4,81,35476.27086919531,37963.98496130992
2_81,2011-02-18,30120.56,USA,2,A,A_4,81,31501.747328844493,32094.20882741535
2_81,2011-02-25,29846.84,USA,2,A,A_4,81,30663.47671736306,30287.017502420713
2_81,2011-03-04,32200.95,USA,2,A,A_4,81,32510.145751123033,32053.67740355826
2_81,2011-03-11,32377.2,USA,2,A,A_4,81,32519.617877843713,31883.158868557937
2_81,2011-03-18,32904.99,USA,2,A,A_4,81,33063.68782465617,32814.84303610642
2_81,2011-03-25,29340.45,USA,2,A,A_4,81,29522.02800748431,29256.124072434235
2_81,2011-04-01,29913.36,USA,2,A,A_4,81,31338.187454336407,33565.446188973365
2_81,2011-04-08,32018.15,USA,2,A,A_4,81,31862.201661221465,28985.6951555229
2_81,2011-04-15,31550.77,USA,2,A,A_4,81,31700.645734637666,32488.523619166644
2_81,2011-04-22,30182.72,USA,2,A,A_4,81,30588.8191056879,30916.268777154582
2_81,2011-04-29,28707.78,USA,2,A,A_4,81,29067.34059754604,29132.29385467293
2_81,2011-05-06,30744.55,USA,2,A,A_4,81,31173.400533724165,31490.85078007315
2_81,2011-05-13,30768.44,USA,2,A,A_4,81,30253.59289833578,28742.666127918223
2_81,2011-05-20,29405.16,USA,2,A,A_4,81,29894.644430884706,31310.83390466813
2_81,2011-05-27,31107.76,USA,2,A,A_4,81,31013.381271549773,30465.361193645913
2_81,2011-06-03,30655.85,USA,2,A,A_4,81,31303.971914574893,32535.819620618848
2_81,2011-06-10,31090.96,USA,2,A,A_4,81,31220.437962945074,30677.159995900845
2_81,2011-06-17,31290.41,USA,2,A,A_4,81,31312.398392629166,31124.895472697965
2_81,2011-06-24,28504.91,USA,2,A,A_4,81,28534.169461548147,28378.541570894995
2_81,2011-07-01,30777.84,USA,2,A,A_4,81,31035.057125942672,31558.18132300202
2_81,2011-07-08,30996.07,USA,2,A,A_4,81,31027.41684145221,30716.296227286402
2_81,2011-07-15,28865.2,USA,2,A,A_4,81,29200.585451793533,29461.49002859795
2_81,2011-07-22,28551.15,USA,2,A,A_4,81,28394.739029660457,27468.411373847088
2_81,2011-07-29,27212.89,USA,2,A,A_4,81,27552.96525097762,27951.933742108507
2_81,2011-08-05,30169.87,USA,2,A,A_4,81,30244.217690968162,29060.92921103115
2_81,2011-08-12,29995.64,USA,2,A,A_4,81,29388.621352386937,28875.592736155384
2_81,2011-08-19,28834.69,USA,2,A,A_4,81,29209.14489550238,29559.448452061446
2_81,2011-08-26,28040.42,USA,2,A,A_4,81,28394.58876997074,28105.57083344313
2_81,2011-09-02,28991.82,USA,2,A,A_4,81,29638.162770118277,29507.652638881715
2_81,2011-09-09,29674.69,USA,2,A,A_4,81,29442.19963066249,28871.15875074259
2_81,2011-09-16,28390.32,USA,2,A,A_4,81,28612.067209275323,28692.221667273843
2_81,2011-09-23,26661.68,USA,2,A,A_4,81,27289.89703157798,27197.891525655024
2_81,2011-09-30,27370.3,USA,2,A,A_4,81,28226.741218740484,28011.741632007037
2_81,2011-10-07,29750.22,USA,2,A,A_4,81,29095.55958674868,28383.774066116453
2_81,2011-10-14,28381.76,USA,2,A,A_4,81,28054.387131937667,28323.263241642486
2_81,2011-10-21,27723.18,USA,2,A,A_4,81,27112.001659398687,27198.908724833946
2_81,2011-10-28,27167.49,USA,2,A,A_4,81,26996.227797581567,27373.3174397241
2_81,2011-11-04,28105.66,USA,2,A,A_4,81,29180.03277300987,29701.00629151569
2_81,2011-11-11,29833.49,USA,2,A,A_4,81,29404.535411494046,28612.235555006126
2_81,2011-11-18,31136.36,USA,2,A,A_4,81,29889.340012617584,29842.323576488267
2_81,2011-11-25,32479.38,USA,2,A,A_4,81,31986.789238394835,32879.36940281766
2_81,2011-12-02,27636.48,USA,2,A,A_4,81,27493.318393353366,27562.96787495694
2_81,2011-12-09,30740.3,USA,2,A,A_4,81,31140.39146758345,31499.314296775712
2_81,2011-12-16,30577.05,USA,2,A,A_4,81,30835.098196562896,30542.24752033229
2_81,2011-12-23,35105.09,USA,2,A,A_4,81,34749.39416842838,34655.28733751627
2_81,2011-12-30,23665.65,USA,2,A,A_4,81,24207.456334180803,23820.459916445572
2_81,2012-01-06,29612.37,USA,2,A,A_4,81,29330.757459885106,29118.72258327833
2_81,2012-01-13,30875.05,USA,2,A,A_4,81,31497.9719298993,31865.294978882113
2_81,2012-01-20,30104.17,USA,2,A,A_4,81,30621.803827898697,30217.7099578942
2_81,2012-01-27,29247.34,USA,2,A,A_4,81,28644.299870614297,28087.554266160638
2_81,2012-02-03,31790.24,USA,2,A,A_4,81,33454.10693614475,32749.478706776536
2_81,2012-02-10,31655.05,USA,2,A,A_4,81,33080.11708116953,31715.639362075584
2_81,2012-02-17,31438.84,USA,2,A,A_4,81,28156.47063508101,26028.49933315513
2_81,2012-02-24,30012.52,USA,2,A,A_4,81,28865.708485386367,30580.41108418649
2_81,2012-03-02,31437.87,USA,2,A,A_4,81,31398.427130821474,32399.712070090238
2_81,2012-03-09,32233.55,USA,2,A,A_4,81,31513.267801466336,31769.97012998658
2_81,2012-03-16,33360.64,USA,2,A,A_4,81,32303.64795804383,32679.11170051443
2_81,2012-03-23,30055.39,USA,2,A,A_4,81,29133.681261266694,29917.473224300007
2_81,2012-03-30,30983.0,USA,2,A,A_4,81,31070.378979488407,30030.99465351516
2_81,2012-04-06,34703.23,USA,2,A,A_4,81,32328.368339906898,33418.959290180035
2_81,2012-04-13,32686.17,USA,2,A,A_4,81,32858.41854797032,33935.46360567482
2_81,2012-04-20,32052.51,USA,2,A,A_4,81,31723.87120380059,31431.920235330213
2_81,2012-04-27,31047.01,USA,2,A,A_4,81,30487.841117033007,30515.90138190313
2_81,2012-05-04,32312.66,USA,2,A,A_4,81,32740.540232587176,32353.541601104243
2_81,2012-05-11,33032.54,USA,2,A,A_4,81,32182.136893237872,32699.7176376628
2_81,2012-05-18,33193.76,USA,2,A,A_4,81,31513.27941545702,31075.34289808945
2_81,2012-05-25,33876.01,USA,2,A,A_4,81,32945.96762264021,32834.432247327495
2_81,2012-06-01,32817.87,USA,2,A,A_4,81,33115.03972720039,32106.09606451354
2_81,2012-06-08,34918.38,USA,2,A,A_4,81,33390.33383342284,32617.721117121484
2_81,2012-06-15,33459.44,USA,2,A,A_4,81,33598.82404617048,32817.73098743272
2_81,2012-06-22,32013.87,USA,2,A,A_4,81,30881.375955531774,30184.101230655786
2_81,2012-06-29,31349.91,USA,2,A,A_4,81,33404.75522286378,32226.82665552161
2_81,2012-07-06,35561.91,USA,2,A,A_4,81,33580.05021228504,32492.898154146544
2_81,2012-07-13,31547.36,USA,2,A,A_4,81,31765.28249264614,30361.492585225926
2_81,2012-07-20,31830.01,USA,2,A,A_4,81,31220.760205080984,30232.68689413157
2_81,2012-07-27,29985.61,USA,2,A,A_4,81,30296.624188701684,28826.6844239829
2_81,2012-08-03,31371.76,USA,2,A,A_4,81,33210.6920866276,31825.452192952678
2_81,2012-08-10,31641.63,USA,2,A,A_4,81,32570.041581449903,31812.510544145374
2_81,2012-08-17,31002.52,USA,2,A,A_4,81,32070.800955944767,30576.251846758834
2_81,2012-08-24,28245.04,USA,2,A,A_4,81,31442.969567103602,29824.07947858999
2_81,2012-08-31,32208.81,USA,2,A,A_4,81,32812.45262538846,30651.280704458393
2_81,2012-09-07,32033.91,USA,2,A,A_4,81,33060.67765801907,31433.570226442887
2_81,2012-09-14,31338.3,USA,2,A,A_4,81,32141.38626019938,30146.910901695792
2_81,2012-09-21,30042.62,USA,2,A,A_4,81,30887.8229839043,28424.022858641263
2_81,2012-09-28,28829.75,USA,2,A,A_4,81,32064.07431368299,29009.964814930885
2_81,2012-10-05,30915.34,USA,2,A,A_4,81,33577.56797053631,31496.184582899954
2_81,2012-10-12,29980.69,USA,2,A,A_4,81,32345.52851330481,30176.69975947707
2_81,2012-10-19,29464.36,USA,2,A,A_4,81,31427.846821234245,29626.560867195665
2_81,2012-10-26,29040.96,USA,2,A,A_4,81,31104.54465108774,29059.583062779795
2_81,2012-10-28,,USA,2,A,A_4,81,33071.525606063624,29716.857791306033
2_81,2012-11-04,,USA,2,A,A_4,81,34002.38583440592,31578.557763935856
2_81,2012-11-11,,USA,2,A,A_4,81,34576.796256686874,32999.104622290026
2_81,2012-11-18,,USA,2,A,A_4,81,36195.10518594788,34192.87251548777
2_81,2012-11-25,,USA,2,A,A_4,81,31535.950752024633,29603.149610126886
2_81,2012-12-02,,USA,2,A,A_4,81,35092.653618469114,32437.274711493697
2_81,2012-12-09,,USA,2,A,A_4,81,35003.61724961151,32313.337301926455
2_81,2012-12-16,,USA,2,A,A_4,81,39178.53360009578,36678.35299388398
2_81,2012-12-23,,USA,2,A,A_4,81,28415.07605232134,25753.422955189846
2_81,2012-12-30,,USA,2,A,A_4,81,33931.41179579434,31488.084522306803
2_81,2013-01-06,,USA,2,A,A_4,81,35902.426251117045,32542.094915549416
2_81,2013-01-13,,USA,2,A,A_4,81,35315.80765307445,31815.393930005474
2_81,2013-01-20,,USA,2,A,A_4,81,33787.651362656354,31058.99598123639
2_81,2013-01-27,,USA,2,A,A_4,81,38050.397309605694,35234.84082486429
2_81,2013-02-03,,USA,2,A,A_4,81,38343.13359821877,35188.267455266214
2_81,2013-02-10,,USA,2,A,A_4,81,34853.03751448722,35602.824519379894
2_81,2013-02-17,,USA,2,A,A_4,81,34172.904406140995,34069.698358796966
2_81,2013-02-24,,USA,2,A,A_4,81,36184.20071105642,35465.276860625345
2_81,2013-03-03,,USA,2,A,A_4,81,36466.314595264594,36269.116147465335
2_81,2013-03-10,,USA,2,A,A_4,81,37132.88921035045,37486.655299296384
2_81,2013-03-17,,USA,2,A,A_4,81,33631.857336307534,34042.89103112247
2_81,2013-03-24,,USA,2,A,A_4,81,35109.41863287129,35541.996274580866
2_81,2013-03-31,,USA,2,A,A_4,81,36878.82266341262,39058.3363032781
2_81,2013-04-07,,USA,2,A,A_4,81,36171.57065011914,37026.287091225764
2_81,2013-04-14,,USA,2,A,A_4,81,35127.99665778405,36500.903137923546
17_95,2010-02-05,43836.05,Germany,17,A,A_0,95,51825.76168191904,0.0
17_95,2010-02-12,43523.18,Germany,17,A,A_0,95,44744.868106198825,36373.07167570535
17_95,2010-02-19,39261.2,Germany,17,A,A_0,95,40404.00695253862,42195.923142288564
17_95,2010-02-26,40820.05,Germany,17,A,A_0,95,40887.832714426164,39807.525103655185
17_95,2010-03-05,43743.24,Germany,17,A,A_0,95,45496.927676474304,40631.54073444471
17_95,2010-03-12,40253.34,Germany,17,A,A_0,95,41738.83702100024,43163.90989468811
17_95,2010-03-19,41387.61,Germany,17,A,A_0,95,39658.86101015627,40795.22429541087
17_95,2010-03-26,41257.78,Germany,17,A,A_0,95,38559.64761735401,41277.32077037135
17_95,2010-04-02,43855.56,Germany,17,A,A_0,95,41415.189448322075,41261.41806299552
17_95,2010-04-09,36393.29,Germany,17,A,A_0,95,43474.74256373654,43372.587650050584
17_95,2010-04-16,39768.19,Germany,17,A,A_0,95,35885.211118319276,37692.68219553034
17_95,2010-04-23,53908.37,Germany,17,A,A_0,95,44945.91046382569,39381.775954043645
17_95,2010-04-30,45852.58,Germany,17,A,A_0,95,40743.49425451444,51203.83669630626
17_95,2010-05-07,52180.29,Germany,17,A,A_0,95,53950.76659362752,46848.866666095906
17_95,2010-05-14,49922.21,Germany,17,A,A_0,95,51302.347875703395,51187.695871120406
17_95,2010-05-21,50061.99,Germany,17,A,A_0,95,51827.22590476801,50157.815722371786
17_95,2010-05-28,57582.65,Germany,17,A,A_0,95,52219.71058324872,50079.83064844694
17_95,2010-06-04,54202.53,Germany,17,A,A_0,95,54105.8597810975,56185.78954229885
17_95,2010-06-11,52302.44,Germany,17,A,A_0,95,52801.854352672824,54571.769442160126
17_95,2010-06-18,55768.64,Germany,17,A,A_0,95,53810.99952414336,52724.93938519371
17_95,2010-06-25,58614.99,Germany,17,A,A_0,95,58491.73974325993,55201.96968119192
17_95,2010-07-02,68665.19,Germany,17,A,A_0,95,61837.64330650632,57979.560449948716
17_95,2010-07-09,53155.58,Germany,17,A,A_0,95,63841.28987542448,66675.76006910081
17_95,2010-07-16,52141.65,Germany,17,A,A_0,95,56570.20908923142,55672.741087667186
17_95,2010-07-23,54177.99,Germany,17,A,A_0,95,57577.2566383699,52799.06173841297
17_95,2010-07-30,51190.03,Germany,17,A,A_0,95,54806.20081788829,53921.26379184217
17_95,2010-08-06,50698.9,Germany,17,A,A_0,95,49837.74324803233,51698.52584746724
17_95,2010-08-13,45153.88,Germany,17,A,A_0,95,44560.77531893332,50885.00841516981
17_95,2010-08-20,44705.31,Germany,17,A,A_0,95,44319.03524672524,46220.89045114478
17_95,2010-08-27,44910.55,Germany,17,A,A_0,95,44660.60399177728,44987.47784964055
17_95,2010-09-03,49055.19,Germany,17,A,A_0,95,48883.40551015652,44924.87227889593
17_95,2010-09-10,59819.99,Germany,17,A,A_0,95,59680.02285477835,48286.215400983616
17_95,2010-09-17,49002.06,Germany,17,A,A_0,95,48906.72200443079,57672.65405726947
17_95,2010-09-24,52457.74,Germany,17,A,A_0,95,52433.32116160764,50616.33450347329
17_95,2010-10-01,54795.08,Germany,17,A,A_0,95,54839.938533949186,52114.91067089463
17_95,2010-10-08,51496.08,Germany,17,A,A_0,95,51511.26898834677,54296.091235863496
17_95,2010-10-15,47059.3,Germany,17,A,A_0,95,47054.74803023159,52017.38069954124
17_95,2010-10-22,44368.59,Germany,17,A,A_0,95,44494.98327888976,47982.38591620918
17_95,2010-10-29,44278.98,Germany,17,A,A_0,95,44545.04615518547,45041.399564115294
17_95,2010-11-05,43752.22,Germany,17,A,A_0,95,44052.54111524607,44420.925806154875
17_95,2010-11-12,43534.54,Germany,17,A,A_0,95,43805.37822591574,43876.71835917473
17_95,2010-11-19,42222.48,Germany,17,A,A_0,95,42462.98167376911,43598.24610793302
17_95,2010-11-26,32734.15,Germany,17,A,A_0,95,33007.97941491459,42478.61748448042
17_95,2010-12-03,43806.07,Germany,17,A,A_0,95,44130.18032695065,34548.35619005149
17_95,2010-12-10,44244.31,Germany,17,A,A_0,95,44562.736088088546,42082.48667166698
17_95,2010-12-17,43767.1,Germany,17,A,A_0,95,44098.638060102756,43841.82589603987
17_95,2010-12-24,48112.46,Germany,17,A,A_0,95,48463.538584803646,43781.01232341515
17_95,2010-12-31,29462.93,Germany,17,A,A_0,95,29880.608596972506,47306.03941321484
17_95,2011-01-07,47126.56,Germany,17,A,A_0,95,47506.455751643225,32784.925747717934
17_95,2011-01-14,42524.72,Germany,17,A,A_0,95,42757.41578700907,44456.462154491
17_95,2011-01-21,43907.33,Germany,17,A,A_0,95,44062.30754555799,42884.36803411189
17_95,2011-01-28,43968.0,Germany,17,A,A_0,95,44053.41513407194,45739.38383504914
17_95,2011-02-04,52085.11,Germany,17,A,A_0,95,52149.66349347493,75407.10397300092
17_95,2011-02-11,47827.35,Germany,17,A,A_0,95,47911.082334586434,56378.947112751404
17_95,2011-02-18,43883.53,Germany,17,A,A_0,95,43978.208620751604,46333.20691223648
17_95,2011-02-25,44744.8,Germany,17,A,A_0,95,44837.94946623719,45538.45260607158
17_95,2011-03-04,49332.0,Germany,17,A,A_0,95,49437.75784369395,47094.5021992184
17_95,2011-03-11,46083.77,Germany,17,A,A_0,95,46270.63145000632,46276.79919304037
17_95,2011-03-18,44457.95,Germany,17,A,A_0,95,44656.71392940496,46967.09383330263
17_95,2011-03-25,42690.12,Germany,17,A,A_0,95,42866.46075254753,44861.70758286339
17_95,2011-04-01,44452.06,Germany,17,A,A_0,95,44691.184137112556,45054.61654707308
17_95,2011-04-08,45532.49,Germany,17,A,A_0,95,45788.81002103907,38980.68841016835
17_95,2011-04-15,40438.48,Germany,17,A,A_0,95,40647.73246377608,46795.96683703024
17_95,2011-04-22,48112.39,Germany,17,A,A_0,95,48241.49570102412,52319.805036759266
17_95,2011-04-29,40731.59,Germany,17,A,A_0,95,40778.305804989104,42942.547950770866
17_95,2011-05-06,52138.18,Germany,17,A,A_0,95,52135.569373878934,45907.883754347306
17_95,2011-05-13,50151.42,Germany,17,A,A_0,95,50122.43399843049,49228.933776760095
17_95,2011-05-20,51207.11,Germany,17,A,A_0,95,51152.06149779312,50091.12235458655
17_95,2011-05-27,52321.17,Germany,17,A,A_0,95,52197.54266261235,56635.05287654015
17_95,2011-06-03,52340.66,Germany,17,A,A_0,95,52203.89143834175,50648.568070745714
17_95,2011-06-10,50985.08,Germany,17,A,A_0,95,50913.599781146586,50583.50912460431
17_95,2011-06-17,52162.75,Germany,17,A,A_0,95,52127.112870465404,53519.825719461565
17_95,2011-06-24,56138.86,Germany,17,A,A_0,95,56117.84097769134,54603.10690838771
17_95,2011-07-01,59435.11,Germany,17,A,A_0,95,59427.100917827775,63361.83266387063
17_95,2011-07-08,59050.1,Germany,17,A,A_0,95,58982.803435487636,48569.13301564295
17_95,2011-07-15,55698.51,Germany,17,A,A_0,95,55567.55343495388,56181.31656702503
17_95,2011-07-22,58334.84,Germany,17,A,A_0,95,58209.263636264484,57305.733433451285
17_95,2011-07-29,56796.33,Germany,17,A,A_0,95,56701.86818809788,55882.695343663865
17_95,2011-08-05,52301.54,Germany,17,A,A_0,95,53064.29231862892,56221.42594871569
17_95,2011-08-12,47527.17,Germany,17,A,A_0,95,47204.85908493168,48899.271106936816
17_95,2011-08-19,46379.05,Germany,17,A,A_0,95,46865.838608240585,47447.28045594095
17_95,2011-08-26,48183.09,Germany,17,A,A_0,95,46894.146024120535,46757.27761200576
17_95,2011-09-02,49286.59,Germany,17,A,A_0,95,51489.33984786633,51046.79792397388
17_95,2011-09-09,55518.77,Germany,17,A,A_0,95,61434.273833045125,57716.81768518455
17_95,2011-09-16,53435.85,Germany,17,A,A_0,95,48489.192500500656,47857.993397428
17_95,2011-09-23,51258.44,Germany,17,A,A_0,95,53755.04594526695,54913.55782805893
17_95,2011-09-30,51190.16,Germany,17,A,A_0,95,55257.31534950927,53731.8878846156
17_95,2011-10-07,52599.36,Germany,17,A,A_0,95,50485.85024527489,49202.78026976653
17_95,2011-10-14,49708.62,Germany,17,A,A_0,95,46792.180329319104,48573.413319223626
17_95,2011-10-21,50605.34,Germany,17,A,A_0,95,45276.18514694354,47444.162327735874
17_95,2011-10-28,50056.99,Germany,17,A,A_0,95,47282.296294367865,49900.87099274541
17_95,2011-11-04,49591.16,Germany,17,A,A_0,95,47880.08502023332,49625.29917544479
17_95,2011-11-11,48840.71,Germany,17,A,A_0,95,48354.19395738557,49424.02214468079
17_95,2011-11-18,49004.5,Germany,17,A,A_0,95,47283.43290443784,47945.33140484903
17_95,2011-11-25,43512.27,Germany,17,A,A_0,95,38531.92702846315,41684.57093256753
17_95,2011-12-02,47251.54,Germany,17,A,A_0,95,51538.44461038203,51455.08247931742
17_95,2011-12-09,47404.89,Germany,17,A,A_0,95,50550.23963752199,48438.454206462
17_95,2011-12-16,47872.2,Germany,17,A,A_0,95,49072.56842227773,47260.75086159171
17_95,2011-12-23,52099.3,Germany,17,A,A_0,95,53125.98023452171,50974.698770189214
17_95,2011-12-30,33279.03,Germany,17,A,A_0,95,34300.818898606754,37906.623874352386
17_95,2012-01-06,57895.34,Germany,17,A,A_0,95,51710.05823662291,47417.71256999797
17_95,2012-01-13,49253.94,Germany,17,A,A_0,95,49315.358579811735,52406.98440900423
17_95,2012-01-20,49816.02,Germany,17,A,A_0,95,50681.91987200322,50891.69730363105
17_95,2012-01-27,47807.72,Germany,17,A,A_0,95,50418.339139870055,51065.017862964385
17_95,2012-02-03,54247.84,Germany,17,A,A_0,95,57609.25418835154,59415.65304969504
17_95,2012-02-10,51053.13,Germany,17,A,A_0,95,52188.52345711886,52348.73988920842
17_95,2012-02-17,47285.1,Germany,17,A,A_0,95,47878.527702715655,48029.74572162431
17_95,2012-02-24,48857.75,Germany,17,A,A_0,95,48559.38833172081,48234.681735139515
17_95,2012-03-02,52965.7,Germany,17,A,A_0,95,53299.55099503831,52286.7566734196
17_95,2012-03-09,53062.29,Germany,17,A,A_0,95,50050.59146498975,50129.893343132644
17_95,2012-03-16,51097.18,Germany,17,A,A_0,95,49583.66232968619,51505.353509749926
17_95,2012-03-23,49834.61,Germany,17,A,A_0,95,48407.52540434705,49943.671207812666
17_95,2012-03-30,51089.59,Germany,17,A,A_0,95,50807.38127241015,51409.104850792486
17_95,2012-04-06,56208.95,Germany,17,A,A_0,95,52092.1554444375,50909.14465166367
17_95,2012-04-13,43796.44,Germany,17,A,A_0,95,48519.528279994556,52112.44412193147
17_95,2012-04-20,58740.86,Germany,17,A,A_0,95,54494.97686673058,52621.94268365312
17_95,2012-04-27,54461.19,Germany,17,A,A_0,95,48600.90797235153,51399.93123602993
17_95,2012-05-04,57307.49,Germany,17,A,A_0,95,59975.29586828125,60104.42779208006
17_95,2012-05-11,57585.86,Germany,17,A,A_0,95,57961.59538228803,58448.34069035931
17_95,2012-05-18,58952.29,Germany,17,A,A_0,95,58981.19924440956,59205.621326778426
17_95,2012-05-25,64658.55,Germany,17,A,A_0,95,60007.31378165343,60978.46698493918
17_95,2012-06-01,57641.26,Germany,17,A,A_0,95,59969.69554222277,60549.03117342552
17_95,2012-06-08,60495.97,Germany,17,A,A_0,95,58630.712055221076,59363.548917965934
17_95,2012-06-15,59296.4,Germany,17,A,A_0,95,59818.94423053089,60646.75837311607
17_95,2012-06-22,62814.69,Germany,17,A,A_0,95,63797.24457614186,63792.4187102344
17_95,2012-06-29,62864.03,Germany,17,A,A_0,95,67099.31779738895,67397.93756521153
17_95,2012-07-06,74015.14,Germany,17,A,A_0,95,66652.50553153927,65067.39193624172
17_95,2012-07-13,64180.29,Germany,17,A,A_0,95,63213.479974446156,62599.49521559874
17_95,2012-07-20,60405.51,Germany,17,A,A_0,95,65808.57636211472,64677.43601044023
17_95,2012-07-27,58319.02,Germany,17,A,A_0,95,64256.48921053134,63212.269487387464
17_95,2012-08-03,60320.8,Germany,17,A,A_0,95,60585.29242985732,60026.77220272596
17_95,2012-08-10,55624.01,Germany,17,A,A_0,95,54999.83235818643,55982.12179841698
17_95,2012-08-17,51634.51,Germany,17,A,A_0,95,54545.5113963003,55120.0352045045
17_95,2012-08-24,52610.65,Germany,17,A,A_0,95,54748.914236973964,56399.77058685252
17_95,2012-08-31,52380.23,Germany,17,A,A_0,95,58881.90355557565,57736.786453204775
17_95,2012-09-07,64839.21,Germany,17,A,A_0,95,69616.71155642472,63472.27661450213
17_95,2012-09-14,60561.99,Germany,17,A,A_0,95,58794.461344548145,60610.65317234743
17_95,2012-09-21,58451.47,Germany,17,A,A_0,95,62286.27728811617,59559.472173030204
17_95,2012-09-28,60960.16,Germany,17,A,A_0,95,64684.12759034365,59821.305932566705
17_95,2012-10-05,59819.71,Germany,17,A,A_0,95,61372.31848563684,60345.226608130106
17_95,2012-10-12,53982.64,Germany,17,A,A_0,95,56921.481095321695,57746.593171450564
17_95,2012-10-19,54216.34,Germany,17,A,A_0,95,54360.467114912506,57993.59652270213
17_95,2012-10-26,51697.72,Germany,17,A,A_0,95,54455.74092872297,57595.85369766385
17_95,2012-10-28,,Germany,17,A,A_0,95,54058.698695490275,57200.37152936937
17_95,2012-11-04,,Germany,17,A,A_0,95,53919.28251125217,56646.85725069707
17_95,2012-11-11,,Germany,17,A,A_0,95,52674.316650302426,56567.380662990916
17_95,2012-11-18,,Germany,17,A,A_0,95,43306.0719915595,51521.84477404781
17_95,2012-11-25,,Germany,17,A,A_0,95,54525.73635053832,55570.07331361467
17_95,2012-12-02,,Germany,17,A,A_0,95,55074.84295551847,55751.98130035929
17_95,2012-12-09,,Germany,17,A,A_0,95,54725.34744657869,56017.794945353184
17_95,2012-12-16,,Germany,17,A,A_0,95,59209.386184711686,59483.92287194761
17_95,2012-12-23,,Germany,17,A,A_0,95,40752.59208721072,44043.50308407139
17_95,2012-12-30,,Germany,17,A,A_0,95,58529.20162669736,63349.768978177235
17_95,2013-01-06,,Germany,17,A,A_0,95,53916.055384641564,56804.68877113289
17_95,2013-01-13,,Germany,17,A,A_0,95,55304.60478170316,57356.03487829137
17_95,2013-01-20,,Germany,17,A,A_0,95,55351.41318553804,56654.681238367244
17_95,2013-01-27,,Germany,17,A,A_0,95,63478.516852088054,65770.39927059089
17_95,2013-02-03,,Germany,17,A,A_0,95,59263.606604308996,63201.96796066636
17_95,2013-02-10,,Germany,17,A,A_0,95,55361.1162061994,59864.04420172791
17_95,2013-02-17,,Germany,17,A,A_0,95,56255.20501768858,61153.24513745688
17_95,2013-02-24,,Germany,17,A,A_0,95,60888.66257614728,64661.09564014713
17_95,2013-03-03,,Germany,17,A,A_0,95,57760.101086248804,64032.01677977123
17_95,2013-03-10,,Germany,17,A,A_0,95,56213.35915280523,62660.836870347994
17_95,2013-03-17,,Germany,17,A,A_0,95,54494.70118659833,61621.08748163003
17_95,2013-03-24,,Germany,17,A,A_0,95,56382.8714293951,62894.27735366021
17_95,2013-03-31,,Germany,17,A,A_0,95,57566.967578675394,65672.09539740252
17_95,2013-04-07,,Germany,17,A,A_0,95,52517.27440981265,57241.4530311133
17_95,2013-04-14,,Germany,17,A,A_0,95,60186.91206244135,69365.51622107548
31_2,2010-02-05,58982.08,France,31,D,D_4,2,51562.53307280815,0.0
31_2,2010-02-12,56830.82,France,31,D,D_4,2,62256.432650261886,48985.62564404891
31_2,2010-02-19,58232.69,France,31,D,D_4,2,61207.72009116103,55248.34670452783
31_2,2010-02-26,56767.26,France,31,D,D_4,2,58329.50066977722,57626.77169805587
31_2,2010-03-05,57112.57,France,31,D,D_4,2,59143.50228535226,56941.81547889519
31_2,2010-03-12,55363.86,France,31,D,D_4,2,56491.76319927724,57077.89162770602
31_2,2010-03-19,54596.56,France,31,D,D_4,2,55493.42926340098,55711.96120178553
31_2,2010-03-26,51234.03,France,31,D,D_4,2,53490.95234123415,54823.08587025766
31_2,2010-04-02,53985.18,France,31,D,D_4,2,50575.674498930406,51962.928268840384
31_2,2010-04-09,58804.19,France,31,D,D_4,2,55409.19872299059,53574.48263575332
31_2,2010-04-16,60410.11,France,31,D,D_4,2,55767.57130579655,57742.09323074726
31_2,2010-04-23,57925.9,France,31,D,D_4,2,60101.23218233671,59868.26476974709
31_2,2010-04-30,56167.16,France,31,D,D_4,2,56066.04473243731,58320.373189984326
31_2,2010-05-07,57510.2,France,31,D,D_4,2,55249.17900343342,56604.45421424795
31_2,2010-05-14,55952.57,France,31,D,D_4,2,55984.45487711393,57326.25286762535
31_2,2010-05-21,60280.99,France,31,D,D_4,2,57943.81036445138,56231.550071745005
31_2,2010-05-28,57263.69,France,31,D,D_4,2,59073.42861031708,59458.59272888568
31_2,2010-06-04,57187.3,France,31,D,D_4,2,57900.42925875506,57709.450906836006
31_2,2010-06-11,57161.59,France,31,D,D_4,2,55416.97061974907,57293.34317843946
31_2,2010-06-18,58356.34,France,31,D,D_4,2,61421.162629633705,57188.347639656095
31_2,2010-06-25,57167.5,France,31,D,D_4,2,55817.85444926633,58119.13343641402
31_2,2010-07-02,56831.44,France,31,D,D_4,2,56967.56350281112,57360.766415868326
31_2,2010-07-09,56760.66,France,31,D,D_4,2,56554.67737145721,56938.94044639543
31_2,2010-07-16,59604.65,France,31,D,D_4,2,56697.32854407262,56796.866822475764
31_2,2010-07-23,59170.72,France,31,D,D_4,2,61277.71162517716,59034.41973013855
31_2,2010-07-30,56220.91,France,31,D,D_4,2,54541.947865904185,59143.038895459074
31_2,2010-08-06,61016.51,France,31,D,D_4,2,61800.778969259336,56814.362643340086
31_2,2010-08-13,58872.76,France,31,D,D_4,2,59302.61176996506,60163.09950863201
31_2,2010-08-20,63615.21,France,31,D,D_4,2,63747.09860845754,59134.81394067105
31_2,2010-08-27,59956.9,France,31,D,D_4,2,59919.71304375917,62705.29021899677
31_2,2010-09-03,61088.74,France,31,D,D_4,2,60937.97324425975,60515.06820501255
31_2,2010-09-10,55655.09,France,31,D,D_4,2,55432.516669625256,60972.233488711594
31_2,2010-09-17,57780.03,France,31,D,D_4,2,57511.32033218128,56734.944096545165
31_2,2010-09-24,55660.66,France,31,D,D_4,2,55353.98826097092,57567.78440300168
31_2,2010-10-01,54857.66,France,31,D,D_4,2,54540.33674563698,56047.97625422086
31_2,2010-10-08,54507.37,France,31,D,D_4,2,54253.64620685823,55099.4003039872
31_2,2010-10-15,54655.54,France,31,D,D_4,2,54464.20427636302,54627.604925086554
31_2,2010-10-22,56419.58,France,31,D,D_4,2,56243.025811296015,54649.86668966961
31_2,2010-10-29,53608.74,France,31,D,D_4,2,53410.41513404447,56060.17044636882
31_2,2010-11-05,54226.77,France,31,D,D_4,2,54056.63074755775,54106.59890027736
31_2,2010-11-12,56780.73,France,31,D,D_4,2,56618.23628774705,54202.36455474592
31_2,2010-11-19,55220.01,France,31,D,D_4,2,55079.40597902073,56257.09198000692
31_2,2010-11-26,56920.82,France,31,D,D_4,2,56765.64893721395,55430.63008707141
31_2,2010-12-03,50361.17,France,31,D,D_4,2,50181.61137791012,56618.17861266064
31_2,2010-12-10,53446.6,France,31,D,D_4,2,53264.679790029484,51631.90049595978
31_2,2010-12-17,57129.3,France,31,D,D_4,2,56944.32732031695,53078.05423899194
31_2,2010-12-24,68706.61,France,31,D,D_4,2,68492.7656621756,56306.53598386551
31_2,2010-12-31,51068.79,France,31,D,D_4,2,50862.745795903735,66188.28963640369
31_2,2011-01-07,52483.9,France,31,D,D_4,2,52267.17159110333,54139.39617317282
31_2,2011-01-14,52283.18,France,31,D,D_4,2,52088.46509609077,52820.113293511975
31_2,2011-01-21,56063.9,France,31,D,D_4,2,55859.85603694195,52392.22532063154
31_2,2011-01-28,52549.09,France,31,D,D_4,2,52327.23191186204,56882.341686164655
31_2,2011-02-04,52735.73,France,31,D,D_4,2,54008.17724336597,97874.8885912403
31_2,2011-02-11,60344.64,France,31,D,D_4,2,58532.982805516906,60702.2696563555
31_2,2011-02-18,61691.69,France,31,D,D_4,2,61054.9131282343,61682.07425819287
31_2,2011-02-25,60154.8,France,31,D,D_4,2,59996.839110442575,60424.2436279414
31_2,2011-03-04,61715.03,France,31,D,D_4,2,61462.77293260124,60506.835302884836
31_2,2011-03-11,59998.52,France,31,D,D_4,2,59965.85590811747,59890.0261805755
31_2,2011-03-18,59561.73,France,31,D,D_4,2,59513.63345337407,59280.64400292246
31_2,2011-03-25,58050.56,France,31,D,D_4,2,57662.54030282654,56572.11314487726
31_2,2011-04-01,56206.69,France,31,D,D_4,2,56964.44286983402,60100.58367598388
31_2,2011-04-08,59685.72,France,31,D,D_4,2,60013.21135648149,61372.51234340928
31_2,2011-04-15,58711.98,France,31,D,D_4,2,59016.40557907515,61508.88258414321
31_2,2011-04-22,61172.0,France,31,D,D_4,2,59934.67201767902,57227.834250301545
31_2,2011-04-29,58153.72,France,31,D,D_4,2,57798.3025621992,58676.738623018886
31_2,2011-05-06,57414.11,France,31,D,D_4,2,57504.202548632195,59437.72125243292
31_2,2011-05-13,57336.42,France,31,D,D_4,2,56797.821079797555,56568.66227479872
31_2,2011-05-20,59463.16,France,31,D,D_4,2,59454.73503639672,60905.98144753977
31_2,2011-05-27,59754.64,France,31,D,D_4,2,58799.176886842026,57199.73502217114
31_2,2011-06-03,59489.44,France,31,D,D_4,2,59022.73857998586,59058.19002939632
31_2,2011-06-10,57426.99,France,31,D,D_4,2,57515.40569880871,59364.48310805448
31_2,2011-06-17,62842.0,France,31,D,D_4,2,61821.56526601376,58932.66968555297
31_2,2011-06-24,58723.54,France,31,D,D_4,2,58812.70050894742,60861.1101056215
31_2,2011-07-01,59493.09,France,31,D,D_4,2,59066.23711196761,58946.03153575253
31_2,2011-07-08,59345.89,France,31,D,D_4,2,58963.106786304415,59309.538353377306
31_2,2011-07-15,59595.92,France,31,D,D_4,2,59698.67713014774,61814.17685925104
31_2,2011-07-22,63121.08,France,31,D,D_4,2,62037.58864782731,59759.0223683189
31_2,2011-07-29,57391.55,France,31,D,D_4,2,57393.00502709378,59754.79480741877
31_2,2011-08-05,60732.0,France,31,D,D_4,2,63465.974669329065,62128.71783369836
31_2,2011-08-12,59477.38,France,31,D,D_4,2,60201.76534220596,59241.158962014226
31_2,2011-08-19,64694.22,France,31,D,D_4,2,64578.946685285526,63534.52506450361
31_2,2011-08-26,61707.64,France,31,D,D_4,2,60892.03889457546,61243.110909178155
31_2,2011-09-02,61736.86,France,31,D,D_4,2,62268.197913295226,62543.160406801675
31_2,2011-09-09,56711.76,France,31,D,D_4,2,56486.380076774985,57201.05512965889
31_2,2011-09-16,58887.81,France,31,D,D_4,2,58577.55791511799,58646.61958173518
31_2,2011-09-23,59729.69,France,31,D,D_4,2,56447.66358262387,56980.45973545722
31_2,2011-09-30,57310.51,France,31,D,D_4,2,56914.84235291488,58351.12475472943
31_2,2011-10-07,58996.4,France,31,D,D_4,2,56652.95799059687,57253.02545190754
31_2,2011-10-14,57718.9,France,31,D,D_4,2,57751.43361607789,58706.24681147142
31_2,2011-10-21,58352.83,France,31,D,D_4,2,59435.341912432676,59484.99300472511
31_2,2011-10-28,55985.15,France,31,D,D_4,2,56070.61452393869,56188.43672053547
31_2,2011-11-04,59946.93,France,31,D,D_4,2,56593.22281276863,56572.943397099705
31_2,2011-11-11,61639.88,France,31,D,D_4,2,60522.5020433067,61351.1851091744
31_2,2011-11-18,62161.89,France,31,D,D_4,2,59393.49967514898,60223.31935607111
31_2,2011-11-25,60846.51,France,31,D,D_4,2,62214.44394463999,63142.11334213488
31_2,2011-12-02,55171.85,France,31,D,D_4,2,54987.067086642026,55706.33023543607
31_2,2011-12-09,56387.23,France,31,D,D_4,2,58077.79245776827,57989.79645399052
31_2,2011-12-16,64104.34,France,31,D,D_4,2,60959.713769129005,60040.13892163652
31_2,2011-12-23,75488.69,France,31,D,D_4,2,73787.71502195124,73156.47750970337
31_2,2011-12-30,59437.63,France,31,D,D_4,2,56799.46561555981,59598.248304677145
31_2,2012-01-06,60604.24,France,31,D,D_4,2,59255.008631578385,60635.07038694571
31_2,2012-01-13,60511.93,France,31,D,D_4,2,59564.400849892365,60432.86819148217
31_2,2012-01-20,61330.71,France,31,D,D_4,2,63667.30460111013,63719.06046866894
31_2,2012-01-27,54073.89,France,31,D,D_4,2,59055.17437299593,58868.46650876223
31_2,2012-02-03,61103.84,France,31,D,D_4,2,58226.11048611256,61151.10148095008
31_2,2012-02-10,61457.53,France,31,D,D_4,2,65122.5251843202,67303.64139941183
31_2,2012-02-17,58961.2,France,31,D,D_4,2,65077.54700368315,64200.601944826514
31_2,2012-02-24,60051.15,France,31,D,D_4,2,61035.71960431116,58755.74300617636
31_2,2012-03-02,61193.0,France,31,D,D_4,2,62031.77118300891,61092.75833495354
31_2,2012-03-09,60396.91,France,31,D,D_4,2,60027.03372898899,59496.674747526886
31_2,2012-03-16,58054.17,France,31,D,D_4,2,59724.06239156329,59706.77427928113
31_2,2012-03-23,57433.95,France,31,D,D_4,2,57202.37046382336,56754.9082971098
31_2,2012-03-30,55339.7,France,31,D,D_4,2,56220.51348656186,56066.093195593756
31_2,2012-04-06,62406.36,France,31,D,D_4,2,59299.51412001835,59068.14653542906
31_2,2012-04-13,58215.2,France,31,D,D_4,2,59781.55193876388,60981.137614349085
31_2,2012-04-20,58715.62,France,31,D,D_4,2,60453.847131594914,60646.6901065473
31_2,2012-04-27,56021.0,France,31,D,D_4,2,56875.08901515173,56414.63293868432
31_2,2012-05-04,58719.39,France,31,D,D_4,2,56344.719974083964,55958.732246019805
31_2,2012-05-11,56603.45,France,31,D,D_4,2,55797.36681251011,55699.30455216244
31_2,2012-05-18,60683.8,France,31,D,D_4,2,58123.249365489806,58040.86975423276
31_2,2012-05-25,62492.06,France,31,D,D_4,2,57644.86435518937,57906.172569359
31_2,2012-06-01,59195.99,France,31,D,D_4,2,57366.27758124278,57670.63352474569
31_2,2012-06-08,60153.63,France,31,D,D_4,2,55553.56730458374,55928.89030542859
31_2,2012-06-15,62977.68,France,31,D,D_4,2,60108.791482348905,60646.41764486989
31_2,2012-06-22,62566.26,France,31,D,D_4,2,56451.444866649035,57022.80033681714
31_2,2012-06-29,61381.58,France,31,D,D_4,2,56841.3476840574,57628.023854130646
31_2,2012-07-06,60152.84,France,31,D,D_4,2,56546.73331701524,57497.12708256155
31_2,2012-07-13,60324.29,France,31,D,D_4,2,57025.64273957564,58070.162348864964
31_2,2012-07-20,62326.16,France,31,D,D_4,2,59633.999941550195,60988.21536062435
31_2,2012-07-27,56348.02,France,31,D,D_4,2,54318.08540432269,55784.964041381936
31_2,2012-08-03,60781.78,France,31,D,D_4,2,59871.50960102565,59209.10036693126
31_2,2012-08-10,60305.2,France,31,D,D_4,2,58161.79643792486,57886.810906698796
31_2,2012-08-17,59111.45,France,31,D,D_4,2,63009.70393317925,62886.48838652332
31_2,2012-08-24,61036.14,France,31,D,D_4,2,59407.0357269398,59906.009720654016
31_2,2012-08-31,62149.16,France,31,D,D_4,2,60177.63280301802,60066.033348731
31_2,2012-09-07,56140.4,France,31,D,D_4,2,54767.891508172375,55136.88219893708
31_2,2012-09-14,57295.47,France,31,D,D_4,2,56778.9129985634,57234.99725203312
31_2,2012-09-21,58247.96,France,31,D,D_4,2,55081.39615251789,57674.834946676565
31_2,2012-09-28,56770.64,France,31,D,D_4,2,53591.94418948435,55530.10992019662
31_2,2012-10-05,56891.36,France,31,D,D_4,2,53529.99241722431,56906.09488166665
31_2,2012-10-12,53162.36,France,31,D,D_4,2,53170.44981999824,55848.34097260051
31_2,2012-10-19,59715.89,France,31,D,D_4,2,54667.081165874406,56605.0491719367
31_2,2012-10-26,58208.08,France,31,D,D_4,2,51954.80426343009,54253.0768630131
31_2,2012-10-28,,France,31,D,D_4,2,53166.88690956835,57673.38920501023
31_2,2012-11-04,,France,31,D,D_4,2,55230.97286810067,59426.44866758993
31_2,2012-11-11,,France,31,D,D_4,2,53934.40970615439,59670.83034960287
31_2,2012-11-18,,France,31,D,D_4,2,54778.60176292769,58770.77685605851
31_2,2012-11-25,,France,31,D,D_4,2,48429.99031694753,53153.525528617014
31_2,2012-12-02,,France,31,D,D_4,2,51081.864263769035,54571.90657376847
31_2,2012-12-09,,France,31,D,D_4,2,55605.54264389168,61562.33369441881
31_2,2012-12-16,,France,31,D,D_4,2,66807.49463064675,72626.99137957109
31_2,2012-12-23,,France,31,D,D_4,2,49264.34479497667,56854.527105554596
31_2,2012-12-30,,France,31,D,D_4,2,50339.09088739221,58001.47719122323
31_2,2013-01-06,,France,31,D,D_4,2,49988.56900736177,57896.58894981001
31_2,2013-01-13,,France,31,D,D_4,2,53055.32647578665,59051.930403857856
31_2,2013-01-20,,France,31,D,D_4,2,48937.225552346135,52487.901399432936
31_2,2013-01-27,,France,31,D,D_4,2,51734.94521205069,59748.9518284541
31_2,2013-02-03,,France,31,D,D_4,2,56149.3713832891,60921.118819700576
31_2,2013-02-10,,France,31,D,D_4,2,57206.376933103646,59024.613433821076
31_2,2013-02-17,,France,31,D,D_4,2,56761.328205678234,59713.546983225504
31_2,2013-02-24,,France,31,D,D_4,2,58206.29857995455,60874.79603001843
31_2,2013-03-03,,France,31,D,D_4,2,56790.350911105226,59943.821274530186
31_2,2013-03-10,,France,31,D,D_4,2,55940.161399346565,57893.62815138771
31_2,2013-03-17,,France,31,D,D_4,2,54495.69672477626,57089.48992363096
31_2,2013-03-24,,France,31,D,D_4,2,53202.69657650238,55181.40686621538
31_2,2013-03-31,,France,31,D,D_4,2,57417.58066069881,61699.2241436762
31_2,2013-04-07,,France,31,D,D_4,2,55678.04172433484,58097.64027458457
31_2,2013-04-14,,France,31,D,D_4,2,57319.1820688577,58746.45799737094
4_94,2010-02-05,57647.52,France,4,B,B_1,94,62302.86493407072,0.0
4_94,2010-02-12,64126.88,France,4,B,B_1,94,64654.761991614796,43414.11134172286
4_94,2010-02-19,65303.33,France,4,B,B_1,94,77701.94550062479,58465.44319474107
4_94,2010-02-26,58584.93,France,4,B,B_1,94,58011.30067357571,63420.726741336344
4_94,2010-03-05,61700.46,France,4,B,B_1,94,54845.47133234095,59917.048285621524
4_94,2010-03-12,59686.16,France,4,B,B_1,94,60946.23118761733,61209.16266186841
4_94,2010-03-19,63170.86,France,4,B,B_1,94,64503.683312784335,60105.720725674095
4_94,2010-03-26,60655.55,France,4,B,B_1,94,57739.90062095496,62326.46727623208
4_94,2010-04-02,68487.26,France,4,B,B_1,94,65603.63589833789,61115.85874600307
4_94,2010-04-09,65640.23,France,4,B,B_1,94,71655.75439785748,66456.56672723521
4_94,2010-04-16,66264.24,France,4,B,B_1,94,62628.93815347122,65865.1166183458
4_94,2010-04-23,67322.58,France,4,B,B_1,94,71799.39367935141,66154.28842657564
4_94,2010-04-30,65461.45,France,4,B,B_1,94,58053.226692017255,67000.73592215075
4_94,2010-05-07,74276.36,France,4,B,B_1,94,67706.97099511571,65885.4965902778
4_94,2010-05-14,80634.65,France,4,B,B_1,94,83788.62778564515,71964.82257399167
4_94,2010-05-21,74927.24,France,4,B,B_1,94,64621.53505909226,78246.26282293875
4_94,2010-05-28,69937.78,France,4,B,B_1,94,67362.63885597506,75841.57325730329
4_94,2010-06-04,67076.67,France,4,B,B_1,94,70119.67145498165,71564.17270874804
4_94,2010-06-11,69556.91,France,4,B,B_1,94,64314.82827300655,68312.8992119505
4_94,2010-06-18,71744.82,France,4,B,B_1,94,69865.69236180643,69214.20659100376
4_94,2010-06-25,65055.35,France,4,B,B_1,94,72093.51919429802,71047.67987031133
4_94,2010-07-02,69650.08,France,4,B,B_1,94,71645.59069777551,66706.13301097865
4_94,2010-07-09,65472.4,France,4,B,B_1,94,71724.60362037522,68839.07363354882
4_94,2010-07-16,70089.82,France,4,B,B_1,94,67657.419567647,66399.8602296693
4_94,2010-07-23,66825.3,France,4,B,B_1,94,71854.49207715102,69073.30004334071
4_94,2010-07-30,61070.86,France,4,B,B_1,94,65315.51661864552,67444.5850461407
4_94,2010-08-06,65993.32,France,4,B,B_1,94,66780.11576669486,62826.710770990976
4_94,2010-08-13,66065.99,France,4,B,B_1,94,66599.73065413498,65120.97404595705
4_94,2010-08-20,62052.94,France,4,B,B_1,94,62330.118774839655,65805.65448513345
4_94,2010-08-27,58210.98,France,4,B,B_1,94,58286.59348551207,63086.747792826034
4_94,2010-09-03,61102.02,France,4,B,B_1,94,61189.660942491704,59554.169512605506
4_94,2010-09-10,63137.56,France,4,B,B_1,94,63238.94082371704,60675.61402045199
4_94,2010-09-17,59143.85,France,4,B,B_1,94,59193.077552414776,62459.336556874754
4_94,2010-09-24,61126.68,France,4,B,B_1,94,61172.33299664097,60057.209077298714
4_94,2010-10-01,55932.64,France,4,B,B_1,94,56021.325268220695,60832.059298513195
4_94,2010-10-08,54056.25,France,4,B,B_1,94,54105.73008208969,57282.34509245791
4_94,2010-10-15,56504.69,France,4,B,B_1,94,56523.9301159581,54944.98327832268
4_94,2010-10-22,57909.52,France,4,B,B_1,94,57914.563417017445,56075.017833417485
4_94,2010-10-29,58264.93,France,4,B,B_1,94,58292.93149093135,57404.14645152387
4_94,2010-11-05,55970.39,France,4,B,B_1,94,56128.43337450815,58027.79905282121
4_94,2010-11-12,55905.59,France,4,B,B_1,94,56093.159998671304,56537.170531869364
4_94,2010-11-19,57121.85,France,4,B,B_1,94,57375.38057022622,56079.57948900346
4_94,2010-11-26,61327.08,France,4,B,B_1,94,61701.53682068128,56834.722540458475
4_94,2010-12-03,47999.05,France,4,B,B_1,94,48365.94346503794,60089.51338835586
4_94,2010-12-10,53294.2,France,4,B,B_1,94,53679.76087995795,51329.76309295618
4_94,2010-12-17,54997.69,France,4,B,B_1,94,55450.53538736158,52753.03168275587
4_94,2010-12-24,71065.2,France,4,B,B_1,94,71468.35466277532,54379.32554147489
4_94,2010-12-31,50530.8,France,4,B,B_1,94,50847.76667554716,66468.53081195577
4_94,2011-01-07,57693.68,France,4,B,B_1,94,57931.90398789033,54921.368581392744
4_94,2011-01-14,57876.6,France,4,B,B_1,94,58077.09148235844,56929.95625814601
4_94,2011-01-21,62783.75,France,4,B,B_1,94,62957.11360541774,57615.81605780686
4_94,2011-01-28,56587.87,France,4,B,B_1,94,56669.64775528069,63338.46993209026
4_94,2011-02-04,62840.3,France,4,B,B_1,94,62705.82976098639,107109.09163776123
4_94,2011-02-11,66931.11,France,4,B,B_1,94,66889.99892082385,80901.89468885979
4_94,2011-02-18,80295.61,France,4,B,B_1,94,79809.8478412236,71995.89554417544
4_94,2011-02-25,65236.04,France,4,B,B_1,94,65101.10138545002,72012.10258075186
4_94,2011-03-04,61995.47,France,4,B,B_1,94,61953.28628215834,69917.69113469165
4_94,2011-03-11,65710.33,France,4,B,B_1,94,65384.75063952833,62510.82093850193
4_94,2011-03-18,69806.0,France,4,B,B_1,94,69508.69578581341,67852.04570268358
4_94,2011-03-25,63572.22,France,4,B,B_1,94,63447.923917247346,67046.24084125008
4_94,2011-04-01,70408.42,France,4,B,B_1,94,70309.77785459335,71455.07633496089
4_94,2011-04-08,75504.53,France,4,B,B_1,94,75114.9116382506,68217.56813507494
4_94,2011-04-15,68714.85,France,4,B,B_1,94,68653.98187884684,73957.32682416707
4_94,2011-04-22,76646.0,France,4,B,B_1,94,76316.42827335902,71156.35261498572
4_94,2011-04-29,64577.36,France,4,B,B_1,94,64625.23135031622,73445.79902978934
4_94,2011-05-06,71606.82,France,4,B,B_1,94,71581.8575174573,74887.97512961298
4_94,2011-05-13,85354.11,France,4,B,B_1,94,85045.28604560663,78146.09622989917
4_94,2011-05-20,67366.78,France,4,B,B_1,94,67494.92884967581,78263.79340257616
4_94,2011-05-27,66480.1,France,4,B,B_1,94,66278.49261624296,66105.11207441732
4_94,2011-06-03,68368.22,France,4,B,B_1,94,68027.01216703444,63850.45071002068
4_94,2011-06-10,63651.91,France,4,B,B_1,94,63666.07535901992,69244.29349677949
4_94,2011-06-17,67282.62,France,4,B,B_1,94,67237.59378371235,67179.23676671437
4_94,2011-06-24,68804.95,France,4,B,B_1,94,68558.1922316135,61377.48395706616
4_94,2011-07-01,70835.13,France,4,B,B_1,94,70862.43761107844,70695.80989744184
4_94,2011-07-08,71660.58,France,4,B,B_1,94,71527.92754757742,67129.3735704672
4_94,2011-07-15,69945.35,France,4,B,B_1,94,69992.04448440637,74406.86039472427
4_94,2011-07-22,73316.95,France,4,B,B_1,94,73091.68118218491,68356.18255813576
4_94,2011-07-29,68641.01,France,4,B,B_1,94,68458.46013300994,66830.77402421998
4_94,2011-08-05,75362.66,France,4,B,B_1,94,71606.89687193614,72438.96222713591
4_94,2011-08-12,74975.11,France,4,B,B_1,94,73062.49805212463,74582.77702955113
4_94,2011-08-19,77493.27,France,4,B,B_1,94,69677.41829722893,71328.90951340298
4_94,2011-08-26,73028.12,France,4,B,B_1,94,68541.91892195566,72338.77790249087
4_94,2011-09-02,70893.22,France,4,B,B_1,94,73081.02601476721,75367.14635792299
4_94,2011-09-09,71860.57,France,4,B,B_1,94,74377.42691434373,73967.81721275806
4_94,2011-09-16,70416.42,France,4,B,B_1,94,69467.37416836136,68958.07902360153
4_94,2011-09-23,66277.31,France,4,B,B_1,94,71805.19418618575,71727.90337011087
4_94,2011-09-30,63663.75,France,4,B,B_1,94,64687.53089093325,63276.5314623375
4_94,2011-10-07,65462.15,France,4,B,B_1,94,62438.01295878565,61898.571715934515
4_94,2011-10-14,64438.46,France,4,B,B_1,94,65959.56029000014,66587.76709634846
4_94,2011-10-21,67672.13,France,4,B,B_1,94,66812.4041872611,66294.71211581716
4_94,2011-10-28,67020.21,France,4,B,B_1,94,67500.58337205938,67587.87989461189
4_94,2011-11-04,61582.26,France,4,B,B_1,94,65170.604601429826,65166.86624557522
4_94,2011-11-11,63555.46,France,4,B,B_1,94,63904.730380412184,62555.9228905342
4_94,2011-11-18,65593.19,France,4,B,B_1,94,65127.35510599248,64338.38570620776
4_94,2011-11-25,70961.34,France,4,B,B_1,94,69708.33345014173,68915.79938563306
4_94,2011-12-02,55118.83,France,4,B,B_1,94,56956.82185159913,58664.65614370203
4_94,2011-12-09,56982.91,France,4,B,B_1,94,61742.88102953143,60786.28070918496
4_94,2011-12-16,58196.13,France,4,B,B_1,94,61943.339956507945,59595.21915279265
4_94,2011-12-23,75675.91,France,4,B,B_1,94,76781.26124020906,72708.90477948601
4_94,2011-12-30,52259.21,France,4,B,B_1,94,55911.245305305485,56793.72890256408
4_94,2012-01-06,70251.06,France,4,B,B_1,94,61801.55475489886,59841.43768123854
4_94,2012-01-13,67817.3,France,4,B,B_1,94,65063.11400872692,67419.81880531888
4_94,2012-01-20,68759.13,France,4,B,B_1,94,71003.6095340209,71991.39182159977
4_94,2012-01-27,67861.2,France,4,B,B_1,94,63976.23451864267,65693.65857682728
4_94,2012-02-03,68699.27,France,4,B,B_1,94,71441.12998423356,74354.55791852452
4_94,2012-02-10,75695.42,France,4,B,B_1,94,74591.54445479096,74116.6946357372
4_94,2012-02-17,89337.77,France,4,B,B_1,94,87905.12774011237,86798.94740774405
4_94,2012-02-24,69564.72,France,4,B,B_1,94,73526.41242498043,75439.11513150073
4_94,2012-03-02,67255.52,France,4,B,B_1,94,68907.21964386529,68558.40855664916
4_94,2012-03-09,70858.3,France,4,B,B_1,94,71739.2924139319,70768.69858534809
4_94,2012-03-16,71271.28,France,4,B,B_1,94,75429.84678380765,74468.22440733925
4_94,2012-03-23,70494.51,France,4,B,B_1,94,67766.38215731374,66757.72632425459
4_94,2012-03-30,69824.5,France,4,B,B_1,94,75561.15384895167,75552.21001445348
4_94,2012-04-06,80741.61,France,4,B,B_1,94,78281.79629976428,75777.61296086476
4_94,2012-04-13,75174.85,France,4,B,B_1,94,72553.84970497647,73490.90649177702
4_94,2012-04-20,72990.96,France,4,B,B_1,94,81141.7103257113,81551.047409557
4_94,2012-04-27,73505.0,France,4,B,B_1,94,66398.812237691,65020.905288394424
4_94,2012-05-04,76181.57,France,4,B,B_1,94,73374.2628598697,71360.52080626867
4_94,2012-05-11,83660.49,France,4,B,B_1,94,86836.28399721638,83399.57992986245
4_94,2012-05-18,86908.04,France,4,B,B_1,94,69162.62095390211,67736.60419323585
4_94,2012-05-25,76999.64,France,4,B,B_1,94,68000.95212253055,66803.24262494723
4_94,2012-06-01,78475.88,France,4,B,B_1,94,69680.68758031086,68330.81884169823
4_94,2012-06-08,82583.74,France,4,B,B_1,94,65187.09378875976,64347.323653141364
4_94,2012-06-15,82566.2,France,4,B,B_1,94,68764.94387559938,67537.98872341849
4_94,2012-06-22,85429.87,France,4,B,B_1,94,70074.62314662249,68640.12606486856
4_94,2012-06-29,77497.07,France,4,B,B_1,94,72282.33621096102,70526.06610223961
4_94,2012-07-06,77604.13,France,4,B,B_1,94,72961.67101396258,71109.18619133187
4_94,2012-07-13,74493.98,France,4,B,B_1,94,71372.80829120715,69773.48782241915
4_94,2012-07-20,76957.44,France,4,B,B_1,94,74496.36192072881,72568.64164438598
4_94,2012-07-27,71546.25,France,4,B,B_1,94,69780.75553478576,68361.549017808
4_94,2012-08-03,73771.86,France,4,B,B_1,94,72962.96002267164,74297.50336602768
4_94,2012-08-10,73428.01,France,4,B,B_1,94,73019.88944918878,73965.42561366459
4_94,2012-08-17,72177.95,France,4,B,B_1,94,69113.00360162815,76000.27923933763
4_94,2012-08-24,72260.49,France,4,B,B_1,94,65081.19608545072,72031.5750422407
4_94,2012-08-31,68660.48,France,4,B,B_1,94,67824.48367825845,70282.12009490571
4_94,2012-09-07,73110.93,France,4,B,B_1,94,69895.20118329547,71177.0051946029
4_94,2012-09-14,75002.99,France,4,B,B_1,94,65983.37796274926,69807.24814729062
4_94,2012-09-21,75031.71,France,4,B,B_1,94,67799.33208068906,66297.29251984417
4_94,2012-09-28,71792.99,France,4,B,B_1,94,62788.684388534086,63878.831694419205
4_94,2012-10-05,75185.26,France,4,B,B_1,94,61018.45382825306,65363.10915813987
4_94,2012-10-12,75652.14,France,4,B,B_1,94,63328.064756809195,64559.454053481895
4_94,2012-10-19,76081.44,France,4,B,B_1,94,64791.974470426925,67389.68285628146
4_94,2012-10-26,76523.09,France,4,B,B_1,94,65133.72252344979,66839.2622976478
4_94,2012-10-28,,France,4,B,B_1,94,62888.54835802464,62085.6662108311
4_94,2012-11-04,,France,4,B,B_1,94,62999.044758715645,63781.02950343769
4_94,2012-11-11,,France,4,B,B_1,94,64369.01303139796,65575.33050845955
4_94,2012-11-18,,France,4,B,B_1,94,68804.26573814944,70318.07315654629
4_94,2012-11-25,,France,4,B,B_1,94,55516.57113043024,56263.40035648491
4_94,2012-12-02,,France,4,B,B_1,94,60879.57055854447,58029.133177828466
4_94,2012-12-09,,France,4,B,B_1,94,62814.61148093009,59145.605790184854
4_94,2012-12-16,,France,4,B,B_1,94,79069.53453839896,74690.6912674577
4_94,2012-12-23,,France,4,B,B_1,94,58524.56584566257,53901.97320261747
4_94,2012-12-30,,France,4,B,B_1,94,66061.73423184204,69599.54727048751
4_94,2013-01-06,,France,4,B,B_1,94,66134.26040058062,67514.56177830971
4_94,2013-01-13,,France,4,B,B_1,94,70947.23126220674,68459.30777652033
4_94,2013-01-20,,France,4,B,B_1,94,64895.133660696,68759.17206065112
4_94,2013-01-27,,France,4,B,B_1,94,70781.57397429686,71183.63796184617
4_94,2013-02-03,,France,4,B,B_1,94,75021.88274475213,77472.6392651866
4_94,2013-02-10,,France,4,B,B_1,94,87948.26794011716,89448.24750594626
4_94,2013-02-17,,France,4,B,B_1,94,72904.80982468024,72085.5235543795
4_94,2013-02-24,,France,4,B,B_1,94,69770.13040804314,70124.07930619424
4_94,2013-03-03,,France,4,B,B_1,94,73215.55045490742,73224.80065000165
4_94,2013-03-10,,France,4,B,B_1,94,77130.23081712126,73778.92550038497
4_94,2013-03-17,,France,4,B,B_1,94,71149.74897534229,72899.16070353544
4_94,2013-03-24,,France,4,B,B_1,94,77729.90867568308,72728.01656907756
4_94,2013-03-31,,France,4,B,B_1,94,82736.02592931179,82056.55031088153
4_94,2013-04-07,,France,4,B,B_1,94,76130.35734476658,77175.1928118001
4_94,2013-04-14,,France,4,B,B_1,94,83705.01490563809,75551.82756921106
35_14,2010-02-05,42892.73,Germany,35,C,C_1,14,29542.243524710844,0.0
35_14,2010-02-12,42431.08,Germany,35,C,C_1,14,37812.485131363544,30720.211811774785
35_14,2010-02-19,47211.61,Germany,35,C,C_1,14,39259.6887131508,38618.48684208206
35_14,2010-02-26,32728.78,Germany,35,C,C_1,14,36296.14646476798,44375.462469521124
35_14,2010-03-05,42013.27,Germany,35,C,C_1,14,37292.75301621061,36578.45293958451
35_14,2010-03-12,38764.04,Germany,35,C,C_1,14,38607.7099570531,40216.5648061925
35_14,2010-03-19,39623.81,Germany,35,C,C_1,14,42149.523740524666,39244.24108075914
35_14,2010-03-26,36515.82,Germany,35,C,C_1,14,38198.81941934713,39498.32521871886
35_14,2010-04-02,40128.68,Germany,35,C,C_1,14,37223.65922793457,37501.83090644461
35_14,2010-04-09,36775.41,Germany,35,C,C_1,14,38799.306055171204,39260.24835421863
35_14,2010-04-16,37419.8,Germany,35,C,C_1,14,40106.476255523565,37596.89314960129
35_14,2010-04-23,32890.96,Germany,35,C,C_1,14,39456.17428364294,37478.34668095433
35_14,2010-04-30,34544.79,Germany,35,C,C_1,14,33560.377971963106,34407.54189510183
35_14,2010-05-07,35932.89,Germany,35,C,C_1,14,39912.85023778305,34499.41602010622
35_14,2010-05-14,34797.17,Germany,35,C,C_1,14,34318.097446489875,35458.98604635245
35_14,2010-05-21,30349.9,Germany,35,C,C_1,14,31023.064063038702,35015.965210344184
35_14,2010-05-28,34175.14,Germany,35,C,C_1,14,31562.747928898934,31892.492877286404
35_14,2010-06-04,33816.12,Germany,35,C,C_1,14,31560.790060309566,33420.5009124343
35_14,2010-06-11,33633.18,Germany,35,C,C_1,14,33095.84558558889,33685.329031788846
35_14,2010-06-18,32181.95,Germany,35,C,C_1,14,30389.876867407515,33650.420377356204
35_14,2010-06-25,30743.32,Germany,35,C,C_1,14,31113.03917399867,32667.423700537693
35_14,2010-07-02,32139.72,Germany,35,C,C_1,14,32597.100023147366,31379.42526853114
35_14,2010-07-09,35446.88,Germany,35,C,C_1,14,30082.937148785404,31888.367911134555
35_14,2010-07-16,32067.26,Germany,35,C,C_1,14,33620.96790711357,34270.442219007986
35_14,2010-07-23,29271.96,Germany,35,C,C_1,14,29236.15296617934,32795.628131433594
35_14,2010-07-30,30936.83,Germany,35,C,C_1,14,28561.59457524089,30436.878430505538
35_14,2010-08-06,35069.48,Germany,35,C,C_1,14,37665.43140986137,30771.546898430686
35_14,2010-08-13,34379.27,Germany,35,C,C_1,14,36485.93540581722,33648.59094451999
35_14,2010-08-20,31743.42,Germany,35,C,C_1,14,33466.364748994034,34137.7088010551
35_14,2010-08-27,30064.88,Germany,35,C,C_1,14,31444.146756095684,32534.967628285598
35_14,2010-09-03,28881.28,Germany,35,C,C_1,14,29976.112885582523,30881.486586041625
35_14,2010-09-10,31167.28,Germany,35,C,C_1,14,32082.736621170105,29542.544747412656
35_14,2010-09-17,24243.96,Germany,35,C,C_1,14,24962.763473106188,30630.145409047167
35_14,2010-09-24,24633.05,Germany,35,C,C_1,14,25176.994012614567,26355.22156213746
35_14,2010-10-01,23779.83,Germany,35,C,C_1,14,24230.92049284266,25202.396861961806
35_14,2010-10-08,26007.08,Germany,35,C,C_1,14,26384.275424192027,24250.128079816994
35_14,2010-10-15,24641.69,Germany,35,C,C_1,14,24908.18139413981,25426.234813395928
35_14,2010-10-22,27294.6,Germany,35,C,C_1,14,27419.94344818502,24901.059122911895
35_14,2010-10-29,24194.0,Germany,35,C,C_1,14,24223.4857922825,26503.29963405041
35_14,2010-11-05,26534.62,Germany,35,C,C_1,14,26500.940896440006,24957.45036051132
35_14,2010-11-12,28033.16,Germany,35,C,C_1,14,27938.018319729083,26013.210516319014
35_14,2010-11-19,30853.18,Germany,35,C,C_1,14,30733.38437824088,27365.368285667108
35_14,2010-11-26,60196.25,Germany,35,C,C_1,14,60076.24091607146,29700.115637350587
35_14,2010-12-03,28230.0,Germany,35,C,C_1,14,28140.86787661105,50114.282103729995
35_14,2010-12-10,33889.2,Germany,35,C,C_1,14,33812.67892928056,35464.90482364055
35_14,2010-12-17,43378.32,Germany,35,C,C_1,14,43311.39657331968,34410.12521816137
35_14,2010-12-24,75655.88,Germany,35,C,C_1,14,75592.0530827191,40413.45072172407
35_14,2010-12-31,21041.31,Germany,35,C,C_1,14,20959.739546262364,64004.79542826757
35_14,2011-01-07,23909.88,Germany,35,C,C_1,14,23863.891572217744,35244.96203172031
35_14,2011-01-14,21688.79,Germany,35,C,C_1,14,21666.93664566381,27657.238002375474
35_14,2011-01-21,23225.36,Germany,35,C,C_1,14,23176.62886439986,23661.948316885035
35_14,2011-01-28,19053.6,Germany,35,C,C_1,14,19016.12993382832,26971.180760404044
35_14,2011-02-04,23939.35,Germany,35,C,C_1,14,24328.598729726153,51815.66366033572
35_14,2011-02-11,28819.06,Germany,35,C,C_1,14,28863.4009524206,33124.793416995344
35_14,2011-02-18,29130.33,Germany,35,C,C_1,14,29206.571920646744,33899.42405664247
35_14,2011-02-25,24212.81,Germany,35,C,C_1,14,23808.623581342086,20060.11509123002
35_14,2011-03-04,26142.34,Germany,35,C,C_1,14,26011.07329645757,29620.05326284834
35_14,2011-03-11,26272.78,Germany,35,C,C_1,14,25965.09416977531,24962.994715082616
35_14,2011-03-18,29826.52,Germany,35,C,C_1,14,29399.940275135574,26435.41104053199
35_14,2011-03-25,26581.69,Germany,35,C,C_1,14,26168.340104059742,26325.30116788754
35_14,2011-04-01,26136.96,Germany,35,C,C_1,14,25817.689622584872,29158.75226926896
35_14,2011-04-08,27094.29,Germany,35,C,C_1,14,26539.284012670953,24699.919545591518
35_14,2011-04-15,29018.05,Germany,35,C,C_1,14,28435.77836735049,26700.158156241356
35_14,2011-04-22,29156.88,Germany,35,C,C_1,14,28467.772813836,24824.28384882176
35_14,2011-04-29,25080.03,Germany,35,C,C_1,14,24635.318173159805,28850.844488611678
35_14,2011-05-06,31302.02,Germany,35,C,C_1,14,30706.515276233982,27431.503410521207
35_14,2011-05-13,26830.03,Germany,35,C,C_1,14,26424.663086135653,29082.716211501087
35_14,2011-05-20,23550.0,Germany,35,C,C_1,14,23100.502114984025,24309.598206817656
35_14,2011-05-27,24370.34,Germany,35,C,C_1,14,24050.943834842736,26650.087033965265
35_14,2011-06-03,23845.26,Germany,35,C,C_1,14,23477.93358167525,24910.95421535843
35_14,2011-06-10,24959.42,Germany,35,C,C_1,14,24494.907389255106,24075.513948446387
35_14,2011-06-17,22229.56,Germany,35,C,C_1,14,21817.743459178575,23558.558037721454
35_14,2011-06-24,22525.34,Germany,35,C,C_1,14,22131.14327907104,21623.028176371103
35_14,2011-07-01,24303.61,Germany,35,C,C_1,14,23812.34061161684,23253.76055536813
35_14,2011-07-08,22187.62,Germany,35,C,C_1,14,21722.95821328747,26391.722109816477
35_14,2011-07-15,24509.03,Germany,35,C,C_1,14,23805.96027737766,21144.58863382778
35_14,2011-07-22,20694.6,Germany,35,C,C_1,14,20037.663122533893,21239.222624310238
35_14,2011-07-29,20141.05,Germany,35,C,C_1,14,19591.872500252764,22131.758133697575
35_14,2011-08-05,24521.22,Germany,35,C,C_1,14,28079.6588963017,23925.619631097245
35_14,2011-08-12,23775.3,Germany,35,C,C_1,14,26661.048942100864,23801.031245236958
35_14,2011-08-19,28561.33,Germany,35,C,C_1,14,23441.969468317213,21804.489898377105
35_14,2011-08-26,25683.64,Germany,35,C,C_1,14,23174.606039521786,24912.284899749815
35_14,2011-09-02,21750.85,Germany,35,C,C_1,14,22731.476572313462,24513.26038169721
35_14,2011-09-09,26447.78,Germany,35,C,C_1,14,24907.42474953902,24382.7458530457
35_14,2011-09-16,21762.11,Germany,35,C,C_1,14,18459.731836537867,20552.539512743708
35_14,2011-09-23,20457.46,Germany,35,C,C_1,14,19759.159378476994,21591.91001159479
35_14,2011-09-30,24384.37,Germany,35,C,C_1,14,19199.806494641343,20218.914053949124
35_14,2011-10-07,24219.08,Germany,35,C,C_1,14,22874.315937609033,24576.347093134547
35_14,2011-10-14,23284.61,Germany,35,C,C_1,14,21940.110977188597,23343.78936509852
35_14,2011-10-21,24773.92,Germany,35,C,C_1,14,24973.989162995527,25276.112294926003
35_14,2011-10-28,24977.8,Germany,35,C,C_1,14,21872.309833672698,22664.765395442595
35_14,2011-11-04,19992.79,Germany,35,C,C_1,14,25068.29215991995,25929.669330672656
35_14,2011-11-11,26905.05,Germany,35,C,C_1,14,25318.928904669814,23260.165471050077
35_14,2011-11-18,26425.47,Germany,35,C,C_1,14,28600.084224661205,27856.894975929736
35_14,2011-11-25,56119.47,Germany,35,C,C_1,14,57461.73968170394,48747.10433334009
35_14,2011-12-02,27725.33,Germany,35,C,C_1,14,25247.689812104818,29835.910187613277
35_14,2011-12-09,32135.7,Germany,35,C,C_1,14,31624.571168268634,32658.92289307648
35_14,2011-12-16,39302.02,Germany,35,C,C_1,14,41337.068601592306,39491.472821978794
35_14,2011-12-23,65737.51,Germany,35,C,C_1,14,73181.64046925567,63272.41262861193
35_14,2011-12-30,35066.75,Germany,35,C,C_1,14,16714.66273346339,24207.84618122643
35_14,2012-01-06,22285.14,Germany,35,C,C_1,14,24374.82512092404,33141.98465769622
35_14,2012-01-13,23184.09,Germany,35,C,C_1,14,21771.933857997494,24352.50167952811
35_14,2012-01-20,25055.84,Germany,35,C,C_1,14,23773.855513372706,24623.578256865778
35_14,2012-01-27,15571.36,Germany,35,C,C_1,14,20070.406942836198,23372.1044428281
35_14,2012-02-03,23797.4,Germany,35,C,C_1,14,24349.97751737052,27305.750355645858
35_14,2012-02-10,25527.9,Germany,35,C,C_1,14,28978.43937691902,28418.852113438108
35_14,2012-02-17,24939.78,Germany,35,C,C_1,14,28569.666928752027,27459.797313796338
35_14,2012-02-24,26533.98,Germany,35,C,C_1,14,22381.68019416382,20382.24605393106
35_14,2012-03-02,26785.01,Germany,35,C,C_1,14,25632.329377273483,27006.391790613103
35_14,2012-03-09,27458.65,Germany,35,C,C_1,14,25964.144871514134,26495.863637023176
35_14,2012-03-16,24507.52,Germany,35,C,C_1,14,29822.235247853678,29672.178042112675
35_14,2012-03-23,23857.97,Germany,35,C,C_1,14,25234.434035171424,23654.48550690437
35_14,2012-03-30,22960.79,Germany,35,C,C_1,14,24514.763224773433,23990.589644540643
35_14,2012-04-06,26007.99,Germany,35,C,C_1,14,24847.60198151466,23496.176785364063
35_14,2012-04-13,24142.92,Germany,35,C,C_1,14,26977.717343907858,26520.557668846537
35_14,2012-04-20,22759.39,Germany,35,C,C_1,14,26214.481665775995,24416.598574142365
35_14,2012-04-27,21457.13,Germany,35,C,C_1,14,21373.822047079168,20779.51956855887
35_14,2012-05-04,26710.87,Germany,35,C,C_1,14,27380.72554923156,25240.093322513134
35_14,2012-05-11,29740.04,Germany,35,C,C_1,14,22983.59878445749,21999.40401853178
35_14,2012-05-18,28327.0,Germany,35,C,C_1,14,19597.331624019353,19101.86141788657
35_14,2012-05-25,24479.74,Germany,35,C,C_1,14,20467.267505519445,20205.28344221041
35_14,2012-06-01,24767.77,Germany,35,C,C_1,14,19850.47071841153,19796.27387051635
35_14,2012-06-08,25860.76,Germany,35,C,C_1,14,20811.35554464136,20527.487020259236
35_14,2012-06-15,22310.9,Germany,35,C,C_1,14,18046.966241260445,18439.53682129518
35_14,2012-06-22,24349.94,Germany,35,C,C_1,14,18285.619805499362,18432.390556139002
35_14,2012-06-29,25203.34,Germany,35,C,C_1,14,19898.154013379786,19855.94914199788
35_14,2012-07-06,27445.75,Germany,35,C,C_1,14,17709.662352238658,18880.66868686488
35_14,2012-07-13,24505.74,Germany,35,C,C_1,14,19706.08145943836,19979.551177928875
35_14,2012-07-20,27976.63,Germany,35,C,C_1,14,15779.293782461367,16955.320722291755
35_14,2012-07-27,22684.98,Germany,35,C,C_1,14,15181.826845854343,16820.385809888594
35_14,2012-08-03,24872.82,Germany,35,C,C_1,14,23423.049481462727,20428.7121229756
35_14,2012-08-10,26578.07,Germany,35,C,C_1,14,22954.18526097349,19826.005457561976
35_14,2012-08-17,27349.34,Germany,35,C,C_1,14,20747.378403314804,22719.549781696733
35_14,2012-08-24,23804.88,Germany,35,C,C_1,14,19130.282251490386,20489.386670581298
35_14,2012-08-31,27079.54,Germany,35,C,C_1,14,17958.809249570575,17610.21946201305
35_14,2012-09-07,30287.12,Germany,35,C,C_1,14,20471.737173967478,21135.690979312032
35_14,2012-09-14,23675.71,Germany,35,C,C_1,14,13694.768421167952,16913.02012657027
35_14,2012-09-21,23087.67,Germany,35,C,C_1,14,14074.423845045761,16055.277264640235
35_14,2012-09-28,24100.54,Germany,35,C,C_1,14,13461.649527719024,18625.038994805804
35_14,2012-10-05,25638.69,Germany,35,C,C_1,14,15677.396300670807,18834.347284719053
35_14,2012-10-12,27358.07,Germany,35,C,C_1,14,14362.656028691334,18005.952215022455
35_14,2012-10-19,24766.86,Germany,35,C,C_1,14,16963.76828880208,19408.49556508453
35_14,2012-10-26,22116.65,Germany,35,C,C_1,14,13965.256431942638,19111.704625470396
35_14,2012-10-28,,Germany,35,C,C_1,14,16072.16214782508,16047.69665872229
35_14,2012-11-04,,Germany,35,C,C_1,14,17766.33097794458,21047.593786396024
35_14,2012-11-11,,Germany,35,C,C_1,14,20490.106766163502,21222.51992550685
35_14,2012-11-18,,Germany,35,C,C_1,14,49891.20467964526,45813.890769389836
35_14,2012-11-25,,Germany,35,C,C_1,14,18101.871192754625,21791.43824882934
35_14,2012-12-02,,Germany,35,C,C_1,14,23754.644477243593,25620.09887471178
35_14,2012-12-09,,Germany,35,C,C_1,14,33219.91825078969,31982.3949555787
35_14,2012-12-16,,Germany,35,C,C_1,14,65383.843065674766,54703.88093062895
35_14,2012-12-23,,Germany,35,C,C_1,14,11568.950609920403,25766.262493276005
35_14,2012-12-30,,Germany,35,C,C_1,14,13901.561661318508,17251.437561281247
35_14,2013-01-06,,Germany,35,C,C_1,14,11858.097101666299,17474.500327121837
35_14,2013-01-13,,Germany,35,C,C_1,14,13420.202370881925,18894.81813646443
35_14,2013-01-20,,Germany,35,C,C_1,14,9135.006869678145,12811.656856293923
35_14,2013-01-27,,Germany,35,C,C_1,14,14603.881965164917,22778.167891470253
35_14,2013-02-03,,Germany,35,C,C_1,14,19223.032768195415,24547.223863188232
35_14,2013-02-10,,Germany,35,C,C_1,14,19633.685018786375,24677.89187962693
35_14,2013-02-17,,Germany,35,C,C_1,14,14564.98868485089,23713.713380192115
35_14,2013-02-24,,Germany,35,C,C_1,14,16628.640473726606,25019.62487975596
35_14,2013-03-03,,Germany,35,C,C_1,14,16625.5222556262,25166.191392751454
35_14,2013-03-10,,Germany,35,C,C_1,14,19841.745986902977,23720.84823140093
35_14,2013-03-17,,Germany,35,C,C_1,14,16676.958982839795,22587.593762555454
35_14,2013-03-24,,Germany,35,C,C_1,14,16269.1011556262,22289.293947729988
35_14,2013-03-31,,Germany,35,C,C_1,14,17052.117713684005,24091.624603645403
35_14,2013-04-07,,Germany,35,C,C_1,14,18741.13479220455,23142.43989243829
35_14,2013-04-14,,Germany,35,C,C_1,14,18762.71133484826,21788.859857699914
11_93,2010-02-05,31781.73,Canada,11,B,B_3,93,32448.343297189425,0.0
11_93,2010-02-12,32405.28,Canada,11,B,B_3,93,32310.103608716476,26306.15109100503
11_93,2010-02-19,28800.25,Canada,11,B,B_3,93,32106.583537861217,31207.98681091859
11_93,2010-02-26,25648.84,Canada,11,B,B_3,93,27947.467755653157,29275.14133718464
11_93,2010-03-05,27901.41,Canada,11,B,B_3,93,29351.97657035218,26364.206817378446
11_93,2010-03-12,27581.85,Canada,11,B,B_3,93,29708.21545059074,27598.161070664024
11_93,2010-03-19,28996.36,Canada,11,B,B_3,93,31592.015938639706,27585.067737346046
11_93,2010-03-26,26711.14,Canada,11,B,B_3,93,24935.986733223603,28717.949835370106
11_93,2010-04-02,30639.66,Canada,11,B,B_3,93,26458.31268619122,27107.0298320825
11_93,2010-04-09,40680.47,Canada,11,B,B_3,93,31823.882258596233,29942.76668237715
11_93,2010-04-16,31898.65,Canada,11,B,B_3,93,33241.18976604723,38562.20872356296
11_93,2010-04-23,28358.87,Canada,11,B,B_3,93,32149.61170830831,33213.19166592792
11_93,2010-04-30,26225.4,Canada,11,B,B_3,93,34319.333987050675,29316.497651290065
11_93,2010-05-07,31387.23,Canada,11,B,B_3,93,32820.55651197739,26835.190777667223
11_93,2010-05-14,30343.07,Canada,11,B,B_3,93,33181.46970087646,30489.234578794334
11_93,2010-05-21,28235.6,Canada,11,B,B_3,93,29620.986037660245,30371.904356667193
11_93,2010-05-28,27402.45,Canada,11,B,B_3,93,26026.14143245421,28657.035632886706
11_93,2010-06-04,31686.29,Canada,11,B,B_3,93,31514.182485702197,27649.94614377558
11_93,2010-06-11,33785.06,Canada,11,B,B_3,93,34487.49060587732,30890.027462647857
11_93,2010-06-18,31821.46,Canada,11,B,B_3,93,33531.66259490856,33213.947618096725
11_93,2010-06-25,26802.17,Canada,11,B,B_3,93,29181.222778348005,32096.160512025817
11_93,2010-07-02,29579.31,Canada,11,B,B_3,93,29410.553732334978,27846.532538965377
11_93,2010-07-09,34442.94,Canada,11,B,B_3,93,36896.91662328237,29237.479415952414
11_93,2010-07-16,31565.72,Canada,11,B,B_3,93,32413.58506329353,33416.042044725844
11_93,2010-07-23,27794.42,Canada,11,B,B_3,93,26863.95267382966,31930.73898221085
11_93,2010-07-30,26553.64,Canada,11,B,B_3,93,25817.968363633398,28610.40495207342
11_93,2010-08-06,30454.85,Canada,11,B,B_3,93,30592.664580342756,26959.38463866584
11_93,2010-08-13,31262.49,Canada,11,B,B_3,93,31397.0059486791,29765.288303329777
11_93,2010-08-20,28899.09,Canada,11,B,B_3,93,29004.257170479337,30967.132204830974
11_93,2010-08-27,27869.83,Canada,11,B,B_3,93,27922.065982240336,29307.059338596016
11_93,2010-09-03,30402.75,Canada,11,B,B_3,93,30420.004151465873,28153.356855161914
11_93,2010-09-10,33244.88,Canada,11,B,B_3,93,33228.84520365444,29959.004978066547
11_93,2010-09-17,32522.48,Canada,11,B,B_3,93,32462.075300271074,32596.66486383113
11_93,2010-09-24,28850.85,Canada,11,B,B_3,93,28783.29615717491,32537.114686739158
11_93,2010-10-01,25918.94,Canada,11,B,B_3,93,25909.63021872641,29578.051293390352
11_93,2010-10-08,32824.65,Canada,11,B,B_3,93,32941.53624590944,26640.784656132524
11_93,2010-10-15,31453.99,Canada,11,B,B_3,93,31643.899602715443,31604.738990248272
11_93,2010-10-22,27937.66,Canada,11,B,B_3,93,28078.613474655613,31483.728738262645
11_93,2010-10-29,26073.46,Canada,11,B,B_3,93,26100.092021884368,28637.20438762691
11_93,2010-11-05,32102.87,Canada,11,B,B_3,93,32037.894724714068,26579.21810285986
11_93,2010-11-12,36416.73,Canada,11,B,B_3,93,36311.1043648079,31013.20142077716
11_93,2010-11-19,39498.75,Canada,11,B,B_3,93,39353.71043431602,35350.75853413698
11_93,2010-11-26,38744.17,Canada,11,B,B_3,93,38600.99036265579,38680.4623795264
11_93,2010-12-03,27958.24,Canada,11,B,B_3,93,27832.174371140656,38731.60219276308
11_93,2010-12-10,32607.07,Canada,11,B,B_3,93,32478.243830975898,30083.535817449858
11_93,2010-12-17,35303.96,Canada,11,B,B_3,93,35153.53721237038,32109.244293651012
11_93,2010-12-24,42890.45,Canada,11,B,B_3,93,42701.609787170644,34673.72815527414
11_93,2010-12-31,25362.32,Canada,11,B,B_3,93,25152.537970262525,41269.51084866659
11_93,2011-01-07,30558.33,Canada,11,B,B_3,93,30325.720205358648,28500.38271182063
11_93,2011-01-14,33226.89,Canada,11,B,B_3,93,32960.54894398945,30152.35211808696
11_93,2011-01-21,30738.3,Canada,11,B,B_3,93,30470.39175918263,32620.366021310194
11_93,2011-01-28,27300.57,Canada,11,B,B_3,93,27046.49390819621,31962.954428811503
11_93,2011-02-04,33886.32,Canada,11,B,B_3,93,33569.045913299495,53054.82434680734
11_93,2011-02-11,33810.88,Canada,11,B,B_3,93,33516.673139954015,38393.272356105466
11_93,2011-02-18,33631.69,Canada,11,B,B_3,93,33081.96680855008,31709.84817346599
11_93,2011-02-25,29613.68,Canada,11,B,B_3,93,29142.809850576996,30476.814182067632
11_93,2011-03-04,31100.45,Canada,11,B,B_3,93,30713.38448789278,31743.053659163445
11_93,2011-03-11,31512.82,Canada,11,B,B_3,93,31094.202196943814,30974.928128038915
11_93,2011-03-18,33494.41,Canada,11,B,B_3,93,33046.115326627456,32614.609885689002
11_93,2011-03-25,26942.98,Canada,11,B,B_3,93,26811.173607854358,31343.65201530654
11_93,2011-04-01,28387.56,Canada,11,B,B_3,93,28430.19131303748,31339.18142842468
11_93,2011-04-08,33588.25,Canada,11,B,B_3,93,33942.50189015232,37715.81470273975
11_93,2011-04-15,34652.22,Canada,11,B,B_3,93,34282.48223781661,26920.73187848556
11_93,2011-04-22,33637.09,Canada,11,B,B_3,93,33086.37135992091,29849.74829226354
11_93,2011-04-29,35970.06,Canada,11,B,B_3,93,35131.89767841426,30951.19846178573
11_93,2011-05-06,34785.51,Canada,11,B,B_3,93,34448.795150307546,39313.59909600677
11_93,2011-05-13,35173.07,Canada,11,B,B_3,93,34783.926090331275,34891.841586726594
11_93,2011-05-20,31683.26,Canada,11,B,B_3,93,31453.487172280504,33285.73213128445
11_93,2011-05-27,28117.57,Canada,11,B,B_3,93,28113.86911387339,31324.65766123926
11_93,2011-06-03,33535.17,Canada,11,B,B_3,93,33464.20443471431,32537.97162028823
11_93,2011-06-10,36515.15,Canada,11,B,B_3,93,36373.688016540174,35135.797154233194
11_93,2011-06-17,35629.78,Canada,11,B,B_3,93,35383.313800207005,34504.827351845146
11_93,2011-06-24,31377.34,Canada,11,B,B_3,93,31067.109972759907,31041.696520416433
11_93,2011-07-01,31749.4,Canada,11,B,B_3,93,31581.659103730966,33703.990857620585
11_93,2011-07-08,39300.35,Canada,11,B,B_3,93,38890.16653467209,36387.318170258426
11_93,2011-07-15,34964.31,Canada,11,B,B_3,93,34635.4786175771,36168.45698914164
11_93,2011-07-22,29462.14,Canada,11,B,B_3,93,29258.5809907994,31957.688636710656
11_93,2011-07-29,28364.27,Canada,11,B,B_3,93,28172.99044615134,28939.6794811819
11_93,2011-08-05,35331.39,Canada,11,B,B_3,93,32868.736438361404,31864.09442857171
11_93,2011-08-12,34591.41,Canada,11,B,B_3,93,33782.00407469395,35266.553246081785
11_93,2011-08-19,32930.85,Canada,11,B,B_3,93,31433.422823127643,32697.856216306933
11_93,2011-08-26,28976.57,Canada,11,B,B_3,93,30424.11972736058,31991.197372466675
11_93,2011-09-02,32466.29,Canada,11,B,B_3,93,32872.275986636174,31840.888580728377
11_93,2011-09-09,35148.36,Canada,11,B,B_3,93,35671.714472367275,34791.31476280513
11_93,2011-09-16,36002.75,Canada,11,B,B_3,93,34890.04603329676,34441.44553901757
11_93,2011-09-23,29426.17,Canada,11,B,B_3,93,31258.39406288165,32472.13071273799
11_93,2011-09-30,28819.83,Canada,11,B,B_3,93,28307.61769320832,27570.956546802165
11_93,2011-10-07,34617.76,Canada,11,B,B_3,93,35354.881767316176,34504.22834836013
11_93,2011-10-14,34620.4,Canada,11,B,B_3,93,34030.720921990905,33414.19329275758
11_93,2011-10-21,31555.87,Canada,11,B,B_3,93,30504.01958832309,31306.44131875589
11_93,2011-10-28,27896.65,Canada,11,B,B_3,93,28585.628948366608,29897.681151746925
11_93,2011-11-04,33118.62,Canada,11,B,B_3,93,34506.92213376522,33567.967359623326
11_93,2011-11-11,36209.59,Canada,11,B,B_3,93,38727.736019896976,36980.050467724206
11_93,2011-11-18,39110.1,Canada,11,B,B_3,93,41669.769910210525,39057.878940826224
11_93,2011-11-25,40275.52,Canada,11,B,B_3,93,40809.500418849704,38426.82604718697
11_93,2011-12-02,28835.34,Canada,11,B,B_3,93,30013.693205031817,30544.39066466355
11_93,2011-12-09,37111.01,Canada,11,B,B_3,93,34608.39524650404,33215.44282747662
11_93,2011-12-16,39119.98,Canada,11,B,B_3,93,37382.82519124677,38606.389279707604
11_93,2011-12-23,45972.15,Canada,11,B,B_3,93,44999.941693158195,45531.97637805758
11_93,2011-12-30,30954.02,Canada,11,B,B_3,93,27486.54993379039,30742.185710946622
11_93,2012-01-06,36193.99,Canada,11,B,B_3,93,32796.45741863209,35360.281261123484
11_93,2012-01-13,36343.81,Canada,11,B,B_3,93,35566.04627719667,38313.54179310282
11_93,2012-01-20,32704.7,Canada,11,B,B_3,93,33101.52481536031,34608.82473336287
11_93,2012-01-27,27573.59,Canada,11,B,B_3,93,29654.524908384123,30362.321268033276
11_93,2012-02-03,32188.76,Canada,11,B,B_3,93,36091.08912632212,36505.565972153454
11_93,2012-02-10,38095.89,Canada,11,B,B_3,93,35869.38411871857,33172.89164649589
11_93,2012-02-17,34909.35,Canada,11,B,B_3,93,35533.34397938933,36483.72470432847
11_93,2012-02-24,29997.15,Canada,11,B,B_3,93,31544.198163215828,31554.2692528053
11_93,2012-03-02,30764.42,Canada,11,B,B_3,93,33029.718176738876,31820.4128394171
11_93,2012-03-09,33164.55,Canada,11,B,B_3,93,33306.922404933735,31315.890186404617
11_93,2012-03-16,34764.93,Canada,11,B,B_3,93,35239.311071348224,34564.366543217984
11_93,2012-03-23,29237.5,Canada,11,B,B_3,93,28946.21423096234,28984.574515693566
11_93,2012-03-30,27489.27,Canada,11,B,B_3,93,30560.539936577818,30809.305164492765
11_93,2012-04-06,38699.13,Canada,11,B,B_3,93,35929.1053791845,33629.802031341285
11_93,2012-04-13,43699.66,Canada,11,B,B_3,93,36445.67141907476,37570.80893986112
11_93,2012-04-20,32989.51,Canada,11,B,B_3,93,35542.898137473465,41112.32842751673
11_93,2012-04-27,28974.71,Canada,11,B,B_3,93,37484.95584408879,36532.00435641396
11_93,2012-05-04,33907.94,Canada,11,B,B_3,93,36735.469147935495,36064.561537216585
11_93,2012-05-11,34889.77,Canada,11,B,B_3,93,37062.31772110177,36284.43546794429
11_93,2012-05-18,34406.84,Canada,11,B,B_3,93,33706.83238932018,33131.604360064535
11_93,2012-05-25,32432.1,Canada,11,B,B_3,93,30343.9515725296,30050.665249958773
11_93,2012-06-01,34809.36,Canada,11,B,B_3,93,35700.258117966274,35048.93249039938
11_93,2012-06-08,37499.09,Canada,11,B,B_3,93,38613.19682007684,37773.68783827246
11_93,2012-06-15,39374.71,Canada,11,B,B_3,93,37625.75258201412,36824.55118826211
11_93,2012-06-22,34064.35,Canada,11,B,B_3,93,33305.333329970825,32732.93022329796
11_93,2012-06-29,32422.05,Canada,11,B,B_3,93,33798.851590959515,33331.96044458524
11_93,2012-07-06,42984.15,Canada,11,B,B_3,93,41118.415534205255,40180.51002484504
11_93,2012-07-13,38125.98,Canada,11,B,B_3,93,36842.66640067761,36239.10507950972
11_93,2012-07-20,36532.91,Canada,11,B,B_3,93,31444.872257524337,31219.426658187538
11_93,2012-07-27,30634.21,Canada,11,B,B_3,93,30351.1214474741,30167.95216963466
11_93,2012-08-03,34169.17,Canada,11,B,B_3,93,35195.71218467257,36426.8064380865
11_93,2012-08-10,34875.22,Canada,11,B,B_3,93,35896.27806731836,35890.20268119588
11_93,2012-08-17,36500.69,Canada,11,B,B_3,93,33561.97254222529,34250.30951243586
11_93,2012-08-24,31137.9,Canada,11,B,B_3,93,32289.60582363512,30820.57947215036
11_93,2012-08-31,31591.05,Canada,11,B,B_3,93,34867.343775861256,34017.73162338368
11_93,2012-09-07,36537.23,Canada,11,B,B_3,93,37675.0037539431,36568.109659969625
11_93,2012-09-14,35348.98,Canada,11,B,B_3,93,37026.68225509089,37210.32684414262
11_93,2012-09-21,33742.93,Canada,11,B,B_3,93,33147.90787422551,31299.18815419395
11_93,2012-09-28,29026.9,Canada,11,B,B_3,93,30432.10190026145,30489.465034775494
11_93,2012-10-05,35179.52,Canada,11,B,B_3,93,37373.16050317645,36071.22190365429
11_93,2012-10-12,35469.17,Canada,11,B,B_3,93,36170.07782200396,35935.196897149406
11_93,2012-10-19,31098.31,Canada,11,B,B_3,93,32651.436936497914,32993.81723768061
11_93,2012-10-26,27229.43,Canada,11,B,B_3,93,30571.070470166287,29728.935250712148
11_93,2012-10-28,,Canada,11,B,B_3,93,36472.273611579374,34745.677291758744
11_93,2012-11-04,,Canada,11,B,B_3,93,40672.15452984608,37801.73280447589
11_93,2012-11-11,,Canada,11,B,B_3,93,43714.2895505701,40563.145714658036
11_93,2012-11-18,,Canada,11,B,B_3,93,43098.36296960522,41457.22035648547
11_93,2012-11-25,,Canada,11,B,B_3,93,32282.258326028143,30731.35833067859
11_93,2012-12-02,,Canada,11,B,B_3,93,37179.605219717836,38160.29869978749
11_93,2012-12-09,,Canada,11,B,B_3,93,39802.45827550751,40138.61875307837
11_93,2012-12-16,,Canada,11,B,B_3,93,47298.35843225137,46666.60191729455
11_93,2012-12-23,,Canada,11,B,B_3,93,29917.830410075076,32245.536559070362
11_93,2012-12-30,,Canada,11,B,B_3,93,35082.897173977886,37169.060863049424
11_93,2013-01-06,,Canada,11,B,B_3,93,37534.53954140709,37567.89283244067
11_93,2013-01-13,,Canada,11,B,B_3,93,34956.62711949067,34242.91677760836
11_93,2013-01-20,,Canada,11,B,B_3,93,31408.833907164844,29659.543000068035
11_93,2013-01-27,,Canada,11,B,B_3,93,37803.83487001851,35316.369859696584
11_93,2013-02-03,,Canada,11,B,B_3,93,38160.426069378314,40299.261129912906
11_93,2013-02-10,,Canada,11,B,B_3,93,37538.9781901572,37456.343231650695
11_93,2013-02-17,,Canada,11,B,B_3,93,33511.81332640971,32819.91641322046
11_93,2013-02-24,,Canada,11,B,B_3,93,35011.111182598856,33699.80954276132
11_93,2013-03-03,,Canada,11,B,B_3,93,35526.613766065326,35738.71412532787
11_93,2013-03-10,,Canada,11,B,B_3,93,37443.35835971813,37328.929827287786
11_93,2013-03-17,,Canada,11,B,B_3,93,31223.42944552736,31977.139563147266
11_93,2013-03-24,,Canada,11,B,B_3,93,32596.88957600601,30822.06561696644
11_93,2013-03-31,,Canada,11,B,B_3,93,38492.32466446391,41145.51064081634
11_93,2013-04-07,,Canada,11,B,B_3,93,39206.06303190188,45062.604483896524
11_93,2013-04-14,,Canada,11,B,B_3,93,37512.36528154452,35831.159762157266
6_96,2010-02-05,24989.15,USA,6,B,B_6,96,23802.252465673744,0.0
6_96,2010-02-12,25339.75,USA,6,B,B_6,96,25537.47848793633,21131.093462048484
6_96,2010-02-19,23434.97,USA,6,B,B_6,96,25289.915704300292,22936.528366749153
6_96,2010-02-26,23474.78,USA,6,B,B_6,96,24455.618695571116,22334.894219616122
6_96,2010-03-05,25964.87,USA,6,B,B_6,96,26135.394423773927,22788.32910084688
6_96,2010-03-12,26602.33,USA,6,B,B_6,96,26400.169138073514,25040.19987288067
6_96,2010-03-19,33828.78,USA,6,B,B_6,96,36199.57747603588,25902.13894694484
6_96,2010-03-26,26812.59,USA,6,B,B_6,96,28102.901086909704,31938.80640195528
6_96,2010-04-02,34484.93,USA,6,B,B_6,96,28281.595619188993,27058.40025693246
6_96,2010-04-09,32352.79,USA,6,B,B_6,96,30487.55003816638,33089.53480727101
6_96,2010-04-16,29300.77,USA,6,B,B_6,96,28786.606648438094,31919.61149604289
6_96,2010-04-23,29606.07,USA,6,B,B_6,96,32629.353517355514,29648.401772724123
6_96,2010-04-30,30309.96,USA,6,B,B_6,96,29753.87519797889,29759.546706430014
6_96,2010-05-07,30139.31,USA,6,B,B_6,96,27526.013902087718,30262.926139876417
6_96,2010-05-14,28734.92,USA,6,B,B_6,96,27145.978334708656,30144.634595131753
6_96,2010-05-21,30180.76,USA,6,B,B_6,96,28040.195251175777,29021.491385346344
6_96,2010-05-28,37648.57,USA,6,B,B_6,96,36278.9487571891,30066.40580811984
6_96,2010-06-04,39919.12,USA,6,B,B_6,96,38248.430057406054,36071.505120684655
6_96,2010-06-11,34627.15,USA,6,B,B_6,96,32716.544748005355,38485.49781390189
6_96,2010-06-18,35041.88,USA,6,B,B_6,96,32659.44410506967,34807.691811506455
6_96,2010-06-25,35827.35,USA,6,B,B_6,96,35589.57342195122,35069.915513220665
6_96,2010-07-02,39164.46,USA,6,B,B_6,96,42402.02186882897,35686.25783920424
6_96,2010-07-09,39126.19,USA,6,B,B_6,96,44426.38998546062,38404.051392876456
6_96,2010-07-16,31941.14,USA,6,B,B_6,96,34257.377357562975,38663.491430860726
6_96,2010-07-23,32068.81,USA,6,B,B_6,96,34210.18280776305,33104.182836518106
6_96,2010-07-30,31693.71,USA,6,B,B_6,96,32587.15112541034,32762.560816559664
6_96,2010-08-06,34115.77,USA,6,B,B_6,96,34376.821635518056,32198.551759788916
6_96,2010-08-13,34009.2,USA,6,B,B_6,96,34285.35521254943,33939.5343106089
6_96,2010-08-20,30826.95,USA,6,B,B_6,96,31089.208325925727,33921.66991742077
6_96,2010-08-27,25490.73,USA,6,B,B_6,96,25731.51983106751,31414.687530054114
6_96,2010-09-03,30774.93,USA,6,B,B_6,96,31009.773269827143,26930.688142056482
6_96,2010-09-10,29980.4,USA,6,B,B_6,96,30219.53084320211,30599.875143127698
6_96,2010-09-17,25581.31,USA,6,B,B_6,96,25802.6312822217,30032.367872937317
6_96,2010-09-24,26301.23,USA,6,B,B_6,96,26489.627293000936,26500.79343688147
6_96,2010-10-01,26360.91,USA,6,B,B_6,96,26598.3021564507,26724.843984338466
6_96,2010-10-08,25506.52,USA,6,B,B_6,96,25822.838273040994,26610.936492262106
6_96,2010-10-15,26087.36,USA,6,B,B_6,96,26427.09171627381,25833.53514834443
6_96,2010-10-22,26004.18,USA,6,B,B_6,96,26319.511864732296,26172.50710459709
6_96,2010-10-29,26469.7,USA,6,B,B_6,96,26760.74125862871,26073.64146134208
6_96,2010-11-05,27812.65,USA,6,B,B_6,96,28133.64686388117,26418.791541680515
6_96,2010-11-12,28240.02,USA,6,B,B_6,96,28601.126184455083,27510.318060028876
6_96,2010-11-19,25361.13,USA,6,B,B_6,96,25757.98170094996,27966.89313124446
6_96,2010-11-26,38107.03,USA,6,B,B_6,96,38537.61040682113,25773.127247470915
6_96,2010-12-03,24924.23,USA,6,B,B_6,96,25384.09198464197,35791.59160682453
6_96,2010-12-10,26954.16,USA,6,B,B_6,96,27448.378847719636,26152.432087363748
6_96,2010-12-17,28021.72,USA,6,B,B_6,96,28556.990698603266,27308.207195351497
6_96,2010-12-24,38197.94,USA,6,B,B_6,96,38758.242695674046,28034.25782768221
6_96,2010-12-31,31722.6,USA,6,B,B_6,96,32253.9585795312,36174.27685335149
6_96,2011-01-07,18817.96,USA,6,B,B_6,96,19266.375841366702,31827.713561074583
6_96,2011-01-14,21509.81,USA,6,B,B_6,96,21882.6177849928,21608.35056279355
6_96,2011-01-21,20801.45,USA,6,B,B_6,96,21127.687486343028,22986.442779141325
6_96,2011-01-28,22109.15,USA,6,B,B_6,96,22401.38324145238,22563.228768190354
6_96,2011-02-04,23788.34,USA,6,B,B_6,96,24218.391684360573,41120.5514629796
6_96,2011-02-11,25496.17,USA,6,B,B_6,96,25797.916983178307,27986.967179929445
6_96,2011-02-18,25242.34,USA,6,B,B_6,96,25373.157909334222,26143.100683196673
6_96,2011-02-25,24425.86,USA,6,B,B_6,96,24640.663447194187,26443.234652916013
6_96,2011-03-04,26169.11,USA,6,B,B_6,96,26410.650880851463,27487.853542789046
6_96,2011-03-11,26492.14,USA,6,B,B_6,96,26714.79763073077,27459.23660357359
6_96,2011-03-18,36328.88,USA,6,B,B_6,96,36237.782131091655,33060.9806522314
6_96,2011-03-25,28283.55,USA,6,B,B_6,96,28268.600008441077,29985.108437478368
6_96,2011-04-01,28482.58,USA,6,B,B_6,96,29252.69485455145,34848.724079759035
6_96,2011-04-08,30685.41,USA,6,B,B_6,96,30961.30456471636,28302.389912934374
6_96,2011-04-15,29030.68,USA,6,B,B_6,96,29105.614403401916,28244.170326954314
6_96,2011-04-22,32899.08,USA,6,B,B_6,96,32568.291703540177,29137.7667557295
6_96,2011-04-29,30041.18,USA,6,B,B_6,96,30091.16467373055,32539.07338004987
6_96,2011-05-06,27803.33,USA,6,B,B_6,96,28079.58084667007,30106.616134439064
6_96,2011-05-13,27394.56,USA,6,B,B_6,96,27575.886998160913,27287.199199996903
6_96,2011-05-20,28277.74,USA,6,B,B_6,96,28520.05159997352,28872.67891858092
6_96,2011-05-27,36499.35,USA,6,B,B_6,96,36664.69351611758,34767.004455266506
6_96,2011-06-03,38461.04,USA,6,B,B_6,96,38658.58617530018,38107.59914974299
6_96,2011-06-10,32934.85,USA,6,B,B_6,96,33142.92554572755,33865.5003615282
6_96,2011-06-17,32869.63,USA,6,B,B_6,96,33125.520130973324,33414.76932181721
6_96,2011-06-24,35779.74,USA,6,B,B_6,96,35813.8086118019,33713.32858095403
6_96,2011-07-01,42592.68,USA,6,B,B_6,96,42254.388590775816,38138.86406896092
6_96,2011-07-08,44709.46,USA,6,B,B_6,96,44076.732465690664,41315.07140951635
6_96,2011-07-15,34649.66,USA,6,B,B_6,96,34255.487620263564,37394.13727146006
6_96,2011-07-22,34671.45,USA,6,B,B_6,96,34240.47969911521,34824.10642418806
6_96,2011-07-29,33119.56,USA,6,B,B_6,96,32763.342219537728,34418.2887228661
6_96,2011-08-05,32025.82,USA,6,B,B_6,96,34626.67294179002,35453.6074483264
6_96,2011-08-12,34529.32,USA,6,B,B_6,96,34521.89087412006,32865.18995137971
6_96,2011-08-19,30214.38,USA,6,B,B_6,96,31328.637069382494,31853.335150523373
6_96,2011-08-26,27653.76,USA,6,B,B_6,96,25968.970502522334,26139.863911157237
6_96,2011-09-02,35365.2,USA,6,B,B_6,96,31257.47997343507,31821.61607870469
6_96,2011-09-09,32022.01,USA,6,B,B_6,96,30488.489638233073,33762.169389582064
6_96,2011-09-16,28189.33,USA,6,B,B_6,96,26082.349206903138,28370.749407392526
6_96,2011-09-23,28462.31,USA,6,B,B_6,96,26784.495071846264,28820.47486359816
6_96,2011-09-30,26305.58,USA,6,B,B_6,96,26897.277138465863,28607.091991640762
6_96,2011-10-07,29124.79,USA,6,B,B_6,96,26111.626809678208,26179.654955197275
6_96,2011-10-14,28907.45,USA,6,B,B_6,96,26730.032451999698,29155.700913360324
6_96,2011-10-21,26781.65,USA,6,B,B_6,96,26637.64163587253,28715.179072268496
6_96,2011-10-28,26610.38,USA,6,B,B_6,96,27083.75960333232,27583.57728999325
6_96,2011-11-04,27584.45,USA,6,B,B_6,96,28452.562264507673,28139.291073194752
6_96,2011-11-11,27501.03,USA,6,B,B_6,96,28913.032023587366,28252.07600975121
6_96,2011-11-18,26440.89,USA,6,B,B_6,96,26060.823763632427,25433.69890494552
6_96,2011-11-25,37019.91,USA,6,B,B_6,96,38840.743156813274,36920.318102455625
6_96,2011-12-02,26575.8,USA,6,B,B_6,96,25677.152968996234,25998.468895463502
6_96,2011-12-09,27426.29,USA,6,B,B_6,96,27744.571492858293,28083.79008977926
6_96,2011-12-16,28361.42,USA,6,B,B_6,96,28849.688500669625,28402.784853617424
6_96,2011-12-23,37677.95,USA,6,B,B_6,96,39048.508833228545,36843.22342430311
6_96,2011-12-30,33080.22,USA,6,B,B_6,96,32543.260594980562,32070.699201617914
6_96,2012-01-06,26050.34,USA,6,B,B_6,96,19569.863778292394,21986.23700096036
6_96,2012-01-13,23541.86,USA,6,B,B_6,96,22228.816048764016,27171.91178103985
6_96,2012-01-20,25401.65,USA,6,B,B_6,96,21487.28608586546,23448.506229466464
6_96,2012-01-27,24456.36,USA,6,B,B_6,96,22785.818414259724,26520.98690106729
6_96,2012-02-03,24793.28,USA,6,B,B_6,96,24597.95775314955,28051.678573906942
6_96,2012-02-10,25872.72,USA,6,B,B_6,96,26194.29788419561,27154.71613874896
6_96,2012-02-17,24639.47,USA,6,B,B_6,96,25787.671671088818,26229.102025709362
6_96,2012-02-24,27110.14,USA,6,B,B_6,96,25041.146078264203,24697.690206389343
6_96,2012-03-02,26285.37,USA,6,B,B_6,96,26819.712485612043,28453.17469527155
6_96,2012-03-09,25899.14,USA,6,B,B_6,96,27124.418558665417,27028.737274504874
6_96,2012-03-16,34688.74,USA,6,B,B_6,96,36675.848272303054,34782.736676936394
6_96,2012-03-23,26702.95,USA,6,B,B_6,96,28688.16591274868,27927.301833630976
6_96,2012-03-30,29778.67,USA,6,B,B_6,96,29578.57411049426,27944.28146260476
6_96,2012-04-06,34720.24,USA,6,B,B_6,96,31344.730473884334,31053.802966857435
6_96,2012-04-13,35545.65,USA,6,B,B_6,96,29528.731133815472,32151.681378404817
6_96,2012-04-20,29365.88,USA,6,B,B_6,96,33065.13369621842,37411.83916988785
6_96,2012-04-27,34332.93,USA,6,B,B_6,96,30527.274381087394,28579.06818569875
6_96,2012-05-04,31111.4,USA,6,B,B_6,96,28491.82995523682,27388.681181824144
6_96,2012-05-11,29838.94,USA,6,B,B_6,96,27999.648127428554,27198.514984536887
6_96,2012-05-18,31053.26,USA,6,B,B_6,96,28938.22926692692,28158.570495984943
6_96,2012-05-25,38406.56,USA,6,B,B_6,96,37092.2995065902,35404.69022009465
6_96,2012-06-01,39778.73,USA,6,B,B_6,96,39083.59735054556,37201.69834490826
6_96,2012-06-08,35831.0,USA,6,B,B_6,96,33567.81354520521,32376.308182935365
6_96,2012-06-15,36032.75,USA,6,B,B_6,96,33546.362835350556,32370.97944473586
6_96,2012-06-22,36636.65,USA,6,B,B_6,96,36259.59035665305,34750.54506618622
6_96,2012-06-29,38741.77,USA,6,B,B_6,96,42740.048765112064,40437.171251803025
6_96,2012-07-06,50336.79,USA,6,B,B_6,96,44592.10185635461,42093.53009141349
6_96,2012-07-13,33229.63,USA,6,B,B_6,96,34742.2730527739,33475.501560271776
6_96,2012-07-20,36442.24,USA,6,B,B_6,96,34729.22835683817,33478.94758572928
6_96,2012-07-27,34301.0,USA,6,B,B_6,96,33241.9778235221,32203.033936755255
6_96,2012-08-03,33828.42,USA,6,B,B_6,96,34788.29336822683,31544.967121875383
6_96,2012-08-10,34912.38,USA,6,B,B_6,96,34974.58913697266,33493.24125012831
6_96,2012-08-17,31588.91,USA,6,B,B_6,96,31661.73049513894,29772.650742954014
6_96,2012-08-24,27541.28,USA,6,B,B_6,96,26606.046196963754,27245.717224493448
6_96,2012-08-31,33118.98,USA,6,B,B_6,96,32144.445205162698,33797.22920295474
6_96,2012-09-07,35974.38,USA,6,B,B_6,96,31080.497928286186,31069.778367058658
6_96,2012-09-14,27251.9,USA,6,B,B_6,96,26727.83383637919,27625.557770074556
6_96,2012-09-21,27151.13,USA,6,B,B_6,96,27373.70056029909,27890.15507946461
6_96,2012-09-28,29504.81,USA,6,B,B_6,96,27236.154425884004,26183.43848089797
6_96,2012-10-05,28931.03,USA,6,B,B_6,96,26837.773809396556,28327.066246831226
6_96,2012-10-12,29143.9,USA,6,B,B_6,96,27352.023040658416,28207.070225436488
6_96,2012-10-19,27990.84,USA,6,B,B_6,96,27031.973964705485,26523.747322707346
6_96,2012-10-26,28871.01,USA,6,B,B_6,96,27411.558622361597,26437.185032454778
6_96,2012-10-28,,USA,6,B,B_6,96,28740.651796305334,27337.46896963905
6_96,2012-11-04,,USA,6,B,B_6,96,29147.48495347097,27320.80295933826
6_96,2012-11-11,,USA,6,B,B_6,96,26493.3900566419,26238.370755389173
6_96,2012-11-18,,USA,6,B,B_6,96,39036.783408593925,35752.206105368154
6_96,2012-11-25,,USA,6,B,B_6,96,26172.22019583336,26309.227028112982
6_96,2012-12-02,,USA,6,B,B_6,96,28105.41855861922,27157.112865447954
6_96,2012-12-09,,USA,6,B,B_6,96,29194.011650879096,27995.700896226925
6_96,2012-12-16,,USA,6,B,B_6,96,39301.22162476089,36265.0265476164
6_96,2012-12-23,,USA,6,B,B_6,96,33006.18868563008,32013.182093127572
6_96,2012-12-30,,USA,6,B,B_6,96,20663.73558541114,25247.508046319952
6_96,2013-01-06,,USA,6,B,B_6,96,22739.40421141716,23493.689324498842
6_96,2013-01-13,,USA,6,B,B_6,96,22268.63158804802,24955.737718449207
6_96,2013-01-20,,USA,6,B,B_6,96,23308.385922564215,24547.196914250824
6_96,2013-01-27,,USA,6,B,B_6,96,24954.904112649674,26301.93590627659
6_96,2013-02-03,,USA,6,B,B_6,96,26495.162766618043,27328.88817748851
6_96,2013-02-10,,USA,6,B,B_6,96,26002.0209838526,26259.04301061433
6_96,2013-02-17,,USA,6,B,B_6,96,25604.213544706687,28143.19419256631
6_96,2013-02-24,,USA,6,B,B_6,96,27094.900806825197,27818.914351337928
6_96,2013-03-03,,USA,6,B,B_6,96,27328.620219495395,27612.428361878785
6_96,2013-03-10,,USA,6,B,B_6,96,36804.96079728498,35639.48822914084
6_96,2013-03-17,,USA,6,B,B_6,96,28827.4176721648,28420.478167771078
6_96,2013-03-24,,USA,6,B,B_6,96,29960.724743599756,31332.52739503499
6_96,2013-03-31,,USA,6,B,B_6,96,32064.40524931825,35192.74001837741
6_96,2013-04-07,,USA,6,B,B_6,96,30513.1226233123,35513.028562066705
6_96,2013-04-14,,USA,6,B,B_6,96,33377.99221263031,31021.502158024134
45_13,2010-02-05,34359.75,USA,45,C,C_5,13,28638.499615031338,0.0
45_13,2010-02-12,22377.82,USA,45,C,C_5,13,27475.758725858246,23108.812029026274
45_13,2010-02-19,30117.06,USA,45,C,C_5,13,29595.331472618338,26823.24046009304
45_13,2010-02-26,29454.72,USA,45,C,C_5,13,29449.814333772116,27105.500554406077
45_13,2010-03-05,30499.5,USA,45,C,C_5,13,31800.454331864228,29582.53920648468
45_13,2010-03-12,30721.83,USA,45,C,C_5,13,30107.517511366226,30069.623060336027
45_13,2010-03-19,27250.43,USA,45,C,C_5,13,29689.889639025365,30607.782556185706
45_13,2010-03-26,27145.45,USA,45,C,C_5,13,28413.28544544792,28694.083793940652
45_13,2010-04-02,28909.89,USA,45,C,C_5,13,27960.418416406752,27260.562357881507
45_13,2010-04-09,26348.98,USA,45,C,C_5,13,28927.36286742188,28178.932623241722
45_13,2010-04-16,29469.36,USA,45,C,C_5,13,28417.772084861444,27382.049161663974
45_13,2010-04-23,29604.39,USA,45,C,C_5,13,28595.0435271183,28217.633544855704
45_13,2010-04-30,28990.82,USA,45,C,C_5,13,26330.48593776646,29486.208860439616
45_13,2010-05-07,28903.12,USA,45,C,C_5,13,30649.65657492043,29241.145690586152
45_13,2010-05-14,26088.07,USA,45,C,C_5,13,27874.15317078461,28952.094579635468
45_13,2010-05-21,27383.59,USA,45,C,C_5,13,28629.595528419966,27265.751881762048
45_13,2010-05-28,28691.34,USA,45,C,C_5,13,29164.344288192573,26900.8704102644
45_13,2010-06-04,27898.13,USA,45,C,C_5,13,28369.84929418481,28121.528079494205
45_13,2010-06-11,28950.35,USA,45,C,C_5,13,28244.65498113958,28201.153754794937
45_13,2010-06-18,28822.15,USA,45,C,C_5,13,28604.291945129975,28526.018066378787
45_13,2010-06-25,27657.48,USA,45,C,C_5,13,27894.9427798919,28854.720172279136
45_13,2010-07-02,29890.17,USA,45,C,C_5,13,29616.26971818064,28145.3297928908
45_13,2010-07-09,26969.02,USA,45,C,C_5,13,28954.396163126577,28982.12635486436
45_13,2010-07-16,28008.4,USA,45,C,C_5,13,28991.962191436658,28143.742767977237
45_13,2010-07-23,27968.45,USA,45,C,C_5,13,28386.70246087362,27632.470951259038
45_13,2010-07-30,27401.65,USA,45,C,C_5,13,29393.8971481223,27966.566426964127
45_13,2010-08-06,29594.04,USA,45,C,C_5,13,30632.617991418665,27638.19202074384
45_13,2010-08-13,27785.93,USA,45,C,C_5,13,28748.373335770204,28690.41238536527
45_13,2010-08-20,29246.37,USA,45,C,C_5,13,30065.571111419205,28496.184422340128
45_13,2010-08-27,28818.45,USA,45,C,C_5,13,29611.617615636762,28671.717090689257
45_13,2010-09-03,30012.54,USA,45,C,C_5,13,30529.483664028077,28968.72870309504
45_13,2010-09-10,29459.83,USA,45,C,C_5,13,29991.41113445493,29521.436179113723
45_13,2010-09-17,31571.63,USA,45,C,C_5,13,31979.248468067362,29666.333083797825
45_13,2010-09-24,27974.11,USA,45,C,C_5,13,28330.73253949035,30700.164932279502
45_13,2010-10-01,27970.82,USA,45,C,C_5,13,28316.85479909318,29433.01856884383
45_13,2010-10-08,30656.09,USA,45,C,C_5,13,30799.32084267039,28044.23098145997
45_13,2010-10-15,28513.4,USA,45,C,C_5,13,28566.57061078371,29538.632783050867
45_13,2010-10-22,28279.92,USA,45,C,C_5,13,28363.55544689953,29352.782666122745
45_13,2010-10-29,27108.12,USA,45,C,C_5,13,27124.9493251898,28418.837950913723
45_13,2010-11-05,27550.44,USA,45,C,C_5,13,27497.726679080864,27604.21097984777
45_13,2010-11-12,27098.29,USA,45,C,C_5,13,27093.50554042087,27390.23413343544
45_13,2010-11-19,27041.45,USA,45,C,C_5,13,26898.892943012357,27279.24689730363
45_13,2010-11-26,25116.53,USA,45,C,C_5,13,24989.003057926977,27073.849273575564
45_13,2010-12-03,26646.53,USA,45,C,C_5,13,26486.09096834889,25922.493591671766
45_13,2010-12-10,25897.19,USA,45,C,C_5,13,25721.471511337597,26045.597576065597
45_13,2010-12-17,23548.8,USA,45,C,C_5,13,23443.789107575667,26185.69853145189
45_13,2010-12-24,25707.09,USA,45,C,C_5,13,25536.518748777642,24528.98418341219
45_13,2010-12-31,21776.72,USA,45,C,C_5,13,21682.735239867165,24893.80324976436
45_13,2011-01-07,26742.57,USA,45,C,C_5,13,26564.223125812234,23270.45632745244
45_13,2011-01-14,25262.19,USA,45,C,C_5,13,25065.290264989384,25033.942825351758
45_13,2011-01-21,26893.81,USA,45,C,C_5,13,26667.07436131654,25005.89517061651
45_13,2011-01-28,21921.69,USA,45,C,C_5,13,21767.87337659354,28349.888107810508
45_13,2011-02-04,26922.7,USA,45,C,C_5,13,27019.289311240427,47758.19351698471
45_13,2011-02-11,25123.08,USA,45,C,C_5,13,24726.894373189574,26211.310663682176
45_13,2011-02-18,27706.81,USA,45,C,C_5,13,27436.392764942637,28891.726564571793
45_13,2011-02-25,27258.76,USA,45,C,C_5,13,27069.527728831108,29041.269849930253
45_13,2011-03-04,29532.65,USA,45,C,C_5,13,29244.450209329363,28637.861849836645
45_13,2011-03-11,27770.86,USA,45,C,C_5,13,27617.080002017694,28922.227977699782
45_13,2011-03-18,27201.62,USA,45,C,C_5,13,26931.518422519122,25783.153382627184
45_13,2011-03-25,26094.28,USA,45,C,C_5,13,25877.53374509774,25822.35814530179
45_13,2011-04-01,25641.41,USA,45,C,C_5,13,25526.38433800532,27817.06668007441
45_13,2011-04-08,26526.8,USA,45,C,C_5,13,26212.19272674855,24824.877993976606
45_13,2011-04-15,26309.97,USA,45,C,C_5,13,26025.936418263485,27627.144972249294
45_13,2011-04-22,26192.26,USA,45,C,C_5,13,26005.730171938,27861.312958564533
45_13,2011-04-29,23633.85,USA,45,C,C_5,13,23550.97979714672,26199.279603048977
45_13,2011-05-06,27629.25,USA,45,C,C_5,13,27342.46127841469,24859.736638220176
45_13,2011-05-13,24974.7,USA,45,C,C_5,13,24704.445230189267,23025.55317648029
45_13,2011-05-20,25862.48,USA,45,C,C_5,13,25633.287284698617,25650.335887981302
45_13,2011-05-27,26457.04,USA,45,C,C_5,13,26289.613594277085,27005.299730784147
45_13,2011-06-03,25664.92,USA,45,C,C_5,13,25508.6853226843,26180.245357877116
45_13,2011-06-10,25499.17,USA,45,C,C_5,13,25419.814587731486,26737.860992014994
45_13,2011-06-17,25733.63,USA,45,C,C_5,13,25627.14282793998,26083.50303166937
45_13,2011-06-24,24961.04,USA,45,C,C_5,13,24829.21336840606,24754.119325757343
45_13,2011-07-01,26649.29,USA,45,C,C_5,13,26540.484565795414,26647.76720645873
45_13,2011-07-08,25992.23,USA,45,C,C_5,13,25760.04443940019,24275.964215274063
45_13,2011-07-15,26215.21,USA,45,C,C_5,13,26051.141282902816,25724.519020967517
45_13,2011-07-22,25688.29,USA,45,C,C_5,13,25572.783839843883,26283.887054346225
45_13,2011-07-29,26800.85,USA,45,C,C_5,13,26605.810644918656,25596.518354586162
45_13,2011-08-05,26740.6,USA,45,C,C_5,13,28140.17113430232,27747.362205053505
45_13,2011-08-12,25869.33,USA,45,C,C_5,13,26215.014603899974,26233.498811792153
45_13,2011-08-19,27702.37,USA,45,C,C_5,13,27622.350570948664,26943.29628106274
45_13,2011-08-26,29436.28,USA,45,C,C_5,13,27303.131823943833,26981.843572863196
45_13,2011-09-02,26453.78,USA,45,C,C_5,13,28648.85452313083,29072.698521897535
45_13,2011-09-09,28728.26,USA,45,C,C_5,13,27936.623295447123,28188.231175656085
45_13,2011-09-16,30317.18,USA,45,C,C_5,13,30144.75338908619,29311.969069253166
45_13,2011-09-23,28370.94,USA,45,C,C_5,13,26629.24017041174,27081.34810247269
45_13,2011-09-30,30290.75,USA,45,C,C_5,13,26963.53931259131,27621.066406019952
45_13,2011-10-07,30017.39,USA,45,C,C_5,13,30038.745683241144,31137.74741134538
45_13,2011-10-14,27389.78,USA,45,C,C_5,13,27953.052966811654,29449.213585144338
45_13,2011-10-21,28807.67,USA,45,C,C_5,13,27809.948411500503,27934.851081745386
45_13,2011-10-28,26219.23,USA,45,C,C_5,13,26845.322126855826,26960.664297538
45_13,2011-11-04,25466.52,USA,45,C,C_5,13,27272.68053322634,27321.153967821796
45_13,2011-11-11,27820.64,USA,45,C,C_5,13,26742.20645489977,25951.797219293352
45_13,2011-11-18,25576.3,USA,45,C,C_5,13,26804.823150016426,26233.93181840956
45_13,2011-11-25,24862.64,USA,45,C,C_5,13,24826.76405405208,24912.864756192288
45_13,2011-12-02,26122.9,USA,45,C,C_5,13,26415.775379330353,25779.394544584
45_13,2011-12-09,25131.78,USA,45,C,C_5,13,25691.995316246896,25360.275081671138
45_13,2011-12-16,24573.47,USA,45,C,C_5,13,23409.607111848814,23334.64511353636
45_13,2011-12-23,25179.77,USA,45,C,C_5,13,25737.49353694483,25412.04320250285
45_13,2011-12-30,23285.05,USA,45,C,C_5,13,21883.859949998507,22478.440513813395
45_13,2012-01-06,26524.1,USA,45,C,C_5,13,27038.9023973973,26663.661896906473
45_13,2012-01-13,25130.46,USA,45,C,C_5,13,25553.27989326865,25938.105041902956
45_13,2012-01-20,26093.02,USA,45,C,C_5,13,27170.28367656204,26204.580664084053
45_13,2012-01-27,23377.45,USA,45,C,C_5,13,22183.285573550358,22429.36806619117
45_13,2012-02-03,27677.12,USA,45,C,C_5,13,27651.019549508055,29112.935280274112
45_13,2012-02-10,27728.49,USA,45,C,C_5,13,25471.88367375741,26419.189373355934
45_13,2012-02-17,25853.61,USA,45,C,C_5,13,28526.24393023564,29254.105701329176
45_13,2012-02-24,28427.39,USA,45,C,C_5,13,27866.801939495286,28162.33028996537
45_13,2012-03-02,29827.61,USA,45,C,C_5,13,30172.00243380346,29160.0722578825
45_13,2012-03-09,28379.93,USA,45,C,C_5,13,28538.013587666726,28482.668473139267
45_13,2012-03-16,29024.44,USA,45,C,C_5,13,27885.887962558507,27553.74186781516
45_13,2012-03-23,27997.28,USA,45,C,C_5,13,27021.45937037251,27198.927663129638
45_13,2012-03-30,28291.44,USA,45,C,C_5,13,26854.59692798225,27683.714193174786
45_13,2012-04-06,29634.46,USA,45,C,C_5,13,27815.5052662616,28387.836919951827
45_13,2012-04-13,25013.2,USA,45,C,C_5,13,27942.086854241814,29181.67224311057
45_13,2012-04-20,27125.45,USA,45,C,C_5,13,27603.25533932991,27802.975862519703
45_13,2012-04-27,26058.61,USA,45,C,C_5,13,25141.528673673667,24518.693998884166
45_13,2012-05-04,28288.21,USA,45,C,C_5,13,29002.36746179293,27661.141358583896
45_13,2012-05-11,26059.19,USA,45,C,C_5,13,26401.530392188644,25254.64562736076
45_13,2012-05-18,25082.47,USA,45,C,C_5,13,27366.021348228314,26086.219913557376
45_13,2012-05-25,27213.02,USA,45,C,C_5,13,28060.09272956942,26701.736374526325
45_13,2012-06-01,27465.97,USA,45,C,C_5,13,27323.362775167257,26051.116497206003
45_13,2012-06-08,27284.54,USA,45,C,C_5,13,27277.276781269487,26042.42002526536
45_13,2012-06-15,28209.99,USA,45,C,C_5,13,27537.561175645384,26197.502426328443
45_13,2012-06-22,25460.4,USA,45,C,C_5,13,26787.87596526003,25509.12723622325
45_13,2012-06-29,25336.84,USA,45,C,C_5,13,28541.935606537398,26993.09828691575
45_13,2012-07-06,26931.63,USA,45,C,C_5,13,27807.94782250529,26184.41399073306
45_13,2012-07-13,26655.21,USA,45,C,C_5,13,28124.493006222197,26430.13342154942
45_13,2012-07-20,27175.82,USA,45,C,C_5,13,27678.432282313614,26042.23630053241
45_13,2012-07-27,26401.62,USA,45,C,C_5,13,28750.282499233632,26842.954485769314
45_13,2012-08-03,27638.27,USA,45,C,C_5,13,30287.2836858894,27043.047673405494
45_13,2012-08-10,27944.11,USA,45,C,C_5,13,28619.418604088936,26225.424365019568
45_13,2012-08-17,28507.09,USA,45,C,C_5,13,30147.040650428422,27764.429078470945
45_13,2012-08-24,30065.65,USA,45,C,C_5,13,29916.926731637646,29057.63687049806
45_13,2012-08-31,28060.27,USA,45,C,C_5,13,30977.55288228879,26969.820085890322
45_13,2012-09-07,29179.12,USA,45,C,C_5,13,30653.901750005152,28663.404178823625
45_13,2012-09-14,26684.63,USA,45,C,C_5,13,32814.99141376959,30064.420254540724
45_13,2012-09-21,27540.74,USA,45,C,C_5,13,29359.23014321961,28185.273645267003
45_13,2012-09-28,26974.6,USA,45,C,C_5,13,29535.659897420268,29604.699823999304
45_13,2012-10-05,28596.0,USA,45,C,C_5,13,32143.703458803702,29703.123463744876
45_13,2012-10-12,26477.91,USA,45,C,C_5,13,30051.199441830842,27490.74918528355
45_13,2012-10-19,25701.41,USA,45,C,C_5,13,30006.020224456923,28444.736134387804
45_13,2012-10-26,26240.14,USA,45,C,C_5,13,28886.083454065363,26344.420514694095
45_13,2012-10-28,,USA,45,C,C_5,13,29375.713702138168,25802.963127178497
45_13,2012-11-04,,USA,45,C,C_5,13,29135.231531289744,27508.214195968016
45_13,2012-11-11,,USA,45,C,C_5,13,29038.98237897143,25774.50253715063
45_13,2012-11-18,,USA,45,C,C_5,13,27257.167209457017,25005.84404940947
45_13,2012-11-25,,USA,45,C,C_5,13,28860.661111012385,26096.58933734683
45_13,2012-12-02,,USA,45,C,C_5,13,28197.010143769574,25238.83445003376
45_13,2012-12-09,,USA,45,C,C_5,13,26043.414480733598,24535.624525056028
45_13,2012-12-16,,USA,45,C,C_5,13,28220.679617155296,25144.075139952587
45_13,2012-12-23,,USA,45,C,C_5,13,24491.572099881985,23367.85147608892
45_13,2012-12-30,,USA,45,C,C_5,13,29453.290282164802,26293.175848241906
45_13,2013-01-06,,USA,45,C,C_5,13,28049.530863913882,25327.15057328303
45_13,2013-01-13,,USA,45,C,C_5,13,29731.313987097812,25710.512638707576
45_13,2013-01-20,,USA,45,C,C_5,13,24945.866214178324,23516.097246139387
45_13,2013-01-27,,USA,45,C,C_5,13,30266.790854296374,29091.04793048329
45_13,2013-02-03,,USA,45,C,C_5,13,28135.501003874328,28149.85991026692
45_13,2013-02-10,,USA,45,C,C_5,13,30828.674080003042,27658.551005149504
45_13,2013-02-17,,USA,45,C,C_5,13,30574.95182225133,29542.891058118552
45_13,2013-02-24,,USA,45,C,C_5,13,32814.522965357144,30828.160610662115
45_13,2013-03-03,,USA,45,C,C_5,13,31248.138955546983,29653.908250729866
45_13,2013-03-10,,USA,45,C,C_5,13,30657.96995011307,29690.068800126974
45_13,2013-03-17,,USA,45,C,C_5,13,29658.318397406798,28832.086563020865
45_13,2013-03-24,,USA,45,C,C_5,13,29373.784494323558,29165.144997169264
45_13,2013-03-31,,USA,45,C,C_5,13,30140.753579159267,29975.266546288094
45_13,2013-04-07,,USA,45,C,C_5,13,29930.451105762484,26939.19699301635
45_13,2013-04-14,,USA,45,C,C_5,13,29995.04947827275,28477.54284176865
12_34,2010-02-05,30976.05,Canada,12,D,D_5,34,26551.39223093732,0.0
12_34,2010-02-12,29493.49,Canada,12,D,D_5,34,26354.128584097933,20049.59822366779
12_34,2010-02-19,29161.44,Canada,12,D,D_5,34,25246.45851011792,25386.348419461006
12_34,2010-02-26,25946.87,Canada,12,D,D_5,34,24867.567121540356,27458.81810378964
12_34,2010-03-05,27605.02,Canada,12,D,D_5,34,25966.08168227023,26633.773488466293
12_34,2010-03-12,20962.07,Canada,12,D,D_5,34,23878.703637251925,27163.103385258593
12_34,2010-03-19,25596.46,Canada,12,D,D_5,34,24623.29485475468,23784.413253649476
12_34,2010-03-26,22862.94,Canada,12,D,D_5,34,22382.140513541854,24771.670541623527
12_34,2010-04-02,20614.29,Canada,12,D,D_5,34,25593.449822789913,23731.74860971566
12_34,2010-04-09,27757.85,Canada,12,D,D_5,34,24723.878549833353,22033.286710854245
12_34,2010-04-16,25770.89,Canada,12,D,D_5,34,25342.45272303422,25152.156663462032
12_34,2010-04-23,25112.38,Canada,12,D,D_5,34,24869.24472375826,25489.256372803702
12_34,2010-04-30,22174.29,Canada,12,D,D_5,34,27108.828999591104,25283.925730957784
12_34,2010-05-07,27282.44,Canada,12,D,D_5,34,27725.994089956897,23589.726932874117
12_34,2010-05-14,29947.43,Canada,12,D,D_5,34,31292.09597068647,25601.599247112827
12_34,2010-05-21,26123.25,Canada,12,D,D_5,34,23889.624593394296,27969.30462079642
12_34,2010-05-28,21895.26,Canada,12,D,D_5,34,25821.842316707916,26963.532952697296
12_34,2010-06-04,30642.09,Canada,12,D,D_5,34,23717.283897780126,24202.224980251267
12_34,2010-06-11,28691.44,Canada,12,D,D_5,34,26994.38943315881,27710.806855467003
12_34,2010-06-18,21446.27,Canada,12,D,D_5,34,29361.617912973416,28245.07763080033
12_34,2010-06-25,21850.1,Canada,12,D,D_5,34,26676.928129657368,24540.935827619236
12_34,2010-07-02,22131.27,Canada,12,D,D_5,34,24370.78481848694,23074.908545213475
12_34,2010-07-09,23129.8,Canada,12,D,D_5,34,24404.02227988766,22560.793251440027
12_34,2010-07-16,23294.39,Canada,12,D,D_5,34,22774.359927910285,22870.800799540717
12_34,2010-07-23,23756.3,Canada,12,D,D_5,34,20807.84799631379,23101.58162906281
12_34,2010-07-30,22468.92,Canada,12,D,D_5,34,21704.651313692277,23458.28677778812
12_34,2010-08-06,23446.29,Canada,12,D,D_5,34,22508.10142861534,22919.257724563973
12_34,2010-08-13,22277.3,Canada,12,D,D_5,34,21571.01512714044,23206.396644957007
12_34,2010-08-20,23363.95,Canada,12,D,D_5,34,22854.142525132604,22700.204102283875
12_34,2010-08-27,24118.1,Canada,12,D,D_5,34,23760.865269968705,23061.827648636736
12_34,2010-09-03,27479.59,Canada,12,D,D_5,34,27233.960564922236,23637.308348297058
12_34,2010-09-10,21120.47,Canada,12,D,D_5,34,20932.061921642846,25730.66895776508
12_34,2010-09-17,18369.42,Canada,12,D,D_5,34,18217.917282267503,23218.929898834107
12_34,2010-09-24,18649.0,Canada,12,D,D_5,34,18556.135504786194,20576.808909878182
12_34,2010-10-01,18301.89,Canada,12,D,D_5,34,18202.356803161547,19526.495684471618
12_34,2010-10-08,21659.34,Canada,12,D,D_5,34,21571.329426583492,18859.3032362377
12_34,2010-10-15,20293.5,Canada,12,D,D_5,34,20263.651885148167,20384.82562050231
12_34,2010-10-22,19553.5,Canada,12,D,D_5,34,19550.331011138966,20335.06938867846
12_34,2010-10-29,21571.8,Canada,12,D,D_5,34,21540.055135648883,19909.252980581372
12_34,2010-11-05,19798.0,Canada,12,D,D_5,34,19727.984296292212,20815.045620820816
12_34,2010-11-12,23078.06,Canada,12,D,D_5,34,23000.773705857846,20260.936517519
12_34,2010-11-19,20388.5,Canada,12,D,D_5,34,20326.107795685417,21795.768126654053
12_34,2010-11-26,32579.5,Canada,12,D,D_5,34,32505.419948923896,21029.057112121398
12_34,2010-12-03,22558.54,Canada,12,D,D_5,34,22517.877796140496,27321.99561981226
12_34,2010-12-10,23665.0,Canada,12,D,D_5,34,23711.456564133536,24726.75891845154
12_34,2010-12-17,27413.0,Canada,12,D,D_5,34,27402.726790948644,24148.289014858492
12_34,2010-12-24,37267.5,Canada,12,D,D_5,34,37136.9425046889,25926.976262984612
12_34,2010-12-31,19119.25,Canada,12,D,D_5,34,18922.073675728658,32105.546142494557
12_34,2011-01-07,19015.75,Canada,12,D,D_5,34,18784.71798653446,25030.322805981297
12_34,2011-01-14,16958.25,Canada,12,D,D_5,34,16719.51462921964,21753.449599864558
12_34,2011-01-21,14735.13,Canada,12,D,D_5,34,14529.758191897108,19140.918071249365
12_34,2011-01-28,15934.09,Canada,12,D,D_5,34,15764.266574529582,22492.676970147695
12_34,2011-02-04,25229.03,Canada,12,D,D_5,34,25160.667969328042,34984.56406926982
12_34,2011-02-11,24162.02,Canada,12,D,D_5,34,23978.60185671048,29257.649060459124
12_34,2011-02-18,22394.54,Canada,12,D,D_5,34,22233.2995564308,26584.8576751538
12_34,2011-02-25,21129.07,Canada,12,D,D_5,34,20903.224965380112,22652.162170462503
12_34,2011-03-04,21922.71,Canada,12,D,D_5,34,21780.4629531396,22729.85291457363
12_34,2011-03-11,19465.14,Canada,12,D,D_5,34,19161.098721986407,18505.90186806535
12_34,2011-03-18,20876.93,Canada,12,D,D_5,34,20685.869663384532,21534.960321021885
12_34,2011-03-25,18386.66,Canada,12,D,D_5,34,18212.822280208184,19642.612451209556
12_34,2011-04-01,21432.52,Canada,12,D,D_5,34,21137.629116674056,17776.62917159438
12_34,2011-04-08,21615.36,Canada,12,D,D_5,34,21653.590553351954,23708.21004034974
12_34,2011-04-15,21544.76,Canada,12,D,D_5,34,21490.56658971619,21589.48451478789
12_34,2011-04-22,20953.2,Canada,12,D,D_5,34,20894.675867448037,21181.976463606967
12_34,2011-04-29,23094.58,Canada,12,D,D_5,34,22895.0830699362,19443.233596877122
12_34,2011-05-06,24800.81,Canada,12,D,D_5,34,24767.986777558777,24236.892356953966
12_34,2011-05-13,28560.78,Canada,12,D,D_5,34,28413.055958825244,26074.67884578911
12_34,2011-05-20,21558.99,Canada,12,D,D_5,34,21461.266897807724,25129.858615824145
12_34,2011-05-27,22983.85,Canada,12,D,D_5,34,22735.861192003616,20940.584485450432
12_34,2011-06-03,21706.67,Canada,12,D,D_5,34,21906.94190838057,26907.752702521626
12_34,2011-06-10,23471.14,Canada,12,D,D_5,34,23450.856235026204,23136.039754007994
12_34,2011-06-17,25468.66,Canada,12,D,D_5,34,25118.49013501299,19068.76174803622
12_34,2011-06-24,24528.34,Canada,12,D,D_5,34,24350.78012729849,22387.444466700992
12_34,2011-07-01,23387.31,Canada,12,D,D_5,34,23274.0924783527,23588.497017606816
12_34,2011-07-08,24053.87,Canada,12,D,D_5,34,23927.271821199018,24057.03137121818
12_34,2011-07-15,22769.44,Canada,12,D,D_5,34,22746.970325429196,24164.37464737186
12_34,2011-07-22,20763.48,Canada,12,D,D_5,34,20833.84866969975,23725.044323686045
12_34,2011-07-29,21118.24,Canada,12,D,D_5,34,21070.22962974612,21510.476030106343
12_34,2011-08-05,27333.57,Canada,12,D,D_5,34,21781.888933709713,21859.852876305464
12_34,2011-08-12,22609.2,Canada,12,D,D_5,34,21931.08735362314,23960.037297182793
12_34,2011-08-19,22427.34,Canada,12,D,D_5,34,23293.500121379497,23916.404299164697
12_34,2011-08-26,21335.3,Canada,12,D,D_5,34,23978.237668135076,23627.667039746426
12_34,2011-09-02,23816.72,Canada,12,D,D_5,34,26856.18290016875,24322.265005584777
12_34,2011-09-09,25419.27,Canada,12,D,D_5,34,19875.138788840923,20347.779819980547
12_34,2011-09-16,17517.0,Canada,12,D,D_5,34,18397.62665352049,21183.957515319707
12_34,2011-09-23,16228.04,Canada,12,D,D_5,34,18577.23321761005,19420.24626017981
12_34,2011-09-30,15394.47,Canada,12,D,D_5,34,17743.017334466433,17633.384992251606
12_34,2011-10-07,18838.04,Canada,12,D,D_5,34,20611.91693214598,18439.557593386442
12_34,2011-10-14,19509.47,Canada,12,D,D_5,34,18916.487362480708,17900.910860015374
12_34,2011-10-21,17580.52,Canada,12,D,D_5,34,18347.061529752747,18313.69500057353
12_34,2011-10-28,18881.91,Canada,12,D,D_5,34,20187.409703536225,19118.14644432141
12_34,2011-11-04,20651.64,Canada,12,D,D_5,34,18093.330163042476,18071.590732442266
12_34,2011-11-11,28372.35,Canada,12,D,D_5,34,21931.878617949682,21303.552766719426
12_34,2011-11-18,21386.6,Canada,12,D,D_5,34,20709.841139606167,23503.19472194437
12_34,2011-11-25,25930.85,Canada,12,D,D_5,34,33098.755877200034,29411.954482908008
12_34,2011-12-02,20291.83,Canada,12,D,D_5,34,21560.919620633358,22068.593620762123
12_34,2011-12-09,23934.44,Canada,12,D,D_5,34,22481.163997555483,21821.050152200558
12_34,2011-12-16,27233.33,Canada,12,D,D_5,34,26524.542880139787,25096.947394726434
12_34,2011-12-23,34354.19,Canada,12,D,D_5,34,36443.945527822376,31636.602227298943
12_34,2011-12-30,24803.07,Canada,12,D,D_5,34,17762.67455975886,22483.942664055627
12_34,2012-01-06,17535.6,Canada,12,D,D_5,34,19175.612774585876,23194.26292760658
12_34,2012-01-13,13518.46,Canada,12,D,D_5,34,16754.07165291659,18873.635954743142
12_34,2012-01-20,14159.88,Canada,12,D,D_5,34,13833.34291744358,14587.399466997316
12_34,2012-01-27,17289.46,Canada,12,D,D_5,34,15118.429332443255,17069.442461982617
12_34,2012-02-03,21816.82,Canada,12,D,D_5,34,24986.09918873125,29444.501124669318
12_34,2012-02-10,30541.03,Canada,12,D,D_5,34,23121.017246055464,24890.56376863376
12_34,2012-02-17,25436.22,Canada,12,D,D_5,34,23015.301511461836,26931.87661153247
12_34,2012-02-24,27331.03,Canada,12,D,D_5,34,22263.220840343616,24687.72588788379
12_34,2012-03-02,24283.12,Canada,12,D,D_5,34,24309.660490490613,26747.316089294356
12_34,2012-03-09,24264.4,Canada,12,D,D_5,34,21777.90888604999,22497.479002591812
12_34,2012-03-16,26685.87,Canada,12,D,D_5,34,23908.073964919087,25282.381799101408
12_34,2012-03-23,23091.48,Canada,12,D,D_5,34,22149.971298919252,24145.12700973481
12_34,2012-03-30,24573.34,Canada,12,D,D_5,34,25404.624637548204,24219.975184721294
12_34,2012-04-06,26989.77,Canada,12,D,D_5,34,25816.805901959975,26646.218875247796
12_34,2012-04-13,27841.26,Canada,12,D,D_5,34,26079.656663518268,26234.37252454654
12_34,2012-04-20,26087.08,Canada,12,D,D_5,34,26027.017249009208,26608.88218258064
12_34,2012-04-27,29714.74,Canada,12,D,D_5,34,28204.547999699396,26395.51501537774
12_34,2012-05-04,30040.38,Canada,12,D,D_5,34,30199.84094021703,28686.27326283872
12_34,2012-05-11,29564.75,Canada,12,D,D_5,34,34012.070564871836,31039.53713453707
12_34,2012-05-18,32747.34,Canada,12,D,D_5,34,27196.256683760414,27017.977427564274
12_34,2012-05-25,28884.2,Canada,12,D,D_5,34,28623.245827856637,26307.653853616685
12_34,2012-06-01,23762.86,Canada,12,D,D_5,34,27893.55093046149,28396.48112084802
12_34,2012-06-08,29012.65,Canada,12,D,D_5,34,29656.422536604652,28522.64140514526
12_34,2012-06-15,24702.32,Canada,12,D,D_5,34,31498.398092740586,27127.462420106862
12_34,2012-06-22,23772.0,Canada,12,D,D_5,34,30815.12189138205,26812.40234083499
12_34,2012-06-29,22673.97,Canada,12,D,D_5,34,29862.451379665563,26409.301248352975
12_34,2012-07-06,25184.67,Canada,12,D,D_5,34,30655.231901912477,26966.220011688893
12_34,2012-07-13,22858.27,Canada,12,D,D_5,34,29607.02801237833,26481.005319184187
12_34,2012-07-20,21865.39,Canada,12,D,D_5,34,27848.80527200796,25790.47675547599
12_34,2012-07-27,21667.5,Canada,12,D,D_5,34,28267.36890680909,25565.94203855169
12_34,2012-08-03,21623.71,Canada,12,D,D_5,34,29303.794016762855,28397.92498911071
12_34,2012-08-10,26583.14,Canada,12,D,D_5,34,28217.447720467797,26131.154174248393
12_34,2012-08-17,27468.61,Canada,12,D,D_5,34,29501.911827209948,26369.458181120164
12_34,2012-08-24,25972.38,Canada,12,D,D_5,34,30443.030921110305,26158.165746103507
12_34,2012-08-31,26756.84,Canada,12,D,D_5,34,34025.565746782275,28140.543212340668
12_34,2012-09-07,20640.69,Canada,12,D,D_5,34,28138.468147193056,26802.123099746717
12_34,2012-09-14,17618.81,Canada,12,D,D_5,34,25380.843406632892,22631.336667602296
12_34,2012-09-21,17267.04,Canada,12,D,D_5,34,25837.015303621174,22093.524831644852
12_34,2012-09-28,16338.24,Canada,12,D,D_5,34,25661.301886331144,21642.086135693815
12_34,2012-10-05,17929.91,Canada,12,D,D_5,34,29223.5752384916,24072.83998590873
12_34,2012-10-12,21249.55,Canada,12,D,D_5,34,28165.72268270748,23972.47130769465
12_34,2012-10-19,20959.26,Canada,12,D,D_5,34,27598.93667151375,22996.26858795755
12_34,2012-10-26,20746.05,Canada,12,D,D_5,34,29768.391561498753,24177.48248684266
12_34,2012-10-28,,Canada,12,D,D_5,34,28267.789280029236,24467.15540352417
12_34,2012-11-04,,Canada,12,D,D_5,34,31842.83304320781,28670.486097054163
12_34,2012-11-11,,Canada,12,D,D_5,34,29165.53436722723,25130.054569734275
12_34,2012-11-18,,Canada,12,D,D_5,34,41280.66416874082,30644.234446526378
12_34,2012-11-25,,Canada,12,D,D_5,34,31654.81919284122,25404.2047595495
12_34,2012-12-02,,Canada,12,D,D_5,34,33115.906732117066,27255.30047508246
12_34,2012-12-09,,Canada,12,D,D_5,34,36989.882386267695,29814.903931390705
12_34,2012-12-16,,Canada,12,D,D_5,34,46832.0794781264,35599.127320781714
12_34,2012-12-23,,Canada,12,D,D_5,34,29069.984113834656,26089.675707530783
12_34,2012-12-30,,Canada,12,D,D_5,34,28810.75487546992,22771.105740546274
12_34,2013-01-06,,Canada,12,D,D_5,34,26835.68734315305,20248.80901458859
12_34,2013-01-13,,Canada,12,D,D_5,34,24892.887415837118,19581.439942226905
12_34,2013-01-20,,Canada,12,D,D_5,34,26326.251639842834,22401.833695665286
12_34,2013-01-27,,Canada,12,D,D_5,34,35700.94504706786,32334.420902450143
12_34,2013-02-03,,Canada,12,D,D_5,34,35024.31085878489,34792.3442234567
12_34,2013-02-10,,Canada,12,D,D_5,34,33265.68979567325,32688.791084631343
12_34,2013-02-17,,Canada,12,D,D_5,34,32168.08861450643,32282.80473513289
12_34,2013-02-24,,Canada,12,D,D_5,34,33015.081036974756,31786.338318588663
12_34,2013-03-03,,Canada,12,D,D_5,34,30628.496078118103,29702.85173628128
12_34,2013-03-10,,Canada,12,D,D_5,34,32270.532141404947,31827.36057333187
12_34,2013-03-17,,Canada,12,D,D_5,34,29874.27150402808,29473.58965408318
12_34,2013-03-24,,Canada,12,D,D_5,34,32884.66211155851,30156.974421298357
12_34,2013-03-31,,Canada,12,D,D_5,34,33561.83557158317,32643.575501132935
12_34,2013-04-07,,Canada,12,D,D_5,34,33601.6327463803,32492.85845149218
12_34,2013-04-14,,Canada,12,D,D_5,34,33111.74609542564,31649.158472558174
42_38,2010-02-05,40559.37,USA,42,D,D_6,38,34691.03065650214,0.0
42_38,2010-02-12,37671.85,USA,42,D,D_6,38,44254.971444890434,24596.200264665582
42_38,2010-02-19,37550.0,USA,42,D,D_6,38,38317.17389892127,31475.88279536831
42_38,2010-02-26,36013.75,USA,42,D,D_6,38,40479.06000759746,34557.92489936533
42_38,2010-03-05,46493.78,USA,42,D,D_6,38,43788.48627605367,35289.93770026914
42_38,2010-03-12,42847.78,USA,42,D,D_6,38,42015.9366697374,40910.67467718847
42_38,2010-03-19,44138.54,USA,42,D,D_6,38,39223.188466643434,41881.93327262093
42_38,2010-03-26,35260.23,USA,42,D,D_6,38,40740.71278912932,43013.230367396536
42_38,2010-04-02,37496.16,USA,42,D,D_6,38,35326.11184352387,39126.58008643639
42_38,2010-04-09,44996.29,USA,42,D,D_6,38,38440.28145561425,38309.24260784178
42_38,2010-04-16,39857.73,USA,42,D,D_6,38,43820.99483900108,41661.48459791286
42_38,2010-04-23,39996.88,USA,42,D,D_6,38,32896.535354618194,40757.25612347435
42_38,2010-04-30,39889.11,USA,42,D,D_6,38,39789.501226745466,40376.076970128626
42_38,2010-05-07,29916.84,USA,42,D,D_6,38,46691.1696647376,40131.958769284654
42_38,2010-05-14,39397.92,USA,42,D,D_6,38,33552.301444925964,35011.08497748417
42_38,2010-05-21,33329.24,USA,42,D,D_6,38,32953.461208803805,37210.22029417168
42_38,2010-05-28,36450.56,USA,42,D,D_6,38,33783.429132623016,35264.67167423871
42_38,2010-06-04,36449.64,USA,42,D,D_6,38,39537.65484244143,35859.16152484464
42_38,2010-06-11,37097.39,USA,42,D,D_6,38,34078.62490782752,36155.17039249643
42_38,2010-06-18,33693.16,USA,42,D,D_6,38,33584.93705110145,36627.50828596635
42_38,2010-06-25,39987.61,USA,42,D,D_6,38,34280.943780611145,35156.5095113069
42_38,2010-07-02,31224.09,USA,42,D,D_6,38,35137.35350899268,37578.356615520206
42_38,2010-07-09,30475.2,USA,42,D,D_6,38,32400.454621533412,34392.9411520637
42_38,2010-07-16,33943.25,USA,42,D,D_6,38,33961.7841276243,32428.964189384562
42_38,2010-07-23,36024.23,USA,42,D,D_6,38,37458.045120926254,33188.080815911584
42_38,2010-07-30,36399.21,USA,42,D,D_6,38,33239.600763719136,34609.852046850836
42_38,2010-08-06,39311.53,USA,42,D,D_6,38,39690.43353493249,35506.863273873925
42_38,2010-08-13,31057.36,USA,42,D,D_6,38,31365.592997656182,37414.15564229586
42_38,2010-08-20,35117.19,USA,42,D,D_6,38,35306.1120427774,34227.47236911637
42_38,2010-08-27,29473.18,USA,42,D,D_6,38,29573.63114183762,34673.49084316085
42_38,2010-09-03,40074.04,USA,42,D,D_6,38,40126.557056954036,32066.557332671327
42_38,2010-09-10,35772.29,USA,42,D,D_6,38,35834.81316430776,36080.73562502801
42_38,2010-09-17,39156.54,USA,42,D,D_6,38,39257.53342850672,35926.1107842635
42_38,2010-09-24,36473.43,USA,42,D,D_6,38,36558.02862969925,37545.53593590487
42_38,2010-10-01,40387.42,USA,42,D,D_6,38,40432.877295809834,37008.08558430124
42_38,2010-10-08,35837.15,USA,42,D,D_6,38,35961.051639767,38702.15741906889
42_38,2010-10-15,38652.25,USA,42,D,D_6,38,38797.54033739193,37265.91945679514
42_38,2010-10-22,47284.09,USA,42,D,D_6,38,47459.996573381955,37960.89167262893
42_38,2010-10-29,36924.31,USA,42,D,D_6,38,37174.19627734394,42634.6426997483
42_38,2010-11-05,38955.22,USA,42,D,D_6,38,39050.39341014579,39772.03349810882
42_38,2010-11-12,31562.08,USA,42,D,D_6,38,31556.274135729793,39362.56211375108
42_38,2010-11-19,42313.15,USA,42,D,D_6,38,42370.053261696754,35452.15390285432
42_38,2010-11-26,25278.31,USA,42,D,D_6,38,25367.25739019171,38891.59457869577
42_38,2010-12-03,39369.49,USA,42,D,D_6,38,39456.80624133386,32067.208724395343
42_38,2010-12-10,38742.02,USA,42,D,D_6,38,38829.99719648195,35727.86716088662
42_38,2010-12-17,33864.33,USA,42,D,D_6,38,33982.58945034798,37238.87222943087
42_38,2010-12-24,35589.81,USA,42,D,D_6,38,35762.83096501547,35547.20273393619
42_38,2010-12-31,25335.37,USA,42,D,D_6,38,25522.742747053777,35568.56190130944
42_38,2011-01-07,39580.8,USA,42,D,D_6,38,39706.07522731599,30438.628000939254
42_38,2011-01-14,45703.02,USA,42,D,D_6,38,45800.137962481145,35021.62991405646
42_38,2011-01-21,43017.63,USA,42,D,D_6,38,43089.39610311931,40376.24708858125
42_38,2011-01-28,30904.37,USA,42,D,D_6,38,30979.91371827583,49090.30301754907
42_38,2011-02-04,34119.84,USA,42,D,D_6,38,34827.90086013359,63774.61954419948
42_38,2011-02-11,42322.42,USA,42,D,D_6,38,41793.94254628986,46944.584293788066
42_38,2011-02-18,37764.32,USA,42,D,D_6,38,37946.74408653135,44655.08361144533
42_38,2011-02-25,40150.91,USA,42,D,D_6,38,39888.20311850912,40373.52231009016
42_38,2011-03-04,44489.97,USA,42,D,D_6,38,44898.02630084941,46816.779614023086
42_38,2011-03-11,42041.53,USA,42,D,D_6,38,42273.48490398047,43435.31966670552
42_38,2011-03-18,38948.35,USA,42,D,D_6,38,39633.38105284091,43538.67185611267
42_38,2011-03-25,39290.95,USA,42,D,D_6,38,38958.1104247176,35756.7159395114
42_38,2011-04-01,35041.66,USA,42,D,D_6,38,35524.57237853471,38877.19387780593
42_38,2011-04-08,37681.92,USA,42,D,D_6,38,38474.67133920987,41657.75398971596
42_38,2011-04-15,41565.24,USA,42,D,D_6,38,41271.254964130676,36512.21142679802
42_38,2011-04-22,31239.5,USA,42,D,D_6,38,32310.477965381,39055.581708536796
42_38,2011-04-29,36395.02,USA,42,D,D_6,38,36771.156933764294,35118.76995368198
42_38,2011-05-06,43272.25,USA,42,D,D_6,38,41984.05083558825,29530.187651694527
42_38,2011-05-13,33809.18,USA,42,D,D_6,38,34892.42274611263,42144.05988925974
42_38,2011-05-20,31941.47,USA,42,D,D_6,38,32275.135388454673,34286.46251513669
42_38,2011-05-27,32634.7,USA,42,D,D_6,38,33166.2513254869,35071.563622559246
42_38,2011-06-03,37840.25,USA,42,D,D_6,38,37685.12434511116,33878.46103426023
42_38,2011-06-10,33079.79,USA,42,D,D_6,38,33503.95111319302,36220.83513952976
42_38,2011-06-17,31988.03,USA,42,D,D_6,38,31989.100571834166,32562.077615581384
42_38,2011-06-24,32740.04,USA,42,D,D_6,38,33187.17517044223,36172.02802750992
42_38,2011-07-01,32484.51,USA,42,D,D_6,38,31803.339993222282,29028.13192479342
42_38,2011-07-08,30853.83,USA,42,D,D_6,38,30250.681320759475,30247.022175984897
42_38,2011-07-15,33075.94,USA,42,D,D_6,38,32540.045776548035,32709.032316356406
42_38,2011-07-22,36746.75,USA,42,D,D_6,38,36023.64088691607,34200.63078504795
42_38,2011-07-29,33074.79,USA,42,D,D_6,38,32705.022965780456,35696.75788776164
42_38,2011-08-05,31893.67,USA,42,D,D_6,38,38217.529188137785,36212.11685305323
42_38,2011-08-12,28843.57,USA,42,D,D_6,38,28608.1796541004,28956.732059988073
42_38,2011-08-19,31564.97,USA,42,D,D_6,38,32677.71950880919,31409.535419185137
42_38,2011-08-26,38479.03,USA,42,D,D_6,38,26752.695692911504,27997.428896740006
42_38,2011-09-02,36709.96,USA,42,D,D_6,38,39878.23187762511,39743.65359042887
42_38,2011-09-09,29342.46,USA,42,D,D_6,38,34908.92164387093,35610.227026439316
42_38,2011-09-16,32534.17,USA,42,D,D_6,38,37132.70502557538,34646.48102199917
42_38,2011-09-23,31324.76,USA,42,D,D_6,38,33457.851758630815,31957.340866546234
42_38,2011-09-30,42369.5,USA,42,D,D_6,38,36891.23773118753,34082.90209804087
42_38,2011-10-07,32985.29,USA,42,D,D_6,38,33611.274889851375,35336.3917332161
42_38,2011-10-14,33254.34,USA,42,D,D_6,38,36336.51543047154,35948.15272821152
42_38,2011-10-21,24863.77,USA,42,D,D_6,38,44358.09304701169,39990.26357150187
42_38,2011-10-28,38429.15,USA,42,D,D_6,38,29869.788429484008,26119.629165476515
42_38,2011-11-04,36591.28,USA,42,D,D_6,38,33672.877956386495,33384.54672998838
42_38,2011-11-11,36791.91,USA,42,D,D_6,38,26842.179763760054,30348.545094333047
42_38,2011-11-18,36540.0,USA,42,D,D_6,38,39809.0943058155,40158.04958537374
42_38,2011-11-25,24726.09,USA,42,D,D_6,38,22105.488367091006,27802.555680486035
42_38,2011-12-02,42506.11,USA,42,D,D_6,38,36783.313096158316,35041.125135442075
42_38,2011-12-09,37928.74,USA,42,D,D_6,38,37417.956117111215,38322.75118532541
42_38,2011-12-16,40065.53,USA,42,D,D_6,38,32697.622851871176,35087.3913891734
42_38,2011-12-23,37072.26,USA,42,D,D_6,38,36098.352665212755,38578.07130521721
42_38,2011-12-30,36512.23,USA,42,D,D_6,38,26106.053540109995,31477.14249618575
42_38,2012-01-06,54497.41,USA,42,D,D_6,38,42595.853264542835,42812.77080195758
42_38,2012-01-13,55444.86,USA,42,D,D_6,38,51304.683066120735,52345.8455096092
42_38,2012-01-20,50425.32,USA,42,D,D_6,38,49517.09440077704,52101.3277344037
42_38,2012-01-27,47363.16,USA,42,D,D_6,38,37620.74986157855,46385.702752637866
42_38,2012-02-03,47578.94,USA,42,D,D_6,38,43542.1228049166,58452.50112150675
42_38,2012-02-10,49143.5,USA,42,D,D_6,38,51655.65555982225,56792.925777512544
42_38,2012-02-17,46580.21,USA,42,D,D_6,38,47082.365961846896,50610.35290823727
42_38,2012-02-24,46554.71,USA,42,D,D_6,38,48997.15215679051,49557.7897277244
42_38,2012-03-02,59852.68,USA,42,D,D_6,38,53357.437178719454,53039.890415562615
42_38,2012-03-09,45344.88,USA,42,D,D_6,38,52249.47028609343,54165.63432156625
42_38,2012-03-16,39473.4,USA,42,D,D_6,38,48118.772104754076,48507.26027791272
42_38,2012-03-23,50341.27,USA,42,D,D_6,38,45811.303147946455,42041.78721538851
42_38,2012-03-30,56783.37,USA,42,D,D_6,38,43213.30957494527,44386.738219025174
42_38,2012-04-06,49895.81,USA,42,D,D_6,38,49186.91152836216,53734.671336661275
42_38,2012-04-13,44345.61,USA,42,D,D_6,38,52412.79889496696,52643.87958032371
42_38,2012-04-20,43806.42,USA,42,D,D_6,38,41509.18270994821,43091.007797872095
42_38,2012-04-27,43166.29,USA,42,D,D_6,38,46767.552586899736,46153.41004329755
42_38,2012-05-04,58043.77,USA,42,D,D_6,38,52219.51426581296,47329.09863895656
42_38,2012-05-11,47342.21,USA,42,D,D_6,38,44626.39476856634,44626.990929007596
42_38,2012-05-18,50769.62,USA,42,D,D_6,38,42315.7786642304,42109.632233027354
42_38,2012-05-25,41125.67,USA,42,D,D_6,38,43261.80032185759,43255.82942484707
42_38,2012-06-01,39418.55,USA,42,D,D_6,38,47961.65848987368,46036.256949315524
42_38,2012-06-08,43667.72,USA,42,D,D_6,38,43693.43178488215,43651.26288165952
42_38,2012-06-15,44038.97,USA,42,D,D_6,38,42311.49115311589,42213.97535011158
42_38,2012-06-22,40007.26,USA,42,D,D_6,38,43468.95367843358,44176.24578295163
42_38,2012-06-29,39421.29,USA,42,D,D_6,38,42289.27667349679,41845.853105852315
42_38,2012-07-06,43586.43,USA,42,D,D_6,38,40582.43221378232,40783.75921898555
42_38,2012-07-13,45686.34,USA,42,D,D_6,38,42735.55103005054,42842.48898088619
42_38,2012-07-20,35214.66,USA,42,D,D_6,38,46121.39826638756,45331.33280179593
42_38,2012-07-27,39296.67,USA,42,D,D_6,38,42613.58292731963,43467.71224864482
42_38,2012-08-03,45442.7,USA,42,D,D_6,38,47417.98500353374,43556.5520481851
42_38,2012-08-10,37479.53,USA,42,D,D_6,38,39799.15477792242,39864.17965933485
42_38,2012-08-17,39385.51,USA,42,D,D_6,38,43692.071893470275,42329.43585419532
42_38,2012-08-24,50563.09,USA,42,D,D_6,38,39215.9767673936,44626.37599892664
42_38,2012-08-31,34689.82,USA,42,D,D_6,38,48396.88959230234,46333.15996331113
42_38,2012-09-07,34065.66,USA,42,D,D_6,38,43891.23120086822,41333.41786472495
42_38,2012-09-14,34728.6,USA,42,D,D_6,38,47415.75966508385,43885.409979429736
42_38,2012-09-21,40286.7,USA,42,D,D_6,38,44972.25397574565,42581.501346650395
42_38,2012-09-28,38691.29,USA,42,D,D_6,38,49585.1020088081,49460.78566129776
42_38,2012-10-05,43316.81,USA,42,D,D_6,38,44543.248348325855,43317.490088433166
42_38,2012-10-12,37489.0,USA,42,D,D_6,38,47174.81419307105,44163.28363654456
42_38,2012-10-19,40597.9,USA,42,D,D_6,38,54325.06579077667,41837.486644288845
42_38,2012-10-26,39496.46,USA,42,D,D_6,38,46706.88641032407,46498.087752905056
42_38,2012-10-28,,USA,42,D,D_6,38,48122.88694130476,46014.58772983404
42_38,2012-11-04,,USA,42,D,D_6,38,41320.40136534843,44271.095008296325
42_38,2012-11-11,,USA,42,D,D_6,38,50886.152574057574,46802.960279735904
42_38,2012-11-18,,USA,42,D,D_6,38,34446.93662690387,36247.73297335015
42_38,2012-11-25,,USA,42,D,D_6,38,48848.323262192076,49264.007791606775
42_38,2012-12-02,,USA,42,D,D_6,38,47751.72389655285,46676.696515913696
42_38,2012-12-09,,USA,42,D,D_6,38,43565.69769822051,46601.11746238023
42_38,2012-12-16,,USA,42,D,D_6,38,44766.75088968026,45430.12515727659
42_38,2012-12-23,,USA,42,D,D_6,38,35449.93030502215,42590.654363012145
42_38,2012-12-30,,USA,42,D,D_6,38,49821.21872469496,55771.58355765477
42_38,2013-01-06,,USA,42,D,D_6,38,55216.961152624775,57806.17646647488
42_38,2013-01-13,,USA,42,D,D_6,38,52227.03084954043,54393.60590498564
42_38,2013-01-20,,USA,42,D,D_6,38,40963.647376748915,51043.37051671543
42_38,2013-01-27,,USA,42,D,D_6,38,44233.58152671699,57745.062516875725
42_38,2013-02-03,,USA,42,D,D_6,38,50855.28707590599,59902.81192703096
42_38,2013-02-10,,USA,42,D,D_6,38,47016.34179426487,57627.82408493711
42_38,2013-02-17,,USA,42,D,D_6,38,48857.92502002274,57916.03700602089
42_38,2013-02-24,,USA,42,D,D_6,38,54588.28708860832,67141.78849011046
42_38,2013-03-03,,USA,42,D,D_6,38,50811.051480272414,58750.6307656685
42_38,2013-03-10,,USA,42,D,D_6,38,48016.19714727887,55307.92303788453
42_38,2013-03-17,,USA,42,D,D_6,38,48824.02110779879,59530.61025804882
42_38,2013-03-24,,USA,42,D,D_6,38,46091.81457588225,62199.65977310247
42_38,2013-03-31,,USA,42,D,D_6,38,47910.450639766794,60416.12196057587
42_38,2013-04-07,,USA,42,D,D_6,38,50157.82975468405,57677.285641523784
42_38,2013-04-14,,USA,42,D,D_6,38,41763.85067220075,55192.306756403224
4_96,2010-02-05,32581.21,France,4,B,B_6,96,32072.65844526626,0.0
4_96,2010-02-12,33496.85,France,4,B,B_6,96,33540.13827341762,22603.29740355719
4_96,2010-02-19,28787.65,France,4,B,B_6,96,31334.57235001139,29629.661854498037
4_96,2010-02-26,26314.44,France,4,B,B_6,96,29387.20509040028,29091.82660021134
4_96,2010-03-05,27795.83,France,4,B,B_6,96,27285.000012380762,27320.041455677645
4_96,2010-03-12,29815.58,France,4,B,B_6,96,29170.710910686186,27623.511406755948
4_96,2010-03-19,30750.04,France,4,B,B_6,96,31794.714752048098,29021.637289405488
4_96,2010-03-26,28815.38,France,4,B,B_6,96,27481.273401484148,30124.028693461172
4_96,2010-04-02,33876.73,France,4,B,B_6,96,28568.74237172577,29289.360641706586
4_96,2010-04-09,28853.05,France,4,B,B_6,96,33419.512922901944,32215.226440123304
4_96,2010-04-16,28987.36,France,4,B,B_6,96,30246.20059324002,30070.79981522811
4_96,2010-04-23,29299.98,France,4,B,B_6,96,36907.18024311277,29379.772076014375
4_96,2010-04-30,31024.05,France,4,B,B_6,96,32205.80370970113,29328.87996635201
4_96,2010-05-07,32339.95,France,4,B,B_6,96,33226.51555948611,30410.074786148347
4_96,2010-05-14,28822.51,France,4,B,B_6,96,31822.697637326117,31640.966698256696
4_96,2010-05-21,32365.01,France,4,B,B_6,96,28602.268622449144,29843.32945745968
4_96,2010-05-28,33798.39,France,4,B,B_6,96,38239.663431485584,31451.680174881538
4_96,2010-06-04,33742.62,France,4,B,B_6,96,33004.51757758513,32948.43298204242
4_96,2010-06-11,33315.44,France,4,B,B_6,96,31470.60402340667,33454.97266403257
4_96,2010-06-18,32722.2,France,4,B,B_6,96,25013.518838495977,33365.97746558668
4_96,2010-06-25,31324.43,France,4,B,B_6,96,35512.719081130155,32955.37036005962
4_96,2010-07-02,34019.15,France,4,B,B_6,96,39701.397792134645,31915.141808535143
4_96,2010-07-09,31940.64,France,4,B,B_6,96,38784.2200589708,33257.097312857266
4_96,2010-07-16,32846.12,France,4,B,B_6,96,31419.783929916633,32417.44890066934
4_96,2010-07-23,32122.74,France,4,B,B_6,96,29675.222133416963,32690.85921514634
4_96,2010-07-30,30535.82,France,4,B,B_6,96,32765.939636432857,32328.507627842893
4_96,2010-08-06,31282.83,France,4,B,B_6,96,30327.22816843663,31185.115202151323
4_96,2010-08-13,30912.63,France,4,B,B_6,96,30122.626240555688,31247.438586327637
4_96,2010-08-20,29682.04,France,4,B,B_6,96,29002.570764532134,31033.89463381866
4_96,2010-08-27,30845.89,France,4,B,B_6,96,30226.2054023632,30171.669489327534
4_96,2010-09-03,32351.04,France,4,B,B_6,96,31801.9892619594,30601.693445077337
4_96,2010-09-10,32695.04,France,4,B,B_6,96,32236.156230687357,31717.44254142995
4_96,2010-09-17,33844.37,France,4,B,B_6,96,33447.007379133145,32340.963065666176
4_96,2010-09-24,34144.6,France,4,B,B_6,96,33804.18637299268,33299.849641749635
4_96,2010-10-01,34360.06,France,4,B,B_6,96,34128.54043012672,33838.639080702764
4_96,2010-10-08,34179.11,France,4,B,B_6,96,33992.047772299404,34171.206071438915
4_96,2010-10-15,34844.95,France,4,B,B_6,96,34632.27831695524,34176.24726875048
4_96,2010-10-22,32791.81,France,4,B,B_6,96,32517.94020092403,34602.75193474737
4_96,2010-10-29,34777.47,France,4,B,B_6,96,34437.291478602965,33447.71674657636
4_96,2010-11-05,33139.55,France,4,B,B_6,96,32792.62319048858,34295.84543022928
4_96,2010-11-12,32294.63,France,4,B,B_6,96,31919.59822071593,33558.349719179576
4_96,2010-11-19,30966.6,France,4,B,B_6,96,30605.325939976967,32752.337822480287
4_96,2010-11-26,47530.44,France,4,B,B_6,96,47167.0220222988,31613.378045672005
4_96,2010-12-03,28777.36,France,4,B,B_6,96,28381.39927997796,41765.42450104977
4_96,2010-12-10,32903.78,France,4,B,B_6,96,32534.958772921782,33481.519182439966
4_96,2010-12-17,35171.54,France,4,B,B_6,96,34896.522746204166,33113.03189275974
4_96,2010-12-24,60435.5,France,4,B,B_6,96,60196.341510876686,34425.96703075436
4_96,2010-12-31,44961.67,France,4,B,B_6,96,44629.74581829015,51015.08302113744
4_96,2011-01-07,22242.27,France,4,B,B_6,96,21790.14430309578,47154.16130200911
4_96,2011-01-14,28359.15,France,4,B,B_6,96,27851.478709851493,31265.13112074825
4_96,2011-01-21,31146.4,France,4,B,B_6,96,30670.63766607944,29411.670009587335
4_96,2011-01-28,30446.4,France,4,B,B_6,96,29967.133032874117,33588.263872005125
4_96,2011-02-04,35222.37,France,4,B,B_6,96,34740.242643295125,54363.06890756822
4_96,2011-02-11,36732.91,France,4,B,B_6,96,36149.33644994399,43020.47504809446
4_96,2011-02-18,34634.8,France,4,B,B_6,96,33788.82313776313,35698.269937364515
4_96,2011-02-25,33146.24,France,4,B,B_6,96,32286.37578711759,33221.9290823954
4_96,2011-03-04,31605.17,France,4,B,B_6,96,31112.91457563579,34268.29570829437
4_96,2011-03-11,33541.12,France,4,B,B_6,96,33009.056574434624,34127.36163540912
4_96,2011-03-18,36166.13,France,4,B,B_6,96,35450.08885854526,34465.97032518852
4_96,2011-03-25,32080.15,France,4,B,B_6,96,31628.724142344734,34113.000393268434
4_96,2011-04-01,33023.8,France,4,B,B_6,96,32978.2878189256,36567.203787663726
4_96,2011-04-08,37161.29,France,4,B,B_6,96,36085.840455511025,30696.682538606532
4_96,2011-04-15,34744.64,France,4,B,B_6,96,34064.39609043193,34767.83659339947
4_96,2011-04-22,41699.76,France,4,B,B_6,96,40384.06417423318,34989.61884418594
4_96,2011-04-29,38245.21,France,4,B,B_6,96,37622.215819745645,40404.781039939
4_96,2011-05-06,39555.75,France,4,B,B_6,96,38936.418920795375,40044.29877666961
4_96,2011-05-13,38368.06,France,4,B,B_6,96,37545.112601715795,37176.42193149627
4_96,2011-05-20,35655.66,France,4,B,B_6,96,35550.8038177749,40522.7183006384
4_96,2011-05-27,44788.75,France,4,B,B_6,96,43844.750695867515,38595.413349446986
4_96,2011-06-03,40227.95,France,4,B,B_6,96,39908.52937390587,42382.284315792014
4_96,2011-06-10,38595.03,France,4,B,B_6,96,38422.55893800866,40737.64305050869
4_96,2011-06-17,31861.69,France,4,B,B_6,96,32298.340574819784,38973.02465038179
4_96,2011-06-24,41202.24,France,4,B,B_6,96,40433.215937820256,33562.89065713043
4_96,2011-07-01,45989.87,France,4,B,B_6,96,45200.82624713734,40245.412008855616
4_96,2011-07-08,46084.97,France,4,B,B_6,96,45117.12461453145,42264.49503919598
4_96,2011-07-15,39923.81,France,4,B,B_6,96,39711.38718694334,45274.31722387313
4_96,2011-07-22,38018.45,France,4,B,B_6,96,37890.01818870126,41434.49799437818
4_96,2011-07-29,40811.32,France,4,B,B_6,96,40180.79458128398,38154.45581311411
4_96,2011-08-05,42374.66,France,4,B,B_6,96,38475.09896586288,40331.17573019911
4_96,2011-08-12,40623.91,France,4,B,B_6,96,38685.68742310421,41314.3167967246
4_96,2011-08-19,39067.23,France,4,B,B_6,96,37723.3146005551,39987.04048507469
4_96,2011-08-26,38967.06,France,4,B,B_6,96,39038.801788800665,40283.53917519686
4_96,2011-09-02,44365.81,France,4,B,B_6,96,40506.8210646355,40594.14901035488
4_96,2011-09-09,42256.84,France,4,B,B_6,96,41417.262219719385,43191.994772275815
4_96,2011-09-16,42781.12,France,4,B,B_6,96,42678.28938590414,43473.463957329324
4_96,2011-09-23,41526.81,France,4,B,B_6,96,42987.21801052692,43278.601125181616
4_96,2011-09-30,40911.13,France,4,B,B_6,96,43037.615472552214,42362.158604265875
4_96,2011-10-07,42861.93,France,4,B,B_6,96,42551.890430011175,41337.51610976968
4_96,2011-10-14,43889.35,France,4,B,B_6,96,43213.077906616614,42760.86201880389
4_96,2011-10-21,43740.79,France,4,B,B_6,96,41173.08555221333,41950.08757257067
4_96,2011-10-28,46213.2,France,4,B,B_6,96,43435.318103276775,44502.60107905021
4_96,2011-11-04,42409.27,France,4,B,B_6,96,42148.76722734165,44353.8692289583
4_96,2011-11-11,40559.48,France,4,B,B_6,96,41266.35743163885,42538.14057910196
4_96,2011-11-18,38402.02,France,4,B,B_6,96,39792.79399597009,40392.007441854475
4_96,2011-11-25,53508.05,France,4,B,B_6,96,56098.61193112556,51311.592215013225
4_96,2011-12-02,33850.26,France,4,B,B_6,96,36884.064572941905,38930.617511303404
4_96,2011-12-09,37328.37,France,4,B,B_6,96,40533.10261002906,38823.678351997645
4_96,2011-12-16,38667.39,France,4,B,B_6,96,42362.47233057311,39676.77378725242
4_96,2011-12-23,62400.69,France,4,B,B_6,96,67077.68004791618,57619.282035699565
4_96,2011-12-30,50067.84,France,4,B,B_6,96,50800.540820482856,49152.593818034235
4_96,2012-01-06,44433.9,France,4,B,B_6,96,27817.055397355354,32908.62404777264
4_96,2012-01-13,35633.3,France,4,B,B_6,96,36251.24291113037,44385.46751691438
4_96,2012-01-20,37415.48,France,4,B,B_6,96,38902.8264037007,40972.38520717752
4_96,2012-01-27,39022.29,France,4,B,B_6,96,37912.572282179965,39591.67114908862
4_96,2012-02-03,42553.32,France,4,B,B_6,96,42778.64939575728,47105.93871049612
4_96,2012-02-10,43666.67,France,4,B,B_6,96,44094.50208029463,45523.054322028795
4_96,2012-02-17,40112.08,France,4,B,B_6,96,41612.07854360274,42255.639369183
4_96,2012-02-24,41222.14,France,4,B,B_6,96,39767.79137970025,39546.42414252538
4_96,2012-03-02,38789.14,France,4,B,B_6,96,38645.49321226772,39763.88006072163
4_96,2012-03-09,36322.06,France,4,B,B_6,96,40494.82346000478,40790.73717053726
4_96,2012-03-16,40291.2,France,4,B,B_6,96,42265.29941853679,39964.31200097077
4_96,2012-03-23,37250.39,France,4,B,B_6,96,38024.16514506894,37120.252635415854
4_96,2012-03-30,39217.52,France,4,B,B_6,96,39154.53399157971,38608.30885794552
4_96,2012-04-06,45331.08,France,4,B,B_6,96,42366.270702935886,41018.341251179394
4_96,2012-04-13,37460.69,France,4,B,B_6,96,40582.77473573709,42062.06804550546
4_96,2012-04-20,40347.21,France,4,B,B_6,96,46408.41818222341,43984.44712942117
4_96,2012-04-27,42190.65,France,4,B,B_6,96,42498.208676913186,39685.010685935784
4_96,2012-05-04,46069.01,France,4,B,B_6,96,43720.86959713566,40772.953789319356
4_96,2012-05-11,41427.69,France,4,B,B_6,96,42258.96315619292,39441.14245481599
4_96,2012-05-18,42387.52,France,4,B,B_6,96,40073.44888980838,38158.02537263374
4_96,2012-05-25,48746.25,France,4,B,B_6,96,48434.70829081065,44560.16335969525
4_96,2012-06-01,47778.8,France,4,B,B_6,96,44298.75062790697,41475.027192362664
4_96,2012-06-08,46089.31,France,4,B,B_6,96,42751.536556458115,40297.985941067825
4_96,2012-06-15,48895.15,France,4,B,B_6,96,36542.07077664431,35655.01403442532
4_96,2012-06-22,44149.84,France,4,B,B_6,96,44859.63541809048,41760.92270212443
4_96,2012-06-29,47631.54,France,4,B,B_6,96,49516.60454740332,45414.98098488613
4_96,2012-07-06,52417.62,France,4,B,B_6,96,49334.95700265401,45164.942417498154
4_96,2012-07-13,41451.69,France,4,B,B_6,96,43713.06700527498,41129.40898226352
4_96,2012-07-20,47404.0,France,4,B,B_6,96,41852.28640620875,39721.93101337521
4_96,2012-07-27,44863.31,France,4,B,B_6,96,44173.67089327247,41362.545660131735
4_96,2012-08-03,45697.75,France,4,B,B_6,96,42697.56667181346,42529.0639699524
4_96,2012-08-10,44291.39,France,4,B,B_6,96,42143.874837667405,41286.211802320395
4_96,2012-08-17,44590.47,France,4,B,B_6,96,40839.02688973398,40046.30240133403
4_96,2012-08-24,42370.63,France,4,B,B_6,96,41818.14887457892,40163.737473237685
4_96,2012-08-31,47453.28,France,4,B,B_6,96,43683.65711508222,44053.38076080953
4_96,2012-09-07,46310.5,France,4,B,B_6,96,43731.44684368043,42694.121197416214
4_96,2012-09-14,42778.8,France,4,B,B_6,96,44796.75567024335,43229.91661030738
4_96,2012-09-21,45642.26,France,4,B,B_6,96,44936.444958226355,42433.16492372627
4_96,2012-09-28,45858.73,France,4,B,B_6,96,45134.8877823652,42053.35453366665
4_96,2012-10-05,43597.68,France,4,B,B_6,96,45200.3442631526,43347.78800045071
4_96,2012-10-12,39431.53,France,4,B,B_6,96,45852.030779323446,44144.157354324256
4_96,2012-10-19,45330.86,France,4,B,B_6,96,43899.116079635205,43733.65917806687
4_96,2012-10-26,48394.57,France,4,B,B_6,96,45805.8438164154,45701.17273088086
4_96,2012-10-28,,France,4,B,B_6,96,43864.33711718348,42877.14845125952
4_96,2012-11-04,,France,4,B,B_6,96,42848.24177320189,41495.71645982513
4_96,2012-11-11,,France,4,B,B_6,96,41410.575264634914,39863.91796593423
4_96,2012-11-18,,France,4,B,B_6,96,57801.64285782678,52586.200953047875
4_96,2012-11-25,,France,4,B,B_6,96,38922.577721979236,36457.40376741132
4_96,2012-12-02,,France,4,B,B_6,96,42998.8657879045,39431.49769910559
4_96,2012-12-09,,France,4,B,B_6,96,45249.10168632408,40757.807615365455
4_96,2012-12-16,,France,4,B,B_6,96,70408.61783623656,60669.76364000568
4_96,2012-12-23,,France,4,B,B_6,96,55204.81113522314,49950.28737208555
4_96,2012-12-30,,France,4,B,B_6,96,34037.38275524305,42591.19655936137
4_96,2013-01-06,,France,4,B,B_6,96,38340.73809616992,37497.557263492396
4_96,2013-01-13,,France,4,B,B_6,96,40996.974265562734,39075.165186668986
4_96,2013-01-20,,France,4,B,B_6,96,40480.10907821475,40865.395522493665
4_96,2013-01-27,,France,4,B,B_6,96,45052.00474066055,46888.69146972673
4_96,2013-02-03,,France,4,B,B_6,96,46380.71149588075,47949.01137035662
4_96,2013-02-10,,France,4,B,B_6,96,43855.1481478989,44881.1405716808
4_96,2013-02-17,,France,4,B,B_6,96,42521.30628540442,45154.84428109175
4_96,2013-02-24,,France,4,B,B_6,96,41056.770831364534,43515.20225080993
4_96,2013-03-03,,France,4,B,B_6,96,42459.7566368751,42367.01999258302
4_96,2013-03-10,,France,4,B,B_6,96,45057.65826389938,45400.82389149247
4_96,2013-03-17,,France,4,B,B_6,96,41223.7058343547,42693.54616784748
4_96,2013-03-24,,France,4,B,B_6,96,42549.69911433384,44617.110794450826
4_96,2013-03-31,,France,4,B,B_6,96,46037.91952385316,48639.90958316433
4_96,2013-04-07,,France,4,B,B_6,96,43220.66412379532,43197.35596004219
4_96,2013-04-14,,France,4,B,B_6,96,49810.87226245568,46022.19981715364
6_93,2010-02-05,40815.87,USA,6,B,B_3,93,44475.5906557961,0.0
6_93,2010-02-12,39393.63,USA,6,B,B_3,93,38485.0941245039,39755.32231218506
6_93,2010-02-19,39083.48,USA,6,B,B_3,93,38155.23622149108,39403.59455556838
6_93,2010-02-26,34728.96,USA,6,B,B_3,93,35533.19790667658,39092.29947667211
6_93,2010-03-05,38419.08,USA,6,B,B_3,93,39039.5097964608,34849.1743773785
6_93,2010-03-12,38534.99,USA,6,B,B_3,93,40458.03945149243,38320.72552081528
6_93,2010-03-19,42647.84,USA,6,B,B_3,93,44044.79212649193,38529.08679877122
6_93,2010-03-26,33726.51,USA,6,B,B_3,93,34225.42194881335,42534.36421973566
6_93,2010-04-02,45740.55,USA,6,B,B_3,93,35866.83912564871,33969.17521474051
6_93,2010-04-09,46551.02,USA,6,B,B_3,93,40992.1365456184,45416.236822375395
6_93,2010-04-16,39586.78,USA,6,B,B_3,93,41003.195145267804,46519.75558569289
6_93,2010-04-23,36250.6,USA,6,B,B_3,93,45885.01390126585,39777.790428569875
6_93,2010-04-30,35190.31,USA,6,B,B_3,93,38955.49528199367,36347.77763276124
6_93,2010-05-07,41391.74,USA,6,B,B_3,93,40489.20066483627,35222.199393790164
6_93,2010-05-14,39738.87,USA,6,B,B_3,93,40213.95444561166,41221.76297055486
6_93,2010-05-21,38255.35,USA,6,B,B_3,93,38793.002400957266,39779.72518812633
6_93,2010-05-28,41195.56,USA,6,B,B_3,93,39260.45317616619,38297.3480648116
6_93,2010-06-04,44115.94,USA,6,B,B_3,93,42494.7282897861,41115.71135536189
6_93,2010-06-11,42249.06,USA,6,B,B_3,93,42382.72605547546,44033.28069273192
6_93,2010-06-18,42761.44,USA,6,B,B_3,93,43667.53570901761,42298.2170689914
6_93,2010-06-25,37631.37,USA,6,B,B_3,93,36954.506551527986,42748.677743811175
6_93,2010-07-02,49466.15,USA,6,B,B_3,93,45720.24475970204,37772.35695908962
6_93,2010-07-09,45237.82,USA,6,B,B_3,93,47024.65465871508,49143.974277217785
6_93,2010-07-16,40768.13,USA,6,B,B_3,93,41784.67059436999,45345.43846675063
6_93,2010-07-23,39220.03,USA,6,B,B_3,93,37804.74208591599,40894.23943758909
6_93,2010-07-30,38177.59,USA,6,B,B_3,93,37343.57655596324,39266.15614861213
6_93,2010-08-06,42257.75,USA,6,B,B_3,93,42178.89445987501,38207.581088819374
6_93,2010-08-13,38907.67,USA,6,B,B_3,93,38802.9805495474,42146.16378569081
6_93,2010-08-20,35652.12,USA,6,B,B_3,93,35565.528287322886,38996.89375079495
6_93,2010-08-27,33323.81,USA,6,B,B_3,93,33238.386972405206,35744.2718703927
6_93,2010-09-03,42043.19,USA,6,B,B_3,93,41944.25387109457,33390.496151348205
6_93,2010-09-10,39594.22,USA,6,B,B_3,93,39471.57408403924,41804.7996090507
6_93,2010-09-17,37482.46,USA,6,B,B_3,93,37328.655140294606,39655.12368461475
6_93,2010-09-24,32964.85,USA,6,B,B_3,93,32793.316107388935,37542.319062881026
6_93,2010-10-01,33366.35,USA,6,B,B_3,93,33285.283579288225,33090.963862173514
6_93,2010-10-08,39182.71,USA,6,B,B_3,93,39250.056306066064,33358.76283579343
6_93,2010-10-15,39614.85,USA,6,B,B_3,93,39721.88021698293,39022.254416383184
6_93,2010-10-22,36237.13,USA,6,B,B_3,93,36238.11645170952,39598.52339751943
6_93,2010-10-29,35306.78,USA,6,B,B_3,93,35179.784164725934,36329.73975832327
6_93,2010-11-05,43646.92,USA,6,B,B_3,93,43493.971695937886,35334.96356698819
6_93,2010-11-12,47530.08,USA,6,B,B_3,93,47383.43550907927,43417.91726648386
6_93,2010-11-19,48912.52,USA,6,B,B_3,93,48758.350296527424,47416.78579372892
6_93,2010-11-26,52240.0,USA,6,B,B_3,93,52100.93564532307,48871.31102295468
6_93,2010-12-03,34385.61,USA,6,B,B_3,93,34281.84682167972,52147.189241146065
6_93,2010-12-10,42246.58,USA,6,B,B_3,93,42157.4888808633,34874.959316321125
6_93,2010-12-17,44302.13,USA,6,B,B_3,93,44202.231901042454,42043.48445918342
6_93,2010-12-24,57706.34,USA,6,B,B_3,93,57602.24895628962,44239.902050772966
6_93,2010-12-31,36267.45,USA,6,B,B_3,93,36203.20427901464,57335.32613269313
6_93,2011-01-07,38947.79,USA,6,B,B_3,93,38899.225426067685,36847.891110663644
6_93,2011-01-14,40591.79,USA,6,B,B_3,93,40512.54311236249,38889.93568018481
6_93,2011-01-21,36156.76,USA,6,B,B_3,93,36077.06513773049,40544.90220716505
6_93,2011-01-28,34713.24,USA,6,B,B_3,93,34650.23263716941,36457.529150779745
6_93,2011-02-04,44521.97,USA,6,B,B_3,93,43737.49890303245,67136.8568680434
6_93,2011-02-11,38674.98,USA,6,B,B_3,93,38876.39690509295,43970.81672684251
6_93,2011-02-18,38346.85,USA,6,B,B_3,93,38514.62302319813,38567.90815708255
6_93,2011-02-25,35709.64,USA,6,B,B_3,93,35499.129730915396,34694.42864523255
6_93,2011-03-04,39218.92,USA,6,B,B_3,93,39092.88533793459,38780.214777066045
6_93,2011-03-11,40649.6,USA,6,B,B_3,93,40283.58164303358,39305.581163819035
6_93,2011-03-18,44342.68,USA,6,B,B_3,93,44084.53748876022,44064.66807095865
6_93,2011-03-25,34601.24,USA,6,B,B_3,93,34532.966280188724,36840.969169732154
6_93,2011-04-01,36286.42,USA,6,B,B_3,93,38347.533208915585,44761.86436937263
6_93,2011-04-08,41033.47,USA,6,B,B_3,93,42101.702455241204,37216.8026916409
6_93,2011-04-15,40806.13,USA,6,B,B_3,93,40397.94992043167,35068.00793841446
6_93,2011-04-22,45704.04,USA,6,B,B_3,93,43653.4701015758,37832.16988307425
6_93,2011-04-29,39136.18,USA,6,B,B_3,93,38411.487152045716,44583.3909059452
6_93,2011-05-06,40792.75,USA,6,B,B_3,93,41102.59237143212,44506.803520521076
6_93,2011-05-13,40464.92,USA,6,B,B_3,93,40509.49259571035,39513.52881818617
6_93,2011-05-20,39092.96,USA,6,B,B_3,93,39108.115786503295,39190.67257458202
6_93,2011-05-27,39625.73,USA,6,B,B_3,93,40121.06401891861,41567.34033386143
6_93,2011-06-03,42813.34,USA,6,B,B_3,93,43204.664672019455,42137.291267015105
6_93,2011-06-10,42694.07,USA,6,B,B_3,93,42659.25515353889,41225.45828562651
6_93,2011-06-17,44062.17,USA,6,B,B_3,93,43800.979977981515,43079.916749120675
6_93,2011-06-24,37450.8,USA,6,B,B_3,93,37471.432925138804,39725.18124090327
6_93,2011-07-01,46222.13,USA,6,B,B_3,93,46849.85464535416,47461.419749787536
6_93,2011-07-08,47413.97,USA,6,B,B_3,93,46842.6154077873,42706.60895217567
6_93,2011-07-15,42288.32,USA,6,B,B_3,93,41862.641728429255,43518.13462354103
6_93,2011-07-22,38394.01,USA,6,B,B_3,93,38449.78081078905,41021.629106148415
6_93,2011-07-29,37931.07,USA,6,B,B_3,93,37816.10766750071,37595.37273984327
6_93,2011-08-05,39872.11,USA,6,B,B_3,93,42472.338719956984,41349.22699702366
6_93,2011-08-12,40223.74,USA,6,B,B_3,93,38994.47460202594,37099.88940571928
6_93,2011-08-19,37849.02,USA,6,B,B_3,93,35801.374580780626,37394.706459899535
6_93,2011-08-26,33122.27,USA,6,B,B_3,93,33559.01857782235,35880.343272298676
6_93,2011-09-02,38718.93,USA,6,B,B_3,93,42251.623579043735,40529.912580768076
6_93,2011-09-09,41014.01,USA,6,B,B_3,93,39636.37504163467,36715.40983775547
6_93,2011-09-16,38159.59,USA,6,B,B_3,93,37551.67314576447,39111.547984590245
6_93,2011-09-23,33402.82,USA,6,B,B_3,93,33040.207966327136,34390.08502085663
6_93,2011-09-30,34174.77,USA,6,B,B_3,93,33523.495919309455,33769.49135654956
6_93,2011-10-07,40939.45,USA,6,B,B_3,93,39483.90267582854,39051.54249209189
6_93,2011-10-14,37799.19,USA,6,B,B_3,93,40014.64738519653,41248.106292714765
6_93,2011-10-21,34944.57,USA,6,B,B_3,93,36469.78780516163,35061.176890738454
6_93,2011-10-28,33306.09,USA,6,B,B_3,93,35375.96505167414,34167.47007938976
6_93,2011-11-04,41516.01,USA,6,B,B_3,93,43602.95708249845,40341.69995865683
6_93,2011-11-11,47026.74,USA,6,B,B_3,93,47393.207824640594,44748.05106808138
6_93,2011-11-18,51482.94,USA,6,B,B_3,93,48740.605636463166,48123.922677464456
6_93,2011-11-25,53081.01,USA,6,B,B_3,93,52180.394330886775,54176.83146752719
6_93,2011-12-02,36015.96,USA,6,B,B_3,93,34381.87927034377,38110.192775837495
6_93,2011-12-09,46142.06,USA,6,B,B_3,93,42315.85485345353,42679.81802475404
6_93,2011-12-16,47962.41,USA,6,B,B_3,93,44519.3174843865,47774.038494865315
6_93,2011-12-23,60116.7,USA,6,B,B_3,93,58066.24164239348,59217.36604367337
6_93,2011-12-30,36695.28,USA,6,B,B_3,93,36751.84623294083,42076.23834107276
6_93,2012-01-06,42585.04,USA,6,B,B_3,93,39453.86349932638,39099.95635368221
6_93,2012-01-13,41093.27,USA,6,B,B_3,93,41217.01306502641,43864.16501213116
6_93,2012-01-20,39868.44,USA,6,B,B_3,93,36792.221534238,37446.666896527495
6_93,2012-01-27,36572.31,USA,6,B,B_3,93,35506.555437694464,38699.521696024654
6_93,2012-02-03,40570.82,USA,6,B,B_3,93,44807.94992435183,46861.38530036031
6_93,2012-02-10,44355.45,USA,6,B,B_3,93,39558.576010778335,35948.98992796959
6_93,2012-02-17,42400.93,USA,6,B,B_3,93,39430.69938185268,43823.92049855975
6_93,2012-02-24,37525.75,USA,6,B,B_3,93,36650.0092021162,40043.88867984088
6_93,2012-03-02,39619.69,USA,6,B,B_3,93,40284.69662300282,40662.042348809075
6_93,2012-03-09,45146.35,USA,6,B,B_3,93,41522.98648667319,40815.41015524652
6_93,2012-03-16,46489.83,USA,6,B,B_3,93,45468.689380635726,48255.673615573956
6_93,2012-03-23,37572.58,USA,6,B,B_3,93,35945.58234909097,38122.34449929082
6_93,2012-03-30,37624.63,USA,6,B,B_3,93,39424.42721189974,39688.07849205752
6_93,2012-04-06,50042.28,USA,6,B,B_3,93,43432.99643710186,41572.7170256443
6_93,2012-04-13,49328.89,USA,6,B,B_3,93,42394.87727737612,49182.16719860375
6_93,2012-04-20,38319.71,USA,6,B,B_3,93,46314.31199616556,53076.37562061754
6_93,2012-04-27,36252.2,USA,6,B,B_3,93,40440.7368901022,33378.523442449245
6_93,2012-05-04,39497.02,USA,6,B,B_3,93,42935.12843094676,35098.17044969252
6_93,2012-05-11,39971.19,USA,6,B,B_3,93,42454.85948354131,34732.440418486665
6_93,2012-05-18,41735.37,USA,6,B,B_3,93,41107.180293189005,33532.57648806461
6_93,2012-05-25,43937.97,USA,6,B,B_3,93,42067.87166993116,34144.41448519084
6_93,2012-06-01,45230.79,USA,6,B,B_3,93,45239.53186126121,36900.731631942304
6_93,2012-06-08,46469.13,USA,6,B,B_3,93,44844.8638363672,36690.30677360725
6_93,2012-06-15,47101.38,USA,6,B,B_3,93,46078.99658703893,37826.08298008287
6_93,2012-06-22,44287.56,USA,6,B,B_3,93,39727.79148410157,32169.502963314495
6_93,2012-06-29,46111.23,USA,6,B,B_3,93,49029.074787688805,39985.09604261938
6_93,2012-07-06,60994.99,USA,6,B,B_3,93,49341.63693635214,40689.811517911265
6_93,2012-07-13,46805.54,USA,6,B,B_3,93,44355.61015234439,36270.78580067269
6_93,2012-07-20,44604.72,USA,6,B,B_3,93,40872.834351426915,33026.62400484553
6_93,2012-07-27,41243.57,USA,6,B,B_3,93,40322.88035691891,32588.67935440427
6_93,2012-08-03,45853.41,USA,6,B,B_3,93,44462.29804426014,34407.6805228478
6_93,2012-08-10,45968.07,USA,6,B,B_3,93,41927.26727055345,34485.90880527291
6_93,2012-08-17,44271.81,USA,6,B,B_3,93,38901.25230584666,32365.020746203423
6_93,2012-08-24,40601.83,USA,6,B,B_3,93,36110.44384726334,28402.474806393217
6_93,2012-08-31,42373.5,USA,6,B,B_3,93,44229.81279264486,33461.42782994626
6_93,2012-09-07,49444.68,USA,6,B,B_3,93,42818.41750573231,35167.13916121617
6_93,2012-09-14,43220.07,USA,6,B,B_3,93,40569.126237207034,32728.70026740834
6_93,2012-09-21,43684.68,USA,6,B,B_3,93,36030.98436542097,28605.655659493026
6_93,2012-09-28,38175.4,USA,6,B,B_3,93,36606.70858984042,29254.61176835751
6_93,2012-10-05,44089.37,USA,6,B,B_3,93,42752.870441843224,35080.11182996508
6_93,2012-10-12,44940.97,USA,6,B,B_3,93,42514.25531638847,32569.161757597238
6_93,2012-10-19,43285.18,USA,6,B,B_3,93,39248.63196132304,30053.87731398614
6_93,2012-10-26,38858.72,USA,6,B,B_3,93,38154.73204495698,28673.517645300995
6_93,2012-10-28,,USA,6,B,B_3,93,46515.49036597209,35823.12215356266
6_93,2012-11-04,,USA,6,B,B_3,93,50800.901531654854,40518.54646463698
6_93,2012-11-11,,USA,6,B,B_3,93,52860.11461634557,44207.00725515952
6_93,2012-11-18,,USA,6,B,B_3,93,55863.77577155101,45699.76755681677
6_93,2012-11-25,,USA,6,B,B_3,93,38231.54785076865,30810.925542520046
6_93,2012-12-02,,USA,6,B,B_3,93,46599.50402929086,39475.5436843456
6_93,2012-12-09,,USA,6,B,B_3,93,48612.681675595355,41078.086246015875
6_93,2012-12-16,,USA,6,B,B_3,93,61771.57867832929,51722.06966246581
6_93,2012-12-23,,USA,6,B,B_3,93,39975.11362501733,31476.267779537193
6_93,2012-12-30,,USA,6,B,B_3,93,43368.99093564194,36396.88178795622
6_93,2013-01-06,,USA,6,B,B_3,93,44365.39800060557,35291.96835414863
6_93,2013-01-13,,USA,6,B,B_3,93,40632.79202131847,34028.80162675869
6_93,2013-01-20,,USA,6,B,B_3,93,38833.69974833995,31366.98170645052
6_93,2013-01-27,,USA,6,B,B_3,93,47024.022866573956,36923.49230436338
6_93,2013-02-03,,USA,6,B,B_3,93,43832.69340631622,39569.36634765004
6_93,2013-02-10,,USA,6,B,B_3,93,43157.10285385271,37989.13231229912
6_93,2013-02-17,,USA,6,B,B_3,93,39842.49990395363,33778.493680142965
6_93,2013-02-24,,USA,6,B,B_3,93,43140.24620533564,35795.23245247128
6_93,2013-03-03,,USA,6,B,B_3,93,45303.54485757305,40247.906705032474
6_93,2013-03-10,,USA,6,B,B_3,93,48578.322723358564,41700.16332969258
6_93,2013-03-17,,USA,6,B,B_3,93,39147.34816809903,33712.262091757504
6_93,2013-03-24,,USA,6,B,B_3,93,41861.959476343276,34449.505245018576
6_93,2013-03-31,,USA,6,B,B_3,93,47681.42502046823,44554.35593351019
6_93,2013-04-07,,USA,6,B,B_3,93,46441.62325456584,43621.47810790982
6_93,2013-04-14,,USA,6,B,B_3,93,48642.30542109234,34970.06489916472
14_2,2010-02-05,87917.02,France,14,D,D_4,2,77841.6395347969,0.0
14_2,2010-02-12,55899.41,France,14,D,D_4,2,78677.14236070232,43861.041127354314
14_2,2010-02-19,83031.73,France,14,D,D_4,2,76172.3346345605,73278.49871388703
14_2,2010-02-26,78941.75,France,14,D,D_4,2,76628.36495857785,68766.05549617257
14_2,2010-03-05,87081.07,France,14,D,D_4,2,88470.30491042104,81363.20234670232
14_2,2010-03-12,82983.0,France,14,D,D_4,2,78229.08907989916,82866.54018464885
14_2,2010-03-19,80887.4,France,14,D,D_4,2,81103.13274452618,85174.68148784342
14_2,2010-03-26,78560.16,France,14,D,D_4,2,80826.37149488962,81906.98731776241
14_2,2010-04-02,84278.19,France,14,D,D_4,2,79251.15216988766,79725.36275222639
14_2,2010-04-09,80250.57,France,14,D,D_4,2,84131.76219033818,81329.87260759159
14_2,2010-04-16,83225.97,France,14,D,D_4,2,82536.10481435481,82376.79381791998
14_2,2010-04-23,85678.27,France,14,D,D_4,2,86429.58069773063,81656.43085764951
14_2,2010-04-30,82801.88,France,14,D,D_4,2,77246.48898598047,84461.97528428685
14_2,2010-05-07,84835.46,France,14,D,D_4,2,81517.81769260626,84299.66206667392
14_2,2010-05-14,77685.47,France,14,D,D_4,2,76763.78173143457,83761.69833356614
14_2,2010-05-21,86069.91,France,14,D,D_4,2,84887.75538581784,81363.2127405663
14_2,2010-05-28,89096.18,France,14,D,D_4,2,83709.37199461469,81700.91878574352
14_2,2010-06-04,83362.02,France,14,D,D_4,2,81831.91639023703,87651.8051334697
14_2,2010-06-11,88029.65,France,14,D,D_4,2,86289.94858761008,86325.07452500451
14_2,2010-06-18,88717.18,France,14,D,D_4,2,84785.13150807124,85576.11779881602
14_2,2010-06-25,84611.64,France,14,D,D_4,2,86077.5429989114,88423.03477680497
14_2,2010-07-02,90714.16,France,14,D,D_4,2,89364.9255473641,86715.90506745361
14_2,2010-07-09,84067.67,France,14,D,D_4,2,89109.21737618289,87547.5627541817
14_2,2010-07-16,92554.66,France,14,D,D_4,2,88427.63087112276,87536.89017623056
14_2,2010-07-23,88708.89,France,14,D,D_4,2,85621.51408005046,88138.13087924289
14_2,2010-07-30,90523.51,France,14,D,D_4,2,87659.20402340595,90776.37882109336
14_2,2010-08-06,90670.74,France,14,D,D_4,2,94609.24751060986,89548.35098481484
14_2,2010-08-13,89620.53,France,14,D,D_4,2,92741.6109578344,90618.21857429565
14_2,2010-08-20,89591.89,France,14,D,D_4,2,91992.41308034591,90158.27602035359
14_2,2010-08-27,87255.09,France,14,D,D_4,2,89280.5516739898,89594.01263761403
14_2,2010-09-03,90882.47,France,14,D,D_4,2,92539.28694559714,88448.8446915204
14_2,2010-09-10,87598.17,France,14,D,D_4,2,88981.0735592924,89001.5684524074
14_2,2010-09-17,78160.28,France,14,D,D_4,2,79336.970689743,89319.77518354419
14_2,2010-09-24,78482.35,France,14,D,D_4,2,79430.23634880841,82941.86728183656
14_2,2010-10-01,77368.78,France,14,D,D_4,2,78175.50323335642,78206.41761767541
14_2,2010-10-08,80639.83,France,14,D,D_4,2,81319.78900598634,77944.32284368621
14_2,2010-10-15,76400.47,France,14,D,D_4,2,76935.93922816667,78954.91410887174
14_2,2010-10-22,75017.0,France,14,D,D_4,2,75457.64281682624,78606.2571841806
14_2,2010-10-29,77162.62,France,14,D,D_4,2,77571.21100137832,75670.96717445907
14_2,2010-11-05,79431.84,France,14,D,D_4,2,79860.81639741812,76054.03127441416
14_2,2010-11-12,76829.21,France,14,D,D_4,2,77245.10668303823,78293.15478091012
14_2,2010-11-19,72381.5,France,14,D,D_4,2,72772.50028654888,78195.0538233561
14_2,2010-11-26,70025.37,France,14,D,D_4,2,70441.18066837493,74603.73408206004
14_2,2010-12-03,72226.9,France,14,D,D_4,2,72676.01927991355,71211.43033612236
14_2,2010-12-10,82697.33,France,14,D,D_4,2,83148.48229351871,71010.77818929276
14_2,2010-12-17,86872.19,France,14,D,D_4,2,87351.31339837392,77496.02810959198
14_2,2010-12-24,117588.65,France,14,D,D_4,2,118067.452776944,84636.75488306956
14_2,2010-12-31,55734.4,France,14,D,D_4,2,56190.38144749767,102367.66160365069
14_2,2011-01-07,70335.01,France,14,D,D_4,2,70735.07580524978,86900.60019425867
14_2,2011-01-14,65416.03,France,14,D,D_4,2,65787.48534380441,63621.89684758843
14_2,2011-01-21,71126.18,France,14,D,D_4,2,71547.6442953091,65332.11459699671
14_2,2011-01-28,60182.59,France,14,D,D_4,2,60642.63342222503,73380.78500353414
14_2,2011-02-04,74569.15,France,14,D,D_4,2,75013.1597439585,140813.95067071752
14_2,2011-02-11,73519.71,France,14,D,D_4,2,73932.94358855633,77234.84684983524
14_2,2011-02-18,75057.65,France,14,D,D_4,2,75496.89370675963,82625.78838005065
14_2,2011-02-25,74248.54,France,14,D,D_4,2,74625.7961814955,83075.03883043969
14_2,2011-03-04,85526.63,France,14,D,D_4,2,85978.31189153944,79743.08107176317
14_2,2011-03-11,75404.09,France,14,D,D_4,2,75908.22732098386,79722.36238735972
14_2,2011-03-18,77468.02,France,14,D,D_4,2,77825.9235823497,77176.92713494216
14_2,2011-03-25,77227.14,France,14,D,D_4,2,77523.09768943064,73455.4224835956
14_2,2011-04-01,76068.04,France,14,D,D_4,2,76306.79253300709,81122.165657689
14_2,2011-04-08,80087.33,France,14,D,D_4,2,80229.19139176722,75880.99086138194
14_2,2011-04-15,79254.56,France,14,D,D_4,2,79313.74114113241,78649.95883376584
14_2,2011-04-22,83080.71,France,14,D,D_4,2,83070.88646822357,83110.76683169605
14_2,2011-04-29,74093.84,France,14,D,D_4,2,74026.7820754058,79730.67400381729
14_2,2011-05-06,77389.62,France,14,D,D_4,2,77300.08000538973,79282.3473306861
14_2,2011-05-13,72071.59,France,14,D,D_4,2,71958.81643093689,70524.18197683395
14_2,2011-05-20,80099.5,France,14,D,D_4,2,79935.58715743526,78774.74410544716
14_2,2011-05-27,78782.74,France,14,D,D_4,2,78572.3240755472,82153.10243779488
14_2,2011-06-03,76037.95,France,14,D,D_4,2,75753.19622120658,76038.28028028393
14_2,2011-06-10,80338.3,France,14,D,D_4,2,79984.54748345248,78855.87577359425
14_2,2011-06-17,78656.26,France,14,D,D_4,2,78227.66364770735,80721.08977091458
14_2,2011-06-24,79332.91,France,14,D,D_4,2,78882.25382505386,76421.67902130708
14_2,2011-07-01,82998.47,France,14,D,D_4,2,82517.95183727506,82249.04354804667
14_2,2011-07-08,82661.34,France,14,D,D_4,2,82103.29945624959,78212.49141481663
14_2,2011-07-15,83055.6,France,14,D,D_4,2,82440.27177069138,87003.89034916378
14_2,2011-07-22,79666.34,France,14,D,D_4,2,78995.32699232738,83440.43424112163
14_2,2011-07-29,81266.9,France,14,D,D_4,2,80593.34347909602,81278.27373281762
14_2,2011-08-05,86682.47,France,14,D,D_4,2,87144.0290140213,81350.68005261464
14_2,2011-08-12,81752.97,France,14,D,D_4,2,85908.16625953851,82974.50923805144
14_2,2011-08-19,80928.81,France,14,D,D_4,2,84970.6667399752,83874.90250431669
14_2,2011-08-26,87691.21,France,14,D,D_4,2,81960.05568187316,79387.21182983386
14_2,2011-09-02,69212.39,France,14,D,D_4,2,86628.59465452842,86081.37322665693
14_2,2011-09-09,89013.67,France,14,D,D_4,2,80205.01548304179,77903.60572580055
14_2,2011-09-16,76045.64,France,14,D,D_4,2,72413.23654217439,68968.37444893546
14_2,2011-09-23,73926.25,France,14,D,D_4,2,73380.46076163789,78946.67864707031
14_2,2011-09-30,76028.85,France,14,D,D_4,2,72397.00886419171,74253.55958309719
14_2,2011-10-07,81123.63,France,14,D,D_4,2,76347.99381242486,77155.819820737
14_2,2011-10-14,75554.32,France,14,D,D_4,2,72955.8258325539,76295.82744084072
14_2,2011-10-21,75579.03,France,14,D,D_4,2,72047.22372910447,75443.57242934007
14_2,2011-10-28,76477.54,France,14,D,D_4,2,74882.97687799584,76752.45891778375
14_2,2011-11-04,77372.95,France,14,D,D_4,2,77536.80871740241,78884.98654354597
14_2,2011-11-11,76645.85,France,14,D,D_4,2,74969.383416049,75707.02909977798
14_2,2011-11-18,73691.89,France,14,D,D_4,2,70877.26779463283,72088.36570711914
14_2,2011-11-25,70368.0,France,14,D,D_4,2,69128.86687788014,71242.34885077726
14_2,2011-12-02,77227.84,France,14,D,D_4,2,71664.76219016546,72988.5962924619
14_2,2011-12-09,83932.93,France,14,D,D_4,2,83230.48072855988,83393.79475958244
14_2,2011-12-16,93806.78,France,14,D,D_4,2,87643.3624773245,88852.53385931117
14_2,2011-12-23,114671.56,France,14,D,D_4,2,119567.48684239908,116074.90254914075
14_2,2011-12-30,63983.74,France,14,D,D_4,2,56887.83335319032,65490.8754181291
14_2,2012-01-06,72844.33,France,14,D,D_4,2,72805.88156790525,74763.919344889
14_2,2012-01-13,73189.45,France,14,D,D_4,2,67938.54045689767,71544.6535000517
14_2,2012-01-20,74446.86,France,14,D,D_4,2,74721.3930965417,73629.42015699281
14_2,2012-01-27,63491.84,France,14,D,D_4,2,63843.72410155623,70531.08805096218
14_2,2012-02-03,77422.08,France,14,D,D_4,2,78234.55155529644,82862.45826711747
14_2,2012-02-10,79353.55,France,14,D,D_4,2,77087.98839511385,76206.61894757209
14_2,2012-02-17,77463.71,France,14,D,D_4,2,79139.58231780525,79710.48246597504
14_2,2012-02-24,80412.19,France,14,D,D_4,2,78044.34680362191,79083.42237098084
14_2,2012-03-02,79335.68,France,14,D,D_4,2,89896.5820519653,88006.22848109023
14_2,2012-03-09,80608.62,France,14,D,D_4,2,77989.3037866299,76592.89506118918
14_2,2012-03-16,77449.42,France,14,D,D_4,2,80475.39404157121,76971.42929021505
14_2,2012-03-23,75988.35,France,14,D,D_4,2,79688.08888575868,79652.97797433297
14_2,2012-03-30,76674.0,France,14,D,D_4,2,77853.50041463583,75947.96520548163
14_2,2012-04-06,83532.04,France,14,D,D_4,2,81605.34709626471,79037.18952008034
14_2,2012-04-13,74142.16,France,14,D,D_4,2,81066.42899654295,80995.67482211128
14_2,2012-04-20,76266.11,France,14,D,D_4,2,83575.97178992274,82116.1542573041
14_2,2012-04-27,73752.17,France,14,D,D_4,2,73201.49129982138,69409.1692928454
14_2,2012-05-04,78049.84,France,14,D,D_4,2,76462.83249010304,71847.60870189524
14_2,2012-05-11,77287.63,France,14,D,D_4,2,71105.5237042327,67342.65210261442
14_2,2012-05-18,74947.95,France,14,D,D_4,2,79062.02642789377,74216.72778398266
14_2,2012-05-25,80985.93,France,14,D,D_4,2,77669.1955104864,73364.44132508124
14_2,2012-06-01,77087.5,France,14,D,D_4,2,74812.04518308528,70821.41385902498
14_2,2012-06-08,83188.13,France,14,D,D_4,2,78991.85470199233,74567.22653049808
14_2,2012-06-15,70955.41,France,14,D,D_4,2,77170.8802918753,73231.7488964933
14_2,2012-06-22,65240.17,France,14,D,D_4,2,77747.76128503842,73587.05764267486
14_2,2012-06-29,65112.47,France,14,D,D_4,2,81301.7325403892,76863.4446046034
14_2,2012-07-06,71501.75,France,14,D,D_4,2,80799.92095062051,76278.08915653158
14_2,2012-07-13,64657.4,France,14,D,D_4,2,81035.62942706181,77019.38056086894
14_2,2012-07-20,65059.61,France,14,D,D_4,2,77478.99538177944,74085.90886339515
14_2,2012-07-27,62854.1,France,14,D,D_4,2,78955.18239223558,75475.51492221278
14_2,2012-08-03,69175.16,France,14,D,D_4,2,85383.4500662787,79890.90697215559
14_2,2012-08-10,67396.75,France,14,D,D_4,2,84231.26977753936,75826.29689557018
14_2,2012-08-17,70352.09,France,14,D,D_4,2,84049.35944191669,75146.0365488325
14_2,2012-08-24,67798.21,France,14,D,D_4,2,81774.77350456997,80524.11174792482
14_2,2012-08-31,65672.02,France,14,D,D_4,2,85399.34758086009,65679.81357824987
14_2,2012-09-07,71752.94,France,14,D,D_4,2,82144.91652121503,81586.44220372666
14_2,2012-09-14,61123.41,France,14,D,D_4,2,72751.68069587984,70533.19783561454
14_2,2012-09-21,62281.51,France,14,D,D_4,2,73058.5594587604,68791.7378064597
14_2,2012-09-28,57432.11,France,14,D,D_4,2,71976.47182028391,70455.56517268959
14_2,2012-10-05,65345.41,France,14,D,D_4,2,75267.56063161866,74759.6367943145
14_2,2012-10-12,59971.3,France,14,D,D_4,2,71007.15200641667,70009.38619342794
14_2,2012-10-19,58922.88,France,14,D,D_4,2,69626.34638336732,69948.15152655756
14_2,2012-10-26,61378.96,France,14,D,D_4,2,71819.88194656391,70795.50955688796
14_2,2012-10-28,,France,14,D,D_4,2,74183.64822509336,71646.4957924407
14_2,2012-11-04,,France,14,D,D_4,2,71646.17618638642,70905.11567082586
14_2,2012-11-11,,France,14,D,D_4,2,67249.3682854566,68257.47181039621
14_2,2012-11-18,,France,14,D,D_4,2,64989.052126301554,65407.257205412374
14_2,2012-11-25,,France,14,D,D_4,2,67300.0010222391,71159.02255112177
14_2,2012-12-02,,France,14,D,D_4,2,77853.72218456768,77140.98253675649
14_2,2012-12-09,,France,14,D,D_4,2,82139.21877815071,85628.39319897583
14_2,2012-12-16,,France,14,D,D_4,2,112941.46790041398,103872.69733509516
14_2,2012-12-23,,France,14,D,D_4,2,51152.7641020719,59830.72234127892
14_2,2012-12-30,,France,14,D,D_4,2,65779.78406860612,66939.0309575268
14_2,2013-01-06,,France,14,D,D_4,2,60905.586085016366,68281.48527683024
14_2,2013-01-13,,France,14,D,D_4,2,66732.86164141796,67208.55454440664
14_2,2013-01-20,,France,14,D,D_4,2,55904.61189996544,61910.13646925581
14_2,2013-01-27,,France,14,D,D_4,2,70358.88798804127,77239.54656535528
14_2,2013-02-03,,France,14,D,D_4,2,69359.87031309711,77506.33074003016
14_2,2013-02-10,,France,14,D,D_4,2,70998.72413302632,77240.20331463726
14_2,2013-02-17,,France,14,D,D_4,2,70208.07387693548,79447.59093119769
14_2,2013-02-24,,France,14,D,D_4,2,81628.06438017442,79413.07391290518
14_2,2013-03-03,,France,14,D,D_4,2,71641.60543798635,79833.76935767426
14_2,2013-03-10,,France,14,D,D_4,2,73650.6094579905,77289.37409075523
14_2,2013-03-17,,France,14,D,D_4,2,73413.00334901181,76016.06582824426
14_2,2013-03-24,,France,14,D,D_4,2,72250.98140448314,76768.17497511714
14_2,2013-03-31,,France,14,D,D_4,2,76217.33129918008,82221.65471760562
14_2,2013-04-07,,France,14,D,D_4,2,75327.02410139033,74852.06370379245
14_2,2013-04-14,,France,14,D,D_4,2,79095.85962426808,76806.65835829084
15_72,2010-02-05,80900.2,UK,15,D,D_2,72,64303.473759514505,0.0
15_72,2010-02-12,76330.52,UK,15,D,D_2,72,59044.843784427496,49428.55903869374
15_72,2010-02-19,67301.94,UK,15,D,D_2,72,66002.34784955217,63897.61681761638
15_72,2010-02-26,52281.05,UK,15,D,D_2,72,57988.002779625,65673.57082249942
15_72,2010-03-05,52561.19,UK,15,D,D_2,72,52714.37366674544,58736.93948344439
15_72,2010-03-12,45457.17,UK,15,D,D_2,72,41682.89459391196,55543.58102501899
15_72,2010-03-19,41642.94,UK,15,D,D_2,72,44717.38577918373,50330.13872212893
15_72,2010-03-26,34463.9,UK,15,D,D_2,72,39196.19948083282,45840.32883406965
15_72,2010-04-02,28666.75,UK,15,D,D_2,72,37904.57731645219,39960.76813605623
15_72,2010-04-09,29172.35,UK,15,D,D_2,72,40302.2542136052,34123.827991017504
15_72,2010-04-16,40959.68,UK,15,D,D_2,72,32924.834879160546,31564.823154823927
15_72,2010-04-23,34412.46,UK,15,D,D_2,72,38468.571013645706,36420.23756119228
15_72,2010-04-30,32773.48,UK,15,D,D_2,72,33091.595734096896,35382.585616335826
15_72,2010-05-07,32557.6,UK,15,D,D_2,72,39705.11893855193,34034.15761845204
15_72,2010-05-14,30997.98,UK,15,D,D_2,72,30983.645121366913,33271.04875315364
15_72,2010-05-21,32384.27,UK,15,D,D_2,72,29094.443847337243,32096.290048252817
15_72,2010-05-28,30231.93,UK,15,D,D_2,72,35270.774637244765,32245.122746172256
15_72,2010-06-04,30350.76,UK,15,D,D_2,72,34916.27666609274,31204.67216614549
15_72,2010-06-11,29891.04,UK,15,D,D_2,72,27169.418162855596,30763.356544361122
15_72,2010-06-18,41770.41,UK,15,D,D_2,72,34128.45690670362,30312.529242175864
15_72,2010-06-25,36343.53,UK,15,D,D_2,72,29567.891531437024,36234.1473797654
15_72,2010-07-02,38804.89,UK,15,D,D_2,72,37398.95794903296,36290.67808745985
15_72,2010-07-09,34422.39,UK,15,D,D_2,72,31749.675948716227,37590.063477979944
15_72,2010-07-16,33059.84,UK,15,D,D_2,72,33211.9780635881,35952.95857894743
15_72,2010-07-23,35787.54,UK,15,D,D_2,72,35652.857462585336,34457.74809339668
15_72,2010-07-30,38759.82,UK,15,D,D_2,72,36604.320452101,35145.00606367915
15_72,2010-08-06,34367.08,UK,15,D,D_2,72,33074.50976679716,37013.20038527817
15_72,2010-08-13,45112.07,UK,15,D,D_2,72,44206.04067602776,35645.64256207373
15_72,2010-08-20,51104.53,UK,15,D,D_2,72,50436.46264173755,40538.04540684162
15_72,2010-08-27,47659.41,UK,15,D,D_2,72,47009.64302617997,45998.975585807624
15_72,2010-09-03,41940.53,UK,15,D,D_2,72,41294.69599898102,46857.11495304126
15_72,2010-09-10,43787.63,UK,15,D,D_2,72,43233.55502174941,44316.144310364376
15_72,2010-09-17,43774.62,UK,15,D,D_2,72,43281.65221309788,44042.99956463185
15_72,2010-09-24,27448.32,UK,15,D,D_2,72,26931.997988033316,43904.29666387104
15_72,2010-10-01,34904.76,UK,15,D,D_2,72,34302.03899765622,35399.58170443406
15_72,2010-10-08,35786.73,UK,15,D,D_2,72,35033.57736242714,35143.84984251465
15_72,2010-10-15,40903.23,UK,15,D,D_2,72,40164.74336883427,35476.1007082135
15_72,2010-10-22,40921.01,UK,15,D,D_2,72,40263.139828902335,38280.928924577696
15_72,2010-10-29,34797.82,UK,15,D,D_2,72,34135.01437537345,39645.36553474657
15_72,2010-11-05,37215.67,UK,15,D,D_2,72,36511.63752841478,37140.07558034208
15_72,2010-11-12,54949.73,UK,15,D,D_2,72,54201.970069411276,37179.14399936368
15_72,2010-11-19,35769.81,UK,15,D,D_2,72,35074.6303153432,46363.27033137203
15_72,2010-11-26,292555.25,UK,15,D,D_2,72,291864.20042209193,40888.39865449232
15_72,2010-12-03,65466.49,UK,15,D,D_2,72,64709.27141837546,170953.89881600367
15_72,2010-12-10,61145.54,UK,15,D,D_2,72,60402.27452904587,116436.29939819603
15_72,2010-12-17,79934.62,UK,15,D,D_2,72,79326.85989441289,87861.1404649155
15_72,2010-12-24,137773.02,UK,15,D,D_2,72,137345.97238098134,83764.58645592399
15_72,2010-12-31,45805.54,UK,15,D,D_2,72,45504.60721868559,111677.01864273607
15_72,2011-01-07,41403.47,UK,15,D,D_2,72,41189.53833233382,77633.57283237203
15_72,2011-01-14,36455.88,UK,15,D,D_2,72,36313.604607804926,58909.26956953955
15_72,2011-01-21,39322.7,UK,15,D,D_2,72,39228.484249097455,47304.99459621746
15_72,2011-01-28,37470.49,UK,15,D,D_2,72,37445.983975402596,48980.72121110911
15_72,2011-02-04,63354.61,UK,15,D,D_2,72,65602.430017072,110255.09488493064
15_72,2011-02-11,56790.13,UK,15,D,D_2,72,59011.450525994864,82153.82579382209
15_72,2011-02-18,62165.54,UK,15,D,D_2,72,62302.9677105834,61568.96909130499
15_72,2011-02-25,53712.21,UK,15,D,D_2,72,53220.35949345443,49262.90100174943
15_72,2011-03-04,48775.41,UK,15,D,D_2,72,49176.55414954013,51752.94033324474
15_72,2011-03-11,37723.96,UK,15,D,D_2,72,38664.0922414299,44253.4663752581
15_72,2011-03-18,40322.85,UK,15,D,D_2,72,40403.79556325403,37694.98479922308
15_72,2011-03-25,35033.89,UK,15,D,D_2,72,34882.23460622215,33001.21821765874
15_72,2011-04-01,34087.62,UK,15,D,D_2,72,33343.47370124521,29167.899807561334
15_72,2011-04-08,37082.54,UK,15,D,D_2,72,36237.94330049865,32105.875247661505
15_72,2011-04-15,30395.53,UK,15,D,D_2,72,32391.606953961287,44536.11258589587
15_72,2011-04-22,35348.9,UK,15,D,D_2,72,35520.34345866937,31813.597238082017
15_72,2011-04-29,30472.45,UK,15,D,D_2,72,30949.48447080687,32243.371767576085
15_72,2011-05-06,37307.73,UK,15,D,D_2,72,36615.9587816955,31153.06029268186
15_72,2011-05-13,29282.2,UK,15,D,D_2,72,29468.913949310205,32991.04875955353
15_72,2011-05-20,27463.31,UK,15,D,D_2,72,28013.207262248405,32254.925792652193
15_72,2011-05-27,33141.48,UK,15,D,D_2,72,32758.53188675125,27999.317407278017
15_72,2011-06-03,32708.93,UK,15,D,D_2,72,32879.56628378496,30730.93097296304
15_72,2011-06-10,24989.52,UK,15,D,D_2,72,26463.544855905257,31364.154849059512
15_72,2011-06-17,31377.86,UK,15,D,D_2,72,33778.87349006656,38071.5211951284
15_72,2011-06-24,25673.94,UK,15,D,D_2,72,28339.423854251447,30102.46686771542
15_72,2011-07-01,32667.85,UK,15,D,D_2,72,34720.44781829953,29900.41175163941
15_72,2011-07-08,26827.8,UK,15,D,D_2,72,28982.807327977825,27639.55562911978
15_72,2011-07-15,27833.76,UK,15,D,D_2,72,29692.774604281753,26081.649283731473
15_72,2011-07-22,30082.87,UK,15,D,D_2,72,32043.68391067091,29268.474455354022
15_72,2011-07-29,30903.77,UK,15,D,D_2,72,33113.17510147895,32182.79011661395
15_72,2011-08-05,35392.85,UK,15,D,D_2,72,29134.65805432083,27854.63070705333
15_72,2011-08-12,31898.96,UK,15,D,D_2,72,40589.20678146569,40731.11843809449
15_72,2011-08-19,28839.52,UK,15,D,D_2,72,46060.37531118952,41247.29580145635
15_72,2011-08-26,27451.68,UK,15,D,D_2,72,41276.37353130639,32012.748462647392
15_72,2011-09-02,45184.15,UK,15,D,D_2,72,34464.625658468634,24879.41935917872
15_72,2011-09-09,30204.54,UK,15,D,D_2,72,37153.379686808876,36805.937303164006
15_72,2011-09-16,34721.6,UK,15,D,D_2,72,36624.71217524522,33407.77718577758
15_72,2011-09-23,29388.08,UK,15,D,D_2,72,20096.500851845343,20381.33050994808
15_72,2011-09-30,24558.69,UK,15,D,D_2,72,28142.513809674885,31236.8641346805
15_72,2011-10-07,28438.06,UK,15,D,D_2,72,28577.36691643184,28566.76692126863
15_72,2011-10-14,25338.93,UK,15,D,D_2,72,33638.643199042,32799.15314077885
15_72,2011-10-21,51286.73,UK,15,D,D_2,72,33041.30192072491,29007.719224772678
15_72,2011-10-28,37475.39,UK,15,D,D_2,72,28245.236848152388,35284.86035158351
15_72,2011-11-04,48023.26,UK,15,D,D_2,72,31275.9958878897,38468.79989061046
15_72,2011-11-11,53160.45,UK,15,D,D_2,72,50186.959423336564,58290.23654499753
15_72,2011-11-18,37906.11,UK,15,D,D_2,72,31220.897766291564,39710.82606743107
15_72,2011-11-25,257439.62,UK,15,D,D_2,72,288463.4370894827,254160.94610424264
15_72,2011-12-02,45707.8,UK,15,D,D_2,72,58916.063806003964,65417.87125363891
15_72,2011-12-09,40725.49,UK,15,D,D_2,72,53549.42763224429,51637.85774492179
15_72,2011-12-16,55351.77,UK,15,D,D_2,72,71427.78212345109,61791.86203359447
15_72,2011-12-23,96546.87,UK,15,D,D_2,72,128158.37834450741,106963.3391089895
15_72,2011-12-30,46251.03,UK,15,D,D_2,72,33873.15397880794,24465.699666649525
15_72,2012-01-06,25120.22,UK,15,D,D_2,72,30459.84672971414,31845.9266404997
15_72,2012-01-13,19258.77,UK,15,D,D_2,72,25152.852943188154,24211.557797700487
15_72,2012-01-20,28311.2,UK,15,D,D_2,72,27603.303082012382,24041.794641168417
15_72,2012-01-27,28897.46,UK,15,D,D_2,72,25856.91637070608,26475.679084200736
15_72,2012-02-03,46931.86,UK,15,D,D_2,72,53929.784579686806,58197.559988079476
15_72,2012-02-10,76278.9,UK,15,D,D_2,72,46981.96436160157,46490.36302374366
15_72,2012-02-17,50411.7,UK,15,D,D_2,72,52944.63385548798,65154.601847832084
15_72,2012-02-24,39519.75,UK,15,D,D_2,72,43766.22137401193,48909.10049193102
15_72,2012-03-02,37500.21,UK,15,D,D_2,72,39240.74459286905,40043.22496883731
15_72,2012-03-09,41160.48,UK,15,D,D_2,72,28552.42332202976,28779.058108236924
15_72,2012-03-16,33121.22,UK,15,D,D_2,72,31435.026070480897,36823.583658807205
15_72,2012-03-23,26204.97,UK,15,D,D_2,72,26078.58503223673,29731.552275851707
15_72,2012-03-30,30829.17,UK,15,D,D_2,72,24618.512986539496,26484.445811091176
15_72,2012-04-06,34936.18,UK,15,D,D_2,72,27940.143415713173,31242.61627158661
15_72,2012-04-13,24184.41,UK,15,D,D_2,72,24170.141701272667,28927.05981122472
15_72,2012-04-20,24176.25,UK,15,D,D_2,72,27700.514222355472,29863.192505985033
15_72,2012-04-27,29529.86,UK,15,D,D_2,72,22833.503346988822,22729.8310460007
15_72,2012-05-04,26818.7,UK,15,D,D_2,72,28695.695070215865,28365.008256606416
15_72,2012-05-11,30468.37,UK,15,D,D_2,72,21375.529096159084,21540.96743227059
15_72,2012-05-18,29348.61,UK,15,D,D_2,72,19883.777468141445,20190.756304426443
15_72,2012-05-25,23104.86,UK,15,D,D_2,72,24798.02626580398,24649.734379645888
15_72,2012-06-01,24737.1,UK,15,D,D_2,72,24813.81357761001,24305.419547506943
15_72,2012-06-08,28371.59,UK,15,D,D_2,72,18231.789005512324,17862.29385036119
15_72,2012-06-15,27156.42,UK,15,D,D_2,72,25531.351692233373,24499.20187033888
15_72,2012-06-22,30526.81,UK,15,D,D_2,72,20237.060003327955,19162.82399138788
15_72,2012-06-29,25532.16,UK,15,D,D_2,72,26903.42376007633,25233.303769822494
15_72,2012-07-06,38346.17,UK,15,D,D_2,72,21306.7880855877,19900.29199054282
15_72,2012-07-13,27374.42,UK,15,D,D_2,72,22220.08405972847,20579.226232950554
15_72,2012-07-20,27754.55,UK,15,D,D_2,72,24697.45511493436,22751.862945464443
15_72,2012-07-27,34487.64,UK,15,D,D_2,72,25881.030171121965,23770.04987368123
15_72,2012-08-03,30690.28,UK,15,D,D_2,72,23228.953884569484,26993.89504952384
15_72,2012-08-10,29072.45,UK,15,D,D_2,72,32162.391652444494,25319.60649126586
15_72,2012-08-17,25359.63,UK,15,D,D_2,72,37123.126680241556,23466.582812661294
15_72,2012-08-24,30285.95,UK,15,D,D_2,72,34107.85788899741,21927.78157537859
15_72,2012-08-31,26083.14,UK,15,D,D_2,72,31703.63877068214,35965.10560992067
15_72,2012-09-07,28408.78,UK,15,D,D_2,72,31161.272257237313,23765.83420653101
15_72,2012-09-14,32763.86,UK,15,D,D_2,72,31849.55257472379,27501.55178711018
15_72,2012-09-21,35019.09,UK,15,D,D_2,72,16998.254932825726,21233.989012032467
15_72,2012-09-28,35303.69,UK,15,D,D_2,72,22577.565862708245,18076.863910189637
15_72,2012-10-05,38157.9,UK,15,D,D_2,72,23755.302499847123,21391.726894728283
15_72,2012-10-12,34674.5,UK,15,D,D_2,72,27709.587978526026,19407.631811997577
15_72,2012-10-19,33050.65,UK,15,D,D_2,72,31375.45093157152,40903.57556931788
15_72,2012-10-26,32262.23,UK,15,D,D_2,72,23963.274469700373,28779.12694351161
15_72,2012-10-28,,UK,15,D,D_2,72,27324.23705471975,37801.55710363143
15_72,2012-11-04,,UK,15,D,D_2,72,43080.73792420387,44085.983888059185
15_72,2012-11-11,,UK,15,D,D_2,72,24397.372647804168,29327.718637201437
15_72,2012-11-18,,UK,15,D,D_2,72,275969.7335430716,240218.69583159703
15_72,2012-11-25,,UK,15,D,D_2,72,51210.577612398025,39166.00768872382
15_72,2012-12-02,,UK,15,D,D_2,72,46896.487764667785,34522.08993486441
15_72,2012-12-09,,UK,15,D,D_2,72,65300.44992740094,48753.8320367526
15_72,2012-12-16,,UK,15,D,D_2,72,121121.02015000483,89404.14082850573
15_72,2012-12-23,,UK,15,D,D_2,72,35253.08246615453,37323.6908560078
15_72,2012-12-30,,UK,15,D,D_2,72,28476.744218531567,19299.602777848435
15_72,2013-01-06,,UK,15,D,D_2,72,23498.384776122253,13868.611743650024
15_72,2013-01-13,,UK,15,D,D_2,72,27299.433642446453,21675.564391501008
15_72,2013-01-20,,UK,15,D,D_2,72,25819.17112566373,22605.346424091
15_72,2013-01-27,,UK,15,D,D_2,72,52287.53400750797,43674.04659207043
15_72,2013-02-03,,UK,15,D,D_2,72,50839.79594267277,67031.01816710817
15_72,2013-02-10,,UK,15,D,D_2,72,50225.88421107098,45863.09283003959
15_72,2013-02-17,,UK,15,D,D_2,72,41004.751502033956,35300.922599651676
15_72,2013-02-24,,UK,15,D,D_2,72,37144.103665107825,33094.27384283288
15_72,2013-03-03,,UK,15,D,D_2,72,28552.51839435932,34604.17706065644
15_72,2013-03-10,,UK,15,D,D_2,72,28985.054321557043,28083.810734039504
15_72,2013-03-17,,UK,15,D,D_2,72,23287.432149818706,21482.109359913862
15_72,2013-03-24,,UK,15,D,D_2,72,22650.99114977398,24960.595341597047
15_72,2013-03-31,,UK,15,D,D_2,72,25609.9554940511,28707.983103437044
15_72,2013-04-07,,UK,15,D,D_2,72,20354.205263443444,19564.903879316167
15_72,2013-04-14,,UK,15,D,D_2,72,23881.517011256663,19835.252515399217
2_16,2010-02-05,9674.86,USA,2,D,D_3,16,13876.459444291277,0.0
2_16,2010-02-12,9987.62,USA,2,D,D_3,16,13473.167754711274,6121.8132703497195
2_16,2010-02-19,11495.54,USA,2,D,D_3,16,16289.824472054033,7321.455466369547
2_16,2010-02-26,12558.37,USA,2,D,D_3,16,22803.341804892516,8668.396484587647
2_16,2010-03-05,21957.34,USA,2,D,D_3,16,26941.183823728134,9712.848668493876
2_16,2010-03-12,25826.56,USA,2,D,D_3,16,21969.732411905046,14180.437598876457
2_16,2010-03-19,45310.9,USA,2,D,D_3,16,41267.216858771586,17047.720411534774
2_16,2010-03-26,22084.09,USA,2,D,D_3,16,51098.6643396498,26122.555008433388
2_16,2010-04-02,48041.98,USA,2,D,D_3,16,32017.075246296492,19976.626307453833
2_16,2010-04-09,58887.31,USA,2,D,D_3,16,43992.31079132146,30204.745360417295
2_16,2010-04-16,67515.61,USA,2,D,D_3,16,43377.855419573025,36799.951128412795
2_16,2010-04-23,48577.91,USA,2,D,D_3,16,49796.0612190327,43058.91392671038
2_16,2010-04-30,59737.98,USA,2,D,D_3,16,44259.080430425915,39281.20212436745
2_16,2010-05-07,54829.3,USA,2,D,D_3,16,47240.65244277185,44662.47905591665
2_16,2010-05-14,44648.12,USA,2,D,D_3,16,55404.63041612049,44828.755401671
2_16,2010-05-21,46300.64,USA,2,D,D_3,16,49100.96084161828,42375.105925108386
2_16,2010-05-28,59638.47,USA,2,D,D_3,16,48424.83938811509,43279.585475446
2_16,2010-06-04,69765.65,USA,2,D,D_3,16,71848.70535925594,48579.75939105106
2_16,2010-06-11,51913.06,USA,2,D,D_3,16,62434.00966015128,53729.48311672006
2_16,2010-06-18,57212.57,USA,2,D,D_3,16,54936.293746091644,49234.70012663875
2_16,2010-06-25,54304.31,USA,2,D,D_3,16,50934.936389769005,51524.202787810886
2_16,2010-07-02,44514.67,USA,2,D,D_3,16,55516.154077216896,51186.611890314314
2_16,2010-07-09,42022.73,USA,2,D,D_3,16,53998.76077649585,47995.237338541
2_16,2010-07-16,36305.11,USA,2,D,D_3,16,36773.05425096822,46635.9110127532
2_16,2010-07-23,36604.99,USA,2,D,D_3,16,36147.46852677475,43949.58304058835
2_16,2010-07-30,29812.69,USA,2,D,D_3,16,31251.264161895786,43081.98937087981
2_16,2010-08-06,32172.54,USA,2,D,D_3,16,33828.10211361271,39764.631661690524
2_16,2010-08-13,27186.27,USA,2,D,D_3,16,28492.792458423894,39357.6758334961
2_16,2010-08-20,24058.13,USA,2,D,D_3,16,25083.654634170496,36612.467682895774
2_16,2010-08-27,18214.97,USA,2,D,D_3,16,18948.780077582524,34262.08644084206
2_16,2010-09-03,23042.29,USA,2,D,D_3,16,23522.67607167471,30817.743136392644
2_16,2010-09-10,20287.38,USA,2,D,D_3,16,20680.264689818003,30976.864400525323
2_16,2010-09-17,17120.84,USA,2,D,D_3,16,17535.986236541692,28954.174869280727
2_16,2010-09-24,17588.99,USA,2,D,D_3,16,17727.73164489057,26687.23681370005
2_16,2010-10-01,13570.97,USA,2,D,D_3,16,13561.60705555867,25637.152950781026
2_16,2010-10-08,13689.36,USA,2,D,D_3,16,13963.3196883705,23137.356968567834
2_16,2010-10-15,11764.12,USA,2,D,D_3,16,12405.945285069047,21959.19501497942
2_16,2010-10-22,9896.08,USA,2,D,D_3,16,10755.72688174354,20197.886597523422
2_16,2010-10-29,8448.19,USA,2,D,D_3,16,9445.754703789346,18436.62013627543
2_16,2010-11-05,7414.42,USA,2,D,D_3,16,8636.708087259809,16815.662606044283
2_16,2010-11-12,6766.04,USA,2,D,D_3,16,7962.333819014391,15368.533091666362
2_16,2010-11-19,7492.7,USA,2,D,D_3,16,8564.40626246663,14115.387476214377
2_16,2010-11-26,10354.51,USA,2,D,D_3,16,11513.887887979432,13443.248584090019
2_16,2010-12-03,4512.83,USA,2,D,D_3,16,5767.320172989352,13732.034921862314
2_16,2010-12-10,5824.27,USA,2,D,D_3,16,6965.068872465097,11161.053969904864
2_16,2010-12-17,5383.66,USA,2,D,D_3,16,6452.885243228608,10794.51030007307
2_16,2010-12-24,6912.04,USA,2,D,D_3,16,8043.49445743694,10006.235315464892
2_16,2010-12-31,4678.67,USA,2,D,D_3,16,5744.660687371077,10008.45565713098
2_16,2011-01-07,5668.32,USA,2,D,D_3,16,6520.9846029819855,8931.066513823145
2_16,2011-01-14,7539.94,USA,2,D,D_3,16,8280.509132812218,9321.746598210244
2_16,2011-01-21,7192.85,USA,2,D,D_3,16,7941.313204105107,11938.193062156175
2_16,2011-01-28,8558.07,USA,2,D,D_3,16,9305.611085239101,21531.395594223384
2_16,2011-02-04,11660.16,USA,2,D,D_3,16,11810.544578283578,19906.607380804548
2_16,2011-02-11,12075.76,USA,2,D,D_3,16,12536.630713560557,18851.772871468373
2_16,2011-02-18,15566.84,USA,2,D,D_3,16,15920.834961244242,19028.206113126987
2_16,2011-02-25,23137.36,USA,2,D,D_3,16,22740.23247330611,20315.257022101137
2_16,2011-03-04,29704.92,USA,2,D,D_3,16,30351.596753562753,26926.74877307167
2_16,2011-03-11,25803.25,USA,2,D,D_3,16,27796.923463503892,30248.436375496192
2_16,2011-03-18,43939.89,USA,2,D,D_3,16,45644.90663536353,37123.15250514973
2_16,2011-03-25,52536.38,USA,2,D,D_3,16,49082.26810991997,31568.84429450249
2_16,2011-04-01,40585.79,USA,2,D,D_3,16,44932.91442901606,49311.16018233208
2_16,2011-04-08,48360.42,USA,2,D,D_3,16,51595.26734767255,48111.7901393354
2_16,2011-04-15,43826.18,USA,2,D,D_3,16,47784.33549114574,52927.92556237708
2_16,2011-04-22,43993.76,USA,2,D,D_3,16,43316.42450140866,42778.27067708297
2_16,2011-04-29,38636.29,USA,2,D,D_3,16,40753.11948383285,49567.630378155176
2_16,2011-05-06,37593.03,USA,2,D,D_3,16,38110.58922412341,44371.00060739456
2_16,2011-05-13,43716.62,USA,2,D,D_3,16,41483.356176219524,39950.57431669178
2_16,2011-05-20,39997.54,USA,2,D,D_3,16,39647.59023853432,43497.88115889174
2_16,2011-05-27,39900.87,USA,2,D,D_3,16,41860.612698795216,47600.54177607015
2_16,2011-06-03,60383.42,USA,2,D,D_3,16,59968.62957281434,49635.20876109372
2_16,2011-06-10,51390.09,USA,2,D,D_3,16,49921.520023919,46973.08172881774
2_16,2011-06-17,46432.64,USA,2,D,D_3,16,47362.99111464741,48742.0500340891
2_16,2011-06-24,41742.56,USA,2,D,D_3,16,42713.94545768111,45207.91469721992
2_16,2011-07-01,45377.7,USA,2,D,D_3,16,44049.135707187685,39556.73918217106
2_16,2011-07-08,46554.94,USA,2,D,D_3,16,45498.153673058114,40278.17902563668
2_16,2011-07-15,32239.86,USA,2,D,D_3,16,33282.79026504807,38395.93936514746
2_16,2011-07-22,31599.97,USA,2,D,D_3,16,32649.461043002666,34507.762849199346
2_16,2011-07-29,26455.06,USA,2,D,D_3,16,27088.315013195835,30692.879896702158
2_16,2011-08-05,23871.68,USA,2,D,D_3,16,29835.1219783566,30109.87022518356
2_16,2011-08-12,21574.38,USA,2,D,D_3,16,23463.21093898288,26100.033546369545
2_16,2011-08-19,19526.92,USA,2,D,D_3,16,19947.991548037287,23787.5332540401
2_16,2011-08-26,18011.32,USA,2,D,D_3,16,14008.310134271342,20305.771453419744
2_16,2011-09-02,18111.52,USA,2,D,D_3,16,19815.217069999882,21754.129555765823
2_16,2011-09-09,16794.46,USA,2,D,D_3,16,16676.047246117992,19368.533011957334
2_16,2011-09-16,12371.14,USA,2,D,D_3,16,13656.602334865549,17316.155372828885
2_16,2011-09-23,11305.76,USA,2,D,D_3,16,13668.952478082814,15864.511495496627
2_16,2011-09-30,10694.72,USA,2,D,D_3,16,8962.27658533477,13091.135000162776
2_16,2011-10-07,11698.05,USA,2,D,D_3,16,9755.734706914422,12749.198698882801
2_16,2011-10-14,8461.04,USA,2,D,D_3,16,8702.054194309134,11692.388063036127
2_16,2011-10-21,8275.43,USA,2,D,D_3,16,7119.566747762648,9686.08785754062
2_16,2011-10-28,8030.03,USA,2,D,D_3,16,6297.033540938639,8753.459698291863
2_16,2011-11-04,7047.32,USA,2,D,D_3,16,6143.067795565294,8019.365679892456
2_16,2011-11-11,5551.97,USA,2,D,D_3,16,6008.795112583022,7232.285121480398
2_16,2011-11-18,6351.17,USA,2,D,D_3,16,6815.491934205504,6809.136765763029
2_16,2011-11-25,9528.26,USA,2,D,D_3,16,9904.529221136792,7778.837739555897
2_16,2011-12-02,5247.3,USA,2,D,D_3,16,4340.794957956048,5752.149656476515
2_16,2011-12-09,5540.47,USA,2,D,D_3,16,6100.564163825809,5525.56011808992
2_16,2011-12-16,4877.02,USA,2,D,D_3,16,5745.095759055224,5040.546657375508
2_16,2011-12-23,6874.56,USA,2,D,D_3,16,7376.584057481286,5287.283767024205
2_16,2011-12-30,6120.69,USA,2,D,D_3,16,5245.876297134768,4595.992806570983
2_16,2012-01-06,6857.17,USA,2,D,D_3,16,6543.602576313064,4941.579946717227
2_16,2012-01-13,5822.21,USA,2,D,D_3,16,8613.845418442816,5821.6880343733
2_16,2012-01-20,6390.02,USA,2,D,D_3,16,7755.009752307204,5589.412072649788
2_16,2012-01-27,6766.53,USA,2,D,D_3,16,8963.191632846809,8705.717250513811
2_16,2012-02-03,12100.76,USA,2,D,D_3,16,11190.879591172532,13295.605795570067
2_16,2012-02-10,14331.81,USA,2,D,D_3,16,12137.674235924414,13634.275707750152
2_16,2012-02-17,11628.3,USA,2,D,D_3,16,16207.72186054935,16089.600309545416
2_16,2012-02-24,18344.1,USA,2,D,D_3,16,22071.861516821053,17533.447397305288
2_16,2012-03-02,29071.02,USA,2,D,D_3,16,28484.908044581083,25468.042678218837
2_16,2012-03-09,30060.91,USA,2,D,D_3,16,26039.434494208064,27924.575376837387
2_16,2012-03-16,38449.89,USA,2,D,D_3,16,45448.84545793754,43339.264423139306
2_16,2012-03-23,39796.37,USA,2,D,D_3,16,48320.091903708235,32091.043787113333
2_16,2012-03-30,57270.21,USA,2,D,D_3,16,39979.062729225014,45532.6681049424
2_16,2012-04-06,58753.03,USA,2,D,D_3,16,52270.9234111571,55987.46054876485
2_16,2012-04-13,49269.1,USA,2,D,D_3,16,50805.19194465561,58019.44744311099
2_16,2012-04-20,43658.78,USA,2,D,D_3,16,47641.72314898193,44815.736718031905
2_16,2012-04-27,47384.36,USA,2,D,D_3,16,43483.71768159456,50046.06564330865
2_16,2012-05-04,54561.21,USA,2,D,D_3,16,41614.57879389704,47791.672415101806
2_16,2012-05-11,45366.08,USA,2,D,D_3,16,45529.09158763393,44398.30029691106
2_16,2012-05-18,44772.09,USA,2,D,D_3,16,42847.62878410451,44295.29408555256
2_16,2012-05-25,53840.9,USA,2,D,D_3,16,44626.73877253126,51148.929899909424
2_16,2012-06-01,51827.41,USA,2,D,D_3,16,63584.38172957841,61922.408289773615
2_16,2012-06-08,44017.97,USA,2,D,D_3,16,53589.865516168364,50194.11572832919
2_16,2012-06-15,42603.99,USA,2,D,D_3,16,50301.63477927033,51391.772824316366
2_16,2012-06-22,45878.38,USA,2,D,D_3,16,45881.14243023251,48395.434730574
2_16,2012-06-29,48796.53,USA,2,D,D_3,16,47805.2488087487,44094.21416824056
2_16,2012-07-06,49878.72,USA,2,D,D_3,16,48877.93875178436,42829.75518839023
2_16,2012-07-13,28746.12,USA,2,D,D_3,16,36081.567748862195,35645.16362114546
2_16,2012-07-20,30715.15,USA,2,D,D_3,16,35710.36249956963,35272.559705796535
2_16,2012-07-27,29470.21,USA,2,D,D_3,16,30476.231661358335,30025.0562975356
2_16,2012-08-03,30756.74,USA,2,D,D_3,16,32585.87997252984,30183.11646154936
2_16,2012-08-10,24513.0,USA,2,D,D_3,16,28328.85036645781,26653.928768082118
2_16,2012-08-17,21813.9,USA,2,D,D_3,16,25509.996492913244,24158.90817013887
2_16,2012-08-24,20245.01,USA,2,D,D_3,16,20338.0521248028,20431.54032215614
2_16,2012-08-31,18075.31,USA,2,D,D_3,16,24280.961614962398,22644.207761491107
2_16,2012-09-07,21633.53,USA,2,D,D_3,16,21844.338970695808,20585.813544797886
2_16,2012-09-14,10942.85,USA,2,D,D_3,16,18585.070774168344,17478.11686074525
2_16,2012-09-21,11361.67,USA,2,D,D_3,16,18760.867219300082,17170.343739286855
2_16,2012-09-28,10878.34,USA,2,D,D_3,16,15263.242382615754,14699.52901060739
2_16,2012-10-05,7781.04,USA,2,D,D_3,16,15650.63803300203,14810.037182227907
2_16,2012-10-12,8109.4,USA,2,D,D_3,16,13780.069752251724,12726.605897690657
2_16,2012-10-19,7769.29,USA,2,D,D_3,16,12467.232255360002,11521.030607419707
2_16,2012-10-26,7487.94,USA,2,D,D_3,16,11439.056493552143,10531.352607857529
2_16,2012-10-28,,USA,2,D,D_3,16,10723.499619824419,9568.783581362464
2_16,2012-11-04,,USA,2,D,D_3,16,10157.287107585373,8680.390720134152
2_16,2012-11-11,,USA,2,D,D_3,16,11078.087941393733,9140.356279131016
2_16,2012-11-18,,USA,2,D,D_3,16,14297.418567535751,11354.009100715179
2_16,2012-11-25,,USA,2,D,D_3,16,9020.364706055472,7061.782286390821
2_16,2012-12-02,,USA,2,D,D_3,16,10331.85958929719,7699.1974274551685
2_16,2012-12-09,,USA,2,D,D_3,16,10071.660636549052,7183.482955885962
2_16,2012-12-16,,USA,2,D,D_3,16,11976.973636578008,8409.82102847833
2_16,2012-12-23,,USA,2,D,D_3,16,10178.787715080918,6953.3254611301945
2_16,2012-12-30,,USA,2,D,D_3,16,11171.618645666189,7565.750636019901
2_16,2013-01-06,,USA,2,D,D_3,16,12698.351400956737,8184.639495980673
2_16,2013-01-13,,USA,2,D,D_3,16,12757.651206399674,8278.082463019793
2_16,2013-01-20,,USA,2,D,D_3,16,14186.156520581888,9974.977278076336
2_16,2013-01-27,,USA,2,D,D_3,16,17432.983509463673,14515.735993865012
2_16,2013-02-03,,USA,2,D,D_3,16,18342.06048514783,15407.385669317666
2_16,2013-02-10,,USA,2,D,D_3,16,20845.417521085827,16753.90944856746
2_16,2013-02-17,,USA,2,D,D_3,16,27993.275605559174,22346.11772352275
2_16,2013-02-24,,USA,2,D,D_3,16,35992.69131342025,30121.641128130403
2_16,2013-03-03,,USA,2,D,D_3,16,33912.9818587617,29430.015163889737
2_16,2013-03-10,,USA,2,D,D_3,16,50659.48479962161,44034.379647463276
2_16,2013-03-17,,USA,2,D,D_3,16,55070.26060992459,44034.59796195667
2_16,2013-03-24,,USA,2,D,D_3,16,52741.25507673678,48008.19563417087
2_16,2013-03-31,,USA,2,D,D_3,16,59051.17380840458,54254.6806527057
2_16,2013-04-07,,USA,2,D,D_3,16,54749.85039182611,51466.77776278861
2_16,2013-04-14,,USA,2,D,D_3,16,52203.78998858948,46486.64348545577
19_9,2010-02-05,12355.07,Germany,19,C,C_3,9,13077.434923636365,0.0
19_9,2010-02-12,12736.71,Germany,19,C,C_3,9,13716.854688835034,7376.980067982314
19_9,2010-02-19,14887.6,Germany,19,C,C_3,9,13376.73513952417,10038.832209353026
19_9,2010-02-26,12618.37,Germany,19,C,C_3,9,16558.63986081444,12316.9522862598
19_9,2010-03-05,15032.2,Germany,19,C,C_3,9,14976.983023129294,12456.26520133283
19_9,2010-03-12,15278.77,Germany,19,C,C_3,9,12871.43268155406,13641.124456297252
19_9,2010-03-19,18941.04,Germany,19,C,C_3,9,16929.948825603522,14393.33507351616
19_9,2010-03-26,19834.11,Germany,19,C,C_3,9,20757.892848371248,16481.345176731935
19_9,2010-04-02,32647.22,Germany,19,C,C_3,9,19855.14903972247,18020.53065540292
19_9,2010-04-09,27514.43,Germany,19,C,C_3,9,26006.402646725423,24735.106054082054
19_9,2010-04-16,25627.77,Germany,19,C,C_3,9,30661.45156531804,26010.978314437463
19_9,2010-04-23,28368.97,Germany,19,C,C_3,9,25557.81292226149,25835.063815711932
19_9,2010-04-30,28985.52,Germany,19,C,C_3,9,27593.21161415083,26998.27041825058
19_9,2010-05-07,28742.93,Germany,19,C,C_3,9,29665.458250312637,27910.530410246938
19_9,2010-05-14,22388.47,Germany,19,C,C_3,9,29127.220371939988,28292.648888208223
19_9,2010-05-21,28614.63,Germany,19,C,C_3,9,27052.291743969472,25582.296999417853
19_9,2010-05-28,40322.11,Germany,19,C,C_3,9,33443.39818661411,26974.30926358264
19_9,2010-06-04,38330.96,Germany,19,C,C_3,9,36981.730363968396,33101.70433722843
19_9,2010-06-11,28996.47,Germany,19,C,C_3,9,34971.000761145755,35502.228288838436
19_9,2010-06-18,36491.57,Germany,19,C,C_3,9,38486.09196292279,32515.71747346857
19_9,2010-06-25,40857.01,Germany,19,C,C_3,9,45161.26725183337,34340.858532060905
19_9,2010-07-02,48048.36,Germany,19,C,C_3,9,45816.67444586744,37332.14040396479
19_9,2010-07-09,36552.97,Germany,19,C,C_3,9,48363.56886683908,42251.490970100276
19_9,2010-07-16,31861.64,Germany,19,C,C_3,9,34241.03821858042,39635.54771612514
19_9,2010-07-23,34387.09,Germany,19,C,C_3,9,34738.313995274715,36066.88462727847
19_9,2010-07-30,30702.89,Germany,19,C,C_3,9,32247.80270163676,35295.763937129734
19_9,2010-08-06,30402.5,Germany,19,C,C_3,9,30264.096110596915,33187.37517182956
19_9,2010-08-13,27954.0,Germany,19,C,C_3,9,27840.253236874712,31908.96004321443
19_9,2010-08-20,37634.72,Germany,19,C,C_3,9,37562.248636862,30093.409815520718
19_9,2010-08-27,27064.05,Germany,19,C,C_3,9,27002.30833638343,33555.297488957774
19_9,2010-09-03,37696.05,Germany,19,C,C_3,9,37615.375647579946,30575.44795120747
19_9,2010-09-10,34179.74,Germany,19,C,C_3,9,34143.18121167837,33844.20680837517
19_9,2010-09-17,34925.87,Germany,19,C,C_3,9,34945.01130759913,33998.23551051046
19_9,2010-09-24,36236.88,Germany,19,C,C_3,9,36279.254861425004,34424.07217894881
19_9,2010-10-01,54026.46,Germany,19,C,C_3,9,54189.85768746063,35256.25344407214
19_9,2010-10-08,31768.55,Germany,19,C,C_3,9,32085.91685852663,43872.8393043872
19_9,2010-10-15,41982.23,Germany,19,C,C_3,9,42266.08497578282,38316.286276663195
19_9,2010-10-22,33794.51,Germany,19,C,C_3,9,34059.792265564254,39999.16167588137
19_9,2010-10-29,28299.3,Germany,19,C,C_3,9,28609.442051392987,37150.87581715727
19_9,2010-11-05,29916.03,Germany,19,C,C_3,9,30230.157784473384,33087.5021510035
19_9,2010-11-12,27287.44,Germany,19,C,C_3,9,27532.522242596766,31631.617155210035
19_9,2010-11-19,44258.44,Germany,19,C,C_3,9,44454.5281287157,29637.39427126072
19_9,2010-11-26,34606.43,Germany,19,C,C_3,9,34873.16970242417,36349.28076616387
19_9,2010-12-03,18688.12,Germany,19,C,C_3,9,19029.020412086975,35549.21374379942
19_9,2010-12-10,22066.78,Germany,19,C,C_3,9,22356.918060809843,27809.01858348639
19_9,2010-12-17,25631.42,Germany,19,C,C_3,9,25840.15872966938,25173.006473678313
19_9,2010-12-24,47084.5,Germany,19,C,C_3,9,47228.26131131773,25383.44419567731
19_9,2010-12-31,13427.0,Germany,19,C,C_3,9,13553.417152024022,35345.45553744287
19_9,2011-01-07,13207.04,Germany,19,C,C_3,9,13228.413795076789,25283.645428899872
19_9,2011-01-14,11212.48,Germany,19,C,C_3,9,11092.227511079574,19739.800864951834
19_9,2011-01-21,10373.17,Germany,19,C,C_3,9,10223.446418133284,15825.278551498199
19_9,2011-01-28,12147.76,Germany,19,C,C_3,9,11975.279757909857,14722.457066680701
19_9,2011-02-04,12358.93,Germany,19,C,C_3,9,12143.653995391229,22935.668027644082
19_9,2011-02-11,13111.8,Germany,19,C,C_3,9,12887.013183960415,18492.001014828114
19_9,2011-02-18,12926.82,Germany,19,C,C_3,9,12783.42822021899,17953.697562001442
19_9,2011-02-25,15971.24,Germany,19,C,C_3,9,15558.77679846839,14068.410398248496
19_9,2011-03-04,15056.91,Germany,19,C,C_3,9,14731.20910397748,16854.940295703345
19_9,2011-03-11,12993.83,Germany,19,C,C_3,9,12726.877525315584,16377.630986425229
19_9,2011-03-18,16744.85,Germany,19,C,C_3,9,16437.664715834522,17987.569898919468
19_9,2011-03-25,20301.94,Germany,19,C,C_3,9,19894.527423952022,18304.617208107007
19_9,2011-04-01,19523.76,Germany,19,C,C_3,9,19619.94295332253,29491.583541128028
19_9,2011-04-08,23823.13,Germany,19,C,C_3,9,23459.895947885278,21283.34896659091
19_9,2011-04-15,28325.24,Germany,19,C,C_3,9,27681.53628704676,20864.761861638817
19_9,2011-04-22,23955.77,Germany,19,C,C_3,9,23632.98381636123,26202.64850524929
19_9,2011-04-29,25584.87,Germany,19,C,C_3,9,25213.704345151535,25778.564732925897
19_9,2011-05-06,27457.59,Germany,19,C,C_3,9,27014.889849161274,25515.0823837557
19_9,2011-05-13,27091.64,Germany,19,C,C_3,9,26442.500702497204,21281.64076556894
19_9,2011-05-20,26130.82,Germany,19,C,C_3,9,25699.047383246983,28776.054673380888
19_9,2011-05-27,32385.06,Germany,19,C,C_3,9,32070.668117516932,37132.50820514578
19_9,2011-06-03,34933.62,Germany,19,C,C_3,9,34420.229906936656,33609.28719947125
19_9,2011-06-10,32728.09,Germany,19,C,C_3,9,32000.227090695586,26728.857448195522
19_9,2011-06-17,37107.23,Germany,19,C,C_3,9,36599.55391629434,35283.42052375062
19_9,2011-06-24,44062.29,Germany,19,C,C_3,9,43539.33639125722,39606.41131468018
19_9,2011-07-01,45414.94,Germany,19,C,C_3,9,45102.851872692314,47230.01617724831
19_9,2011-07-08,47710.43,Germany,19,C,C_3,9,46882.801993348265,37220.063346485156
19_9,2011-07-15,35315.39,Germany,19,C,C_3,9,34931.40852852658,37771.18405222592
19_9,2011-07-22,36170.51,Germany,19,C,C_3,9,35911.200135764535,38698.38840194704
19_9,2011-07-29,33740.04,Germany,19,C,C_3,9,33481.84342861353,34650.076097385594
19_9,2011-08-05,32417.12,Germany,19,C,C_3,9,31833.074450891985,34000.24239654981
19_9,2011-08-12,29564.88,Germany,19,C,C_3,9,29489.313417805704,31389.016323552012
19_9,2011-08-19,40282.2,Germany,19,C,C_3,9,39219.773847263015,38386.17647106186
19_9,2011-08-26,35708.91,Germany,19,C,C_3,9,28822.11353197583,30762.662320449002
19_9,2011-09-02,40775.72,Germany,19,C,C_3,9,40468.03810681251,41369.30257650296
19_9,2011-09-09,39187.09,Germany,19,C,C_3,9,37058.92203359715,38359.39048455472
19_9,2011-09-16,37641.15,Germany,19,C,C_3,9,38201.1499426512,39352.01139407304
19_9,2011-09-23,39363.12,Germany,19,C,C_3,9,39489.539531962175,39760.068885496126
19_9,2011-09-30,53043.8,Germany,19,C,C_3,9,57417.91436359452,53846.01272154543
19_9,2011-10-07,40628.81,Germany,19,C,C_3,9,34716.87378210455,35685.82533509308
19_9,2011-10-14,45120.75,Germany,19,C,C_3,9,45850.25838117873,45839.615960805866
19_9,2011-10-21,35769.74,Germany,19,C,C_3,9,37616.38987837538,38910.82485387262
19_9,2011-10-28,32504.35,Germany,19,C,C_3,9,31966.613228382652,33122.6433928196
19_9,2011-11-04,31795.82,Germany,19,C,C_3,9,33747.3667056892,34116.396283710805
19_9,2011-11-11,34329.47,Germany,19,C,C_3,9,30844.300703741814,31057.779887121007
19_9,2011-11-18,55059.26,Germany,19,C,C_3,9,48355.14228208175,45993.172733333035
19_9,2011-11-25,38398.0,Germany,19,C,C_3,9,39837.34185035771,41990.49853710677
19_9,2011-12-02,22488.25,Germany,19,C,C_3,9,23869.800843007637,27642.578765884467
19_9,2011-12-09,24214.77,Germany,19,C,C_3,9,27095.760152670984,28127.306757416423
19_9,2011-12-16,27415.87,Germany,19,C,C_3,9,30245.525407533336,29350.707149494432
19_9,2011-12-23,48329.89,Germany,19,C,C_3,9,51290.049457965455,45628.65025698341
19_9,2011-12-30,23203.08,Germany,19,C,C_3,9,17235.834553983153,19679.688959629653
19_9,2012-01-06,14355.64,Germany,19,C,C_3,9,17853.714373880663,20772.696413304475
19_9,2012-01-13,11853.63,Germany,19,C,C_3,9,15250.52563152078,16353.501952264616
19_9,2012-01-20,12009.71,Germany,19,C,C_3,9,13898.185486366096,13688.155119260733
19_9,2012-01-27,12450.45,Germany,19,C,C_3,9,15379.241546832485,14842.581014157431
19_9,2012-02-03,15474.79,Germany,19,C,C_3,9,15115.424845063999,15377.448917654943
19_9,2012-02-10,15242.12,Germany,19,C,C_3,9,15901.968794621791,16084.119834587233
19_9,2012-02-17,16742.05,Germany,19,C,C_3,9,15685.875521858661,15880.595493580086
19_9,2012-02-24,18326.73,Germany,19,C,C_3,9,18625.848932572175,18340.63027155694
19_9,2012-03-02,16348.04,Germany,19,C,C_3,9,17711.382715091473,17950.728269861764
19_9,2012-03-09,18974.32,Germany,19,C,C_3,9,15474.338701352925,15754.95022060903
19_9,2012-03-16,25410.05,Germany,19,C,C_3,9,19684.260977329126,20493.934610071396
19_9,2012-03-23,33553.61,Germany,19,C,C_3,9,23973.57968464374,25463.718883933994
19_9,2012-03-30,22850.73,Germany,19,C,C_3,9,25080.306145564275,29858.709176046963
19_9,2012-04-06,32035.48,Germany,19,C,C_3,9,28670.322637801168,29668.00365813476
19_9,2012-04-13,29726.03,Germany,19,C,C_3,9,33395.50771474151,33923.19887596969
19_9,2012-04-20,26615.69,Germany,19,C,C_3,9,28748.765091399197,29146.623296560734
19_9,2012-04-27,23919.65,Germany,19,C,C_3,9,30011.22482005531,29439.90063915929
19_9,2012-05-04,36758.48,Germany,19,C,C_3,9,31800.07635518377,30867.43186442569
19_9,2012-05-11,32899.01,Germany,19,C,C_3,9,31208.453875635187,29826.158567448874
19_9,2012-05-18,34730.22,Germany,19,C,C_3,9,30400.16955314725,29890.298760350717
19_9,2012-05-25,43472.17,Germany,19,C,C_3,9,36741.31600038206,36212.71920902541
19_9,2012-06-01,39488.09,Germany,19,C,C_3,9,39087.48422726525,37971.956135758584
19_9,2012-06-08,32345.69,Germany,19,C,C_3,9,36634.39260567743,35145.427754904165
19_9,2012-06-15,42198.88,Germany,19,C,C_3,9,41153.34018417046,39482.718557330176
19_9,2012-06-22,43876.13,Germany,19,C,C_3,9,48051.850345403705,45435.280926944695
19_9,2012-06-29,43077.25,Germany,19,C,C_3,9,49563.3373570456,47372.3037153921
19_9,2012-07-06,50724.97,Germany,19,C,C_3,9,51345.63677082455,47710.61721236661
19_9,2012-07-13,33047.15,Germany,19,C,C_3,9,39287.56399727419,37508.71090096374
19_9,2012-07-20,34422.01,Germany,19,C,C_3,9,40235.579553181415,38442.20625958265
19_9,2012-07-27,32082.08,Germany,19,C,C_3,9,37796.32148056334,36086.31323276102
19_9,2012-08-03,31076.74,Germany,19,C,C_3,9,36148.13261500229,35010.815684149464
19_9,2012-08-10,33759.67,Germany,19,C,C_3,9,33728.36894491106,32511.471053956815
19_9,2012-08-17,42530.25,Germany,19,C,C_3,9,43506.79649237187,41996.31406200407
19_9,2012-08-24,42469.61,Germany,19,C,C_3,9,33170.37705070603,37187.34295084252
19_9,2012-08-31,44371.67,Germany,19,C,C_3,9,43598.73800547553,42427.16077613621
19_9,2012-09-07,40507.44,Germany,19,C,C_3,9,40214.91257748282,40793.59752650787
19_9,2012-09-14,45101.21,Germany,19,C,C_3,9,40961.854080488585,39715.23500407266
19_9,2012-09-21,41909.39,Germany,19,C,C_3,9,42353.85129869351,41246.28411277165
19_9,2012-09-28,59194.49,Germany,19,C,C_3,9,60167.47181938437,54017.9992298859
19_9,2012-10-05,63042.57,Germany,19,C,C_3,9,38464.72902035704,41680.11053453199
19_9,2012-10-12,39068.19,Germany,19,C,C_3,9,48515.07162627826,46361.32872818909
19_9,2012-10-19,37626.24,Germany,19,C,C_3,9,40357.00122069923,38084.674162487056
19_9,2012-10-26,31404.13,Germany,19,C,C_3,9,35066.499828017695,34844.320854957434
19_9,2012-10-28,,Germany,19,C,C_3,9,36694.24861928964,34475.644382504695
19_9,2012-11-04,,Germany,19,C,C_3,9,34269.684931676624,36123.61861257812
19_9,2012-11-11,,Germany,19,C,C_3,9,51381.02182568239,54228.7211945683
19_9,2012-11-18,,Germany,19,C,C_3,9,41602.03553797337,40121.761696000496
19_9,2012-11-25,,Germany,19,C,C_3,9,25842.565079433894,25804.27874386881
19_9,2012-12-02,,Germany,19,C,C_3,9,29219.271091658633,27516.821853180212
19_9,2012-12-09,,Germany,19,C,C_3,9,32796.799962513105,30432.036371492206
19_9,2012-12-16,,Germany,19,C,C_3,9,54261.09281403708,49193.90404775087
19_9,2012-12-23,,Germany,19,C,C_3,9,20951.504997515265,25555.58073220372
19_9,2012-12-30,,Germany,19,C,C_3,9,20383.407036479482,18575.920952720815
19_9,2013-01-06,,Germany,19,C,C_3,9,18306.699904953228,16317.941156040113
19_9,2013-01-13,,Germany,19,C,C_3,9,17519.25934494038,16273.697203301479
19_9,2013-01-20,,Germany,19,C,C_3,9,19263.207339099667,17062.657791333237
19_9,2013-01-27,,Germany,19,C,C_3,9,19563.991613892926,20134.68724326855
19_9,2013-02-03,,Germany,19,C,C_3,9,20289.345370447794,20086.23302812959
19_9,2013-02-10,,Germany,19,C,C_3,9,20253.468109563102,21368.946267411844
19_9,2013-02-17,,Germany,19,C,C_3,9,23018.102281009866,22796.952108988782
19_9,2013-02-24,,Germany,19,C,C_3,9,22137.38467929236,21347.195090203404
19_9,2013-03-03,,Germany,19,C,C_3,9,20289.174654527367,23163.19819570006
19_9,2013-03-10,,Germany,19,C,C_3,9,24080.13183883528,28787.237213789347
19_9,2013-03-17,,Germany,19,C,C_3,9,27666.559312150133,35524.941473051316
19_9,2013-03-24,,Germany,19,C,C_3,9,26967.432628100447,28086.86258194938
19_9,2013-03-31,,Germany,19,C,C_3,9,31065.043244644403,35303.460913760406
19_9,2013-04-07,,Germany,19,C,C_3,9,35052.15127197597,33931.83316245933
19_9,2013-04-14,,Germany,19,C,C_3,9,31061.135974942714,31235.178466021363
18_72,2010-02-05,117802.39,France,18,D,D_2,72,88689.49350305938,0.0
18_72,2010-02-12,114262.07,France,18,D,D_2,72,96918.33026163813,76549.99634447
18_72,2010-02-19,112679.67,France,18,D,D_2,72,122473.24799947848,99147.08986052916
18_72,2010-02-26,84118.68,France,18,D,D_2,72,105003.82052220326,107143.50615517322
18_72,2010-03-05,103226.76,France,18,D,D_2,72,101415.50029911258,93570.201975648
18_72,2010-03-12,85954.35,France,18,D,D_2,72,89113.5507510686,99260.54472775126
18_72,2010-03-19,65916.7,France,18,D,D_2,72,73238.69757618543,91420.09946292458
18_72,2010-03-26,71311.57,France,18,D,D_2,72,62953.56686070756,76392.8327223341
18_72,2010-04-02,75273.85,France,18,D,D_2,72,62202.852288314585,73398.82621175358
18_72,2010-04-09,62019.25,France,18,D,D_2,72,73083.92101737797,74503.63655549339
18_72,2010-04-16,66773.55,France,18,D,D_2,72,73823.20928812039,67147.52793654027
18_72,2010-04-23,60199.23,France,18,D,D_2,72,64011.739332779376,66927.17091020696
18_72,2010-04-30,57318.23,France,18,D,D_2,72,60245.78522379434,62962.90215218267
18_72,2010-05-07,60129.69,France,18,D,D_2,72,57738.94707149852,59636.92207076186
18_72,2010-05-14,65931.51,France,18,D,D_2,72,56554.800360708636,59927.273090829985
18_72,2010-05-21,58396.36,France,18,D,D_2,72,59307.12326671363,63465.1175970476
18_72,2010-05-28,63574.35,France,18,D,D_2,72,49891.40237458314,60478.4805790023
18_72,2010-06-04,69886.09,France,18,D,D_2,72,64592.69948063384,62302.64321427392
18_72,2010-06-11,64007.62,France,18,D,D_2,72,61747.25873836752,66770.99713749428
18_72,2010-06-18,87343.95,France,18,D,D_2,72,73200.5594960404,65142.747157959755
18_72,2010-06-25,79717.29,France,18,D,D_2,72,82739.84623544148,78224.24355695386
18_72,2010-07-02,65173.53,France,18,D,D_2,72,65118.818855983656,79103.98335336048
18_72,2010-07-09,52841.92,France,18,D,D_2,72,70050.73434979457,70895.81658532989
18_72,2010-07-16,65647.87,France,18,D,D_2,72,60031.82951105693,60258.01534324634
18_72,2010-07-23,66251.04,France,18,D,D_2,72,66953.32582477486,63433.850670056374
18_72,2010-07-30,63877.55,France,18,D,D_2,72,59131.21669013664,65093.80812088231
18_72,2010-08-06,78149.72,France,18,D,D_2,72,82530.00683242583,64377.158832023
18_72,2010-08-13,67730.38,France,18,D,D_2,72,71106.96831038836,72492.29162936221
18_72,2010-08-20,71838.01,France,18,D,D_2,72,74310.92198768115,69686.45582510241
18_72,2010-08-27,65488.49,France,18,D,D_2,72,67009.40529562502,70954.20462193179
18_72,2010-09-03,72159.91,France,18,D,D_2,72,73056.22549162366,67733.67073223912
18_72,2010-09-10,68704.51,France,18,D,D_2,72,69294.76264308661,70341.72010029662
18_72,2010-09-17,63362.25,France,18,D,D_2,72,63658.06181325297,69377.03552064537
18_72,2010-09-24,52412.74,France,18,D,D_2,72,52588.80909716642,65832.97551232665
18_72,2010-10-01,52146.84,France,18,D,D_2,72,52439.78151595531,57925.441682865756
18_72,2010-10-08,53925.99,France,18,D,D_2,72,54175.25203494348,54520.54701821793
18_72,2010-10-15,54825.12,France,18,D,D_2,72,54855.27694506684,54170.2193558767
18_72,2010-10-22,49957.76,France,18,D,D_2,72,49848.79723713396,54556.102971226355
18_72,2010-10-29,50083.09,France,18,D,D_2,72,49877.33518190767,51846.6458554375
18_72,2010-11-05,54477.53,France,18,D,D_2,72,54235.94204427154,50807.51524001668
18_72,2010-11-12,83657.03,France,18,D,D_2,72,83504.04522785847,52969.978472687326
18_72,2010-11-19,53632.56,France,18,D,D_2,72,53544.044868359786,71051.54625558855
18_72,2010-11-26,353008.64,France,18,D,D_2,72,353032.7181302225,60787.849842477015
18_72,2010-12-03,89964.72,France,18,D,D_2,72,90169.91809390567,232971.548237333
18_72,2010-12-10,85485.15,France,18,D,D_2,72,85768.5539425259,148708.39718518322
18_72,2010-12-17,109257.16,France,18,D,D_2,72,109707.55521054851,111455.70028087031
18_72,2010-12-24,181627.39,France,18,D,D_2,72,182200.77651543234,110160.26611129504
18_72,2010-12-31,52555.56,France,18,D,D_2,72,53122.070394733884,152270.45853862807
18_72,2011-01-07,52699.7,France,18,D,D_2,72,53118.02765481946,93515.9804394018
18_72,2011-01-14,38315.5,France,18,D,D_2,72,38628.90944162504,69466.02110218494
18_72,2011-01-21,46741.94,France,18,D,D_2,72,47100.99870238732,51111.365612375695
18_72,2011-01-28,52689.68,France,18,D,D_2,72,53081.53715311026,57615.24394298323
18_72,2011-02-04,79190.7,France,18,D,D_2,72,84876.21295091964,149286.95444543162
18_72,2011-02-11,77705.87,France,18,D,D_2,72,79779.42624999011,105042.0534507918
18_72,2011-02-18,97392.93,France,18,D,D_2,72,94266.19675850635,87701.87461853653
18_72,2011-02-25,82955.92,France,18,D,D_2,72,79013.93920877182,70356.48819072812
18_72,2011-03-04,85886.32,France,18,D,D_2,72,87457.40173513454,93153.7152269208
18_72,2011-03-11,72656.21,France,18,D,D_2,72,73184.76267957418,74945.75398796482
18_72,2011-03-18,57653.67,France,18,D,D_2,72,57425.384402921154,57429.342895814465
18_72,2011-03-25,49741.25,France,18,D,D_2,72,52349.37033403253,61903.26525331236
18_72,2011-04-01,46427.32,France,18,D,D_2,72,48886.39523149525,57952.04169615241
18_72,2011-04-08,53216.76,France,18,D,D_2,72,50486.25566955351,40491.30289357492
18_72,2011-04-15,57638.7,France,18,D,D_2,72,56393.20202577945,51791.61733839361
18_72,2011-04-22,50443.22,France,18,D,D_2,72,49834.6401800069,49919.3850651993
18_72,2011-04-29,48458.08,France,18,D,D_2,72,47654.29616853034,47901.32583672374
18_72,2011-05-06,47288.24,France,18,D,D_2,72,47292.970913044985,50496.179313507055
18_72,2011-05-13,45335.3,France,18,D,D_2,72,46568.41776496876,53292.569161847285
18_72,2011-05-20,45086.98,France,18,D,D_2,72,44075.32084538642,42545.83954028542
18_72,2011-05-27,35806.48,France,18,D,D_2,72,37857.68698211999,48216.826092969204
18_72,2011-06-03,45665.11,France,18,D,D_2,72,45991.94443011022,46024.60463155012
18_72,2011-06-10,40853.91,France,18,D,D_2,72,40793.95888956078,41080.355195316406
18_72,2011-06-17,51259.5,France,18,D,D_2,72,53633.44854488569,59770.530203639544
18_72,2011-06-24,55524.77,France,18,D,D_2,72,54802.27646830361,48621.04567543483
18_72,2011-07-01,38459.1,France,18,D,D_2,72,38934.00087934097,40936.99606700867
18_72,2011-07-08,43574.52,France,18,D,D_2,72,40645.79545362145,29531.295515900456
18_72,2011-07-15,39413.58,France,18,D,D_2,72,41165.05458756323,48103.48820755882
18_72,2011-07-22,44850.32,France,18,D,D_2,72,44589.14028347343,43490.70877444057
18_72,2011-07-29,37444.07,France,18,D,D_2,72,38039.83072917968,42379.26150879001
18_72,2011-08-05,43072.2,France,18,D,D_2,72,58099.901619324555,50993.39453663227
18_72,2011-08-12,38863.59,France,18,D,D_2,72,43411.580324225055,37941.34418072208
18_72,2011-08-19,41171.13,France,18,D,D_2,72,46395.33686807711,41793.390961711004
18_72,2011-08-26,50015.85,France,18,D,D_2,72,38371.421268694685,36306.8888362124
18_72,2011-09-02,31163.36,France,18,D,D_2,72,48782.95031982677,49734.33601807453
18_72,2011-09-09,41685.65,France,18,D,D_2,72,39668.98862223393,36039.57631400069
18_72,2011-09-16,42525.86,France,18,D,D_2,72,34925.614484213635,35038.97973102075
18_72,2011-09-23,41481.17,France,18,D,D_2,72,26428.626907920734,30597.542934709094
18_72,2011-09-30,45074.25,France,18,D,D_2,72,31180.568095197883,36768.86222120273
18_72,2011-10-07,42507.32,France,18,D,D_2,72,37509.02614573801,43079.05113496753
18_72,2011-10-14,44937.24,France,18,D,D_2,72,39923.945750318955,43468.348508529765
18_72,2011-10-21,62544.32,France,18,D,D_2,72,36572.43255261736,40407.80741655858
18_72,2011-10-28,62138.59,France,18,D,D_2,72,44978.45112184585,53515.15560472957
18_72,2011-11-04,50644.49,France,18,D,D_2,72,54824.9565366054,62144.12457653082
18_72,2011-11-11,55489.05,France,18,D,D_2,72,82649.67544732639,78958.87764661341
18_72,2011-11-18,52546.96,France,18,D,D_2,72,43850.7910113114,41042.97223406632
18_72,2011-11-25,305161.38,France,18,D,D_2,72,346102.6277589142,289253.68774748384
18_72,2011-12-02,61781.93,France,18,D,D_2,72,69982.4396781517,86464.90044089456
18_72,2011-12-09,54845.13,France,18,D,D_2,72,62982.41366931915,68311.10488856297
18_72,2011-12-16,74605.9,France,18,D,D_2,72,84352.53671410671,79567.65257914549
18_72,2011-12-23,110938.63,France,18,D,D_2,72,153818.1557130045,134995.47387324664
18_72,2011-12-30,47128.01,France,18,D,D_2,72,11064.13784376148,16747.232165251524
18_72,2012-01-06,46778.57,France,18,D,D_2,72,22924.32687390063,34654.6932384914
18_72,2012-01-13,42672.9,France,18,D,D_2,72,16298.365177554933,30148.411150431828
18_72,2012-01-20,44437.88,France,18,D,D_2,72,33388.57365437234,44276.90464744307
18_72,2012-01-27,42322.7,France,18,D,D_2,72,43051.2906199052,52818.55054487442
18_72,2012-02-03,62856.12,France,18,D,D_2,72,73803.1313528218,81532.74238202855
18_72,2012-02-10,99826.62,France,18,D,D_2,72,67643.89592515916,68978.42959067124
18_72,2012-02-17,77977.5,France,18,D,D_2,72,94122.46013664798,102418.62382058665
18_72,2012-02-24,64702.27,France,18,D,D_2,72,72786.17620394149,73270.86801898334
18_72,2012-03-02,62875.77,France,18,D,D_2,72,76369.89095622282,72832.09554338595
18_72,2012-03-09,55331.2,France,18,D,D_2,72,58427.768643628166,54487.272038462164
18_72,2012-03-16,45064.24,France,18,D,D_2,72,41972.06176232845,40754.855029290586
18_72,2012-03-23,44604.78,France,18,D,D_2,72,37321.084805500774,37691.34795837033
18_72,2012-03-30,42879.5,France,18,D,D_2,72,37082.081333332826,39610.67692511191
18_72,2012-04-06,46278.63,France,18,D,D_2,72,42267.54139802346,45290.946539781224
18_72,2012-04-13,41760.12,France,18,D,D_2,72,48326.99832448799,49922.242030896145
18_72,2012-04-20,37668.56,France,18,D,D_2,72,39131.4521285494,38671.270109603785
18_72,2012-04-27,41594.08,France,18,D,D_2,72,36316.512607029465,36172.02862854031
18_72,2012-05-04,48936.82,France,18,D,D_2,72,35553.09141953188,35586.76321310751
18_72,2012-05-11,43136.77,France,18,D,D_2,72,34613.63641387241,34742.70282278743
18_72,2012-05-18,41556.48,France,18,D,D_2,72,32915.906443219945,33645.33441388472
18_72,2012-05-25,32520.96,France,18,D,D_2,72,25830.983645343815,26953.43257981365
18_72,2012-06-01,31249.6,France,18,D,D_2,72,34933.18091826557,35479.70072734822
18_72,2012-06-08,36185.84,France,18,D,D_2,72,29909.64919822962,30987.976557716443
18_72,2012-06-15,37449.65,France,18,D,D_2,72,42300.576268914854,41983.58536398842
18_72,2012-06-22,37873.93,France,18,D,D_2,72,44783.98676594257,44430.7582238486
18_72,2012-06-29,40667.67,France,18,D,D_2,72,28471.36725123298,29237.673259530082
18_72,2012-07-06,36215.33,France,18,D,D_2,72,30938.171140695835,31789.262909206802
18_72,2012-07-13,36868.4,France,18,D,D_2,72,29685.022747896943,30043.34653601471
18_72,2012-07-20,38477.75,France,18,D,D_2,72,34031.10672852254,34400.88668402641
18_72,2012-07-27,35043.38,France,18,D,D_2,72,27246.63342027354,28282.26466179259
18_72,2012-08-03,49141.02,France,18,D,D_2,72,44951.83093534617,34426.94997334496
18_72,2012-08-10,37071.1,France,18,D,D_2,72,36971.95327038429,29863.720537804253
18_72,2012-08-17,45870.13,France,18,D,D_2,72,41307.49780004919,32173.19100904798
18_72,2012-08-24,44233.44,France,18,D,D_2,72,37951.69457181273,38382.208869132846
18_72,2012-08-31,50124.95,France,18,D,D_2,72,39433.92650253954,24324.30739258634
18_72,2012-09-07,41603.84,France,18,D,D_2,72,39483.26566807508,32200.554011898843
18_72,2012-09-14,46637.57,France,18,D,D_2,72,35075.372409978314,32220.18413341141
18_72,2012-09-21,63333.04,France,18,D,D_2,72,25438.852484559655,30083.18937366689
18_72,2012-09-28,55852.71,France,18,D,D_2,72,25121.7616167984,32881.00206600598
18_72,2012-10-05,49917.9,France,18,D,D_2,72,25389.393597998704,31071.181747301274
18_72,2012-10-12,56907.69,France,18,D,D_2,72,26191.596061095282,33094.345006245734
18_72,2012-10-19,51771.05,France,18,D,D_2,72,24920.00519022181,46387.69924263913
18_72,2012-10-26,59084.72,France,18,D,D_2,72,23374.952859820718,46087.046378704974
18_72,2012-10-28,,France,18,D,D_2,72,23905.91105982226,37565.428649086796
18_72,2012-11-04,,France,18,D,D_2,72,49023.33865796278,44893.191068733395
18_72,2012-11-11,,France,18,D,D_2,72,25333.384991990206,39016.8804529128
18_72,2012-11-18,,France,18,D,D_2,72,316010.201291947,273935.861822913
18_72,2012-11-25,,France,18,D,D_2,72,58903.93172638125,50655.80826437998
18_72,2012-12-02,,France,18,D,D_2,72,54566.50892144079,44629.10738382909
18_72,2012-12-09,,France,18,D,D_2,72,78283.76412264294,63042.77666960488
18_72,2012-12-16,,France,18,D,D_2,72,145051.42781605065,100328.69577664703
18_72,2012-12-23,,France,18,D,D_2,72,30097.245323547235,34576.05457029261
18_72,2012-12-30,,France,18,D,D_2,72,28147.14846576507,34296.61173200328
18_72,2013-01-06,,France,18,D,D_2,72,14257.065078942353,29327.496400346932
18_72,2013-01-13,,France,18,D,D_2,72,20117.02865685831,31717.02853556756
18_72,2013-01-20,,France,18,D,D_2,72,24128.767662885686,32493.648852194987
18_72,2013-01-27,,France,18,D,D_2,72,53311.768427970565,58358.83725137578
18_72,2013-02-03,,France,18,D,D_2,72,58305.55249374288,86971.6270365175
18_72,2013-02-10,,France,18,D,D_2,72,65848.88631413078,72003.82081827491
18_72,2013-02-17,,France,18,D,D_2,72,51153.681078773116,58303.75780346452
18_72,2013-02-24,,France,18,D,D_2,72,56394.89788388724,58304.30982323925
18_72,2013-03-03,,France,18,D,D_2,72,44650.27792861523,49882.15173128038
18_72,2013-03-10,,France,18,D,D_2,72,30288.45968363118,38964.1331258484
18_72,2013-03-17,,France,18,D,D_2,72,25378.363491310127,38008.71096706163
18_72,2013-03-24,,France,18,D,D_2,72,22522.81689562866,36504.7125253645
18_72,2013-03-31,,France,18,D,D_2,72,25518.956971678246,39180.55019901173
18_72,2013-04-07,,France,18,D,D_2,72,28414.143600452695,36416.34590535589
18_72,2013-04-14,,France,18,D,D_2,72,22500.45973158989,32007.96634599028
32_90,2010-02-05,63647.47,USA,32,A,A_3,90,65003.19278301502,0.0
32_90,2010-02-12,61945.73,USA,32,A,A_3,90,61587.79730492234,60047.49811569105
32_90,2010-02-19,59754.28,USA,32,A,A_3,90,60512.282197520486,62071.79712844179
32_90,2010-02-26,60150.19,USA,32,A,A_3,90,58988.81771948213,59888.31661550743
32_90,2010-03-05,60557.79,USA,32,A,A_3,90,60539.5116734459,60125.04242971772
32_90,2010-03-12,60103.03,USA,32,A,A_3,90,61989.484988456024,60532.86988834035
32_90,2010-03-19,61443.85,USA,32,A,A_3,90,60078.39959087351,60131.148395986995
32_90,2010-03-26,59200.99,USA,32,A,A_3,90,55570.297094979265,61361.21504828332
32_90,2010-04-02,58697.24,USA,32,A,A_3,90,55723.02342738747,59339.429486719186
32_90,2010-04-09,58541.71,USA,32,A,A_3,90,61383.157745874574,58727.40026586354
32_90,2010-04-16,56537.21,USA,32,A,A_3,90,59500.228947921576,58551.09662309539
32_90,2010-04-23,54859.3,USA,32,A,A_3,90,63876.89645629455,56660.441911596354
32_90,2010-04-30,56633.4,USA,32,A,A_3,90,55082.20493077008,54961.767951823946
32_90,2010-05-07,58473.9,USA,32,A,A_3,90,58501.6379812202,56523.67389838118
32_90,2010-05-14,57854.38,USA,32,A,A_3,90,57198.79602094646,58361.35157206589
32_90,2010-05-21,55992.35,USA,32,A,A_3,90,58947.97253313718,57893.15304737867
32_90,2010-05-28,56993.25,USA,32,A,A_3,90,57434.78724419012,56106.644504659795
32_90,2010-06-04,56964.61,USA,32,A,A_3,90,54947.30608491003,56931.00961358909
32_90,2010-06-11,57974.26,USA,32,A,A_3,90,57211.27662632797,56966.74157796365
32_90,2010-06-18,58011.34,USA,32,A,A_3,90,53124.22417948487,57912.148325136004
32_90,2010-06-25,54294.83,USA,32,A,A_3,90,54401.60515132143,58009.42867296533
32_90,2010-07-02,56644.2,USA,32,A,A_3,90,56839.58563306851,54523.42707108447
32_90,2010-07-09,54712.59,USA,32,A,A_3,90,53528.300018689435,56498.34172182528
32_90,2010-07-16,56687.12,USA,32,A,A_3,90,55704.269964275896,54832.26181355142
32_90,2010-07-23,55169.11,USA,32,A,A_3,90,56173.61654975591,56564.96406777644
32_90,2010-07-30,52793.02,USA,32,A,A_3,90,54442.69646820048,55263.202223295375
32_90,2010-08-06,57212.44,USA,32,A,A_3,90,56729.26384156447,52938.60309840754
32_90,2010-08-13,57250.77,USA,32,A,A_3,90,56770.50377311558,56939.75589079252
32_90,2010-08-20,57372.8,USA,32,A,A_3,90,56903.82124192498,57250.033786589
32_90,2010-08-27,59511.18,USA,32,A,A_3,90,59063.48052947524,57365.29886437001
32_90,2010-09-03,57480.9,USA,32,A,A_3,90,57063.846425930205,59379.70252511179
32_90,2010-09-10,56513.68,USA,32,A,A_3,90,56098.86635983964,57606.555054989316
32_90,2010-09-17,57178.27,USA,32,A,A_3,90,56778.65557674888,56572.42221969542
32_90,2010-09-24,57294.44,USA,32,A,A_3,90,56963.17264070588,57137.04481520535
32_90,2010-10-01,57169.96,USA,32,A,A_3,90,56922.95836763912,57287.54002074135
32_90,2010-10-08,61562.96,USA,32,A,A_3,90,61338.397958861155,57177.657226358504
32_90,2010-10-15,59779.88,USA,32,A,A_3,90,59520.637274365785,61292.7206901376
32_90,2010-10-22,59064.77,USA,32,A,A_3,90,58711.17811483528,59891.1559349126
32_90,2010-10-29,59003.64,USA,32,A,A_3,90,58598.925665616545,59108.09156841279
32_90,2010-11-05,60317.0,USA,32,A,A_3,90,59946.86148024103,59007.142253569014
32_90,2010-11-12,62908.49,USA,32,A,A_3,90,62563.204699978654,60236.20034819136
32_90,2010-11-19,61510.54,USA,32,A,A_3,90,61161.29438581543,62749.57958930876
32_90,2010-11-26,74707.49,USA,32,A,A_3,90,74342.92917905112,61597.46640637659
32_90,2010-12-03,56660.79,USA,32,A,A_3,90,56327.304417732,73895.2885066773
32_90,2010-12-10,64823.5,USA,32,A,A_3,90,64530.722154794625,57775.58991251065
32_90,2010-12-17,66483.0,USA,32,A,A_3,90,66256.88894298479,64314.82043693235
32_90,2010-12-24,85168.36,USA,32,A,A_3,90,84999.9051682733,66383.95583074444
32_90,2010-12-31,53004.71,USA,32,A,A_3,90,52844.693522921865,84019.70112454942
32_90,2011-01-07,60184.08,USA,32,A,A_3,90,60044.039584084065,54989.71851131754
32_90,2011-01-14,62076.77,USA,32,A,A_3,90,61966.604919531,59731.619918617995
32_90,2011-01-21,64290.56,USA,32,A,A_3,90,64188.30701175121,61949.51831546227
32_90,2011-01-28,59936.97,USA,32,A,A_3,90,59817.05581607721,64355.76360542018
32_90,2011-02-04,66431.1,USA,32,A,A_3,90,66159.78380762869,115728.23603672959
32_90,2011-02-11,63265.44,USA,32,A,A_3,90,63168.22723837621,67890.62976105076
32_90,2011-02-18,62249.23,USA,32,A,A_3,90,62024.180303335925,61290.95624722321
32_90,2011-02-25,60902.08,USA,32,A,A_3,90,60882.256311912606,62552.65143526957
32_90,2011-03-04,62407.22,USA,32,A,A_3,90,62261.945692646106,61405.001925471675
32_90,2011-03-11,63990.23,USA,32,A,A_3,90,63608.15322550654,61900.78917175754
32_90,2011-03-18,62451.86,USA,32,A,A_3,90,62368.47243542092,65125.97793446747
32_90,2011-03-25,57897.96,USA,32,A,A_3,90,58024.13576080179,60513.22701138048
32_90,2011-04-01,57685.23,USA,32,A,A_3,90,57730.822020370244,57582.77404681532
32_90,2011-04-08,63012.12,USA,32,A,A_3,90,62479.955440167,57518.94251369629
32_90,2011-04-15,61494.62,USA,32,A,A_3,90,61000.17659976929,60740.1617389752
32_90,2011-04-22,66268.46,USA,32,A,A_3,90,65245.95955527498,59876.31167532713
32_90,2011-04-29,58638.77,USA,32,A,A_3,90,58817.27691367518,67522.75984319022
32_90,2011-05-06,62080.24,USA,32,A,A_3,90,62074.26254876746,61013.72007460702
32_90,2011-05-13,60946.4,USA,32,A,A_3,90,61028.69697559422,61378.050318157315
32_90,2011-05-20,62751.22,USA,32,A,A_3,90,62516.174530644865,59216.34424830966
32_90,2011-05-27,61760.02,USA,32,A,A_3,90,61821.99675998587,63459.60110391351
32_90,2011-06-03,59543.53,USA,32,A,A_3,90,59840.51552255864,61864.310613571855
32_90,2011-06-10,61808.16,USA,32,A,A_3,90,61915.97676487793,60649.32445806139
32_90,2011-06-17,57795.93,USA,32,A,A_3,90,58321.23144409035,61754.41602281359
32_90,2011-06-24,58585.84,USA,32,A,A_3,90,58619.11766780396,54542.73128174074
32_90,2011-07-01,61097.57,USA,32,A,A_3,90,61172.33229324285,60522.52182126758
32_90,2011-07-08,57911.51,USA,32,A,A_3,90,58128.02565691842,59246.73217528731
32_90,2011-07-15,60059.89,USA,32,A,A_3,90,60228.53921141925,59875.53607201315
32_90,2011-07-22,60448.45,USA,32,A,A_3,90,60459.51963219295,58600.64703874465
32_90,2011-07-29,58865.21,USA,32,A,A_3,90,58873.2979683982,58071.171211128894
32_90,2011-08-05,62832.62,USA,32,A,A_3,90,61671.191778699555,63013.112725814644
32_90,2011-08-12,63096.26,USA,32,A,A_3,90,61914.17756634715,62885.59394967876
32_90,2011-08-19,63442.63,USA,32,A,A_3,90,62259.68895621838,63197.48457723507
32_90,2011-08-26,63662.46,USA,32,A,A_3,90,64640.712411185435,65455.77733676407
32_90,2011-09-02,64138.01,USA,32,A,A_3,90,62606.24224105472,61858.14416996413
32_90,2011-09-09,66057.47,USA,32,A,A_3,90,61905.179245670086,63057.774282886756
32_90,2011-09-16,64339.19,USA,32,A,A_3,90,63185.028312622235,66496.5252142801
32_90,2011-09-23,62628.96,USA,32,A,A_3,90,63642.34628808756,64607.97283520456
32_90,2011-09-30,61911.45,USA,32,A,A_3,90,63623.61059179923,62634.97439130578
32_90,2011-10-07,66480.31,USA,32,A,A_3,90,67974.21105744316,66120.14516326289
32_90,2011-10-14,66358.47,USA,32,A,A_3,90,66102.78736114928,64762.342423974675
32_90,2011-10-21,62077.49,USA,32,A,A_3,90,65435.991442709994,65573.4811666854
32_90,2011-10-28,63927.55,USA,32,A,A_3,90,65004.42507024754,62262.546404946486
32_90,2011-11-04,68536.28,USA,32,A,A_3,90,66254.04965051184,65045.98207639612
32_90,2011-11-11,64842.24,USA,32,A,A_3,90,69173.57217136238,70768.75333507518
32_90,2011-11-18,66675.02,USA,32,A,A_3,90,67288.17492644886,63935.40801426792
32_90,2011-11-25,79634.03,USA,32,A,A_3,90,80388.11468750252,78979.69297727986
32_90,2011-12-02,64196.65,USA,32,A,A_3,90,62255.05798974702,62485.21262502823
32_90,2011-12-09,72626.94,USA,32,A,A_3,90,70662.79561045418,71824.27019947948
32_90,2011-12-16,68221.55,USA,32,A,A_3,90,72618.36412124292,74163.49291321203
32_90,2011-12-23,88403.24,USA,32,A,A_3,90,90835.52367643059,86347.67303073136
32_90,2011-12-30,55286.62,USA,32,A,A_3,90,58351.8388118251,57723.33922411916
32_90,2012-01-06,67498.21,USA,32,A,A_3,90,65112.41904325002,62265.857961896225
32_90,2012-01-13,65922.57,USA,32,A,A_3,90,67230.6165260715,68931.75918669558
32_90,2012-01-20,65006.35,USA,32,A,A_3,90,69225.662280549,68261.6266914843
32_90,2012-01-27,63297.68,USA,32,A,A_3,90,64254.48642239985,60894.587640007405
32_90,2012-02-03,75421.22,USA,32,A,A_3,90,70357.62548868224,74819.64138803356
32_90,2012-02-10,62456.41,USA,32,A,A_3,90,67805.3296459727,72208.35593534965
32_90,2012-02-17,63166.52,USA,32,A,A_3,90,65925.982948499,61931.83093575041
32_90,2012-02-24,62798.59,USA,32,A,A_3,90,64252.45872280998,61804.10641671217
32_90,2012-03-02,65522.99,USA,32,A,A_3,90,65282.83696879141,64206.4823019948
32_90,2012-03-09,64011.06,USA,32,A,A_3,90,66466.12551373828,66890.12232282397
32_90,2012-03-16,62140.31,USA,32,A,A_3,90,64649.9701118022,62891.53623917279
32_90,2012-03-23,60632.2,USA,32,A,A_3,90,59733.08364006786,57638.25286350105
32_90,2012-03-30,57312.22,USA,32,A,A_3,90,59310.420940133015,60175.866346532486
32_90,2012-04-06,68676.68,USA,32,A,A_3,90,63624.46229292081,62547.01805780253
32_90,2012-04-13,61580.46,USA,32,A,A_3,90,62423.49184230841,66609.45551187983
32_90,2012-04-20,61281.8,USA,32,A,A_3,90,66336.86071703763,66297.60345031341
32_90,2012-04-27,58987.21,USA,32,A,A_3,90,58803.518428605064,54552.19560669643
32_90,2012-05-04,60418.58,USA,32,A,A_3,90,61789.76184803915,57975.89722414287
32_90,2012-05-11,61886.22,USA,32,A,A_3,90,60425.949031691314,56840.903637802585
32_90,2012-05-18,58903.31,USA,32,A,A_3,90,61646.06211075412,58360.224072976685
32_90,2012-05-25,61915.19,USA,32,A,A_3,90,60585.691760462236,57524.05144939819
32_90,2012-06-01,56374.58,USA,32,A,A_3,90,58277.89828575211,55422.2090516482
32_90,2012-06-08,61349.47,USA,32,A,A_3,90,60098.70986560047,57668.80232278383
32_90,2012-06-15,58524.02,USA,32,A,A_3,90,56169.71469509353,53874.860447067746
32_90,2012-06-22,58451.23,USA,32,A,A_3,90,56276.034266150564,54244.5143826058
32_90,2012-06-29,57053.02,USA,32,A,A_3,90,58530.74845705865,56862.613577060736
32_90,2012-07-06,60096.11,USA,32,A,A_3,90,55183.56794756756,53648.8779070349
32_90,2012-07-13,58577.51,USA,32,A,A_3,90,57018.352219797045,55884.32051613597
32_90,2012-07-20,59384.43,USA,32,A,A_3,90,56991.2037147096,56098.07333633003
32_90,2012-07-27,57737.91,USA,32,A,A_3,90,55114.217489035,54356.98768974184
32_90,2012-08-03,61104.33,USA,32,A,A_3,90,57736.3337699106,58562.54478988852
32_90,2012-08-10,60881.88,USA,32,A,A_3,90,57545.84089908823,58814.723380780415
32_90,2012-08-17,61891.24,USA,32,A,A_3,90,57439.04114098193,59154.43464491352
32_90,2012-08-24,63742.57,USA,32,A,A_3,90,59139.518760930245,59580.27460965971
32_90,2012-08-31,61192.8,USA,32,A,A_3,90,57137.99319376917,59823.887923767645
32_90,2012-09-07,62228.86,USA,32,A,A_3,90,56183.100413991575,61543.19284945931
32_90,2012-09-14,62076.84,USA,32,A,A_3,90,56311.87485246471,59984.223301630154
32_90,2012-09-21,61933.84,USA,32,A,A_3,90,56018.92230678131,58376.83924974966
32_90,2012-09-28,61721.33,USA,32,A,A_3,90,55648.2412889337,57683.650197815885
32_90,2012-10-05,64809.99,USA,32,A,A_3,90,59836.208269167815,62455.795316072195
32_90,2012-10-12,64066.9,USA,32,A,A_3,90,57947.58738514432,62158.31476678638
32_90,2012-10-19,64380.91,USA,32,A,A_3,90,56536.33270490186,58033.3298647092
32_90,2012-10-26,65223.73,USA,32,A,A_3,90,56385.50179204424,59778.414497102756
32_90,2012-10-28,,USA,32,A,A_3,90,57782.14602512509,64274.27536601082
32_90,2012-11-04,,USA,32,A,A_3,90,59462.43317013881,61040.300379698834
32_90,2012-11-11,,USA,32,A,A_3,90,58146.277731566624,62628.926634619536
32_90,2012-11-18,,USA,32,A,A_3,90,71028.87706212695,76243.38793977388
32_90,2012-11-25,,USA,32,A,A_3,90,52983.607412358884,59789.36368705759
32_90,2012-12-02,,USA,32,A,A_3,90,60891.74220147166,68604.3793034344
32_90,2012-12-09,,USA,32,A,A_3,90,61690.47321955971,64594.50490642959
32_90,2012-12-16,,USA,32,A,A_3,90,80333.8661436923,85607.6408460182
32_90,2012-12-23,,USA,32,A,A_3,90,47831.66693065011,50981.16224869718
32_90,2012-12-30,,USA,32,A,A_3,90,55282.759278011115,63280.008559237
32_90,2013-01-06,,USA,32,A,A_3,90,56553.34914878032,61978.53667457893
32_90,2013-01-13,,USA,32,A,A_3,90,58204.49877252607,61325.87923469221
32_90,2013-01-20,,USA,32,A,A_3,90,53874.6207465348,59440.58115577097
32_90,2013-01-27,,USA,32,A,A_3,90,60540.887306468736,66343.2043378899
32_90,2013-02-03,,USA,32,A,A_3,90,56197.479142040174,53891.784157336086
32_90,2013-02-10,,USA,32,A,A_3,90,55033.74442766949,54673.98390081796
32_90,2013-02-17,,USA,32,A,A_3,90,53695.45375218626,54149.7400123341
32_90,2013-02-24,,USA,32,A,A_3,90,54972.35243606502,56849.280690257976
32_90,2013-03-03,,USA,32,A,A_3,90,55777.51670017159,55618.27357006751
32_90,2013-03-10,,USA,32,A,A_3,90,54173.70060462681,53556.60617991145
32_90,2013-03-17,,USA,32,A,A_3,90,49848.25528118637,51880.50725741268
32_90,2013-03-24,,USA,32,A,A_3,90,49004.47190160124,48754.81575638472
32_90,2013-03-31,,USA,32,A,A_3,90,54226.38957652461,60097.52326538779
32_90,2013-04-07,,USA,32,A,A_3,90,51809.22527008164,53399.713635378066
32_90,2013-04-14,,USA,32,A,A_3,90,55837.1334294118,53760.681692357735
22_38,2010-02-05,65423.3,UK,22,D,D_6,38,62280.65262325173,0.0
22_38,2010-02-12,67649.77,UK,22,D,D_6,38,61190.477914726886,39568.586054039086
22_38,2010-02-19,57065.04,UK,22,D,D_6,38,57192.24015484588,54418.16658187867
22_38,2010-02-26,56221.39,UK,22,D,D_6,38,53701.516176375626,55771.5358816994
22_38,2010-03-05,60440.14,UK,22,D,D_6,38,58977.740548418595,55999.65385050546
22_38,2010-03-12,65326.4,UK,22,D,D_6,38,73574.82820126109,58246.836927812925
22_38,2010-03-19,59826.02,UK,22,D,D_6,38,59809.889167401954,61827.79595737751
22_38,2010-03-26,61154.03,UK,22,D,D_6,38,57907.55267353232,60815.387354799066
22_38,2010-04-02,59923.89,UK,22,D,D_6,38,66143.78050687698,60986.65257226756
22_38,2010-04-09,76940.35,UK,22,D,D_6,38,66454.86152572828,60449.17463951832
22_38,2010-04-16,59605.16,UK,22,D,D_6,38,73406.53695382037,68789.35092938876
22_38,2010-04-23,57589.31,UK,22,D,D_6,38,63144.480866165206,64144.57960474037
22_38,2010-04-30,66147.8,UK,22,D,D_6,38,58963.20902881575,60829.34745045683
22_38,2010-05-07,74231.41,UK,22,D,D_6,38,73561.6051292987,63519.0773186352
22_38,2010-05-14,65642.22,UK,22,D,D_6,38,71402.43104091534,68936.68342144434
22_38,2010-05-21,59443.33,UK,22,D,D_6,38,73453.32557485838,67270.55657111299
22_38,2010-05-28,61279.97,UK,22,D,D_6,38,61630.37445919468,63312.050835708214
22_38,2010-06-04,56119.76,UK,22,D,D_6,38,58119.89720825883,62284.35557620118
22_38,2010-06-11,65160.77,UK,22,D,D_6,38,78925.05213238795,59166.701229497834
22_38,2010-06-18,62933.67,UK,22,D,D_6,38,72459.54221550772,62198.11413010017
22_38,2010-06-25,55385.03,UK,22,D,D_6,38,61168.8014594214,62570.11078854667
22_38,2010-07-02,57463.1,UK,22,D,D_6,38,70049.32925736239,58936.36092210839
22_38,2010-07-09,59703.85,UK,22,D,D_6,38,64160.62041922874,58191.28068759334
22_38,2010-07-16,63071.51,UK,22,D,D_6,38,61006.07727641346,58956.240567473455
22_38,2010-07-23,57075.4,UK,22,D,D_6,38,60496.529536594295,61037.47809157165
22_38,2010-07-30,66594.96,UK,22,D,D_6,38,61134.070972618916,59033.71485497519
22_38,2010-08-06,62224.45,UK,22,D,D_6,38,63336.259207128714,62857.70436106902
22_38,2010-08-13,69598.11,UK,22,D,D_6,38,70933.77560515777,62537.445199387264
22_38,2010-08-20,60745.92,UK,22,D,D_6,38,62049.10774582903,66108.27349363372
22_38,2010-08-27,63805.73,UK,22,D,D_6,38,65292.05267073839,63396.341385320484
22_38,2010-09-03,66620.86,UK,22,D,D_6,38,67902.62736780441,63603.383709226364
22_38,2010-09-10,56462.02,UK,22,D,D_6,38,59292.55737470451,65129.428355245735
22_38,2010-09-17,72592.51,UK,22,D,D_6,38,75219.99089755744,60746.0129309624
22_38,2010-09-24,68011.11,UK,22,D,D_6,38,67801.50162228246,66737.20612825982
22_38,2010-10-01,62571.49,UK,22,D,D_6,38,69114.10487282363,67381.46444072998
22_38,2010-10-08,58549.52,UK,22,D,D_6,38,60233.8610872304,64948.889985974456
22_38,2010-10-15,62042.98,UK,22,D,D_6,38,65852.35281234076,61712.50190403543
22_38,2010-10-22,61718.44,UK,22,D,D_6,38,62963.91362348906,61879.63638343979
22_38,2010-10-29,74189.47,UK,22,D,D_6,38,73227.4377878897,61798.113662397016
22_38,2010-11-05,73073.0,UK,22,D,D_6,38,71894.18650628754,68064.8614919447
22_38,2010-11-12,61294.54,UK,22,D,D_6,38,65475.61475460947,70597.65453496196
22_38,2010-11-19,66401.33,UK,22,D,D_6,38,67773.4801355142,65892.73997745813
22_38,2010-11-26,50857.36,UK,22,D,D_6,38,54716.28835957615,66149.95196725632
22_38,2010-12-03,73652.53,UK,22,D,D_6,38,75486.19067360947,58415.94651152255
22_38,2010-12-10,67019.66,UK,22,D,D_6,38,67119.7456672736,66121.62649559189
22_38,2010-12-17,74543.98,UK,22,D,D_6,38,75101.63712765845,66575.79384913112
22_38,2010-12-24,66253.77,UK,22,D,D_6,38,67527.14581892376,70605.58783664297
22_38,2010-12-31,58465.42,UK,22,D,D_6,38,59435.9463378526,68404.71940550848
22_38,2011-01-07,76917.31,UK,22,D,D_6,38,77273.79324037606,63378.063623874834
22_38,2011-01-14,71323.13,UK,22,D,D_6,38,74428.83359398377,70225.34010674163
22_38,2011-01-21,65749.22,UK,22,D,D_6,38,67465.17819978106,70780.53134194156
22_38,2011-01-28,58144.53,UK,22,D,D_6,38,60725.16079830525,81255.09793177633
22_38,2011-02-04,69315.67,UK,22,D,D_6,38,70191.681828583,106349.06563622458
22_38,2011-02-11,66655.48,UK,22,D,D_6,38,69399.83799791665,88468.73098015701
22_38,2011-02-18,59758.04,UK,22,D,D_6,38,62864.97082877576,71221.2652644373
22_38,2011-02-25,58020.66,UK,22,D,D_6,38,59549.50988019946,64969.70625484273
22_38,2011-03-04,60539.24,UK,22,D,D_6,38,63998.45896894956,63975.17201668671
22_38,2011-03-11,80949.64,UK,22,D,D_6,38,75547.37254980553,65135.313275668756
22_38,2011-03-18,61412.83,UK,22,D,D_6,38,64497.41564072372,69850.33314064491
22_38,2011-03-25,60006.61,UK,22,D,D_6,38,62910.60099786793,66398.07360265922
22_38,2011-04-01,71462.21,UK,22,D,D_6,38,68085.58712594165,62477.43762262148
22_38,2011-04-08,65769.94,UK,22,D,D_6,38,72933.66910990093,77008.46460854274
22_38,2011-04-15,80456.92,UK,22,D,D_6,38,72339.56012950937,61161.09777587636
22_38,2011-04-22,68168.79,UK,22,D,D_6,38,65361.74178751602,69665.42547057076
22_38,2011-04-29,60490.9,UK,22,D,D_6,38,64676.41508962739,73959.44708393178
22_38,2011-05-06,75354.27,UK,22,D,D_6,38,76615.83180152156,71955.45038664385
22_38,2011-05-13,74208.49,UK,22,D,D_6,38,72457.57001229939,68600.30861432583
22_38,2011-05-20,78427.65,UK,22,D,D_6,38,72717.55232184276,67753.57427276416
22_38,2011-05-27,64501.74,UK,22,D,D_6,38,65424.49457184625,74183.32215698293
22_38,2011-06-03,61239.46,UK,22,D,D_6,38,61255.54064174069,66280.77788194176
22_38,2011-06-10,84583.58,UK,22,D,D_6,38,79067.51130858205,69066.80214360336
22_38,2011-06-17,78074.66,UK,22,D,D_6,38,74807.47944064303,75547.4862387289
22_38,2011-06-24,66551.78,UK,22,D,D_6,38,65185.67655497506,72367.97943681109
22_38,2011-07-01,77317.9,UK,22,D,D_6,38,72746.45312068996,70666.56527486505
22_38,2011-07-08,70542.14,UK,22,D,D_6,38,69969.16065306141,75332.57134453533
22_38,2011-07-15,66221.33,UK,22,D,D_6,38,68711.55096785375,74913.67641318304
22_38,2011-07-22,66813.52,UK,22,D,D_6,38,66451.3641056443,67028.26118241985
22_38,2011-07-29,65710.94,UK,22,D,D_6,38,69485.56225895067,72529.77942200875
22_38,2011-08-05,65543.99,UK,22,D,D_6,38,69336.01598593846,66543.58743078409
22_38,2011-08-12,73586.93,UK,22,D,D_6,38,76600.10641157484,70381.53539640621
22_38,2011-08-19,64001.7,UK,22,D,D_6,38,67510.25423296109,66783.56375639976
22_38,2011-08-26,67652.79,UK,22,D,D_6,38,70453.49253284001,67184.76228212884
22_38,2011-09-02,68698.75,UK,22,D,D_6,38,72918.4497171546,69075.71131376276
22_38,2011-09-09,67276.63,UK,22,D,D_6,38,63609.80953197747,62915.055281306006
22_38,2011-09-16,82999.73,UK,22,D,D_6,38,79931.59512035726,74601.72932765883
22_38,2011-09-23,62434.75,UK,22,D,D_6,38,73520.2153532593,76125.63330544023
22_38,2011-09-30,94309.4,UK,22,D,D_6,38,72273.760671425,66036.24093279672
22_38,2011-10-07,64931.41,UK,22,D,D_6,38,66501.14982016114,77866.37151405434
22_38,2011-10-14,80620.39,UK,22,D,D_6,38,71552.62010922591,73427.19202879265
22_38,2011-10-21,67654.96,UK,22,D,D_6,38,70161.05551698558,76865.86430923436
22_38,2011-10-28,67520.54,UK,22,D,D_6,38,80866.66133916215,79590.4298917786
22_38,2011-11-04,63650.79,UK,22,D,D_6,38,78559.43957807648,72870.89867913241
22_38,2011-11-11,81124.26,UK,22,D,D_6,38,69623.59079244209,61297.6903343165
22_38,2011-11-18,72258.82,UK,22,D,D_6,38,73634.30326067471,74247.26292626811
22_38,2011-11-25,71250.11,UK,22,D,D_6,38,59905.16812717197,64106.70781596518
22_38,2011-12-02,83958.04,UK,22,D,D_6,38,82194.90196400203,81118.28570140597
22_38,2011-12-09,68550.89,UK,22,D,D_6,38,74492.97738719636,78659.78101365501
22_38,2011-12-16,79123.1,UK,22,D,D_6,38,81938.53698175852,78008.72475182063
22_38,2011-12-23,75294.18,UK,22,D,D_6,38,74002.7124004056,73682.83812886634
22_38,2011-12-30,66838.9,UK,22,D,D_6,38,66137.70104389805,69903.87872897471
22_38,2012-01-06,82570.53,UK,22,D,D_6,38,84221.97697240625,79211.94256054619
22_38,2012-01-13,92581.91,UK,22,D,D_6,38,80582.61208263776,77580.03903099483
22_38,2012-01-20,80419.71,UK,22,D,D_6,38,75004.67289891161,81766.62196502021
22_38,2012-01-27,78296.21,UK,22,D,D_6,38,68562.8711676611,81625.13625662524
22_38,2012-02-03,74089.39,UK,22,D,D_6,38,79347.0200732596,102374.59067359056
22_38,2012-02-10,73005.3,UK,22,D,D_6,38,77837.37195578232,87336.86228266793
22_38,2012-02-17,84966.57,UK,22,D,D_6,38,71110.48259067294,74014.77304872611
22_38,2012-02-24,68447.15,UK,22,D,D_6,38,69421.67223419267,78461.1849193923
22_38,2012-03-02,84489.02,UK,22,D,D_6,38,73508.55393050233,75774.05073415786
22_38,2012-03-09,79978.21,UK,22,D,D_6,38,88355.87987992099,91283.31655506043
22_38,2012-03-16,86576.84,UK,22,D,D_6,38,74339.31072406418,74744.97150084937
22_38,2012-03-23,76712.02,UK,22,D,D_6,38,73957.35769013205,80357.62175644099
22_38,2012-03-30,77434.01,UK,22,D,D_6,38,81207.29772493418,83733.81661057418
22_38,2012-04-06,89193.08,UK,22,D,D_6,38,83061.46571334073,82328.44284291193
22_38,2012-04-13,80312.67,UK,22,D,D_6,38,87313.13207953368,88276.86137237142
22_38,2012-04-20,75721.73,UK,22,D,D_6,38,78093.97319998006,77823.24723088006
22_38,2012-04-27,69403.27,UK,22,D,D_6,38,75414.83300379953,75331.593736289
22_38,2012-05-04,100051.87,UK,22,D,D_6,38,88472.22801743628,84634.7166220625
22_38,2012-05-11,77886.62,UK,22,D,D_6,38,85257.54221869454,81814.98437725722
22_38,2012-05-18,79597.48,UK,22,D,D_6,38,86487.12181428981,82203.48921789994
22_38,2012-05-25,73955.73,UK,22,D,D_6,38,77248.92417198852,75968.19547209196
22_38,2012-06-01,72037.22,UK,22,D,D_6,38,73462.42938410657,73034.245307661
22_38,2012-06-08,77281.18,UK,22,D,D_6,38,92744.52071758566,86676.11491128092
22_38,2012-06-15,74458.52,UK,22,D,D_6,38,87631.64140790654,82950.94897013271
22_38,2012-06-22,78191.36,UK,22,D,D_6,38,77389.2973630226,75398.97070542512
22_38,2012-06-29,72108.28,UK,22,D,D_6,38,85724.91769108122,81132.28779586001
22_38,2012-07-06,72131.62,UK,22,D,D_6,38,81703.62460903155,78457.46615370875
22_38,2012-07-13,76994.55,UK,22,D,D_6,38,79705.59847509125,77262.16519215006
22_38,2012-07-20,84495.2,UK,22,D,D_6,38,78389.33956536381,75965.76404388937
22_38,2012-07-27,75279.77,UK,22,D,D_6,38,80435.50801833598,77950.02535450921
22_38,2012-08-03,75185.36,UK,22,D,D_6,38,80611.98210491905,76721.60447413231
22_38,2012-08-10,65057.05,UK,22,D,D_6,38,88409.69647922857,82545.85646566821
22_38,2012-08-17,69242.43,UK,22,D,D_6,38,79490.55166000847,75589.89292015746
22_38,2012-08-24,60066.08,UK,22,D,D_6,38,82945.16374282436,78157.30186204065
22_38,2012-08-31,82280.32,UK,22,D,D_6,38,85351.06452802985,79407.32526316555
22_38,2012-09-07,72258.23,UK,22,D,D_6,38,78401.95628577842,76048.09108987896
22_38,2012-09-14,88336.18,UK,22,D,D_6,38,94429.06045262417,87890.14015298126
22_38,2012-09-21,73852.48,UK,22,D,D_6,38,84388.54383533362,76774.98445716454
22_38,2012-09-28,77545.83,UK,22,D,D_6,38,92249.96016131155,90696.93820660931
22_38,2012-10-05,73484.46,UK,22,D,D_6,38,79182.29352867817,75473.04916432333
22_38,2012-10-12,66934.78,UK,22,D,D_6,38,87059.98123219924,83952.80798646424
22_38,2012-10-19,65305.99,UK,22,D,D_6,38,82229.89144032514,77621.63086954768
22_38,2012-10-26,75239.03,UK,22,D,D_6,38,90473.65620121072,80851.63676281921
22_38,2012-10-28,,UK,22,D,D_6,38,88778.7783965155,78694.47366060165
22_38,2012-11-04,,UK,22,D,D_6,38,87546.2442966331,84005.60473048598
22_38,2012-11-11,,UK,22,D,D_6,38,87672.47396695403,81077.5365433832
22_38,2012-11-18,,UK,22,D,D_6,38,77300.0037589595,76492.04622824187
22_38,2012-11-25,,UK,22,D,D_6,38,96512.01143655216,88640.11466332499
22_38,2012-12-02,,UK,22,D,D_6,38,86847.63644057112,79471.96338603241
22_38,2012-12-09,,UK,22,D,D_6,38,95560.87298356893,86552.86167929482
22_38,2012-12-16,,UK,22,D,D_6,38,88929.60485582415,82515.24131668641
22_38,2012-12-23,,UK,22,D,D_6,38,80919.15579500566,76382.8141400608
22_38,2012-12-30,,UK,22,D,D_6,38,98458.69277274336,88834.84993454024
22_38,2013-01-06,,UK,22,D,D_6,38,98415.39601281528,92167.90651012686
22_38,2013-01-13,,UK,22,D,D_6,38,90447.95853516417,84786.07733093826
22_38,2013-01-20,,UK,22,D,D_6,38,84762.35071737993,84322.85711203933
22_38,2013-01-27,,UK,22,D,D_6,38,91188.21784415617,96214.33295223792
22_38,2013-02-03,,UK,22,D,D_6,38,90184.60697404077,95562.9117469066
22_38,2013-02-10,,UK,22,D,D_6,38,88483.82375251577,97460.00087051532
22_38,2013-02-17,,UK,22,D,D_6,38,82187.14959027195,89689.21628575749
22_38,2013-02-24,,UK,22,D,D_6,38,89335.05907328376,98021.56013990873
22_38,2013-03-03,,UK,22,D,D_6,38,98622.8382481186,101373.65602714074
22_38,2013-03-10,,UK,22,D,D_6,38,90317.91935718393,99029.9501450037
22_38,2013-03-17,,UK,22,D,D_6,38,86736.01149489627,94626.38015165215
22_38,2013-03-24,,UK,22,D,D_6,38,92160.2563129258,97244.42282185376
22_38,2013-03-31,,UK,22,D,D_6,38,96725.55797017143,104126.5073126325
22_38,2013-04-07,,UK,22,D,D_6,38,97275.00107071338,100426.62553262254
22_38,2013-04-14,,UK,22,D,D_6,38,90267.10484481054,95365.52711435476
9_38,2010-02-05,83916.56,UK,9,D,D_6,38,81617.98628752014,0.0
9_38,2010-02-12,76652.26,UK,9,D,D_6,38,77014.77120258076,56805.45274326793
9_38,2010-02-19,73690.21,UK,9,D,D_6,38,91131.5458616533,69420.17083400318
9_38,2010-02-26,68142.15,UK,9,D,D_6,38,70568.43799000647,72110.4382249728
9_38,2010-03-05,88761.58,UK,9,D,D_6,38,89944.151753796,69613.31619862307
9_38,2010-03-12,79396.39,UK,9,D,D_6,38,88145.54558560016,81660.71959852209
9_38,2010-03-19,73670.7,UK,9,D,D_6,38,69842.21449706708,80236.11703398215
9_38,2010-03-26,73889.84,UK,9,D,D_6,38,78941.65885017232,76105.49911843572
9_38,2010-04-02,69583.72,UK,9,D,D_6,38,84423.65410119623,74711.522585496
9_38,2010-04-09,84788.93,UK,9,D,D_6,38,84305.70729292551,71485.37828230894
9_38,2010-04-16,78014.04,UK,9,D,D_6,38,72499.82422091406,79855.27484482175
9_38,2010-04-23,82534.35,UK,9,D,D_6,38,73789.90793388241,78696.86651086161
9_38,2010-04-30,66769.79,UK,9,D,D_6,38,76367.3979055197,81111.20972572254
9_38,2010-05-07,89878.28,UK,9,D,D_6,38,81522.33793172006,72088.34109227237
9_38,2010-05-14,72445.34,UK,9,D,D_6,38,68392.93862123122,83280.83701184706
9_38,2010-05-21,86580.44,UK,9,D,D_6,38,77051.53504870589,76463.71095421155
9_38,2010-05-28,73192.01,UK,9,D,D_6,38,66347.84309512358,82828.62592956288
9_38,2010-06-04,71652.06,UK,9,D,D_6,38,80082.55132017589,76765.77292992492
9_38,2010-06-11,73720.25,UK,9,D,D_6,38,81151.15358736491,73548.49312930832
9_38,2010-06-18,76187.08,UK,9,D,D_6,38,74658.42140695156,73656.55353830388
9_38,2010-06-25,73538.79,UK,9,D,D_6,38,73843.4162217585,75248.62798239289
9_38,2010-07-02,75304.63,UK,9,D,D_6,38,81304.69298386319,74172.88765858859
9_38,2010-07-09,77537.45,UK,9,D,D_6,38,66539.99756529684,74884.92054436465
9_38,2010-07-16,75477.86,UK,9,D,D_6,38,81143.91888249473,76553.75286935031
9_38,2010-07-23,68935.88,UK,9,D,D_6,38,74747.66642642974,75876.85754033564
9_38,2010-07-30,68169.54,UK,9,D,D_6,38,70563.36232178884,71509.95874428157
9_38,2010-08-06,77368.51,UK,9,D,D_6,38,79177.45208386742,69408.3425802831
9_38,2010-08-13,69585.91,UK,9,D,D_6,38,71403.63338663813,74416.46215991635
9_38,2010-08-20,71347.16,UK,9,D,D_6,38,72979.67370866152,71377.33225511124
9_38,2010-08-27,67060.15,UK,9,D,D_6,38,68485.17329231145,71358.34945567799
9_38,2010-09-03,83312.21,UK,9,D,D_6,38,84686.19129145755,68654.14793375637
9_38,2010-09-10,77159.6,UK,9,D,D_6,38,78422.3191506896,77876.23130999347
9_38,2010-09-17,72456.0,UK,9,D,D_6,38,73654.79272974818,77425.36449957095
9_38,2010-09-24,73226.14,UK,9,D,D_6,38,74394.55143005095,74298.90115572322
9_38,2010-10-01,76201.32,UK,9,D,D_6,38,77158.85422501812,73623.976136566
9_38,2010-10-08,80104.71,UK,9,D,D_6,38,80904.92152423115,75245.50563278496
9_38,2010-10-15,72914.8,UK,9,D,D_6,38,73752.45142904627,78302.6620027139
9_38,2010-10-22,73187.64,UK,9,D,D_6,38,74139.14278680588,74912.90199322993
9_38,2010-10-29,83454.3,UK,9,D,D_6,38,84372.38821745386,73827.45769128102
9_38,2010-11-05,82565.0,UK,9,D,D_6,38,83447.62122163786,79884.16164161738
9_38,2010-11-12,83488.88,UK,9,D,D_6,38,84469.19074532,81570.80444252033
9_38,2010-11-19,84955.71,UK,9,D,D_6,38,86045.2768402046,82777.55691996658
9_38,2010-11-26,59979.1,UK,9,D,D_6,38,61206.26651013927,84147.93652536724
9_38,2010-12-03,86844.11,UK,9,D,D_6,38,88038.31016035532,68942.17299835429
9_38,2010-12-10,84651.17,UK,9,D,D_6,38,85677.38343650068,80205.13224079854
9_38,2010-12-17,76401.13,UK,9,D,D_6,38,77356.02079340648,83002.34586453387
9_38,2010-12-24,72707.56,UK,9,D,D_6,38,73657.65205621834,78849.20728372074
9_38,2010-12-31,60294.64,UK,9,D,D_6,38,61166.39366656712,74985.20513514557
9_38,2011-01-07,95290.63,UK,9,D,D_6,38,96194.8166041294,65742.67253376248
9_38,2011-01-14,83424.84,UK,9,D,D_6,38,84368.4450227576,84332.69665289081
9_38,2011-01-21,82758.54,UK,9,D,D_6,38,83583.24670549615,83761.52089249398
9_38,2011-01-28,85823.42,UK,9,D,D_6,38,86563.59443697262,94566.60180489064
9_38,2011-02-04,83428.18,UK,9,D,D_6,38,84311.17628975272,140022.93348082405
9_38,2011-02-11,78847.35,UK,9,D,D_6,38,79220.69106552612,99747.38966755639
9_38,2011-02-18,93093.72,UK,9,D,D_6,38,91495.7276699041,84853.1783734798
9_38,2011-02-25,73210.57,UK,9,D,D_6,38,73184.35511101966,86609.15506234605
9_38,2011-03-04,92572.22,UK,9,D,D_6,38,92729.6499588887,90971.27157546487
9_38,2011-03-11,90755.75,UK,9,D,D_6,38,90138.49121362875,86196.81339433971
9_38,2011-03-18,72854.3,UK,9,D,D_6,38,73462.64812810293,85499.33573767837
9_38,2011-03-25,81866.37,UK,9,D,D_6,38,81420.4579546792,77716.29178121971
9_38,2011-04-01,87508.08,UK,9,D,D_6,38,86075.57254040186,77663.61262722689
9_38,2011-04-08,87951.12,UK,9,D,D_6,38,88168.69673858123,93216.13190558883
9_38,2011-04-15,76234.96,UK,9,D,D_6,38,76829.75132496674,85752.94329457977
9_38,2011-04-22,77479.1,UK,9,D,D_6,38,78175.40028078888,82580.61826858693
9_38,2011-04-29,79699.58,UK,9,D,D_6,38,78443.65804704344,69665.6355130763
9_38,2011-05-06,85052.32,UK,9,D,D_6,38,85854.39926327055,90201.54620982551
9_38,2011-05-13,71556.11,UK,9,D,D_6,38,71872.81050508842,76232.41512969231
9_38,2011-05-20,80008.7,UK,9,D,D_6,38,80872.36500314959,82018.72905406443
9_38,2011-05-27,68748.84,UK,9,D,D_6,38,69413.87036158718,72487.66549799845
9_38,2011-06-03,82075.37,UK,9,D,D_6,38,81205.87494337407,69183.9504012359
9_38,2011-06-10,83295.74,UK,9,D,D_6,38,82695.56139793534,78521.23765199837
9_38,2011-06-17,77123.33,UK,9,D,D_6,38,77401.60386766323,83031.74528431703
9_38,2011-06-24,76365.75,UK,9,D,D_6,38,76276.2763970726,77704.4708159817
9_38,2011-07-01,83780.4,UK,9,D,D_6,38,83119.46961598791,77958.88067326532
9_38,2011-07-08,69054.86,UK,9,D,D_6,38,70331.54744624182,82976.94893690402
9_38,2011-07-15,82968.49,UK,9,D,D_6,38,82671.09244525257,72989.0352782523
9_38,2011-07-22,76624.92,UK,9,D,D_6,38,76452.59107851305,75180.3410370595
9_38,2011-07-29,72473.38,UK,9,D,D_6,38,72821.08363110026,75608.6280298724
9_38,2011-08-05,86246.24,UK,9,D,D_6,38,81540.41526269517,79326.24454422906
9_38,2011-08-12,87993.83,UK,9,D,D_6,38,73999.62916796241,78851.99336732866
9_38,2011-08-19,80156.68,UK,9,D,D_6,38,76224.45702850644,85652.82404190987
9_38,2011-08-26,68660.07,UK,9,D,D_6,38,71974.73844457371,79583.85643441475
9_38,2011-09-02,82635.0,UK,9,D,D_6,38,88101.15274263361,82795.33419325722
9_38,2011-09-09,83424.12,UK,9,D,D_6,38,81674.64906710605,78903.6868538042
9_38,2011-09-16,82488.65,UK,9,D,D_6,38,77030.26059992384,78820.61533934626
9_38,2011-09-23,81917.04,UK,9,D,D_6,38,78045.48368358891,81589.20735409987
9_38,2011-09-30,73974.77,UK,9,D,D_6,38,81045.10996866823,83637.73561253415
9_38,2011-10-07,87434.86,UK,9,D,D_6,38,84562.93553460353,80006.1254572504
9_38,2011-10-14,86055.78,UK,9,D,D_6,38,77561.87536833409,80215.01884908909
9_38,2011-10-21,88271.46,UK,9,D,D_6,38,78332.67677614997,84044.43545213246
9_38,2011-10-28,78987.05,UK,9,D,D_6,38,89042.26945961735,93040.45107437746
9_38,2011-11-04,77064.3,UK,9,D,D_6,38,87773.90609661,83716.0077841901
9_38,2011-11-11,96788.03,UK,9,D,D_6,38,88397.54356742691,80125.18134984527
9_38,2011-11-18,78665.21,UK,9,D,D_6,38,90361.48574666723,91430.66830210201
9_38,2011-11-25,61138.35,UK,9,D,D_6,38,65087.362070631105,68027.03751484519
9_38,2011-12-02,85603.76,UK,9,D,D_6,38,91816.49388436503,80302.82606298024
9_38,2011-12-09,78792.48,UK,9,D,D_6,38,89267.31125041906,82273.99967475701
9_38,2011-12-16,95878.91,UK,9,D,D_6,38,80556.657105111,74988.25318281217
9_38,2011-12-23,77319.29,UK,9,D,D_6,38,77521.58363827967,85752.08461490867
9_38,2011-12-30,61215.18,UK,9,D,D_6,38,65075.43612876949,72831.09981031636
9_38,2012-01-06,84106.09,UK,9,D,D_6,38,99982.90023783824,87184.27302248876
9_38,2012-01-13,81314.16,UK,9,D,D_6,38,87531.69798104752,77943.4436485414
9_38,2012-01-20,78136.34,UK,9,D,D_6,38,86522.48666318189,79589.51190126846
9_38,2012-01-27,80242.05,UK,9,D,D_6,38,89173.11842110111,83793.86329309588
9_38,2012-02-03,95825.57,UK,9,D,D_6,38,86531.53263815865,102521.38778235584
9_38,2012-02-10,92668.44,UK,9,D,D_6,38,81873.50407793847,93921.40566369516
9_38,2012-02-17,98648.69,UK,9,D,D_6,38,94785.8410132303,100069.46037041084
9_38,2012-02-24,81029.03,UK,9,D,D_6,38,76391.1045155561,86922.07419027465
9_38,2012-03-02,98924.88,UK,9,D,D_6,38,96096.48285011036,99295.11930259463
9_38,2012-03-09,84940.5,UK,9,D,D_6,38,93702.21677461162,95556.01282336547
9_38,2012-03-16,74839.15,UK,9,D,D_6,38,76506.3696742584,77670.89410121088
9_38,2012-03-23,81799.78,UK,9,D,D_6,38,84512.98482085775,80840.20396317111
9_38,2012-03-30,79946.44,UK,9,D,D_6,38,89121.07141126996,83342.22471113504
9_38,2012-04-06,88582.77,UK,9,D,D_6,38,90581.66561887375,85561.0160907612
9_38,2012-04-13,89372.13,UK,9,D,D_6,38,79094.92913183407,79274.59777228413
9_38,2012-04-20,78749.54,UK,9,D,D_6,38,80845.95200237901,87470.34035897546
9_38,2012-04-27,82602.4,UK,9,D,D_6,38,81233.65467978928,78978.33265300766
9_38,2012-05-04,82463.34,UK,9,D,D_6,38,88355.6968053658,88104.91926278395
9_38,2012-05-11,103033.67,UK,9,D,D_6,38,74431.01655631312,76095.04495231649
9_38,2012-05-18,82741.13,UK,9,D,D_6,38,83362.15933659727,84477.49214171877
9_38,2012-05-25,67106.27,UK,9,D,D_6,38,71935.11388853045,74764.98184588991
9_38,2012-06-01,66710.95,UK,9,D,D_6,38,83888.77263481007,81568.46262793966
9_38,2012-06-08,83518.05,UK,9,D,D_6,38,85291.58227913592,82788.63868322877
9_38,2012-06-15,76509.38,UK,9,D,D_6,38,79858.20409168219,80108.5210986453
9_38,2012-06-22,72628.86,UK,9,D,D_6,38,78757.40325428307,78984.44345724805
9_38,2012-06-29,67580.49,UK,9,D,D_6,38,85631.11045138299,83477.57813985147
9_38,2012-07-06,63134.64,UK,9,D,D_6,38,72591.79849632739,76099.30903546333
9_38,2012-07-13,80464.12,UK,9,D,D_6,38,85120.88324464063,83080.06680040654
9_38,2012-07-20,64553.09,UK,9,D,D_6,38,78853.30348761397,77875.88148230061
9_38,2012-07-27,69044.18,UK,9,D,D_6,38,75136.93077820427,75420.7891024896
9_38,2012-08-03,62532.33,UK,9,D,D_6,38,84365.90449731541,85367.50103526193
9_38,2012-08-10,69297.85,UK,9,D,D_6,38,77560.10531606479,84218.98465579435
9_38,2012-08-17,67012.59,UK,9,D,D_6,38,78137.25222273619,80441.70503706191
9_38,2012-08-24,72797.79,UK,9,D,D_6,38,72930.24586527143,73059.22769905596
9_38,2012-08-31,72690.0,UK,9,D,D_6,38,88920.05914017743,85018.20273751068
9_38,2012-09-07,69395.12,UK,9,D,D_6,38,83414.0199023265,83792.94516525097
9_38,2012-09-14,67320.29,UK,9,D,D_6,38,79036.05893470133,82016.27840987766
9_38,2012-09-21,68180.46,UK,9,D,D_6,38,79616.41287665379,81912.55624117579
9_38,2012-09-28,54601.96,UK,9,D,D_6,38,81278.28849182255,78414.0758452694
9_38,2012-10-05,78550.82,UK,9,D,D_6,38,86056.44538748365,86763.5585402162
9_38,2012-10-12,77592.93,UK,9,D,D_6,38,79466.52638537792,84081.67720109319
9_38,2012-10-19,66380.13,UK,9,D,D_6,38,79981.02979433822,85357.58414991124
9_38,2012-10-26,62385.5,UK,9,D,D_6,38,88158.74176960588,83096.71273152922
9_38,2012-10-28,,UK,9,D,D_6,38,87166.9776756866,81820.39047553686
9_38,2012-11-04,,UK,9,D,D_6,38,90138.71114467282,92756.48786381289
9_38,2012-11-11,,UK,9,D,D_6,38,89639.84328206973,83318.55249890068
9_38,2012-11-18,,UK,9,D,D_6,38,65590.65696105977,67083.99036562815
9_38,2012-11-25,,UK,9,D,D_6,38,92207.89581320024,87585.02778772861
9_38,2012-12-02,,UK,9,D,D_6,38,89440.80176974193,83312.82979759474
9_38,2012-12-09,,UK,9,D,D_6,38,83788.54186787021,90342.10978979422
9_38,2012-12-16,,UK,9,D,D_6,38,78502.15807926256,79275.959083547
9_38,2012-12-23,,UK,9,D,D_6,38,65651.59902219436,67204.28871088626
9_38,2012-12-30,,UK,9,D,D_6,38,99447.88524654454,89047.27027469079
9_38,2013-01-06,,UK,9,D,D_6,38,88619.82986850083,84339.3177237125
9_38,2013-01-13,,UK,9,D,D_6,38,87635.91655528375,82410.77172929974
9_38,2013-01-20,,UK,9,D,D_6,38,90577.23764209014,85923.52426972898
9_38,2013-01-27,,UK,9,D,D_6,38,90189.88265423759,104889.15968663583
9_38,2013-02-03,,UK,9,D,D_6,38,85318.89772553358,101143.32860370619
9_38,2013-02-10,,UK,9,D,D_6,38,97076.57085078328,107323.78480941686
9_38,2013-02-17,,UK,9,D,D_6,38,78594.33852453005,92523.15882039517
9_38,2013-02-24,,UK,9,D,D_6,38,97909.15196219763,109425.4895785932
9_38,2013-03-03,,UK,9,D,D_6,38,94188.03426512229,100378.91195839024
9_38,2013-03-10,,UK,9,D,D_6,38,78065.62631896327,89957.39679495759
9_38,2013-03-17,,UK,9,D,D_6,38,86024.54405860843,95812.69210786674
9_38,2013-03-24,,UK,9,D,D_6,38,90073.87179849662,95621.98928931257
9_38,2013-03-31,,UK,9,D,D_6,38,92650.58377098206,102344.48326303379
9_38,2013-04-07,,UK,9,D,D_6,38,82517.3906954776,98980.64984787976
9_38,2013-04-14,,UK,9,D,D_6,38,82794.23330551195,94346.92915000215
16_72,2010-02-05,47548.99,USA,16,D,D_2,72,33124.612089900475,0.0
16_72,2010-02-12,37654.82,USA,16,D,D_2,72,35234.5953545303,27278.42323283393
16_72,2010-02-19,35696.22,USA,16,D,D_2,72,41537.114998713834,32149.086875025663
16_72,2010-02-26,34627.14,USA,16,D,D_2,72,38299.08182952123,33703.852104629754
16_72,2010-03-05,29102.18,USA,16,D,D_2,72,36307.66412190999,34099.32920470704
16_72,2010-03-12,29674.98,USA,16,D,D_2,72,35758.38707505065,31975.26433900743
16_72,2010-03-19,28238.85,USA,16,D,D_2,72,24632.595347848342,31000.015246550927
16_72,2010-03-26,32692.19,USA,16,D,D_2,72,30619.06277682467,29830.362929297393
16_72,2010-04-02,26098.49,USA,16,D,D_2,72,26419.773932439544,31042.313403741147
16_72,2010-04-09,21272.16,USA,16,D,D_2,72,22837.217935063374,28948.858664026742
16_72,2010-04-16,22937.99,USA,16,D,D_2,72,24436.119669276566,25698.273587553096
16_72,2010-04-23,16810.53,USA,16,D,D_2,72,15936.486340014006,24529.484276016137
16_72,2010-04-30,21884.0,USA,16,D,D_2,72,25208.406089520016,21261.051963000402
16_72,2010-05-07,22105.92,USA,16,D,D_2,72,23941.790408445915,21524.826184369216
16_72,2010-05-14,23913.97,USA,16,D,D_2,72,23213.722896242667,21770.87802353931
16_72,2010-05-21,19752.75,USA,16,D,D_2,72,18128.5821336331,22678.324706286006
16_72,2010-05-28,21329.83,USA,16,D,D_2,72,19118.428016216727,21439.55241865795
16_72,2010-06-04,23708.86,USA,16,D,D_2,72,23089.17694246007,21393.092798479563
16_72,2010-06-11,18421.81,USA,16,D,D_2,72,21252.306197627833,22373.655070240042
16_72,2010-06-18,31044.65,USA,16,D,D_2,72,25069.663122896825,20700.330492896413
16_72,2010-06-25,22688.48,USA,16,D,D_2,72,31066.203403166197,25080.412138444346
16_72,2010-07-02,27755.41,USA,16,D,D_2,72,26585.471580752033,24067.599449508547
16_72,2010-07-09,31761.87,USA,16,D,D_2,72,31663.12060915287,25629.124235134514
16_72,2010-07-16,32542.4,USA,16,D,D_2,72,26491.521053658835,28225.904732528234
16_72,2010-07-23,34117.32,USA,16,D,D_2,72,31333.139368932483,30053.632663434604
16_72,2010-07-30,26883.55,USA,16,D,D_2,72,29519.383160486555,31774.314463659473
16_72,2010-08-06,32572.41,USA,16,D,D_2,72,33618.360316578735,29703.424480053425
16_72,2010-08-13,31661.66,USA,16,D,D_2,72,32866.777071058685,30918.235256673976
16_72,2010-08-20,26869.47,USA,16,D,D_2,72,28038.863277835488,31233.02262089035
16_72,2010-08-27,32295.5,USA,16,D,D_2,72,33368.69330129114,29385.36925653777
16_72,2010-09-03,28092.5,USA,16,D,D_2,72,29054.525267409175,30617.602101197896
16_72,2010-09-10,27012.2,USA,16,D,D_2,72,27838.654321769325,29548.40142964514
16_72,2010-09-17,29906.54,USA,16,D,D_2,72,30700.726117871876,28474.500984002476
16_72,2010-09-24,29808.37,USA,16,D,D_2,72,30648.785174287084,29080.86738671858
16_72,2010-10-01,27300.35,USA,16,D,D_2,72,28149.664313964473,29388.912864288748
16_72,2010-10-08,26864.79,USA,16,D,D_2,72,27688.48667192491,28504.555429388114
16_72,2010-10-15,25907.32,USA,16,D,D_2,72,26693.746455460867,27810.231703840982
16_72,2010-10-22,28519.66,USA,16,D,D_2,72,29292.113979199225,27004.48429636494
16_72,2010-10-29,26740.43,USA,16,D,D_2,72,27482.220038770443,27646.05315771064
16_72,2010-11-05,23715.12,USA,16,D,D_2,72,24400.267269371354,27262.58633158172
16_72,2010-11-12,35862.91,USA,16,D,D_2,72,36529.08331161456,25760.487314580067
16_72,2010-11-19,25511.52,USA,16,D,D_2,72,26190.745705648987,30038.142904996344
16_72,2010-11-26,121805.62,USA,16,D,D_2,72,122510.4789368211,28121.440904078278
16_72,2010-12-03,42787.76,USA,16,D,D_2,72,43507.697617423844,67790.0100109328
16_72,2010-12-10,50003.55,USA,16,D,D_2,72,50692.50181781732,57203.34007416524
16_72,2010-12-17,43698.2,USA,16,D,D_2,72,44409.330659272244,54154.742404120545
16_72,2010-12-24,91830.52,USA,16,D,D_2,72,92509.39402355789,49727.142365570864
16_72,2010-12-31,39048.66,USA,16,D,D_2,72,39647.50497785046,67554.92034730759
16_72,2011-01-07,42983.95,USA,16,D,D_2,72,43582.566117414695,55484.551908605295
16_72,2011-01-14,32893.68,USA,16,D,D_2,72,33538.97035310224,50191.43843443951
16_72,2011-01-21,31778.34,USA,16,D,D_2,72,32497.104498804212,42867.0712630341
16_72,2011-01-28,30105.72,USA,16,D,D_2,72,30814.9053698172,40031.98380902658
16_72,2011-02-04,33305.91,USA,16,D,D_2,72,35469.40232647697,78802.32314805951
16_72,2011-02-11,34738.21,USA,16,D,D_2,72,35651.03997772306,50488.95929624137
16_72,2011-02-18,40972.06,USA,16,D,D_2,72,40942.82359420182,42210.72985891369
16_72,2011-02-25,38070.76,USA,16,D,D_2,72,38141.70134082357,40718.4195580745
16_72,2011-03-04,36265.75,USA,16,D,D_2,72,35911.64070422461,34555.9717014357
16_72,2011-03-11,36057.91,USA,16,D,D_2,72,35767.08870432649,35767.34600643524
16_72,2011-03-18,25171.95,USA,16,D,D_2,72,25883.246197400753,34558.137461556486
16_72,2011-03-25,30993.03,USA,16,D,D_2,72,31523.445804968665,34836.37981839792
16_72,2011-04-01,26662.93,USA,16,D,D_2,72,26956.80921650672,27203.460346652377
16_72,2011-04-08,23067.85,USA,16,D,D_2,72,23231.4080831633,22532.828941281306
16_72,2011-04-15,24766.01,USA,16,D,D_2,72,24878.597219703817,24268.63356415864
16_72,2011-04-22,16286.4,USA,16,D,D_2,72,16664.53266013935,18831.3534376738
16_72,2011-04-29,25454.24,USA,16,D,D_2,72,25439.17052905004,22461.404101655062
16_72,2011-05-06,24362.03,USA,16,D,D_2,72,24447.483977072396,23880.62352338616
16_72,2011-05-13,23757.97,USA,16,D,D_2,72,24039.067256286013,25738.284373858576
16_72,2011-05-20,18712.62,USA,16,D,D_2,72,18996.927638574798,21110.98740982089
16_72,2011-05-27,19764.62,USA,16,D,D_2,72,19956.49722620664,21590.697879282667
16_72,2011-06-03,23611.06,USA,16,D,D_2,72,23651.397800143055,23041.909996015762
16_72,2011-06-10,21535.24,USA,16,D,D_2,72,21417.516834252772,18421.735159137246
16_72,2011-06-17,25501.1,USA,16,D,D_2,72,26245.51595367986,31296.626333252476
16_72,2011-06-24,31321.93,USA,16,D,D_2,72,30477.063817444578,21277.172093896257
16_72,2011-07-01,27269.58,USA,16,D,D_2,72,27338.130605454746,30017.75061451349
16_72,2011-07-08,32391.42,USA,16,D,D_2,72,32242.77382467243,32598.34913754715
16_72,2011-07-15,27139.05,USA,16,D,D_2,72,27672.32627036763,33240.165712203525
16_72,2011-07-22,31720.06,USA,16,D,D_2,72,31895.20622573524,32216.27473253842
16_72,2011-07-29,29760.66,USA,16,D,D_2,72,29385.66995199945,25365.360607837734
16_72,2011-08-05,32165.38,USA,16,D,D_2,72,33752.51643554708,32375.306696607997
16_72,2011-08-12,27000.46,USA,16,D,D_2,72,32945.265681425255,31451.28483315179
16_72,2011-08-19,39580.69,USA,16,D,D_2,72,27909.19543172769,25239.254563247065
16_72,2011-08-26,34727.35,USA,16,D,D_2,72,33754.95450393429,36038.11769921285
16_72,2011-09-02,34024.49,USA,16,D,D_2,72,29523.91975111659,31640.607748445742
16_72,2011-09-09,30248.12,USA,16,D,D_2,72,28535.150564334162,31611.691924376817
16_72,2011-09-16,29568.92,USA,16,D,D_2,72,31497.38616982506,33718.769840688416
16_72,2011-09-23,31814.73,USA,16,D,D_2,72,31388.53888567685,31945.05495035433
16_72,2011-09-30,24264.37,USA,16,D,D_2,72,28934.067986106667,29584.73178570881
16_72,2011-10-07,31101.56,USA,16,D,D_2,72,28313.30399901803,27026.635119450733
16_72,2011-10-14,29170.36,USA,16,D,D_2,72,27462.47651522036,27801.959692781063
16_72,2011-10-21,24695.4,USA,16,D,D_2,72,30158.881448724343,30765.95573923328
16_72,2011-10-28,27112.32,USA,16,D,D_2,72,28155.705318687695,26683.86694541415
16_72,2011-11-04,31006.61,USA,16,D,D_2,72,25060.089932483446,24104.283644242852
16_72,2011-11-11,37116.6,USA,16,D,D_2,72,37455.49735881208,38113.1375142633
16_72,2011-11-18,34736.36,USA,16,D,D_2,72,27126.244213277976,28266.837887513975
16_72,2011-11-25,129372.97,USA,16,D,D_2,72,123780.49491055877,119453.15136506426
16_72,2011-12-02,35234.98,USA,16,D,D_2,72,45037.02711903163,50854.17998397822
16_72,2011-12-09,39009.62,USA,16,D,D_2,72,51859.29393693658,51135.244625556414
16_72,2011-12-16,61767.79,USA,16,D,D_2,72,45075.952595694296,40424.81065172023
16_72,2011-12-23,84481.1,USA,16,D,D_2,72,93885.88651856247,93306.57141248128
16_72,2011-12-30,59135.83,USA,16,D,D_2,72,40678.6082177004,41173.73959964655
16_72,2012-01-06,35830.85,USA,16,D,D_2,72,45393.69108088134,52013.98201655446
16_72,2012-01-13,35495.62,USA,16,D,D_2,72,34988.6355908794,36124.316513837126
16_72,2012-01-20,31314.01,USA,16,D,D_2,72,33991.578182361394,34787.10075262519
16_72,2012-01-27,31141.81,USA,16,D,D_2,72,32235.896585734496,33161.03736527373
16_72,2012-02-03,36722.7,USA,16,D,D_2,72,36729.66340200832,36212.195993047855
16_72,2012-02-10,33698.46,USA,16,D,D_2,72,37132.662614481575,37544.27629066803
16_72,2012-02-17,33475.04,USA,16,D,D_2,72,42423.64893703115,41638.915999408615
16_72,2012-02-24,40894.61,USA,16,D,D_2,72,39248.15334375658,35654.1370354064
16_72,2012-03-02,34879.2,USA,16,D,D_2,72,37130.47107318826,36010.819393661615
16_72,2012-03-09,35449.78,USA,16,D,D_2,72,36871.93467263338,35366.10290659858
16_72,2012-03-16,33297.65,USA,16,D,D_2,72,26812.477293370666,25425.59351299984
16_72,2012-03-23,32033.33,USA,16,D,D_2,72,32762.944635449592,34013.4340406183
16_72,2012-03-30,20754.36,USA,16,D,D_2,72,28213.700495844816,29111.679628984024
16_72,2012-04-06,24628.95,USA,16,D,D_2,72,24208.96425686624,22330.852039443944
16_72,2012-04-13,23245.88,USA,16,D,D_2,72,25881.76745503139,24836.54339221924
16_72,2012-04-20,24681.42,USA,16,D,D_2,72,17533.745877761237,16319.829278739457
16_72,2012-04-27,18404.96,USA,16,D,D_2,72,26652.614571890957,28181.33856435168
16_72,2012-05-04,18935.85,USA,16,D,D_2,72,25650.056497593487,27190.135001878112
16_72,2012-05-11,19049.85,USA,16,D,D_2,72,25225.100650885783,26675.6090079832
16_72,2012-05-18,23615.3,USA,16,D,D_2,72,20194.286374613013,21984.768496522927
16_72,2012-05-25,24172.89,USA,16,D,D_2,72,21175.329765318995,22979.243809430616
16_72,2012-06-01,17827.55,USA,16,D,D_2,72,24894.17644151159,26543.428398037235
16_72,2012-06-08,26346.34,USA,16,D,D_2,72,22678.822696269803,24548.074027418646
16_72,2012-06-15,22950.7,USA,16,D,D_2,72,27413.997625475055,28434.094322165947
16_72,2012-06-22,29289.56,USA,16,D,D_2,72,31840.052124336973,33587.56922159935
16_72,2012-06-29,25675.61,USA,16,D,D_2,72,28573.61155391716,29999.87402617655
16_72,2012-07-06,32661.07,USA,16,D,D_2,72,33503.90338391436,34767.114999756304
16_72,2012-07-13,25397.25,USA,16,D,D_2,72,28857.79572927834,29994.295898299315
16_72,2012-07-20,28398.78,USA,16,D,D_2,72,33139.82047412972,34210.44564071688
16_72,2012-07-27,32317.96,USA,16,D,D_2,72,30694.83185365591,32274.230572336484
16_72,2012-08-03,33378.63,USA,16,D,D_2,72,34845.47172709493,34584.89627651865
16_72,2012-08-10,30983.9,USA,16,D,D_2,72,33655.92715071375,29850.014972421854
16_72,2012-08-17,31286.3,USA,16,D,D_2,72,30676.63795749125,41236.40265246244
16_72,2012-08-24,30862.49,USA,16,D,D_2,72,34949.273224176985,36913.787338220725
16_72,2012-08-31,28881.72,USA,16,D,D_2,72,31039.098565017295,36184.09885115443
16_72,2012-09-07,27596.47,USA,16,D,D_2,72,29576.48943513578,32712.061655595775
16_72,2012-09-14,29155.5,USA,16,D,D_2,72,32088.478402190965,32150.00796643171
16_72,2012-09-21,27774.76,USA,16,D,D_2,72,32294.110313500467,34197.1796811721
16_72,2012-09-28,27678.39,USA,16,D,D_2,72,29292.756897774678,27250.95940358066
16_72,2012-10-05,28302.92,USA,16,D,D_2,72,29624.580187088908,33483.725295327895
16_72,2012-10-12,31269.01,USA,16,D,D_2,72,28545.640626101223,31703.903157906312
16_72,2012-10-19,27597.82,USA,16,D,D_2,72,30430.152575636195,27678.134762635305
16_72,2012-10-26,26632.47,USA,16,D,D_2,72,29099.879623126486,29860.821745026595
16_72,2012-10-28,,USA,16,D,D_2,72,26763.6896109679,33377.98690732298
16_72,2012-11-04,,USA,16,D,D_2,72,38267.60197393472,39240.76702524991
16_72,2012-11-11,,USA,16,D,D_2,72,28764.304212719777,36917.24246778633
16_72,2012-11-18,,USA,16,D,D_2,72,124893.99283904774,125320.31997356651
16_72,2012-11-25,,USA,16,D,D_2,72,44328.34986491993,37774.9021065128
16_72,2012-12-02,,USA,16,D,D_2,72,51225.60019116334,41351.94317598263
16_72,2012-12-09,,USA,16,D,D_2,72,47999.385775335286,62003.03017330743
16_72,2012-12-16,,USA,16,D,D_2,72,93442.71062189643,83708.7737461993
16_72,2012-12-23,,USA,16,D,D_2,72,43476.10145038631,59462.7588236712
16_72,2012-12-30,,USA,16,D,D_2,72,44549.66605800812,38216.43083575122
16_72,2013-01-06,,USA,16,D,D_2,72,35556.49155460467,37659.62032934313
16_72,2013-01-13,,USA,16,D,D_2,72,34201.79517986772,33771.58629477393
16_72,2013-01-20,,USA,16,D,D_2,72,32708.98236526519,34666.05616519232
16_72,2013-01-27,,USA,16,D,D_2,72,37351.39093076152,40588.43001163599
16_72,2013-02-03,,USA,16,D,D_2,72,37395.00156890685,37713.66569917791
16_72,2013-02-10,,USA,16,D,D_2,72,42252.55003303,37596.1605565636
16_72,2013-02-17,,USA,16,D,D_2,72,40528.34992148302,44266.49971559208
16_72,2013-02-24,,USA,16,D,D_2,72,37943.171181983715,38664.369522865076
16_72,2013-03-03,,USA,16,D,D_2,72,37861.91493225651,39182.58106756063
16_72,2013-03-10,,USA,16,D,D_2,72,28674.977147444788,36993.0197102992
16_72,2013-03-17,,USA,16,D,D_2,72,33619.783123797584,36020.09786831053
16_72,2013-03-24,,USA,16,D,D_2,72,28406.394628049715,25563.275537496545
16_72,2013-03-31,,USA,16,D,D_2,72,25516.052487909023,28927.253478283026
16_72,2013-04-07,,USA,16,D,D_2,72,26860.64414620338,27721.455130420327
16_72,2013-04-14,,USA,16,D,D_2,72,18894.675008808157,28760.74638458677
10_72,2010-02-05,232558.51,USA,10,D,D_2,72,200228.1513142482,0.0
10_72,2010-02-12,202622.42,USA,10,D,D_2,72,238103.09037850672,148890.75736138836
10_72,2010-02-19,184982.01,USA,10,D,D_2,72,208333.47574074226,180389.06960494694
10_72,2010-02-26,186002.43,USA,10,D,D_2,72,196334.52322301464,183038.07320153437
10_72,2010-03-05,191989.54,USA,10,D,D_2,72,161816.6189479557,184742.7388023956
10_72,2010-03-12,154980.2,USA,10,D,D_2,72,172451.26009236125,188907.81365867791
10_72,2010-03-19,136327.27,USA,10,D,D_2,72,122215.99104058604,169409.91731156007
10_72,2010-03-26,113134.3,USA,10,D,D_2,72,134144.09041758938,150397.9483479514
10_72,2010-04-02,123509.08,USA,10,D,D_2,72,109155.35730878059,128983.30531805911
10_72,2010-04-09,135260.84,USA,10,D,D_2,72,122049.60281165657,125837.38378052824
10_72,2010-04-16,108174.05,USA,10,D,D_2,72,134451.97707583173,131252.8442492976
10_72,2010-04-23,121366.02,USA,10,D,D_2,72,103897.69821690665,117989.95081928078
10_72,2010-04-30,114223.42,USA,10,D,D_2,72,118032.59076372825,119930.10614632018
10_72,2010-05-07,126318.61,USA,10,D,D_2,72,119940.19745211938,116650.59470059373
10_72,2010-05-14,116407.79,USA,10,D,D_2,72,110599.02847387994,122206.5979598211
10_72,2010-05-21,117150.25,USA,10,D,D_2,72,104342.19619631994,118874.14606292231
10_72,2010-05-28,124692.31,USA,10,D,D_2,72,111838.48897354087,117883.4595727462
10_72,2010-06-04,128035.51,USA,10,D,D_2,72,117848.51585801132,121796.36144484158
10_72,2010-06-11,114098.81,USA,10,D,D_2,72,115778.15716007267,125381.86773883188
10_72,2010-06-18,129433.55,USA,10,D,D_2,72,145364.54258757684,118897.73385736035
10_72,2010-06-25,117168.19,USA,10,D,D_2,72,131265.61787169645,124952.44384828149
10_72,2010-07-02,119786.65,USA,10,D,D_2,72,122754.50524673791,120478.99832598247
10_72,2010-07-09,113293.89,USA,10,D,D_2,72,115750.31607691653,120081.12043310999
10_72,2010-07-16,111409.38,USA,10,D,D_2,72,121537.80251962926,116180.64311292225
10_72,2010-07-23,120191.71,USA,10,D,D_2,72,112745.52857534036,113438.69943736696
10_72,2010-07-30,141657.11,USA,10,D,D_2,72,114871.46501941833,117319.51132406043
10_72,2010-08-06,130456.21,USA,10,D,D_2,72,142747.9512787074,131305.81289417506
10_72,2010-08-13,136327.57,USA,10,D,D_2,72,143615.7073522115,130817.56413754963
10_72,2010-08-20,165741.9,USA,10,D,D_2,72,169631.15037659468,133984.04759680375
10_72,2010-08-27,128039.94,USA,10,D,D_2,72,129994.26198719628,152234.6115429257
10_72,2010-09-03,118055.84,USA,10,D,D_2,72,119283.75758651219,138330.44716356293
10_72,2010-09-10,114745.12,USA,10,D,D_2,72,115569.8158897036,126679.06060809584
10_72,2010-09-17,121139.57,USA,10,D,D_2,72,121631.98341170093,119820.87815192471
10_72,2010-09-24,114519.07,USA,10,D,D_2,72,114777.08833908485,120578.70237734696
10_72,2010-10-01,116384.09,USA,10,D,D_2,72,116484.54041551388,117096.36022181666
10_72,2010-10-08,127854.98,USA,10,D,D_2,72,128168.36685759951,116687.03363810618
10_72,2010-10-15,112657.09,USA,10,D,D_2,72,112816.89148533533,123105.01545365514
10_72,2010-10-22,113003.67,USA,10,D,D_2,72,113061.6853938733,117100.81437685122
10_72,2010-10-29,97326.82,USA,10,D,D_2,72,97497.89443456323,114746.27243563693
10_72,2010-11-05,121087.03,USA,10,D,D_2,72,121258.61140407922,104735.6827223657
10_72,2010-11-12,163229.35,USA,10,D,D_2,72,163494.11241154137,114132.45506411497
10_72,2010-11-19,130566.54,USA,10,D,D_2,72,130993.79962393902,142347.39885840093
10_72,2010-11-26,693099.36,USA,10,D,D_2,72,693769.9355704901,135577.18923572983
10_72,2010-12-03,218559.54,USA,10,D,D_2,72,219468.54778566232,455973.35141104204
10_72,2010-12-10,177442.44,USA,10,D,D_2,72,178464.66774232223,319536.67137868225
10_72,2010-12-17,268789.69,USA,10,D,D_2,72,269682.785298547,237878.13152443492
10_72,2010-12-24,404245.03,USA,10,D,D_2,72,404907.2393249839,255642.34830679552
10_72,2010-12-31,147532.16,USA,10,D,D_2,72,148095.3141468769,341041.1564621637
10_72,2011-01-07,116112.11,USA,10,D,D_2,72,116672.11459317732,229835.64201978326
10_72,2011-01-14,137309.8,USA,10,D,D_2,72,137781.6019999979,164481.14112484796
10_72,2011-01-21,142161.79,USA,10,D,D_2,72,142634.66759317057,148866.34789496879
10_72,2011-01-28,157727.81,USA,10,D,D_2,72,158556.99441883108,159395.2406421931
10_72,2011-02-04,198883.53,USA,10,D,D_2,72,199839.29904296057,354374.2568755631
10_72,2011-02-11,222651.02,USA,10,D,D_2,72,223415.99522003613,239556.7958918608
10_72,2011-02-18,207773.4,USA,10,D,D_2,72,208549.83312451318,214968.6318156651
10_72,2011-02-25,205507.71,USA,10,D,D_2,72,206243.57828836725,211697.86071578474
10_72,2011-03-04,175471.97,USA,10,D,D_2,72,175849.91548512861,213190.90757106492
10_72,2011-03-11,173299.84,USA,10,D,D_2,72,173364.09885778188,160313.758084652
10_72,2011-03-18,130430.46,USA,10,D,D_2,72,130604.58358025778,152025.55261097435
10_72,2011-03-25,136106.44,USA,10,D,D_2,72,136396.1428042283,120060.05450731804
10_72,2011-04-01,120085.83,USA,10,D,D_2,72,120306.16432866259,138020.17112346954
10_72,2011-04-08,126734.81,USA,10,D,D_2,72,126943.6161324876,137637.22669213198
10_72,2011-04-15,133360.97,USA,10,D,D_2,72,133580.18752153998,108528.95323111991
10_72,2011-04-22,114309.08,USA,10,D,D_2,72,114217.21261908516,133909.8436375906
10_72,2011-04-29,121610.5,USA,10,D,D_2,72,120890.06541770202,116633.91350534157
10_72,2011-05-06,125918.72,USA,10,D,D_2,72,124742.93182115449,129693.43798858827
10_72,2011-05-13,114133.37,USA,10,D,D_2,72,113167.81630848849,119166.6429080686
10_72,2011-05-20,105380.16,USA,10,D,D_2,72,104831.8788625458,116903.99639957208
10_72,2011-05-27,106756.03,USA,10,D,D_2,72,107064.01949306478,116651.85929318902
10_72,2011-06-03,105907.32,USA,10,D,D_2,72,107421.82598953375,113791.74056832258
10_72,2011-06-10,98535.57,USA,10,D,D_2,72,100324.71501145972,97509.7048783947
10_72,2011-06-17,127450.66,USA,10,D,D_2,72,129860.25710806629,111033.58071116568
10_72,2011-06-24,117948.54,USA,10,D,D_2,72,121564.35460211532,110110.56021661022
10_72,2011-07-01,114398.47,USA,10,D,D_2,72,117552.70867129852,116817.54358771325
10_72,2011-07-08,108519.93,USA,10,D,D_2,72,110467.29779925692,109951.68094920754
10_72,2011-07-15,115004.83,USA,10,D,D_2,72,116471.30923821448,107540.97541361344
10_72,2011-07-22,110068.58,USA,10,D,D_2,72,111398.37385738634,119236.22551760625
10_72,2011-07-29,108258.38,USA,10,D,D_2,72,109757.59928463309,132083.56865730722
10_72,2011-08-05,128649.15,USA,10,D,D_2,72,125485.43127123307,108961.32418503263
10_72,2011-08-12,129239.0,USA,10,D,D_2,72,132986.70100037573,125217.11085905807
10_72,2011-08-19,152246.75,USA,10,D,D_2,72,160520.6997538352,152337.86466277912
10_72,2011-08-26,125855.98,USA,10,D,D_2,72,118999.88491650631,120479.77139991726
10_72,2011-09-02,139659.53,USA,10,D,D_2,72,112070.18642354442,115139.80609487764
10_72,2011-09-09,123021.88,USA,10,D,D_2,72,120726.90775679827,126419.73176515444
10_72,2011-09-16,113522.35,USA,10,D,D_2,72,128128.25555849845,129862.34481736431
10_72,2011-09-23,116602.04,USA,10,D,D_2,72,115213.97558471652,114897.97531490875
10_72,2011-09-30,123573.06,USA,10,D,D_2,72,117627.46610953205,117449.5895631787
10_72,2011-10-07,126638.92,USA,10,D,D_2,72,131906.3941351266,130640.77273193805
10_72,2011-10-14,117679.29,USA,10,D,D_2,72,114427.64498259974,115523.35552398265
10_72,2011-10-21,145623.07,USA,10,D,D_2,72,116136.51052371316,117053.39619374323
10_72,2011-10-28,148579.95,USA,10,D,D_2,72,113256.61669658814,120233.10717910508
10_72,2011-11-04,164085.5,USA,10,D,D_2,72,152256.94403025467,156558.56011324914
10_72,2011-11-11,165484.28,USA,10,D,D_2,72,199646.80664832197,196447.92470232357
10_72,2011-11-18,142730.01,USA,10,D,D_2,72,152596.07987998688,151161.00815809198
10_72,2011-11-25,630999.19,USA,10,D,D_2,72,711321.2680995917,620862.3924584873
10_72,2011-12-02,156039.04,USA,10,D,D_2,72,202824.2079966143,226385.05594762752
10_72,2011-12-09,158289.3,USA,10,D,D_2,72,142121.97071062127,151301.38566658332
10_72,2011-12-16,158010.38,USA,10,D,D_2,72,240715.7046560132,232366.79714399073
10_72,2011-12-23,296628.29,USA,10,D,D_2,72,340812.2205792031,303939.4653041138
10_72,2011-12-30,156431.46,USA,10,D,D_2,72,65308.043910915374,83174.63728992216
10_72,2012-01-06,106488.92,USA,10,D,D_2,72,73239.50723966537,98698.1069026505
10_72,2012-01-13,124494.75,USA,10,D,D_2,72,108859.28250826141,121039.97660161788
10_72,2012-01-20,118467.1,USA,10,D,D_2,72,120624.03930822623,127107.7227763748
10_72,2012-01-27,119192.07,USA,10,D,D_2,72,135820.38519799046,139751.84417348416
10_72,2012-02-03,162152.75,USA,10,D,D_2,72,170316.65611895375,187720.7187675315
10_72,2012-02-10,233140.32,USA,10,D,D_2,72,190795.03176396823,189601.94959917053
10_72,2012-02-17,190137.86,USA,10,D,D_2,72,194433.35008735608,200243.98537938355
10_72,2012-02-24,168827.46,USA,10,D,D_2,72,190614.12868161727,192663.10384639548
10_72,2012-03-02,151694.94,USA,10,D,D_2,72,151180.50036259793,154565.0909062969
10_72,2012-03-09,131172.74,USA,10,D,D_2,72,149074.64817251722,147046.0031125029
10_72,2012-03-16,139326.58,USA,10,D,D_2,72,98653.7530203237,100104.58093423725
10_72,2012-03-23,103662.39,USA,10,D,D_2,72,121978.14567417814,124812.11091176342
10_72,2012-03-30,97258.13,USA,10,D,D_2,72,98146.9059610251,100435.82510980857
10_72,2012-04-06,114641.62,USA,10,D,D_2,72,104494.43658641193,105449.10756961958
10_72,2012-04-13,127171.44,USA,10,D,D_2,72,115574.1599839341,113287.50065361752
10_72,2012-04-20,110064.48,USA,10,D,D_2,72,101281.8517213008,106799.67698176132
10_72,2012-04-27,95980.33,USA,10,D,D_2,72,111683.94190382428,113985.43529661094
10_72,2012-05-04,97073.98,USA,10,D,D_2,72,115225.9056686458,118907.01959653891
10_72,2012-05-11,107930.91,USA,10,D,D_2,72,103144.29368968713,107983.57694165705
10_72,2012-05-18,100483.98,USA,10,D,D_2,72,94392.04828586715,100758.61164402007
10_72,2012-05-25,91508.44,USA,10,D,D_2,72,96386.94266819557,102733.76217947065
10_72,2012-06-01,110310.16,USA,10,D,D_2,72,96875.06586268055,102391.76597718993
10_72,2012-06-08,125434.23,USA,10,D,D_2,72,90426.37008193269,94711.26334975631
10_72,2012-06-15,105499.39,USA,10,D,D_2,72,120728.26820869565,120527.18777571562
10_72,2012-06-22,107949.41,USA,10,D,D_2,72,113465.11781839468,111251.51141938573
10_72,2012-06-29,96579.1,USA,10,D,D_2,72,111004.35794284253,108574.90964593683
10_72,2012-07-06,100464.25,USA,10,D,D_2,72,105271.89510936206,102956.39859130296
10_72,2012-07-13,92923.05,USA,10,D,D_2,72,112110.77316201231,108163.05149874573
10_72,2012-07-20,107685.5,USA,10,D,D_2,72,107666.29433899862,105006.08795379536
10_72,2012-07-27,97065.08,USA,10,D,D_2,72,106595.32571778842,105848.5430819383
10_72,2012-08-03,108755.78,USA,10,D,D_2,72,122966.2431671714,121642.01773064358
10_72,2012-08-10,105458.18,USA,10,D,D_2,72,129107.57243364495,122778.60294077931
10_72,2012-08-17,118339.36,USA,10,D,D_2,72,158249.00388013636,145206.81164689097
10_72,2012-08-24,115171.28,USA,10,D,D_2,72,120280.99648320518,119045.77170604577
10_72,2012-08-31,96347.84,USA,10,D,D_2,72,110409.2593234714,129472.04933074939
10_72,2012-09-07,110519.11,USA,10,D,D_2,72,107217.66746810001,115221.02094267755
10_72,2012-09-14,107830.89,USA,10,D,D_2,72,113629.9551758522,107992.16420222913
10_72,2012-09-21,123513.57,USA,10,D,D_2,72,106985.83700271833,109837.12553576413
10_72,2012-09-28,129930.09,USA,10,D,D_2,72,108802.30327205046,115860.35755656814
10_72,2012-10-05,121408.81,USA,10,D,D_2,72,120525.89245042673,119676.66291653362
10_72,2012-10-12,113547.32,USA,10,D,D_2,72,105307.61371124072,110532.5911405956
10_72,2012-10-19,101213.23,USA,10,D,D_2,72,105621.44550627263,133895.5317013095
10_72,2012-10-26,121126.83,USA,10,D,D_2,72,90080.93831042046,134647.25319503612
10_72,2012-10-28,,USA,10,D,D_2,72,113910.55911850548,150197.5694127361
10_72,2012-11-04,,USA,10,D,D_2,72,156212.9300671198,155990.5416714383
10_72,2012-11-11,,USA,10,D,D_2,72,123826.52168420613,133431.66439179363
10_72,2012-11-18,,USA,10,D,D_2,72,686776.8547806125,602646.4637307969
10_72,2012-11-25,,USA,10,D,D_2,72,212764.54477260896,154190.18943665113
10_72,2012-12-02,,USA,10,D,D_2,72,172155.09115224186,151554.77921781116
10_72,2012-12-09,,USA,10,D,D_2,72,263800.1244442994,161332.46034416687
10_72,2012-12-16,,USA,10,D,D_2,72,399409.84741266596,291879.10745942284
10_72,2012-12-23,,USA,10,D,D_2,72,142893.76896628895,146716.1252600417
10_72,2012-12-30,,USA,10,D,D_2,72,111704.58962127293,101577.69219172248
10_72,2013-01-06,,USA,10,D,D_2,72,133050.80372967458,118926.17513342338
10_72,2013-01-13,,USA,10,D,D_2,72,138102.72539102752,114423.56844348158
10_72,2013-01-20,,USA,10,D,D_2,72,154224.68690157903,118327.14723388363
10_72,2013-01-27,,USA,10,D,D_2,72,195861.93578717764,167644.01969032054
10_72,2013-02-03,,USA,10,D,D_2,72,219852.19444268127,228199.98994780402
10_72,2013-02-10,,USA,10,D,D_2,72,205307.9873798838,190066.16029415178
10_72,2013-02-17,,USA,10,D,D_2,72,203331.55978458276,172098.63017041388
10_72,2013-02-24,,USA,10,D,D_2,72,173254.35287179166,154825.8960210748
10_72,2013-03-03,,USA,10,D,D_2,72,170927.2810440743,136036.12809264462
10_72,2013-03-10,,USA,10,D,D_2,72,128199.50888999937,137498.70573123815
10_72,2013-03-17,,USA,10,D,D_2,72,134058.2251649277,107470.56683659855
10_72,2013-03-24,,USA,10,D,D_2,72,118092.69273757274,100817.6321544929
10_72,2013-03-31,,USA,10,D,D_2,72,124824.17626660256,116481.98748238863
10_72,2013-04-07,,USA,10,D,D_2,72,131548.8786744436,126577.70375201933
10_72,2013-04-14,,USA,10,D,D_2,72,112277.2410740258,110788.14949648078
1_1,2010-02-05,24924.5,UK,1,C,C_3,1,21693.66424112425,0.0
1_1,2010-02-12,46039.49,UK,1,C,C_3,1,37995.63729260457,18526.79456840454
1_1,2010-02-19,41595.55,UK,1,C,C_3,1,47231.06818288514,34700.003352875705
1_1,2010-02-26,19403.54,UK,1,C,C_3,1,19467.019127544554,34189.16488213068
1_1,2010-03-05,21827.9,UK,1,C,C_3,1,20372.727683052595,21367.98359212594
1_1,2010-03-12,21043.39,UK,1,C,C_3,1,21323.331247985498,22537.15714960048
1_1,2010-03-19,22136.64,UK,1,C,C_3,1,20303.093108418547,21925.36919227047
1_1,2010-03-26,26229.21,UK,1,C,C_3,1,20862.398299886023,22450.31310011979
1_1,2010-04-02,57258.43,UK,1,C,C_3,1,20552.173807800125,24904.474259510385
1_1,2010-04-09,42960.91,UK,1,C,C_3,1,25547.59040768817,44030.757458184526
1_1,2010-04-16,17596.96,UK,1,C,C_3,1,31226.258341855115,37460.63853316096
1_1,2010-04-23,16145.35,UK,1,C,C_3,1,52485.45832739894,22959.324664417712
1_1,2010-04-30,16555.11,UK,1,C,C_3,1,42053.454735680585,21236.016921144423
1_1,2010-05-07,17413.94,UK,1,C,C_3,1,19565.81519492736,20685.165207503087
1_1,2010-05-14,18926.74,UK,1,C,C_3,1,16428.400972936834,20558.05657250603
1_1,2010-05-21,14773.04,UK,1,C,C_3,1,14346.523614382004,20980.634600893653
1_1,2010-05-28,15580.43,UK,1,C,C_3,1,14856.544907236832,18154.773403648967
1_1,2010-06-04,17558.09,UK,1,C,C_3,1,15435.955853937547,18115.641302975877
1_1,2010-06-11,16637.62,UK,1,C,C_3,1,14834.790628227289,18914.097257598823
1_1,2010-06-18,16216.27,UK,1,C,C_3,1,13887.296209715012,18148.48573918722
1_1,2010-06-25,16328.72,UK,1,C,C_3,1,14680.274346976777,17659.8675366989
1_1,2010-07-02,16333.14,UK,1,C,C_3,1,14392.07650012237,17503.554466124013
1_1,2010-07-09,17688.76,UK,1,C,C_3,1,15130.010723965279,17323.882067040977
1_1,2010-07-16,17150.84,UK,1,C,C_3,1,14662.761951713837,17987.224520950145
1_1,2010-07-23,15360.45,UK,1,C,C_3,1,14798.250920806648,17616.69869051759
1_1,2010-07-30,15381.82,UK,1,C,C_3,1,14897.316801054054,16465.337075673575
1_1,2010-08-06,17508.41,UK,1,C,C_3,1,16025.292072813249,16306.80434549409
1_1,2010-08-13,15536.4,UK,1,C,C_3,1,14155.674326781616,17444.99109375762
1_1,2010-08-20,15740.13,UK,1,C,C_3,1,14378.095223808807,16266.319171722342
1_1,2010-08-27,15793.87,UK,1,C,C_3,1,14373.984288900076,16275.874817168156
1_1,2010-09-03,16241.78,UK,1,C,C_3,1,14833.600330383142,16225.156299418075
1_1,2010-09-10,18194.74,UK,1,C,C_3,1,16797.426681038003,16428.202145981337
1_1,2010-09-17,19354.23,UK,1,C,C_3,1,17972.52529960391,17576.29812811878
1_1,2010-09-24,18122.52,UK,1,C,C_3,1,16811.747456879257,18371.036000767475
1_1,2010-10-01,20094.19,UK,1,C,C_3,1,19190.717329622963,17781.22755678683
1_1,2010-10-08,23388.03,UK,1,C,C_3,1,23008.997093617614,19022.466737460756
1_1,2010-10-15,26978.34,UK,1,C,C_3,1,26641.413239952315,21173.869264404253
1_1,2010-10-22,25543.04,UK,1,C,C_3,1,24733.1065471022,23681.19557692011
1_1,2010-10-29,38640.93,UK,1,C,C_3,1,37245.7840561007,23327.759501962726
1_1,2010-11-05,34238.88,UK,1,C,C_3,1,32588.648938129394,31565.52579081065
1_1,2010-11-12,19549.39,UK,1,C,C_3,1,17913.295190966735,30010.728153699507
1_1,2010-11-19,19552.84,UK,1,C,C_3,1,17955.672862513307,21815.10526912319
1_1,2010-11-26,18820.29,UK,1,C,C_3,1,17245.26582894524,21469.206778053343
1_1,2010-12-03,22517.56,UK,1,C,C_3,1,20980.655024162443,20738.219110946728
1_1,2010-12-10,31497.65,UK,1,C,C_3,1,30008.62966621546,22686.337242714962
1_1,2010-12-17,44912.86,UK,1,C,C_3,1,43473.315448365174,28111.035012330598
1_1,2010-12-24,55931.23,UK,1,C,C_3,1,54540.46882558748,36807.86300460994
1_1,2010-12-31,19124.58,UK,1,C,C_3,1,17780.316461007187,44897.72739598296
1_1,2011-01-07,15984.24,UK,1,C,C_3,1,14695.382946904458,24865.12995394212
1_1,2011-01-14,17359.7,UK,1,C,C_3,1,16131.173603194686,23069.250704458726
1_1,2011-01-21,17341.47,UK,1,C,C_3,1,16154.128463182304,25039.465238441997
1_1,2011-01-28,18461.18,UK,1,C,C_3,1,17295.712541841283,29123.914666604847
1_1,2011-02-04,21665.76,UK,1,C,C_3,1,21212.74664186296,35358.892171516534
1_1,2011-02-11,37887.17,UK,1,C,C_3,1,38458.73290961886,39046.92697742018
1_1,2011-02-18,46845.87,UK,1,C,C_3,1,44585.82339253253,39547.29361267769
1_1,2011-02-25,19363.83,UK,1,C,C_3,1,18351.446146920644,35228.39354196253
1_1,2011-03-04,20327.61,UK,1,C,C_3,1,19679.825560064426,26196.69515832745
1_1,2011-03-11,21280.4,UK,1,C,C_3,1,20306.685434756495,24819.31450706096
1_1,2011-03-18,20334.23,UK,1,C,C_3,1,19839.34108232958,25383.76705315661
1_1,2011-03-25,20881.1,UK,1,C,C_3,1,21136.701099175145,25889.482840839628
1_1,2011-04-01,20398.09,UK,1,C,C_3,1,27100.494477115426,39163.107644384625
1_1,2011-04-08,23873.79,UK,1,C,C_3,1,26362.355119141488,22722.384240865154
1_1,2011-04-15,28762.37,UK,1,C,C_3,1,24807.541138821773,15462.133188384025
1_1,2011-04-22,50510.31,UK,1,C,C_3,1,42088.06108038522,24339.683629547915
1_1,2011-04-29,41512.39,UK,1,C,C_3,1,35746.79347107229,38546.66264921387
1_1,2011-05-06,20138.19,UK,1,C,C_3,1,19427.49161938376,35278.04871268444
1_1,2011-05-13,17235.15,UK,1,C,C_3,1,17472.223331388654,23933.198653784282
1_1,2011-05-20,15136.78,UK,1,C,C_3,1,14959.813455151658,19323.60911966848
1_1,2011-05-27,15741.6,UK,1,C,C_3,1,15626.413287833904,19002.49232217378
1_1,2011-06-03,16434.15,UK,1,C,C_3,1,16573.29974202102,19537.44733349462
1_1,2011-06-10,15883.52,UK,1,C,C_3,1,15916.039530254478,18518.729944556148
1_1,2011-06-17,14978.09,UK,1,C,C_3,1,15100.506687942758,17864.751188150014
1_1,2011-06-24,15682.81,UK,1,C,C_3,1,15748.454710825326,17161.93415196762
1_1,2011-07-01,15363.5,UK,1,C,C_3,1,15542.305893970004,17230.37382422967
1_1,2011-07-08,16148.87,UK,1,C,C_3,1,16409.30667564874,17443.870135983885
1_1,2011-07-15,15654.85,UK,1,C,C_3,1,15896.758248731463,17057.747097906446
1_1,2011-07-22,15766.6,UK,1,C,C_3,1,15604.600325290385,15892.079299900166
1_1,2011-07-29,15922.41,UK,1,C,C_3,1,15749.4472724986,16314.481575615362
1_1,2011-08-05,15295.55,UK,1,C,C_3,1,17147.60432411891,17329.284121287288
1_1,2011-08-12,14539.79,UK,1,C,C_3,1,15194.302622445517,15362.861242577745
1_1,2011-08-19,14689.24,UK,1,C,C_3,1,15399.398552788629,15419.573307572084
1_1,2011-08-26,14537.37,UK,1,C,C_3,1,15388.836162967276,15366.352228909644
1_1,2011-09-02,15277.27,UK,1,C,C_3,1,15815.960390725928,15383.258117993586
1_1,2011-09-09,17746.68,UK,1,C,C_3,1,17757.391893423606,16538.403505946455
1_1,2011-09-16,18535.48,UK,1,C,C_3,1,18928.573463985198,17973.982817751374
1_1,2011-09-23,17859.3,UK,1,C,C_3,1,17734.80944457259,17597.60249496129
1_1,2011-09-30,18337.68,UK,1,C,C_3,1,20033.441973884095,18541.510255353744
1_1,2011-10-07,20797.58,UK,1,C,C_3,1,23686.039907152488,19878.928764149645
1_1,2011-10-14,23077.55,UK,1,C,C_3,1,27219.669472492715,22131.621263771463
1_1,2011-10-21,23351.8,UK,1,C,C_3,1,25262.31299408398,21866.715222539686
1_1,2011-10-28,31579.9,UK,1,C,C_3,1,37815.55574038724,28713.444513127688
1_1,2011-11-04,39886.06,UK,1,C,C_3,1,32920.50302112513,27973.310560292935
1_1,2011-11-11,18689.54,UK,1,C,C_3,1,18482.9953813024,27475.357852985744
1_1,2011-11-18,19050.66,UK,1,C,C_3,1,18483.588872945817,19760.329927799787
1_1,2011-11-25,20911.25,UK,1,C,C_3,1,17749.29234163658,19466.285761274925
1_1,2011-12-02,25293.49,UK,1,C,C_3,1,21565.707193543378,22421.53664379354
1_1,2011-12-09,33305.92,UK,1,C,C_3,1,30700.641096348983,28279.835101255383
1_1,2011-12-16,45773.03,UK,1,C,C_3,1,44230.40842694422,37059.37689008572
1_1,2011-12-23,46788.75,UK,1,C,C_3,1,55322.064506155715,46304.707810297645
1_1,2011-12-30,23350.88,UK,1,C,C_3,1,18166.05431239874,27072.35050873807
1_1,2012-01-06,16567.69,UK,1,C,C_3,1,15245.187548007994,22314.131353943994
1_1,2012-01-13,16894.4,UK,1,C,C_3,1,16690.450873778333,19769.11362555005
1_1,2012-01-20,18365.1,UK,1,C,C_3,1,16682.439930415385,19336.317133686916
1_1,2012-01-27,18378.16,UK,1,C,C_3,1,17859.174608298163,20780.113095663393
1_1,2012-02-03,23510.49,UK,1,C,C_3,1,21622.217247653087,33476.992187155935
1_1,2012-02-10,36988.49,UK,1,C,C_3,1,38736.37869588235,45584.62613633563
1_1,2012-02-17,54060.1,UK,1,C,C_3,1,45417.30975050104,44200.7490965845
1_1,2012-02-24,20124.22,UK,1,C,C_3,1,19213.37869707968,29846.332772952162
1_1,2012-03-02,20113.03,UK,1,C,C_3,1,20491.942819087722,24979.67828417728
1_1,2012-03-09,21140.07,UK,1,C,C_3,1,21171.9775652342,23546.811370501928
1_1,2012-03-16,22366.88,UK,1,C,C_3,1,20591.53258995672,23768.23571391516
1_1,2012-03-23,22107.7,UK,1,C,C_3,1,21814.272696632575,26300.285296058417
1_1,2012-03-30,28952.86,UK,1,C,C_3,1,26503.444845843558,39630.43175097303
1_1,2012-04-06,57592.12,UK,1,C,C_3,1,27045.00453318147,28791.4057661116
1_1,2012-04-13,34684.21,UK,1,C,C_3,1,28246.059773379133,38004.79917335952
1_1,2012-04-20,16976.19,UK,1,C,C_3,1,46647.15275131246,40530.72571455993
1_1,2012-04-27,16347.6,UK,1,C,C_3,1,38261.88459737315,21554.417866756674
1_1,2012-05-04,17147.44,UK,1,C,C_3,1,20700.672088610383,16482.08129184399
1_1,2012-05-11,18164.2,UK,1,C,C_3,1,18550.917136795764,17625.74244330937
1_1,2012-05-18,18517.79,UK,1,C,C_3,1,16162.695954087529,15411.232229677631
1_1,2012-05-25,16963.55,UK,1,C,C_3,1,16838.64029185821,16394.749221550126
1_1,2012-06-01,16065.49,UK,1,C,C_3,1,17757.57999281015,17810.709615249027
1_1,2012-06-08,17666.0,UK,1,C,C_3,1,17157.092328320054,17183.624145300626
1_1,2012-06-15,17558.82,UK,1,C,C_3,1,16353.66826005058,16614.09362043127
1_1,2012-06-22,16633.41,UK,1,C,C_3,1,17047.71314096961,16983.304577648945
1_1,2012-06-29,15722.82,UK,1,C,C_3,1,16850.532269239782,16852.738214160083
1_1,2012-07-06,17823.37,UK,1,C,C_3,1,17737.842920030038,17859.526785063335
1_1,2012-07-13,16566.18,UK,1,C,C_3,1,17269.91943509839,17382.728664010752
1_1,2012-07-20,16348.06,UK,1,C,C_3,1,17101.281269516294,16548.64239957601
1_1,2012-07-27,15731.18,UK,1,C,C_3,1,17272.279255031975,16626.355074406078
1_1,2012-08-03,16628.31,UK,1,C,C_3,1,18277.188825150566,17405.581369347434
1_1,2012-08-10,16119.92,UK,1,C,C_3,1,16678.059731115434,16110.337515130002
1_1,2012-08-17,17330.7,UK,1,C,C_3,1,16932.362220235784,16276.468542226836
1_1,2012-08-24,16286.4,UK,1,C,C_3,1,16956.79345892257,16239.981588782139
1_1,2012-08-31,16680.24,UK,1,C,C_3,1,17519.37755606091,16781.412463680197
1_1,2012-09-07,18322.37,UK,1,C,C_3,1,19628.77736137875,18807.791436898027
1_1,2012-09-14,19616.22,UK,1,C,C_3,1,20759.4325766792,19721.826738568307
1_1,2012-09-21,19251.5,UK,1,C,C_3,1,19726.281164189582,18828.795032719558
1_1,2012-09-28,18947.81,UK,1,C,C_3,1,21683.687870896356,20010.412490055212
1_1,2012-10-05,21904.47,UK,1,C,C_3,1,25200.33097705228,22694.771653223597
1_1,2012-10-12,22764.01,UK,1,C,C_3,1,28638.308014695132,25447.80580025932
1_1,2012-10-19,24185.27,UK,1,C,C_3,1,27359.341677689783,24862.72307938819
1_1,2012-10-26,27390.81,UK,1,C,C_3,1,39155.70976317351,34853.37297640137
1_1,2012-10-28,,UK,1,C,C_3,1,37292.569185982655,36252.43929550907
1_1,2012-11-04,,UK,1,C,C_3,1,21238.28978842125,19910.411510473823
1_1,2012-11-11,,UK,1,C,C_3,1,21358.595540996168,20065.94634061242
1_1,2012-11-18,,UK,1,C,C_3,1,21188.006641860633,20503.620704398887
1_1,2012-11-25,,UK,1,C,C_3,1,25041.00541447853,24207.485899124767
1_1,2012-12-02,,UK,1,C,C_3,1,33836.432519708076,32072.98721570305
1_1,2012-12-09,,UK,1,C,C_3,1,47080.05760275843,44034.705969694354
1_1,2012-12-16,,UK,1,C,C_3,1,56072.474373967765,49893.38728158719
1_1,2012-12-23,,UK,1,C,C_3,1,22130.71949410549,21682.26158662599
1_1,2012-12-30,,UK,1,C,C_3,1,18246.83154650053,17214.149806213125
1_1,2013-01-06,,UK,1,C,C_3,1,19447.01474601833,18033.284637339282
1_1,2013-01-13,,UK,1,C,C_3,1,19772.82871474183,18676.329919338517
1_1,2013-01-20,,UK,1,C,C_3,1,20677.59696192014,19297.001926428624
1_1,2013-01-27,,UK,1,C,C_3,1,24735.6631121688,24854.971131001643
1_1,2013-02-03,,UK,1,C,C_3,1,41057.20286142573,40072.86028539492
1_1,2013-02-10,,UK,1,C,C_3,1,49979.55205834204,51421.149153016886
1_1,2013-02-17,,UK,1,C,C_3,1,21856.928012724384,21880.13336491634
1_1,2013-02-24,,UK,1,C,C_3,1,22852.11350609138,22521.927617213885
1_1,2013-03-03,,UK,1,C,C_3,1,23638.017073565476,23368.110097253953
1_1,2013-03-10,,UK,1,C,C_3,1,23449.771221434607,23513.076402197334
1_1,2013-03-17,,UK,1,C,C_3,1,24312.50471753491,23968.274535676897
1_1,2013-03-24,,UK,1,C,C_3,1,29449.08963850967,28938.584609484686
1_1,2013-03-31,,UK,1,C,C_3,1,35681.65874211886,41849.86557257915
1_1,2013-04-07,,UK,1,C,C_3,1,30654.366931669087,32558.915653956035
1_1,2013-04-14,,UK,1,C,C_3,1,47423.38273480235,35454.78135824656
31_46,2010-02-05,25122.16,France,31,B,B_3,46,19178.00876252019,0.0
31_46,2010-02-12,24180.56,France,31,B,B_3,46,26515.078192709476,19369.523116878125
31_46,2010-02-19,27171.3,France,31,B,B_3,46,28827.518230002242,22661.034025907786
31_46,2010-02-26,25839.06,France,31,B,B_3,46,24769.21202242161,25706.589387275337
31_46,2010-03-05,25334.1,France,31,B,B_3,46,25469.89119585185,25795.9152953076
31_46,2010-03-12,25469.85,France,31,B,B_3,46,25540.262992915104,25484.556019769814
31_46,2010-03-19,24739.31,France,31,B,B_3,46,25494.136162485822,25474.64126892973
31_46,2010-03-26,23813.85,France,31,B,B_3,46,24896.117157533376,24978.884140303235
31_46,2010-04-02,24777.8,France,31,B,B_3,46,24381.46643789333,24193.423352609425
31_46,2010-04-09,24721.68,France,31,B,B_3,46,25138.223397404894,24587.40745766598
31_46,2010-04-16,26831.51,France,31,B,B_3,46,24621.008722457802,24677.93340108905
31_46,2010-04-23,24994.9,France,31,B,B_3,46,27055.156010491108,26129.865046383013
31_46,2010-04-30,25448.17,France,31,B,B_3,46,25632.64611594376,25364.676722948305
31_46,2010-05-07,26408.75,France,31,B,B_3,46,25066.47452377322,25420.967514359632
31_46,2010-05-14,24752.11,France,31,B,B_3,46,26280.409059274953,26086.92601811452
31_46,2010-05-21,28494.16,France,31,B,B_3,46,27149.668142761962,25186.999069485435
31_46,2010-05-28,28409.89,France,31,B,B_3,46,27763.818016584904,27416.67207642707
31_46,2010-06-04,29466.68,France,31,B,B_3,46,30452.519153854446,28086.295127959926
31_46,2010-06-11,26361.11,France,31,B,B_3,46,28912.344023093672,29016.94439270539
31_46,2010-06-18,26440.33,France,31,B,B_3,46,30531.407560938118,27226.392804578947
31_46,2010-06-25,26543.79,France,31,B,B_3,46,27590.70113671106,26696.432801435745
31_46,2010-07-02,24867.55,France,31,B,B_3,46,25590.866985379376,26593.52171207054
31_46,2010-07-09,21697.25,France,31,B,B_3,46,24475.616047868447,25429.879355981822
31_46,2010-07-16,25378.99,France,31,B,B_3,46,25782.70160436258,22913.357452508633
31_46,2010-07-23,25401.69,France,31,B,B_3,46,24189.351395473805,24575.675813085927
31_46,2010-07-30,23373.02,France,31,B,B_3,46,23508.677496550146,25132.57085829519
31_46,2010-08-06,23881.54,France,31,B,B_3,46,22978.737856226686,23946.28959303137
31_46,2010-08-13,22608.31,France,31,B,B_3,46,21845.385404254117,23902.635708982245
31_46,2010-08-20,24971.86,France,31,B,B_3,46,24243.862863111153,23030.007144439038
31_46,2010-08-27,22707.91,France,31,B,B_3,46,22082.97824413339,24339.195595338857
31_46,2010-09-03,22791.34,France,31,B,B_3,46,22226.639698898005,23239.39019277144
31_46,2010-09-10,21354.45,France,31,B,B_3,46,20836.942941965295,22937.316770410944
31_46,2010-09-17,22256.05,France,31,B,B_3,46,21784.22622117574,21870.155121576056
31_46,2010-09-24,22132.05,France,31,B,B_3,46,21697.297637171047,22130.323710893856
31_46,2010-10-01,20770.81,France,31,B,B_3,46,20370.50912597105,22131.48756723563
31_46,2010-10-08,21647.86,France,31,B,B_3,46,21289.36090865182,21214.124878645678
31_46,2010-10-15,22644.18,France,31,B,B_3,46,22300.55342706644,21506.547144318683
31_46,2010-10-22,22753.51,France,31,B,B_3,46,22450.029242203265,22273.534092766928
31_46,2010-10-29,22450.13,France,31,B,B_3,46,22136.695382289632,22597.131688053414
31_46,2010-11-05,23067.69,France,31,B,B_3,46,22802.00412978411,22498.02381192824
31_46,2010-11-12,23030.53,France,31,B,B_3,46,22766.38547825053,22882.090190673614
31_46,2010-11-19,22550.08,France,31,B,B_3,46,22320.800668670396,22982.167641685064
31_46,2010-11-26,23554.34,France,31,B,B_3,46,23335.8380475092,22690.85609938633
31_46,2010-12-03,21773.51,France,31,B,B_3,46,21567.64005768516,23273.013056842756
31_46,2010-12-10,24076.54,France,31,B,B_3,46,23840.538219392365,22262.054848302025
31_46,2010-12-17,31408.49,France,31,B,B_3,46,31085.391920831775,23485.37256680444
31_46,2010-12-24,44628.82,France,31,B,B_3,46,44224.223703890675,28827.10266183083
31_46,2010-12-31,24247.63,France,31,B,B_3,46,23959.94887581896,39480.549334822295
31_46,2011-01-07,22166.5,France,31,B,B_3,46,21840.138958562235,29210.583714344182
31_46,2011-01-14,21564.67,France,31,B,B_3,46,21193.83140051985,24461.494194207982
31_46,2011-01-21,24461.55,France,31,B,B_3,46,24100.886412619428,22508.46836710494
31_46,2011-01-28,23820.67,France,31,B,B_3,46,23456.195302395867,26866.8791888447
31_46,2011-02-04,20032.63,France,31,B,B_3,46,20959.273383235814,37277.54086090109
31_46,2011-02-11,26833.75,France,31,B,B_3,46,25879.287279445954,26679.683164765294
31_46,2011-02-18,29456.9,France,31,B,B_3,46,28707.52175829866,29000.00168332671
31_46,2011-02-25,25547.43,France,31,B,B_3,46,25461.71380101166,28552.52699623522
31_46,2011-03-04,26210.03,France,31,B,B_3,46,25812.353123673092,26677.684692658495
31_46,2011-03-11,26332.68,France,31,B,B_3,46,25957.724328371318,26475.041903933976
31_46,2011-03-18,26313.6,France,31,B,B_3,46,25830.086891567218,25880.350607768145
31_46,2011-03-25,25844.1,France,31,B,B_3,46,25312.820252511963,25491.945627815778
31_46,2011-04-01,25475.52,France,31,B,B_3,46,25275.195251446858,26287.28356043987
31_46,2011-04-08,26239.73,France,31,B,B_3,46,25850.83360543216,25959.081638608095
31_46,2011-04-15,25761.69,France,31,B,B_3,46,25940.497349207028,27464.26214437823
31_46,2011-04-22,28023.21,France,31,B,B_3,46,27262.92403708719,25511.27264456981
31_46,2011-04-29,26821.74,France,31,B,B_3,46,26535.820704155747,27082.447665056905
31_46,2011-05-06,26273.38,France,31,B,B_3,46,26322.87848314023,27574.04857059976
31_46,2011-05-13,27379.89,France,31,B,B_3,46,26814.80562825444,26048.633078944444
31_46,2011-05-20,28415.37,France,31,B,B_3,46,28489.27944077852,29206.624658829875
31_46,2011-05-27,28899.98,France,31,B,B_3,46,28802.154712247,28932.08562151187
31_46,2011-06-03,31539.49,France,31,B,B_3,46,31108.90783567814,29519.383651204913
31_46,2011-06-10,30139.28,France,31,B,B_3,46,29429.072009419426,28488.383508667277
31_46,2011-06-17,32048.92,France,31,B,B_3,46,31128.99984484222,29175.82740086665
31_46,2011-06-24,29455.88,France,31,B,B_3,46,29368.04381982831,30505.52160894974
31_46,2011-07-01,27531.47,France,31,B,B_3,46,27565.168008825804,28682.27025055582
31_46,2011-07-08,26570.99,France,31,B,B_3,46,26130.96799508456,26032.741246158745
31_46,2011-07-15,28200.93,France,31,B,B_3,46,28278.597022472804,28582.663876055056
31_46,2011-07-22,26642.67,France,31,B,B_3,46,27040.44910575762,28433.826026250557
31_46,2011-07-29,25825.18,France,31,B,B_3,46,25910.709789373166,26206.45636170585
31_46,2011-08-05,25589.08,France,31,B,B_3,46,25590.947620276052,26231.74736033085
31_46,2011-08-12,24770.65,France,31,B,B_3,46,24326.42502665829,25129.983610815027
31_46,2011-08-19,25890.08,France,31,B,B_3,46,26682.52543461835,26363.521950693757
31_46,2011-08-26,26249.3,France,31,B,B_3,46,24325.640658264136,24674.057093136296
31_46,2011-09-02,25147.07,France,31,B,B_3,46,24610.630205947647,25371.46292484645
31_46,2011-09-09,22901.07,France,31,B,B_3,46,23210.01640399979,24284.735633796245
31_46,2011-09-16,23884.85,France,31,B,B_3,46,24053.489111913455,24086.522212429565
31_46,2011-09-23,24519.68,France,31,B,B_3,46,23886.060347135277,23875.64911746735
31_46,2011-09-30,23353.9,France,31,B,B_3,46,22577.206115208377,23343.052857247185
31_46,2011-10-07,24985.87,France,31,B,B_3,46,23533.303511387516,23925.87232325546
31_46,2011-10-14,23358.22,France,31,B,B_3,46,24670.818345821226,25169.784351526036
31_46,2011-10-21,24378.72,France,31,B,B_3,46,24620.712389836903,24380.534504225383
31_46,2011-10-28,23038.92,France,31,B,B_3,46,24247.07903742598,24242.20762329904
31_46,2011-11-04,24950.56,France,31,B,B_3,46,24726.81855119961,24046.519120096433
31_46,2011-11-11,23719.85,France,31,B,B_3,46,24687.234189912513,24509.867108390146
31_46,2011-11-18,24991.16,France,31,B,B_3,46,24092.29986519762,23844.12266992434
31_46,2011-11-25,24266.85,France,31,B,B_3,46,25184.508605685216,25087.632939311992
31_46,2011-12-02,22767.86,France,31,B,B_3,46,23282.375806918342,23802.106739940613
31_46,2011-12-09,24434.14,France,31,B,B_3,46,25478.107373274353,25304.148105227174
31_46,2011-12-16,28727.1,France,31,B,B_3,46,32591.50652963147,30345.41794391684
31_46,2011-12-23,37731.61,France,31,B,B_3,46,45258.221658021954,37826.07574881811
31_46,2011-12-30,27243.19,France,31,B,B_3,46,24045.639773927815,24625.42388894635
31_46,2012-01-06,24487.89,France,31,B,B_3,46,22272.72399161831,23632.975820842043
31_46,2012-01-13,22388.6,France,31,B,B_3,46,21855.530302838917,23236.251514158248
31_46,2012-01-20,25082.76,France,31,B,B_3,46,24779.65777091182,24101.48840354978
31_46,2012-01-27,22797.43,France,31,B,B_3,46,24129.124309390103,23451.217372095995
31_46,2012-02-03,24997.97,France,31,B,B_3,46,21182.423760328442,27333.18954639758
31_46,2012-02-10,26601.22,France,31,B,B_3,46,27023.01283196703,28841.622467694375
31_46,2012-02-17,26833.9,France,31,B,B_3,46,29651.00069907125,30060.818118156174
31_46,2012-02-24,28471.82,France,31,B,B_3,46,25859.644294908918,26510.24736220554
31_46,2012-03-02,26161.37,France,31,B,B_3,46,26566.034300041014,27499.704341400262
31_46,2012-03-09,25312.62,France,31,B,B_3,46,26613.49500154214,26914.705006848737
31_46,2012-03-16,26378.48,France,31,B,B_3,46,26311.50192940454,25824.264767923527
31_46,2012-03-23,25257.76,France,31,B,B_3,46,25754.867872438084,25547.6871234974
31_46,2012-03-30,25367.93,France,31,B,B_3,46,25532.516906517227,25622.622314602486
31_46,2012-04-06,26379.66,France,31,B,B_3,46,26102.139075761832,25832.152672902623
31_46,2012-04-13,27163.46,France,31,B,B_3,46,26067.805498277994,26745.10063897597
31_46,2012-04-20,26303.46,France,31,B,B_3,46,27721.978182709485,27194.32676015752
31_46,2012-04-27,26807.18,France,31,B,B_3,46,26647.841477252146,26470.01892673104
31_46,2012-05-04,27574.94,France,31,B,B_3,46,26335.739676947436,26629.735289537275
31_46,2012-05-11,27039.65,France,31,B,B_3,46,26952.974736498196,26549.498428648698
31_46,2012-05-18,29296.79,France,31,B,B_3,46,28436.44859269543,28454.92684825683
31_46,2012-05-25,29316.78,France,31,B,B_3,46,28791.03343546459,28763.43667618247
31_46,2012-06-01,29490.25,France,31,B,B_3,46,31150.8685427116,30221.991594812567
31_46,2012-06-08,28200.36,France,31,B,B_3,46,29474.891590697418,28525.800090441382
31_46,2012-06-15,30451.5,France,31,B,B_3,46,31132.35031627614,29209.54014435697
31_46,2012-06-22,28154.76,France,31,B,B_3,46,29101.12429574915,28106.122377190288
31_46,2012-06-29,29114.13,France,31,B,B_3,46,27263.650535776906,26553.733133135323
31_46,2012-07-06,29060.06,France,31,B,B_3,46,25925.161805589425,24923.469218575057
31_46,2012-07-13,27109.98,France,31,B,B_3,46,27919.784622599414,26886.37086072113
31_46,2012-07-20,26142.0,France,31,B,B_3,46,26627.56967728765,26265.937483421352
31_46,2012-07-27,26797.24,France,31,B,B_3,46,25604.511596570817,25123.318193277435
31_46,2012-08-03,28243.27,France,31,B,B_3,46,25310.42149070474,25139.646688413155
31_46,2012-08-10,25373.0,France,31,B,B_3,46,24132.51981129817,24345.108837004947
31_46,2012-08-17,23901.77,France,31,B,B_3,46,26194.867941788594,25639.428938921228
31_46,2012-08-24,24972.37,France,31,B,B_3,46,24459.71774765591,24921.105287821047
31_46,2012-08-31,24354.27,France,31,B,B_3,46,24248.902122505424,24412.45882276299
31_46,2012-09-07,22285.08,France,31,B,B_3,46,22619.948273139482,22929.272144228933
31_46,2012-09-14,22096.58,France,31,B,B_3,46,23526.02300530603,23609.063619098088
31_46,2012-09-21,25101.56,France,31,B,B_3,46,23533.988829786802,23801.464682935683
31_46,2012-09-28,22174.2,France,31,B,B_3,46,22178.284392106587,22846.493766523883
31_46,2012-10-05,23083.34,France,31,B,B_3,46,23174.709404874284,23813.982819953384
31_46,2012-10-12,21175.99,France,31,B,B_3,46,23602.248639258658,23580.75503654111
31_46,2012-10-19,23091.93,France,31,B,B_3,46,23913.170236362283,24026.64628513105
31_46,2012-10-26,23221.21,France,31,B,B_3,46,23378.349710144284,23417.512622062037
31_46,2012-10-28,,France,31,B,B_3,46,24277.566353622748,24406.37427385662
31_46,2012-11-04,,France,31,B,B_3,46,23978.68087190438,23938.716686880573
31_46,2012-11-11,,France,31,B,B_3,46,23859.950655521803,24267.49163182486
31_46,2012-11-18,,France,31,B,B_3,46,24492.10684843726,24355.614811478692
31_46,2012-11-25,,France,31,B,B_3,46,22774.939930100576,23214.914962611623
31_46,2012-12-02,,France,31,B,B_3,46,24926.72276468898,25050.337541010475
31_46,2012-12-09,,France,31,B,B_3,46,31611.08185110811,30012.548480618392
31_46,2012-12-16,,France,31,B,B_3,46,44013.91293005101,38522.54948177172
31_46,2012-12-23,,France,31,B,B_3,46,25772.051413451652,26601.44392717328
31_46,2012-12-30,,France,31,B,B_3,46,23434.761274885757,24129.713352814215
31_46,2013-01-06,,France,31,B,B_3,46,22431.051427363505,22801.011848464306
31_46,2013-01-13,,France,31,B,B_3,46,25248.11565197196,24585.66477297279
31_46,2013-01-20,,France,31,B,B_3,46,24243.24148121133,22839.405072153884
31_46,2013-01-27,,France,31,B,B_3,46,22456.147972865514,26445.37041828699
31_46,2013-02-03,,France,31,B,B_3,46,27024.702548936442,28720.90198572491
31_46,2013-02-10,,France,31,B,B_3,46,29234.327149758716,30419.91595579499
31_46,2013-02-17,,France,31,B,B_3,46,26830.807321366046,29523.40624755605
31_46,2013-02-24,,France,31,B,B_3,46,26643.70260463525,28848.718829969213
31_46,2013-03-03,,France,31,B,B_3,46,26563.325863007973,28635.785155398968
31_46,2013-03-10,,France,31,B,B_3,46,26679.865979482256,28714.400649934094
31_46,2013-03-17,,France,31,B,B_3,46,26005.299235022885,27999.019291257107
31_46,2013-03-24,,France,31,B,B_3,46,25905.784349644335,28197.968765220405
31_46,2013-03-31,,France,31,B,B_3,46,26580.851971648757,28724.32334070388
31_46,2013-04-07,,France,31,B,B_3,46,26673.726163578438,29430.452115038075
31_46,2013-04-14,,France,31,B,B_3,46,27986.200032727676,29310.32416853685
36_95,2010-02-05,40389.37,Germany,36,A,A_0,95,40083.0370977676,0.0
36_95,2010-02-12,39816.3,Germany,36,A,A_0,95,40158.51496817883,36697.50961562417
36_95,2010-02-19,39992.16,Germany,36,A,A_0,95,43491.64569610544,39496.164468950476
36_95,2010-02-26,37021.27,Germany,36,A,A_0,95,38213.3072021602,39941.18856726483
36_95,2010-03-05,41404.58,Germany,36,A,A_0,95,39736.08370440215,37321.3417488633
36_95,2010-03-12,39707.81,Germany,36,A,A_0,95,41741.02887161612,40984.95713295861
36_95,2010-03-19,41078.26,Germany,36,A,A_0,95,44667.68317139932,39839.05880531888
36_95,2010-03-26,34789.32,Germany,36,A,A_0,95,36843.45371124503,40950.9107916302
36_95,2010-04-02,39290.87,Germany,36,A,A_0,95,33969.958197813634,35422.5292907759
36_95,2010-04-09,42675.12,Germany,36,A,A_0,95,41851.62634280922,38893.331546084046
36_95,2010-04-16,50271.17,Germany,36,A,A_0,95,43455.43065554334,42286.47627701515
36_95,2010-04-23,47773.62,Germany,36,A,A_0,95,45103.78684917951,49450.60556779826
36_95,2010-04-30,47893.08,Germany,36,A,A_0,95,45227.042325509545,47945.95907247937
36_95,2010-05-07,51567.64,Germany,36,A,A_0,95,50633.04704814266,47898.51423299497
36_95,2010-05-14,49562.12,Germany,36,A,A_0,95,52553.25377769212,51190.574303289235
36_95,2010-05-21,50948.51,Germany,36,A,A_0,95,51465.353380858076,49729.47165143511
36_95,2010-05-28,50002.52,Germany,36,A,A_0,95,47816.78392922514,50823.23287040354
36_95,2010-06-04,52177.75,Germany,36,A,A_0,95,55862.914804797445,50086.86234472451
36_95,2010-06-11,51956.47,Germany,36,A,A_0,95,53343.50254353482,51962.875378483855
36_95,2010-06-18,55402.42,Germany,36,A,A_0,95,56741.802191906536,51957.128262663704
36_95,2010-06-25,49571.13,Germany,36,A,A_0,95,48170.0451223769,55048.35709460905
36_95,2010-07-02,48915.74,Germany,36,A,A_0,95,48255.14601352217,50134.00916567049
36_95,2010-07-09,50043.43,Germany,36,A,A_0,95,53805.12576487251,49040.93808284187
36_95,2010-07-16,51733.82,Germany,36,A,A_0,95,49466.64364802873,49940.4067358237
36_95,2010-07-23,50552.85,Germany,36,A,A_0,95,48167.52927809058,51549.515981852586
36_95,2010-07-30,46319.87,Germany,36,A,A_0,95,49232.318811611534,50655.27454925222
36_95,2010-08-06,53161.26,Germany,36,A,A_0,95,54069.043647392406,46765.40728618061
36_95,2010-08-13,55802.29,Germany,36,A,A_0,95,56128.59623674792,52503.97627282908
36_95,2010-08-20,51581.1,Germany,36,A,A_0,95,51707.51393840287,55463.33160977796
36_95,2010-08-27,45643.05,Germany,36,A,A_0,95,45680.90412542842,51980.06598255025
36_95,2010-09-03,45793.64,Germany,36,A,A_0,95,45826.02837416989,46294.287242401195
36_95,2010-09-10,44471.81,Germany,36,A,A_0,95,44499.94703903717,45845.090103716815
36_95,2010-09-17,48117.55,Germany,36,A,A_0,95,48093.88837347803,44612.9381193312
36_95,2010-09-24,43597.1,Germany,36,A,A_0,95,43522.91540419066,47757.39093094634
36_95,2010-10-01,41785.66,Germany,36,A,A_0,95,41747.18209729824,44024.64135399326
36_95,2010-10-08,44636.45,Germany,36,A,A_0,95,44661.2500910565,42015.75379284781
36_95,2010-10-15,47847.5,Germany,36,A,A_0,95,47950.04613588626,44367.12844931799
36_95,2010-10-22,45028.01,Germany,36,A,A_0,95,45226.462914392636,47489.83204122588
36_95,2010-10-29,41738.1,Germany,36,A,A_0,95,41992.89094449004,45281.00450116979
36_95,2010-11-05,39636.78,Germany,36,A,A_0,95,39931.28596949758,42102.19429355808
36_95,2010-11-12,40358.02,Germany,36,A,A_0,95,40637.56590393864,39890.14366680068
36_95,2010-11-19,37923.23,Germany,36,A,A_0,95,38173.00963454802,40309.93767010574
36_95,2010-11-26,39878.04,Germany,36,A,A_0,95,40147.06264417869,38168.5052093063
36_95,2010-12-03,33102.92,Germany,36,A,A_0,95,33360.73656984935,39702.35593577388
36_95,2010-12-10,37652.43,Germany,36,A,A_0,95,37864.98813416431,33781.12540015229
36_95,2010-12-17,40105.93,Germany,36,A,A_0,95,40295.99089838675,37254.586955412095
36_95,2010-12-24,39937.79,Germany,36,A,A_0,95,40132.483104091756,39812.905524977316
36_95,2010-12-31,33569.56,Germany,36,A,A_0,95,33788.38726804539,39924.95597506515
36_95,2011-01-07,35217.61,Germany,36,A,A_0,95,35410.3337797449,34222.686102343105
36_95,2011-01-14,37775.08,Germany,36,A,A_0,95,37956.34780642088,35115.36447982246
36_95,2011-01-21,38041.92,Germany,36,A,A_0,95,38270.812694583045,37501.74854467449
36_95,2011-01-28,36191.87,Germany,36,A,A_0,95,36418.78950069625,38768.79492350824
36_95,2011-02-04,38077.86,Germany,36,A,A_0,95,38361.70758073914,65953.10406508617
36_95,2011-02-11,37696.72,Germany,36,A,A_0,95,37941.883070812924,40672.803568724325
36_95,2011-02-18,41059.26,Germany,36,A,A_0,95,40980.264443144326,38184.4990239804
36_95,2011-02-25,38126.77,Germany,36,A,A_0,95,38515.92986551465,38320.57818263046
36_95,2011-03-04,40388.61,Germany,36,A,A_0,95,40939.82474472821,41705.55532089185
36_95,2011-03-11,41091.58,Germany,36,A,A_0,95,40937.61943046743,39171.86440718632
36_95,2011-03-18,45321.87,Germany,36,A,A_0,95,45242.65483709764,41967.59630268002
36_95,2011-03-25,39876.95,Germany,36,A,A_0,95,40208.04153651705,39830.74008192407
36_95,2011-04-01,38309.02,Germany,36,A,A_0,95,39411.14867694372,43530.47117512412
36_95,2011-04-08,42251.08,Germany,36,A,A_0,95,42200.75810096117,41694.92823615412
36_95,2011-04-15,43097.91,Germany,36,A,A_0,95,43943.77214939676,48372.73574660626
36_95,2011-04-22,39702.01,Germany,36,A,A_0,95,39657.91065633105,41695.832580785944
36_95,2011-04-29,37730.37,Germany,36,A,A_0,95,37909.95312139559,40034.22965483679
36_95,2011-05-06,41050.38,Germany,36,A,A_0,95,41089.02476514486,40982.72151954955
36_95,2011-05-13,42142.03,Germany,36,A,A_0,95,41862.977443190386,39422.61127417894
36_95,2011-05-20,43077.01,Germany,36,A,A_0,95,43387.89626463811,42950.26964031462
36_95,2011-05-27,39688.19,Germany,36,A,A_0,95,40196.27760195205,42300.82540870144
36_95,2011-06-03,46045.77,Germany,36,A,A_0,95,45646.93423108146,41758.788167872015
36_95,2011-06-10,46011.63,Germany,36,A,A_0,95,46299.72350210348,45382.39749981164
36_95,2011-06-17,50253.67,Germany,36,A,A_0,95,50485.38577754668,48728.971806081005
36_95,2011-06-24,42469.63,Germany,36,A,A_0,95,43017.343963714906,45338.462211700375
36_95,2011-07-01,41394.27,Germany,36,A,A_0,95,41628.573983103735,42257.38112600063
36_95,2011-07-08,46377.58,Germany,36,A,A_0,95,46031.21427094659,42412.687953421926
36_95,2011-07-15,44620.88,Germany,36,A,A_0,95,45311.883727738765,47293.791858712466
36_95,2011-07-22,41589.71,Germany,36,A,A_0,95,41918.95872267215,43964.341663138235
36_95,2011-07-29,40836.2,Germany,36,A,A_0,95,40439.62607778739,38433.95720139998
36_95,2011-08-05,41885.14,Germany,36,A,A_0,95,47862.94572424308,46121.460406585385
36_95,2011-08-12,44609.41,Germany,36,A,A_0,95,46377.785250473346,44528.281911311264
36_95,2011-08-19,42815.96,Germany,36,A,A_0,95,40951.57125296915,41157.798631522914
36_95,2011-08-26,41497.44,Germany,36,A,A_0,95,36351.84743401245,37781.663291719226
36_95,2011-09-02,40810.26,Germany,36,A,A_0,95,40188.27774880799,41172.27652012547
36_95,2011-09-09,39929.82,Germany,36,A,A_0,95,39328.06007902645,39782.82848960456
36_95,2011-09-16,39943.04,Germany,36,A,A_0,95,43375.955925987444,42865.16138599826
36_95,2011-09-23,35641.66,Germany,36,A,A_0,95,36348.39078921764,36606.52216050463
36_95,2011-09-30,35634.49,Germany,36,A,A_0,95,34011.53467351284,34276.32313190709
36_95,2011-10-07,37439.3,Germany,36,A,A_0,95,38045.91565068741,37799.43157200125
36_95,2011-10-14,39604.71,Germany,36,A,A_0,95,40910.60727799772,40093.07635767843
36_95,2011-10-21,35806.86,Germany,36,A,A_0,95,37318.12073890562,37366.26641781328
36_95,2011-10-28,33190.94,Germany,36,A,A_0,95,33142.15922493962,33298.17775252608
36_95,2011-11-04,31079.95,Germany,36,A,A_0,95,31291.19349156385,31485.44239366549
36_95,2011-11-11,34355.59,Germany,36,A,A_0,95,32057.522390461974,31702.021467914998
36_95,2011-11-18,35143.17,Germany,36,A,A_0,95,31431.23775021505,32071.549414860943
36_95,2011-11-25,33759.18,Germany,36,A,A_0,95,36223.8772194468,36357.635224445774
36_95,2011-12-02,27876.57,Germany,36,A,A_0,95,27874.5484499735,28561.24104916169
36_95,2011-12-09,30768.19,Germany,36,A,A_0,95,32568.412535979947,31648.17404420893
36_95,2011-12-16,34356.23,Germany,36,A,A_0,95,33870.60824354218,32874.493380880594
36_95,2011-12-23,30746.33,Germany,36,A,A_0,95,34187.044189075496,34039.86273720311
36_95,2011-12-30,28186.55,Germany,36,A,A_0,95,25527.60211244267,25948.82549293935
36_95,2012-01-06,32942.45,Germany,36,A,A_0,95,29201.209580406492,29259.788576286803
36_95,2012-01-13,32275.79,Germany,36,A,A_0,95,34549.63564436175,34600.0546662349
36_95,2012-01-20,33659.92,Germany,36,A,A_0,95,33367.801944053565,32754.443342260827
36_95,2012-01-27,30490.99,Germany,36,A,A_0,95,31886.476574770055,32407.116704983513
36_95,2012-02-03,29529.35,Germany,36,A,A_0,95,32990.00642039892,35433.31658208306
36_95,2012-02-10,32780.05,Germany,36,A,A_0,95,30311.42151989617,29920.37673236465
36_95,2012-02-17,31506.61,Germany,36,A,A_0,95,35319.0550603671,35020.394789553575
36_95,2012-02-24,31392.17,Germany,36,A,A_0,95,30028.5973129263,29404.205566682438
36_95,2012-03-02,31540.17,Germany,36,A,A_0,95,33681.19674039593,33301.896299164895
36_95,2012-03-09,34414.56,Germany,36,A,A_0,95,32627.06889462035,32122.203940804786
36_95,2012-03-16,36768.69,Germany,36,A,A_0,95,38085.97616024079,37484.62169412583
36_95,2012-03-23,33064.32,Germany,36,A,A_0,95,32008.682236512723,32109.72911208091
36_95,2012-03-30,34990.73,Germany,36,A,A_0,95,32109.72978314827,32199.38473714927
36_95,2012-04-06,38247.02,Germany,36,A,A_0,95,37868.04656540718,38010.879516108886
36_95,2012-04-13,42551.8,Germany,36,A,A_0,95,39741.39578560934,39608.70418525235
36_95,2012-04-20,36471.35,Germany,36,A,A_0,95,38161.5288748782,39399.21205492551
36_95,2012-04-27,36036.87,Germany,36,A,A_0,95,35152.37644929406,35326.83971041769
36_95,2012-05-04,37193.6,Germany,36,A,A_0,95,38475.19215722046,38205.69499368706
36_95,2012-05-11,38952.7,Germany,36,A,A_0,95,39312.8759401378,38848.2225125867
36_95,2012-05-18,40185.87,Germany,36,A,A_0,95,40570.752296568084,39690.124698405525
36_95,2012-05-25,37008.67,Germany,36,A,A_0,95,37577.45494228339,37030.97968819801
36_95,2012-06-01,37798.48,Germany,36,A,A_0,95,43494.03666023935,42072.23251309348
36_95,2012-06-08,40242.34,Germany,36,A,A_0,95,43783.34286968989,42036.26766979704
36_95,2012-06-15,41364.08,Germany,36,A,A_0,95,48180.3208648605,45584.601011083585
36_95,2012-06-22,37146.45,Germany,36,A,A_0,95,40840.58585209257,39105.33531193237
36_95,2012-06-29,38092.18,Germany,36,A,A_0,95,39877.66938338577,38216.47153510202
36_95,2012-07-06,36794.64,Germany,36,A,A_0,95,44513.7602389637,42112.24927705964
36_95,2012-07-13,33914.16,Germany,36,A,A_0,95,43428.03015654918,40942.74462729713
36_95,2012-07-20,33898.04,Germany,36,A,A_0,95,40568.60925852235,38520.48280869596
36_95,2012-07-27,33907.17,Germany,36,A,A_0,95,39407.10271323804,37542.33595026095
36_95,2012-08-03,34964.72,Germany,36,A,A_0,95,45813.79322734115,39006.13360306873
36_95,2012-08-10,36365.66,Germany,36,A,A_0,95,49070.54839702411,41336.66990880493
36_95,2012-08-17,38664.89,Germany,36,A,A_0,95,45322.26110632264,39557.26800311469
36_95,2012-08-24,32767.4,Germany,36,A,A_0,95,39772.804647131794,37967.29627627771
36_95,2012-08-31,31670.77,Germany,36,A,A_0,95,39423.78142066496,37447.446947274504
36_95,2012-09-07,35575.28,Germany,36,A,A_0,95,38118.0556491457,36652.72483790377
36_95,2012-09-14,34668.48,Germany,36,A,A_0,95,41272.56608070098,37007.97122523886
36_95,2012-09-21,32729.71,Germany,36,A,A_0,95,37003.59043689356,33300.364290041885
36_95,2012-09-28,31210.19,Germany,36,A,A_0,95,35438.28684094007,33115.07480918845
36_95,2012-10-05,29959.68,Germany,36,A,A_0,95,38060.0695454546,34767.01246169933
36_95,2012-10-12,33743.05,Germany,36,A,A_0,95,41276.18103369169,36724.823294303525
36_95,2012-10-19,31158.02,Germany,36,A,A_0,95,38590.06691896284,33562.88539769108
36_95,2012-10-26,30744.77,Germany,36,A,A_0,95,35670.10734733903,31243.947535482843
36_95,2012-10-28,,Germany,36,A,A_0,95,33754.60008723507,29429.6460416071
36_95,2012-11-04,,Germany,36,A,A_0,95,34960.44611374638,31981.01354898967
36_95,2012-11-11,,Germany,36,A,A_0,95,32860.39413352046,32344.381208181312
36_95,2012-11-18,,Germany,36,A,A_0,95,34298.13713675933,31468.70262209362
36_95,2012-11-25,,Germany,36,A,A_0,95,27987.949792161766,26346.705941783486
36_95,2012-12-02,,Germany,36,A,A_0,95,32472.758426603417,28981.38371885609
36_95,2012-12-09,,Germany,36,A,A_0,95,35320.19631298691,31952.01668261556
36_95,2012-12-16,,Germany,36,A,A_0,95,34838.70398704826,29188.13981316836
36_95,2012-12-23,,Germany,36,A,A_0,95,29332.11282328244,26623.618714578788
36_95,2012-12-30,,Germany,36,A,A_0,95,31236.836805473045,30391.22929258711
36_95,2013-01-06,,Germany,36,A,A_0,95,33228.153608095294,30138.191882106104
36_95,2013-01-13,,Germany,36,A,A_0,95,33961.019739435105,31208.4786858975
36_95,2013-01-20,,Germany,36,A,A_0,95,32077.272667271995,28879.083192407244
36_95,2013-01-27,,Germany,36,A,A_0,95,33936.82183444409,30895.05431032324
36_95,2013-02-03,,Germany,36,A,A_0,95,34405.703018779954,33260.98262007994
36_95,2013-02-10,,Germany,36,A,A_0,95,36932.19339498544,32582.545894619172
36_95,2013-02-17,,Germany,36,A,A_0,95,34953.08786630307,32060.485475138215
36_95,2013-02-24,,Germany,36,A,A_0,95,37231.36727610901,32668.200299216518
36_95,2013-03-03,,Germany,36,A,A_0,95,38154.71769409859,34716.65008734634
36_95,2013-03-10,,Germany,36,A,A_0,95,41983.47631129954,36859.85507281112
36_95,2013-03-17,,Germany,36,A,A_0,95,37117.89066699251,33252.583410707986
36_95,2013-03-24,,Germany,36,A,A_0,95,36677.66270157442,34902.765683220634
36_95,2013-03-31,,Germany,36,A,A_0,95,40096.31200998795,37869.305416129835
36_95,2013-04-07,,Germany,36,A,A_0,95,41979.81966867634,41692.849579937145
36_95,2013-04-14,,Germany,36,A,A_0,95,38074.82513513014,36777.04207608112
10_40,2010-02-05,119463.15,USA,10,A,A_4,40,110515.12788743945,0.0
10_40,2010-02-12,111422.87,USA,10,A,A_4,40,118782.4016184078,102236.42869712583
10_40,2010-02-19,111314.39,USA,10,A,A_4,40,117625.82165387031,109982.0968721961
10_40,2010-02-26,112665.97,USA,10,A,A_4,40,108578.93489861616,111105.02233794982
10_40,2010-03-05,115748.81,USA,10,A,A_4,40,113195.6050443294,112420.65765022107
10_40,2010-03-12,110799.47,USA,10,A,A_4,40,112420.44053843795,115225.7701313001
10_40,2010-03-19,107603.92,USA,10,A,A_4,40,107649.49431933512,111495.09065233305
10_40,2010-03-26,106023.55,USA,10,A,A_4,40,106120.70612376815,108215.441719996
10_40,2010-04-02,111080.02,USA,10,A,A_4,40,105660.08970562308,106368.01944491563
10_40,2010-04-09,110709.39,USA,10,A,A_4,40,108919.2919257077,110339.49974489563
10_40,2010-04-16,109054.68,USA,10,A,A_4,40,101473.11065373803,110651.25944104357
10_40,2010-04-23,108830.33,USA,10,A,A_4,40,106007.07447396778,109305.5924099529
10_40,2010-04-30,104866.12,USA,10,A,A_4,40,103571.56913577364,108905.02044983044
10_40,2010-05-07,103361.97,USA,10,A,A_4,40,110551.47950219997,105500.8583784203
10_40,2010-05-14,97527.68,USA,10,A,A_4,40,101317.56402352697,103698.10963943996
10_40,2010-05-21,103589.12,USA,10,A,A_4,40,102707.93862158862,98497.40147547226
10_40,2010-05-28,100754.66,USA,10,A,A_4,40,97140.48769113397,102788.92469937874
10_40,2010-06-04,105313.64,USA,10,A,A_4,40,99289.71562093105,101074.35737620424
10_40,2010-06-11,98142.62,USA,10,A,A_4,40,99346.1603305599,104647.41031404512
10_40,2010-06-18,97333.67,USA,10,A,A_4,40,100695.68998828442,99164.88833941272
10_40,2010-06-25,93005.99,USA,10,A,A_4,40,95552.64934292306,97621.45737523504
10_40,2010-07-02,100447.15,USA,10,A,A_4,40,94802.37465553825,93731.33946424157
10_40,2010-07-09,94171.18,USA,10,A,A_4,40,92151.05587609354,99391.71851754695
10_40,2010-07-16,96568.73,USA,10,A,A_4,40,98302.8130230389,94991.62016540399
10_40,2010-07-23,94608.46,USA,10,A,A_4,40,94983.64793483396,96320.877360046
10_40,2010-07-30,94911.29,USA,10,A,A_4,40,93417.39563083134,94877.57706089212
10_40,2010-08-06,97051.19,USA,10,A,A_4,40,98733.03888798344,94905.99180150092
10_40,2010-08-13,95950.07,USA,10,A,A_4,40,97409.2195081554,96714.05873300838
10_40,2010-08-20,98834.73,USA,10,A,A_4,40,99959.58802579423,96070.13559100557
10_40,2010-08-27,91997.3,USA,10,A,A_4,40,92928.06037726981,98400.25675809856
10_40,2010-09-03,98718.44,USA,10,A,A_4,40,99565.6120796068,93003.56456141098
10_40,2010-09-10,96323.89,USA,10,A,A_4,40,97053.98464963128,97820.31170646503
10_40,2010-09-17,96258.04,USA,10,A,A_4,40,96864.70241364808,96559.06199772403
10_40,2010-09-24,95085.47,USA,10,A,A_4,40,95599.1867426848,96305.34748308308
10_40,2010-10-01,91639.34,USA,10,A,A_4,40,92125.44575895256,95277.18134943822
10_40,2010-10-08,97832.4,USA,10,A,A_4,40,98319.32319414678,92211.04944116478
10_40,2010-10-15,94529.46,USA,10,A,A_4,40,95046.5541881419,96948.96972421877
10_40,2010-10-22,97115.77,USA,10,A,A_4,40,97680.7829840822,94909.70103292464
10_40,2010-10-29,95448.66,USA,10,A,A_4,40,96008.66711424549,96769.07251234502
10_40,2010-11-05,104017.37,USA,10,A,A_4,40,104482.96537359663,95656.17105587825
10_40,2010-11-12,101523.88,USA,10,A,A_4,40,101851.978603149,102703.355474174
10_40,2010-11-19,99819.96,USA,10,A,A_4,40,100092.99154176537,101709.24192192982
10_40,2010-11-26,85813.73,USA,10,A,A_4,40,86107.23935432028,100116.87242911277
10_40,2010-12-03,101613.03,USA,10,A,A_4,40,101979.84654375973,88061.55797807047
10_40,2010-12-10,105935.76,USA,10,A,A_4,40,106332.19419108571,99483.33171125676
10_40,2010-12-17,101891.97,USA,10,A,A_4,40,102230.27839446468,104921.72067921341
10_40,2010-12-24,100877.03,USA,10,A,A_4,40,101145.65440217375,102368.11420237133
10_40,2010-12-31,90374.54,USA,10,A,A_4,40,90660.36164620437,101111.36317568914
10_40,2011-01-07,109513.44,USA,10,A,A_4,40,109861.62961403662,92061.89868006096
10_40,2011-01-14,103707.85,USA,10,A,A_4,40,104049.44060786859,106770.82151362018
10_40,2011-01-21,101904.95,USA,10,A,A_4,40,102217.49749826873,104189.21506354949
10_40,2011-01-28,103889.59,USA,10,A,A_4,40,104203.93572620598,105347.63393030943
10_40,2011-02-04,107929.61,USA,10,A,A_4,40,108827.21630985316,197777.76809553412
10_40,2011-02-11,114882.51,USA,10,A,A_4,40,114581.9754896257,115793.87652526938
10_40,2011-02-18,114775.6,USA,10,A,A_4,40,114615.88776250173,114964.13245875128
10_40,2011-02-25,106634.52,USA,10,A,A_4,40,107199.43473433396,115942.30487359958
10_40,2011-03-04,110671.46,USA,10,A,A_4,40,111034.26501790434,110765.92479358579
10_40,2011-03-11,109522.53,USA,10,A,A_4,40,109558.04581056345,106554.70629510979
10_40,2011-03-18,104969.28,USA,10,A,A_4,40,105122.72423893068,106345.70614981001
10_40,2011-03-25,103454.78,USA,10,A,A_4,40,103574.78169792354,103883.00113790565
10_40,2011-04-01,103065.22,USA,10,A,A_4,40,103473.09567709838,107743.61185241498
10_40,2011-04-08,105603.8,USA,10,A,A_4,40,105640.55025374283,103547.54111836031
10_40,2011-04-15,97973.92,USA,10,A,A_4,40,98307.04567556888,103875.51927507353
10_40,2011-04-22,101418.72,USA,10,A,A_4,40,101369.44366814561,98767.58730763859
10_40,2011-04-29,98558.93,USA,10,A,A_4,40,98427.13356601037,97657.90602566279
10_40,2011-05-06,105323.95,USA,10,A,A_4,40,104679.46741326623,97134.85148415371
10_40,2011-05-13,97138.38,USA,10,A,A_4,40,96815.74584494885,99082.4581939703
10_40,2011-05-20,99071.79,USA,10,A,A_4,40,99114.9263711298,102510.67806216422
10_40,2011-05-27,93346.87,USA,10,A,A_4,40,93591.47845272075,97298.82681373073
10_40,2011-06-03,94989.76,USA,10,A,A_4,40,95333.74001378458,97800.41608174445
10_40,2011-06-10,94161.62,USA,10,A,A_4,40,93982.94442194692,89479.8489859672
10_40,2011-06-17,95683.47,USA,10,A,A_4,40,95392.9192782584,92681.00629529417
10_40,2011-06-24,91111.7,USA,10,A,A_4,40,90838.08251928882,91573.86028289395
10_40,2011-07-01,90822.08,USA,10,A,A_4,40,91038.48956866708,97383.10405280758
10_40,2011-07-08,87316.81,USA,10,A,A_4,40,87290.71625157657,86700.875010705
10_40,2011-07-15,93165.92,USA,10,A,A_4,40,92903.74502030991,89202.10007897823
10_40,2011-07-22,90188.25,USA,10,A,A_4,40,89965.89593310711,90866.91059990546
10_40,2011-07-29,88742.79,USA,10,A,A_4,40,88609.65495016983,90555.73404711575
10_40,2011-08-05,93233.24,USA,10,A,A_4,40,93517.2984180259,90832.9240736227
10_40,2011-08-12,93704.22,USA,10,A,A_4,40,92412.56972422187,91917.98340491643
10_40,2011-08-19,92525.37,USA,10,A,A_4,40,95387.51549230317,95800.38484690026
10_40,2011-08-26,90741.13,USA,10,A,A_4,40,88114.15041614574,87383.52307365503
10_40,2011-09-02,96273.26,USA,10,A,A_4,40,95278.00411711684,95772.4689518583
10_40,2011-09-09,93133.89,USA,10,A,A_4,40,93043.73385301752,94199.65940042799
10_40,2011-09-16,91755.68,USA,10,A,A_4,40,92982.56210395209,93252.34937773725
10_40,2011-09-23,94732.0,USA,10,A,A_4,40,91632.22007477572,91022.88390268969
10_40,2011-09-30,92255.21,USA,10,A,A_4,40,88689.352850427,91239.42712224234
10_40,2011-10-07,99169.95,USA,10,A,A_4,40,95476.50077130919,97243.48682906269
10_40,2011-10-14,95710.94,USA,10,A,A_4,40,92813.93895001014,96103.30632645884
10_40,2011-10-21,92492.33,USA,10,A,A_4,40,95945.05474031642,97931.2160414308
10_40,2011-10-28,93319.55,USA,10,A,A_4,40,93850.49398355096,92033.62368324363
10_40,2011-11-04,97892.92,USA,10,A,A_4,40,102335.31729194091,100250.1558016897
10_40,2011-11-11,101560.23,USA,10,A,A_4,40,99131.0531769722,96216.11003191004
10_40,2011-11-18,92908.93,USA,10,A,A_4,40,97779.47819055752,99215.78008192473
10_40,2011-11-25,84132.61,USA,10,A,A_4,40,83119.158833997,82300.7563502278
10_40,2011-12-02,100044.69,USA,10,A,A_4,40,99178.33340680969,96997.25681911739
10_40,2011-12-09,101623.23,USA,10,A,A_4,40,103709.33054007909,103158.9077188918
10_40,2011-12-16,100175.96,USA,10,A,A_4,40,99363.81345409353,98512.66025150956
10_40,2011-12-23,105179.65,USA,10,A,A_4,40,98452.23882497782,99029.08324878154
10_40,2011-12-30,89567.37,USA,10,A,A_4,40,88990.35333126142,95407.14494399124
10_40,2012-01-06,101849.49,USA,10,A,A_4,40,108314.00000242158,106497.92003261254
10_40,2012-01-13,105041.12,USA,10,A,A_4,40,101606.68022651432,97807.8733945042
10_40,2012-01-20,104057.94,USA,10,A,A_4,40,100329.65809536494,102286.32424245166
10_40,2012-01-27,102963.23,USA,10,A,A_4,40,102907.8255915938,107263.9173730277
10_40,2012-02-03,110360.8,USA,10,A,A_4,40,107547.11152997988,113650.63454338875
10_40,2012-02-10,116695.9,USA,10,A,A_4,40,113924.19365884899,116098.56327579898
10_40,2012-02-17,111069.91,USA,10,A,A_4,40,114310.96020014532,116516.51032401879
10_40,2012-02-24,108709.63,USA,10,A,A_4,40,106349.16046546474,105574.30811020752
10_40,2012-03-02,114250.41,USA,10,A,A_4,40,110625.86442330459,111593.72981156614
10_40,2012-03-09,114110.35,USA,10,A,A_4,40,109755.29869125756,112572.63054172046
10_40,2012-03-16,110244.7,USA,10,A,A_4,40,105955.50460864439,110005.30061475697
10_40,2012-03-23,104280.74,USA,10,A,A_4,40,105060.71843103193,108894.88435872752
10_40,2012-03-30,101383.23,USA,10,A,A_4,40,104843.91285415836,105061.04444760502
10_40,2012-04-06,109000.47,USA,10,A,A_4,40,106589.09389562147,104007.74811110034
10_40,2012-04-13,102277.59,USA,10,A,A_4,40,99595.01780352666,101962.55646112627
10_40,2012-04-20,102518.6,USA,10,A,A_4,40,103124.56520504157,104951.6390421144
10_40,2012-04-27,94823.11,USA,10,A,A_4,40,100092.17445560775,100391.62180731658
10_40,2012-05-04,100777.93,USA,10,A,A_4,40,106359.31746358555,105685.54976704075
10_40,2012-05-11,101453.65,USA,10,A,A_4,40,98380.52872741527,98785.34604647869
10_40,2012-05-18,96650.58,USA,10,A,A_4,40,100608.88127176014,100697.8866569981
10_40,2012-05-25,99114.78,USA,10,A,A_4,40,95078.95298631722,95957.74514077956
10_40,2012-06-01,94341.99,USA,10,A,A_4,40,96850.94288406271,97543.8691281528
10_40,2012-06-08,97307.57,USA,10,A,A_4,40,95585.27339421581,96433.6359491031
10_40,2012-06-15,97264.18,USA,10,A,A_4,40,96976.86845115395,97583.70674286238
10_40,2012-06-22,92493.99,USA,10,A,A_4,40,92378.80844723758,93664.85753442047
10_40,2012-06-29,91281.21,USA,10,A,A_4,40,92507.40472789497,93887.70255599509
10_40,2012-07-06,96262.62,USA,10,A,A_4,40,88807.6752326151,90704.1685853946
10_40,2012-07-13,94631.15,USA,10,A,A_4,40,94432.81635686295,95516.51838311626
10_40,2012-07-20,93513.53,USA,10,A,A_4,40,91454.39119588266,93018.3696288439
10_40,2012-07-27,93146.97,USA,10,A,A_4,40,90060.15835568708,91883.9732312905
10_40,2012-08-03,95260.45,USA,10,A,A_4,40,94921.33764382784,95604.59075076472
10_40,2012-08-10,98585.78,USA,10,A,A_4,40,93962.09061517604,95917.46708334249
10_40,2012-08-17,98694.38,USA,10,A,A_4,40,96475.57487666566,95149.39763790397
10_40,2012-08-24,98800.09,USA,10,A,A_4,40,89982.17240889321,93305.37444053464
10_40,2012-08-31,92971.95,USA,10,A,A_4,40,96654.63527282694,98135.76899351849
10_40,2012-09-07,97251.53,USA,10,A,A_4,40,94215.60021925365,95485.17214441004
10_40,2012-09-14,95464.9,USA,10,A,A_4,40,94055.14721060966,94376.20914388842
10_40,2012-09-21,91925.86,USA,10,A,A_4,40,93168.95555578626,96674.88675269064
10_40,2012-09-28,94653.7,USA,10,A,A_4,40,89803.16292332493,94487.2801589102
10_40,2012-10-05,98848.77,USA,10,A,A_4,40,96076.86148816202,100391.53085038533
10_40,2012-10-12,97283.41,USA,10,A,A_4,40,92821.44122822658,97431.65305203156
10_40,2012-10-19,94644.66,USA,10,A,A_4,40,95111.65438207176,95020.14091609734
10_40,2012-10-26,95015.0,USA,10,A,A_4,40,93714.78382983751,95589.51886927952
10_40,2012-10-28,,USA,10,A,A_4,40,102020.80729176584,99778.86028516189
10_40,2012-11-04,,USA,10,A,A_4,40,99918.56337081088,102555.68576629013
10_40,2012-11-11,,USA,10,A,A_4,40,97732.30007013318,95520.45317855668
10_40,2012-11-18,,USA,10,A,A_4,40,84171.88667318995,87646.71095346902
10_40,2012-11-25,,USA,10,A,A_4,40,100073.36909487432,101338.49554790038
10_40,2012-12-02,,USA,10,A,A_4,40,104284.00198321142,102888.31001192676
10_40,2012-12-09,,USA,10,A,A_4,40,100434.62866042361,101484.27626360947
10_40,2012-12-16,,USA,10,A,A_4,40,99792.8951045515,105398.81992128964
10_40,2012-12-23,,USA,10,A,A_4,40,88942.36520284388,92291.50783194628
10_40,2012-12-30,,USA,10,A,A_4,40,107719.44134773128,103285.11580742031
10_40,2013-01-06,,USA,10,A,A_4,40,102609.02690955144,105487.0238321399
10_40,2013-01-13,,USA,10,A,A_4,40,100848.70571687244,104560.33891702713
10_40,2013-01-20,,USA,10,A,A_4,40,102640.04048006849,105348.25199164095
10_40,2013-01-27,,USA,10,A,A_4,40,107452.57290650952,117088.33338912076
10_40,2013-02-03,,USA,10,A,A_4,40,113415.1050965212,122044.66532342174
10_40,2013-02-10,,USA,10,A,A_4,40,113001.39138527031,117660.87241120891
10_40,2013-02-17,,USA,10,A,A_4,40,105882.18392948346,115505.36086461005
10_40,2013-02-24,,USA,10,A,A_4,40,109896.4293766227,120179.89105396715
10_40,2013-03-03,,USA,10,A,A_4,40,108543.221336384,119747.49214813468
10_40,2013-03-10,,USA,10,A,A_4,40,104101.46568359272,116334.50047250527
10_40,2013-03-17,,USA,10,A,A_4,40,102245.78376287842,111526.90478813948
10_40,2013-03-24,,USA,10,A,A_4,40,101967.1910710916,109519.80364853246
10_40,2013-03-31,,USA,10,A,A_4,40,104604.7361954821,115560.1174300981
10_40,2013-04-07,,USA,10,A,A_4,40,97275.402709302,109863.19648416842
10_40,2013-04-14,,USA,10,A,A_4,40,100236.00010157988,110196.55118875034
30_92,2010-02-05,61467.01,Canada,30,B,B_0,92,71469.89883075576,0.0
30_92,2010-02-12,67502.19,Canada,30,B,B_0,92,59231.4746321921,69643.44457018051
30_92,2010-02-19,55925.03,Canada,30,B,B_0,92,49991.85055996715,67196.73885167623
30_92,2010-02-26,60293.6,Canada,30,B,B_0,92,54473.01186351891,54314.9028487563
30_92,2010-03-05,56688.76,Canada,30,B,B_0,92,57780.907591288764,61147.661487948695
30_92,2010-03-12,56827.95,Canada,30,B,B_0,92,57411.72441496282,56051.80212754243
30_92,2010-03-19,52671.3,Canada,30,B,B_0,92,55640.5454036373,56938.82338544239
30_92,2010-03-26,53428.72,Canada,30,B,B_0,92,54231.46186118935,52061.68064510408
30_92,2010-04-02,53066.05,Canada,30,B,B_0,92,57393.44153997354,53624.00273764027
30_92,2010-04-09,51424.78,Canada,30,B,B_0,92,54834.43906230344,52986.34597561327
30_92,2010-04-16,54046.13,Canada,30,B,B_0,92,51676.1656518452,51201.70896870043
30_92,2010-04-23,54403.61,Canada,30,B,B_0,92,53941.60381434501,54452.45797000641
30_92,2010-04-30,51390.86,Canada,30,B,B_0,92,50381.431843223676,54396.63202582769
30_92,2010-05-07,52081.29,Canada,30,B,B_0,92,55972.03140034292,50961.48290282725
30_92,2010-05-14,51991.45,Canada,30,B,B_0,92,49683.83343865692,52241.25539878809
30_92,2010-05-21,52571.4,Canada,30,B,B_0,92,53947.14153613943,51955.76508575237
30_92,2010-05-28,51114.1,Canada,30,B,B_0,92,50796.81651992095,52659.343972505754
30_92,2010-06-04,50429.59,Canada,30,B,B_0,92,50943.12979132048,50893.36058076352
30_92,2010-06-11,50564.56,Canada,30,B,B_0,92,51285.86996116191,50363.33997704037
30_92,2010-06-18,51933.34,Canada,30,B,B_0,92,51483.286169221494,50593.304451877644
30_92,2010-06-25,48149.75,Canada,30,B,B_0,92,48186.11809424581,52124.76522081421
30_92,2010-07-02,50328.96,Canada,30,B,B_0,92,51475.95983033514,47581.91568586539
30_92,2010-07-09,49609.14,Canada,30,B,B_0,92,50265.78818055116,50721.37762291779
30_92,2010-07-16,49281.92,Canada,30,B,B_0,92,50286.00215867642,49450.255907064384
30_92,2010-07-23,50220.19,Canada,30,B,B_0,92,50029.09187141129,49257.873072121154
30_92,2010-07-30,50035.31,Canada,30,B,B_0,92,49440.31095931954,50357.657793798855
30_92,2010-08-06,50563.02,Canada,30,B,B_0,92,51104.24970460828,49989.26234276184
30_92,2010-08-13,52376.56,Canada,30,B,B_0,92,52788.00471489161,50644.98177062953
30_92,2010-08-20,50953.42,Canada,30,B,B_0,92,51436.90081532313,52623.91742673302
30_92,2010-08-27,52503.77,Canada,30,B,B_0,92,53053.50458557429,50714.78801801275
30_92,2010-09-03,52410.79,Canada,30,B,B_0,92,52981.78419142956,52759.327601747435
30_92,2010-09-10,54878.98,Canada,30,B,B_0,92,55427.1811715529,52361.00110636203
30_92,2010-09-17,53739.3,Canada,30,B,B_0,92,54256.50452089713,55238.675432255855
30_92,2010-09-24,52741.06,Canada,30,B,B_0,92,53233.37406713707,53525.112940854364
30_92,2010-10-01,53528.3,Canada,30,B,B_0,92,53977.603383409085,52629.05736876892
30_92,2010-10-08,54534.69,Canada,30,B,B_0,92,54919.741233351044,53656.75757673391
30_92,2010-10-15,53928.08,Canada,30,B,B_0,92,54310.019951831986,54660.1033953529
30_92,2010-10-22,53743.47,Canada,30,B,B_0,92,54157.45931563781,53823.50983371377
30_92,2010-10-29,52153.68,Canada,30,B,B_0,92,52587.863013639784,53732.03624149704
30_92,2010-11-05,58604.94,Canada,30,B,B_0,92,59006.02306542635,51928.210464900454
30_92,2010-11-12,56394.13,Canada,30,B,B_0,92,56795.176755472494,59558.71650791711
30_92,2010-11-19,55304.92,Canada,30,B,B_0,92,55729.09876940644,55942.066118625815
30_92,2010-11-26,70774.83,Canada,30,B,B_0,92,71188.5191782451,55213.90313360446
30_92,2010-12-03,50221.39,Canada,30,B,B_0,92,50629.87124035236,72997.72167302077
30_92,2010-12-10,55545.95,Canada,30,B,B_0,92,55947.91756560499,46967.771597149425
30_92,2010-12-17,57409.7,Canada,30,B,B_0,92,57805.77566594433,56771.35010020619
30_92,2010-12-24,75109.75,Canada,30,B,B_0,92,75500.0991455858,57500.88882756204
30_92,2010-12-31,46455.87,Canada,30,B,B_0,92,46846.21547229589,77625.19083509067
30_92,2011-01-07,56400.96,Canada,30,B,B_0,92,56781.10922620079,42003.3059379158
30_92,2011-01-14,62352.54,Canada,30,B,B_0,92,62709.42417155471,58457.677160900945
30_92,2011-01-21,55248.09,Canada,30,B,B_0,92,55610.00798292353,62908.92447805374
30_92,2011-01-28,52118.96,Canada,30,B,B_0,92,52493.15941293364,55059.82701430033
30_92,2011-02-04,69472.66,Canada,30,B,B_0,92,66993.33422158253,116230.64656156147
30_92,2011-02-11,60647.77,Canada,30,B,B_0,92,64331.26521946098,69561.55992609535
30_92,2011-02-18,48291.79,Canada,30,B,B_0,92,50153.82768446348,46517.35284972693
30_92,2011-02-25,50475.05,Canada,30,B,B_0,92,51807.352471628896,53372.598447258555
30_92,2011-03-04,51466.97,Canada,30,B,B_0,92,50616.56306573723,46061.12968323252
30_92,2011-03-11,51208.45,Canada,30,B,B_0,92,51080.58140997106,52429.5582499512
30_92,2011-03-18,49372.1,Canada,30,B,B_0,92,48893.25043865777,46433.64346696717
30_92,2011-03-25,48771.88,Canada,30,B,B_0,92,49320.63751251878,50648.800303738164
30_92,2011-04-01,52035.25,Canada,30,B,B_0,92,51584.84615007473,48087.257497019775
30_92,2011-04-08,50857.92,Canada,30,B,B_0,92,50990.54819019233,50820.07711771705
30_92,2011-04-15,48790.84,Canada,30,B,B_0,92,50618.3392272756,53758.70500851092
30_92,2011-04-22,50108.89,Canada,30,B,B_0,92,50843.77797193889,48435.28263241105
30_92,2011-04-29,46303.14,Canada,30,B,B_0,92,47004.28753196026,47034.115030844114
30_92,2011-05-06,51428.73,Canada,30,B,B_0,92,50609.22009820817,46952.67913778419
30_92,2011-05-13,46393.65,Canada,30,B,B_0,92,47737.086383545466,52007.07339597287
30_92,2011-05-20,49789.22,Canada,30,B,B_0,92,49659.77526403143,46185.197468914885
30_92,2011-05-27,47138.89,Canada,30,B,B_0,92,47518.274032139154,48723.60745692531
30_92,2011-06-03,47174.0,Canada,30,B,B_0,92,47179.399632815344,46141.95311442692
30_92,2011-06-10,47709.25,Canada,30,B,B_0,92,47642.69453231675,47480.241962281485
30_92,2011-06-17,48179.96,Canada,30,B,B_0,92,48446.32682842247,49252.51005084808
30_92,2011-06-24,44670.46,Canada,30,B,B_0,92,44753.21629747588,43841.48685016362
30_92,2011-07-01,47888.52,Canada,30,B,B_0,92,47712.71758819089,47198.96119663348
30_92,2011-07-08,47044.41,Canada,30,B,B_0,92,47110.19992006281,47199.45870886541
30_92,2011-07-15,47233.65,Canada,30,B,B_0,92,47241.89523624204,46659.40120244551
30_92,2011-07-22,47258.64,Canada,30,B,B_0,92,47672.705642809284,48356.515864509565
30_92,2011-07-29,46581.15,Canada,30,B,B_0,92,46976.96314300061,46889.64623005217
30_92,2011-08-05,49206.85,Canada,30,B,B_0,92,47965.32031420658,47119.00109117228
30_92,2011-08-12,48854.61,Canada,30,B,B_0,92,50321.04028350186,51524.578270559774
30_92,2011-08-19,48004.26,Canada,30,B,B_0,92,48568.822584655565,46882.193624705134
30_92,2011-08-26,45774.11,Canada,30,B,B_0,92,50134.7797021312,49884.49293267352
30_92,2011-09-02,42569.85,Canada,30,B,B_0,92,48688.27738375959,45054.46522895643
30_92,2011-09-09,44023.11,Canada,30,B,B_0,92,49148.25468829982,44920.02636561348
30_92,2011-09-16,43417.45,Canada,30,B,B_0,92,46341.34141985271,42629.92704140987
30_92,2011-09-23,45831.47,Canada,30,B,B_0,92,44457.28724101521,42432.90124532754
30_92,2011-09-30,47806.63,Canada,30,B,B_0,92,45876.67121624446,47214.61484189476
30_92,2011-10-07,51487.8,Canada,30,B,B_0,92,47683.96809857901,49007.99084795726
30_92,2011-10-14,52539.58,Canada,30,B,B_0,92,48571.23980283286,51193.09630271409
30_92,2011-10-21,53108.41,Canada,30,B,B_0,92,49964.37646492626,52536.15339722273
30_92,2011-10-28,52826.75,Canada,30,B,B_0,92,49660.57694241464,51444.3425492967
30_92,2011-11-04,54366.87,Canada,30,B,B_0,92,57375.179052772175,60159.22147120969
30_92,2011-11-11,55361.75,Canada,30,B,B_0,92,54227.47333706352,51052.46096066462
30_92,2011-11-18,59674.52,Canada,30,B,B_0,92,53702.229053904,54822.56181500625
30_92,2011-11-25,75698.86,Canada,30,B,B_0,92,71454.25161172039,77477.41452222154
30_92,2011-12-02,53655.52,Canada,30,B,B_0,92,52564.85878265213,52743.67462967314
30_92,2011-12-09,61151.52,Canada,30,B,B_0,92,58421.121021203595,59654.34042519993
30_92,2011-12-16,61827.22,Canada,30,B,B_0,92,61402.57709221894,63462.83090856517
30_92,2011-12-23,73580.68,Canada,30,B,B_0,92,79392.52496325543,81107.65128154896
30_92,2011-12-30,47160.76,Canada,30,B,B_0,92,48795.73577827103,40813.81853595123
30_92,2012-01-06,59297.78,Canada,30,B,B_0,92,58286.57455905065,59084.440813720474
30_92,2012-01-13,60652.42,Canada,30,B,B_0,92,64718.957947542935,65910.5363536363
30_92,2012-01-20,57265.3,Canada,30,B,B_0,92,56287.84804350541,52015.68463428106
30_92,2012-01-27,56376.68,Canada,30,B,B_0,92,53646.125725036414,53725.34936160066
30_92,2012-02-03,55669.37,Canada,30,B,B_0,92,70055.0275234589,64189.46210411951
30_92,2012-02-10,58411.17,Canada,30,B,B_0,92,59626.32912205939,43155.56106481795
30_92,2012-02-17,55652.1,Canada,30,B,B_0,92,46838.92325013323,49351.57448430898
30_92,2012-02-24,55124.55,Canada,30,B,B_0,92,52463.13243868972,58123.068286106296
30_92,2012-03-02,56157.01,Canada,30,B,B_0,92,53312.12751199684,56554.381959886145
30_92,2012-03-09,56479.18,Canada,30,B,B_0,92,54288.37441093796,55784.70034184266
30_92,2012-03-16,50320.37,Canada,30,B,B_0,92,52938.07620342072,55418.78238345478
30_92,2012-03-23,54164.05,Canada,30,B,B_0,92,51968.61297815456,48718.25833179403
30_92,2012-03-30,50728.58,Canada,30,B,B_0,92,55494.93379161689,58723.785923119685
30_92,2012-04-06,54216.81,Canada,30,B,B_0,92,52868.11084453572,48552.859289949665
30_92,2012-04-13,52103.93,Canada,30,B,B_0,92,52552.311566324475,52191.03768548311
30_92,2012-04-20,54459.86,Canada,30,B,B_0,92,53576.59776837732,53491.19263108713
30_92,2012-04-27,52483.27,Canada,30,B,B_0,92,50325.995618687084,50988.13396415092
30_92,2012-05-04,53764.13,Canada,30,B,B_0,92,54606.89491866088,56587.95312921527
30_92,2012-05-11,53677.31,Canada,30,B,B_0,92,50836.673212588,50961.42546666671
30_92,2012-05-18,54128.58,Canada,30,B,B_0,92,53652.14217738405,54644.139129893614
30_92,2012-05-25,50793.26,Canada,30,B,B_0,92,51322.10383239374,51986.93025805391
30_92,2012-06-01,50509.02,Canada,30,B,B_0,92,51223.68213259668,52174.90506356867
30_92,2012-06-08,53170.48,Canada,30,B,B_0,92,51709.07741868806,52744.76739637881
30_92,2012-06-15,54175.31,Canada,30,B,B_0,92,52395.90093704998,52980.88415923947
30_92,2012-06-22,51226.03,Canada,30,B,B_0,92,48849.601978174505,49858.074699368095
30_92,2012-06-29,49033.53,Canada,30,B,B_0,92,51911.09733437471,53000.41434627361
30_92,2012-07-06,52537.79,Canada,30,B,B_0,92,51178.18331479549,52207.38278130876
30_92,2012-07-13,50404.07,Canada,30,B,B_0,92,51349.6136257569,52490.0235274256
30_92,2012-07-20,50040.11,Canada,30,B,B_0,92,51670.08263263959,52316.295414101725
30_92,2012-07-27,48721.53,Canada,30,B,B_0,92,51127.92299498871,51595.723932563626
30_92,2012-08-03,51953.2,Canada,30,B,B_0,92,52715.764557778995,54424.29365389053
30_92,2012-08-10,52924.2,Canada,30,B,B_0,92,53870.1676011526,53640.025308220516
30_92,2012-08-17,51598.4,Canada,30,B,B_0,92,52895.48779714857,52989.94755146031
30_92,2012-08-24,53886.69,Canada,30,B,B_0,92,53603.3976714929,50157.31704899816
30_92,2012-08-31,52316.97,Canada,30,B,B_0,92,53228.89405653537,46581.01847746692
30_92,2012-09-07,53458.23,Canada,30,B,B_0,92,56160.167727520005,47679.71966050997
30_92,2012-09-14,56228.43,Canada,30,B,B_0,92,55807.09280397579,47245.18624710016
30_92,2012-09-21,57424.51,Canada,30,B,B_0,92,56174.69255794781,50167.394412440124
30_92,2012-09-28,52513.32,Canada,30,B,B_0,92,57260.27908749932,52212.58148555808
30_92,2012-10-05,58208.95,Canada,30,B,B_0,92,58902.652933486235,56122.996688452244
30_92,2012-10-12,58554.45,Canada,30,B,B_0,92,58475.53445710954,57432.23835294952
30_92,2012-10-19,56712.16,Canada,30,B,B_0,92,58218.42535217091,58112.594767391056
30_92,2012-10-26,56424.87,Canada,30,B,B_0,92,56795.63908135839,58133.516814288065
30_92,2012-10-28,,Canada,30,B,B_0,92,61651.46428579849,58474.029413938784
30_92,2012-11-04,,Canada,30,B,B_0,92,60739.849431203256,60063.158350155085
30_92,2012-11-11,,Canada,30,B,B_0,92,61160.88563257438,65121.25856886055
30_92,2012-11-18,,Canada,30,B,B_0,92,76290.71002226608,79773.44458016442
30_92,2012-11-25,,Canada,30,B,B_0,92,54998.80149182612,59468.82800274796
30_92,2012-12-02,,Canada,30,B,B_0,92,60921.51214169168,66745.19689217303
30_92,2012-12-09,,Canada,30,B,B_0,92,62279.22001767604,67077.1120167359
30_92,2012-12-16,,Canada,30,B,B_0,92,78373.05252371145,76466.35739123721
30_92,2012-12-23,,Canada,30,B,B_0,92,51024.59023896567,52994.38908390143
30_92,2012-12-30,,Canada,30,B,B_0,92,61840.140726038204,64479.19389654546
30_92,2013-01-06,,Canada,30,B,B_0,92,66491.10432217902,64711.4141742213
30_92,2013-01-13,,Canada,30,B,B_0,92,60926.17350803994,62438.776900599594
30_92,2013-01-20,,Canada,30,B,B_0,92,58424.171788535416,62892.92655400635
30_92,2013-01-27,,Canada,30,B,B_0,92,69072.26401161525,68887.8876013624
30_92,2013-02-03,,Canada,30,B,B_0,92,67478.48950206138,75322.8040312204
30_92,2013-02-10,,Canada,30,B,B_0,92,57930.442812181645,72913.05711660744
30_92,2013-02-17,,Canada,30,B,B_0,92,58679.55751991113,72636.0728397341
30_92,2013-02-24,,Canada,30,B,B_0,92,58626.72635556079,72864.1122058954
30_92,2013-03-03,,Canada,30,B,B_0,92,58400.95105243484,73310.36205746359
30_92,2013-03-10,,Canada,30,B,B_0,92,54921.818203139235,65978.97422849482
30_92,2013-03-17,,Canada,30,B,B_0,92,56234.7171061365,70611.42724025986
30_92,2013-03-24,,Canada,30,B,B_0,92,57028.98598805804,65873.23038236242
30_92,2013-03-31,,Canada,30,B,B_0,92,57818.37456737159,69778.69634545187
30_92,2013-04-07,,Canada,30,B,B_0,92,56517.41976121164,68400.24984269992
30_92,2013-04-14,,Canada,30,B,B_0,92,57827.74501410106,70816.54214512707
11_46,2010-02-05,28056.72,Canada,11,B,B_3,46,25722.57580455077,0.0
11_46,2010-02-12,28246.4,Canada,11,B,B_3,46,28408.46871933798,23130.370963058886
11_46,2010-02-19,30611.64,Canada,11,B,B_3,46,32046.56308159549,25469.28732194262
11_46,2010-02-26,26162.8,Canada,11,B,B_3,46,27004.64931749379,28513.597623958503
11_46,2010-03-05,28887.77,Canada,11,B,B_3,46,27222.78424808575,25986.779352050016
11_46,2010-03-12,25917.03,Canada,11,B,B_3,46,27835.637590238308,28165.154863294207
11_46,2010-03-19,27032.45,Canada,11,B,B_3,46,29178.461388785094,26186.46868302348
11_46,2010-03-26,24319.88,Canada,11,B,B_3,46,23960.7979912456,26930.13951044175
11_46,2010-04-02,28635.23,Canada,11,B,B_3,46,24030.41642317782,24882.758018923938
11_46,2010-04-09,27938.7,Canada,11,B,B_3,46,24277.369303277694,27966.953598934524
11_46,2010-04-16,26148.74,Canada,11,B,B_3,46,26757.66093986761,27718.64033127911
11_46,2010-04-23,26116.77,Canada,11,B,B_3,46,28802.27494475418,26433.559139813824
11_46,2010-04-30,25808.44,Canada,11,B,B_3,46,26069.308909295323,26285.84207803482
11_46,2010-05-07,25951.27,Canada,11,B,B_3,46,25096.73550816151,25975.04776837777
11_46,2010-05-14,26049.6,Canada,11,B,B_3,46,27454.72054947963,26013.1893298465
11_46,2010-05-21,25835.71,Canada,11,B,B_3,46,21169.16596141313,26062.253126780888
11_46,2010-05-28,28870.61,Canada,11,B,B_3,46,28006.017475549626,25891.86404633442
11_46,2010-06-04,30413.97,Canada,11,B,B_3,46,30988.425278843657,28207.688170011294
11_46,2010-06-11,26510.72,Canada,11,B,B_3,46,30045.563046560288,29684.14903676914
11_46,2010-06-18,27786.98,Canada,11,B,B_3,46,31537.946289127827,26989.857465421763
11_46,2010-06-25,26067.54,Canada,11,B,B_3,46,27256.35998680888,27766.90103792938
11_46,2010-07-02,25699.17,Canada,11,B,B_3,46,29299.109642058484,26449.78688782644
11_46,2010-07-09,25099.44,Canada,11,B,B_3,46,27691.116887287848,26000.588440682186
11_46,2010-07-16,27195.86,Canada,11,B,B_3,46,24209.011260420237,25407.9225528085
11_46,2010-07-23,24845.77,Canada,11,B,B_3,46,26809.9499825281,26891.095547177676
11_46,2010-07-30,24094.25,Canada,11,B,B_3,46,24132.154859686892,25210.721435435786
11_46,2010-08-06,27476.56,Canada,11,B,B_3,46,27588.150502121247,24473.564783115242
11_46,2010-08-13,25735.49,Canada,11,B,B_3,46,25874.684093449952,26917.629467107847
11_46,2010-08-20,26331.51,Canada,11,B,B_3,46,26460.991917770938,25816.66731780137
11_46,2010-08-27,24408.36,Canada,11,B,B_3,46,24520.327582588576,26241.158453804615
11_46,2010-09-03,25976.55,Canada,11,B,B_3,46,26099.627280433007,24797.335612602805
11_46,2010-09-10,22739.79,Canada,11,B,B_3,46,22863.465559152522,25838.43212840713
11_46,2010-09-17,23643.03,Canada,11,B,B_3,46,23730.15999499894,23402.377392342838
11_46,2010-09-24,22980.57,Canada,11,B,B_3,46,23052.482288422547,23812.534401051296
11_46,2010-10-01,23017.9,Canada,11,B,B_3,46,23139.111761804692,23228.498135889622
11_46,2010-10-08,24238.8,Canada,11,B,B_3,46,24440.777028847722,23150.155612103612
11_46,2010-10-15,22445.41,Canada,11,B,B_3,46,22677.649176484407,24034.396058757142
11_46,2010-10-22,22236.85,Canada,11,B,B_3,46,22437.975354739403,22739.90640791847
11_46,2010-10-29,21424.79,Canada,11,B,B_3,46,21597.12116046349,22451.847099630773
11_46,2010-11-05,24479.85,Canada,11,B,B_3,46,24656.66693885816,21732.80497232585
11_46,2010-11-12,22925.98,Canada,11,B,B_3,46,23095.689312723272,23955.35210719667
11_46,2010-11-19,24094.58,Canada,11,B,B_3,46,24293.642533830953,22983.86601603716
11_46,2010-11-26,23903.26,Canada,11,B,B_3,46,24153.99575109712,23859.94835709752
11_46,2010-12-03,23741.31,Canada,11,B,B_3,46,23993.29565754497,23813.91148692444
11_46,2010-12-10,28393.71,Canada,11,B,B_3,46,28604.620835865906,23727.943249104814
11_46,2010-12-17,38455.26,Canada,11,B,B_3,46,38594.58738718816,27321.875372340382
11_46,2010-12-24,61464.3,Canada,11,B,B_3,46,61555.21301953291,35545.64863003705
11_46,2010-12-31,26662.02,Canada,11,B,B_3,46,26704.96178077762,54551.845790988
11_46,2011-01-07,21588.86,Canada,11,B,B_3,46,21567.28519485502,30726.62475017045
11_46,2011-01-14,20766.47,Canada,11,B,B_3,46,20742.73449284692,25125.431470737498
11_46,2011-01-21,23030.35,Canada,11,B,B_3,46,23010.147811433046,23160.31996372927
11_46,2011-01-28,21702.7,Canada,11,B,B_3,46,21657.16873883557,24452.97900560107
11_46,2011-02-04,26011.91,Canada,11,B,B_3,46,26363.13478660011,44911.54328119084
11_46,2011-02-11,28537.76,Canada,11,B,B_3,46,28418.221790669566,31023.473965710942
11_46,2011-02-18,32225.84,Canada,11,B,B_3,46,31859.659743583034,32970.18119680124
11_46,2011-02-25,27340.16,Canada,11,B,B_3,46,27055.6101128834,29225.622464430606
11_46,2011-03-04,27640.82,Canada,11,B,B_3,46,27788.11584599212,30626.82446168705
11_46,2011-03-11,28129.17,Canada,11,B,B_3,46,27650.16443894236,26071.6829364328
11_46,2011-03-18,29636.17,Canada,11,B,B_3,46,29135.596079037536,28938.86430003485
11_46,2011-03-25,24597.46,Canada,11,B,B_3,46,24547.174921707792,26953.357911777024
11_46,2011-04-01,24649.47,Canada,11,B,B_3,46,25320.148496981496,29024.41178907405
11_46,2011-04-08,24559.03,Canada,11,B,B_3,46,25005.916898056614,25401.70802966349
11_46,2011-04-15,26774.81,Canada,11,B,B_3,46,26443.92114856488,23644.49728321338
11_46,2011-04-22,28899.07,Canada,11,B,B_3,46,28204.128857722437,26126.917094704444
11_46,2011-04-29,26417.94,Canada,11,B,B_3,46,26142.175803313214,27659.76774040227
11_46,2011-05-06,25503.41,Canada,11,B,B_3,46,25401.1009027842,26558.55130592104
11_46,2011-05-13,27825.18,Canada,11,B,B_3,46,27315.20465600494,25886.61531003737
11_46,2011-05-20,21642.59,Canada,11,B,B_3,46,22213.992794553647,27215.167911694978
11_46,2011-05-27,28118.88,Canada,11,B,B_3,46,28003.157930704656,25742.854993874123
11_46,2011-06-03,31044.92,Canada,11,B,B_3,46,30682.38059251278,29325.125373972165
11_46,2011-06-10,30153.69,Canada,11,B,B_3,46,29303.60730466683,27011.5400320846
11_46,2011-06-17,31898.84,Canada,11,B,B_3,46,31091.04268734898,30255.44451032212
11_46,2011-06-24,27906.81,Canada,11,B,B_3,46,27593.302239202087,29551.31565169184
11_46,2011-07-01,30161.89,Canada,11,B,B_3,46,29337.06741400851,27744.16110612841
11_46,2011-07-08,28952.86,Canada,11,B,B_3,46,28236.819024453587,29023.057173846184
11_46,2011-07-15,25717.84,Canada,11,B,B_3,46,25960.223545435638,30645.60076382119
11_46,2011-07-22,28118.07,Canada,11,B,B_3,46,27469.03885124039,24882.60862988779
11_46,2011-07-29,25609.37,Canada,11,B,B_3,46,25318.943100492324,26997.257730496774
11_46,2011-08-05,28601.51,Canada,11,B,B_3,46,28787.217120189856,28869.01211092316
11_46,2011-08-12,28337.85,Canada,11,B,B_3,46,27063.434031296085,27188.9528104086
11_46,2011-08-19,29624.06,Canada,11,B,B_3,46,27758.509858555957,28604.31205720018
11_46,2011-08-26,28073.27,Canada,11,B,B_3,46,25972.003647123798,27526.209942850313
11_46,2011-09-02,26266.45,Canada,11,B,B_3,46,27717.106122984558,29195.75557341338
11_46,2011-09-09,24594.87,Canada,11,B,B_3,46,24380.34202864299,24056.449896782557
11_46,2011-09-16,25730.35,Canada,11,B,B_3,46,25278.967594460795,25487.25069658865
11_46,2011-09-23,24613.75,Canada,11,B,B_3,46,24644.74637249663,25096.261730956572
11_46,2011-09-30,24402.45,Canada,11,B,B_3,46,24726.098640412252,24763.485534124724
11_46,2011-10-07,26058.33,Canada,11,B,B_3,46,25998.66629856344,25632.623761136536
11_46,2011-10-14,23913.41,Canada,11,B,B_3,46,24250.239069419556,24378.02780237302
11_46,2011-10-21,26222.8,Canada,11,B,B_3,46,24008.031894914693,23826.967118825574
11_46,2011-10-28,24497.22,Canada,11,B,B_3,46,23355.176721054966,24884.069622474613
11_46,2011-11-04,27391.83,Canada,11,B,B_3,46,26513.601654984206,27142.617103902994
11_46,2011-11-11,24962.39,Canada,11,B,B_3,46,25033.853412605426,25909.65303269361
11_46,2011-11-18,23729.8,Canada,11,B,B_3,46,26234.3238048934,26250.01651698694
11_46,2011-11-25,25508.18,Canada,11,B,B_3,46,25911.289862626672,24345.204990364797
11_46,2011-12-02,25076.72,Canada,11,B,B_3,46,25738.91578093848,25349.14304522001
11_46,2011-12-09,29884.04,Canada,11,B,B_3,46,30326.27959162259,29368.62127143496
11_46,2011-12-16,37400.81,Canada,11,B,B_3,46,40311.0546589896,38856.29077203338
11_46,2011-12-23,65092.31,Canada,11,B,B_3,46,63070.14336213408,58392.20769785199
11_46,2011-12-30,37729.42,Canada,11,B,B_3,46,28388.227678119918,32120.16996336094
11_46,2012-01-06,25650.09,Canada,11,B,B_3,46,23972.528223079073,30988.268871860946
11_46,2012-01-13,24007.23,Canada,11,B,B_3,46,23273.934892622343,25617.711033899785
11_46,2012-01-20,24405.58,Canada,11,B,B_3,46,25594.65047151442,26802.14033519463
11_46,2012-01-27,24439.93,Canada,11,B,B_3,46,24154.565579533024,24462.391162119915
11_46,2012-02-03,27168.81,Canada,11,B,B_3,46,28810.9346888434,29417.457848526734
11_46,2012-02-10,29967.52,Canada,11,B,B_3,46,30848.975476742555,30162.415895774244
11_46,2012-02-17,30308.06,Canada,11,B,B_3,46,34256.952420586924,33610.407088765016
11_46,2012-02-24,28509.41,Canada,11,B,B_3,46,29112.19322620721,26878.114224424382
11_46,2012-03-02,28097.9,Canada,11,B,B_3,46,29703.661395717296,28771.022163533384
11_46,2012-03-09,28827.78,Canada,11,B,B_3,46,29562.53773868542,28562.62383804384
11_46,2012-03-16,28283.06,Canada,11,B,B_3,46,30959.802626512883,30162.5975074979
11_46,2012-03-23,25253.07,Canada,11,B,B_3,46,26053.6895848918,24275.493245480477
11_46,2012-03-30,26331.85,Canada,11,B,B_3,46,26638.840904424207,25364.935308376655
11_46,2012-04-06,31714.87,Canada,11,B,B_3,46,26390.513153784123,25933.029696639336
11_46,2012-04-13,29385.93,Canada,11,B,B_3,46,28398.88669541311,31914.783744249664
11_46,2012-04-20,27438.92,Canada,11,B,B_3,46,30271.210826181567,31361.43333211664
11_46,2012-04-27,28642.49,Canada,11,B,B_3,46,27870.406539568878,26360.51481034028
11_46,2012-05-04,30644.15,Canada,11,B,B_3,46,27078.819718049483,25941.006040539014
11_46,2012-05-11,27394.13,Canada,11,B,B_3,46,29055.02670974999,28107.529916594234
11_46,2012-05-18,29687.38,Canada,11,B,B_3,46,23730.13759401221,22739.13959080082
11_46,2012-05-25,31921.53,Canada,11,B,B_3,46,29680.274303189675,28545.1915925501
11_46,2012-06-01,31545.44,Canada,11,B,B_3,46,32393.04931052122,31173.662705328177
11_46,2012-06-08,32662.21,Canada,11,B,B_3,46,31070.33877732725,30248.387505142113
11_46,2012-06-15,32641.42,Canada,11,B,B_3,46,32786.20457723033,31816.070933629926
11_46,2012-06-22,29929.8,Canada,11,B,B_3,46,29142.715910206774,28250.640543164227
11_46,2012-06-29,28836.28,Canada,11,B,B_3,46,30950.311652304357,30203.394207765887
11_46,2012-07-06,31832.54,Canada,11,B,B_3,46,29769.008879973,29118.456865804026
11_46,2012-07-13,29222.83,Canada,11,B,B_3,46,27274.148956514942,26360.386798791384
11_46,2012-07-20,29151.01,Canada,11,B,B_3,46,28953.956470565714,28370.836360716767
11_46,2012-07-27,27084.05,Canada,11,B,B_3,46,26693.34744514268,26146.354995606212
11_46,2012-08-03,30745.58,Canada,11,B,B_3,46,30058.148901358043,28891.802861880635
11_46,2012-08-10,28413.93,Canada,11,B,B_3,46,28598.412234194173,28596.570027197486
11_46,2012-08-17,28357.57,Canada,11,B,B_3,46,29298.173761287,29739.15059405754
11_46,2012-08-24,28736.7,Canada,11,B,B_3,46,27410.722743977884,28303.43255670909
11_46,2012-08-31,28214.54,Canada,11,B,B_3,46,28388.632507482256,26769.78395964392
11_46,2012-09-07,26837.3,Canada,11,B,B_3,46,25446.80018757852,25177.353660920126
11_46,2012-09-14,25110.99,Canada,11,B,B_3,46,26369.723587640037,26196.382209908363
11_46,2012-09-21,25158.43,Canada,11,B,B_3,46,25618.736305450253,25189.875190506886
11_46,2012-09-28,23981.62,Canada,11,B,B_3,46,25652.33776634303,25003.826527007666
11_46,2012-10-05,27172.07,Canada,11,B,B_3,46,27015.037025546342,26496.12248214016
11_46,2012-10-12,23846.33,Canada,11,B,B_3,46,25194.218429003125,24549.749194647622
11_46,2012-10-19,21620.69,Canada,11,B,B_3,46,25414.31583139057,26561.990870420486
11_46,2012-10-26,23057.44,Canada,11,B,B_3,46,24410.060044537568,25025.895126965042
11_46,2012-10-28,,Canada,11,B,B_3,46,27436.79888371035,27680.452442749112
11_46,2012-11-04,,Canada,11,B,B_3,46,25727.929915841552,25507.4745153639
11_46,2012-11-11,,Canada,11,B,B_3,46,26517.286493177948,24486.105702960795
11_46,2012-11-18,,Canada,11,B,B_3,46,26743.669943410547,26058.927307128153
11_46,2012-11-25,,Canada,11,B,B_3,46,26557.471192318575,25713.609633504264
11_46,2012-12-02,,Canada,11,B,B_3,46,31232.643236715,30150.795042404035
11_46,2012-12-09,,Canada,11,B,B_3,46,40828.437658575094,37165.818456279754
11_46,2012-12-16,,Canada,11,B,B_3,46,64652.326127767155,62263.80240975181
11_46,2012-12-23,,Canada,11,B,B_3,46,31070.142189686685,36968.590295571856
11_46,2012-12-30,,Canada,11,B,B_3,46,24634.962942797447,26126.97022776637
11_46,2013-01-06,,Canada,11,B,B_3,46,23647.58618122683,24627.794169212673
11_46,2013-01-13,,Canada,11,B,B_3,46,25583.601430418854,25122.45786737747
11_46,2013-01-20,,Canada,11,B,B_3,46,24485.905405638616,25404.809163094396
11_46,2013-01-27,,Canada,11,B,B_3,46,28790.632061239092,28655.81097809154
11_46,2013-02-03,,Canada,11,B,B_3,46,31083.204024494455,31207.506416634504
11_46,2013-02-10,,Canada,11,B,B_3,46,34032.798181375474,31701.950136124506
11_46,2013-02-17,,Canada,11,B,B_3,46,29759.912907083977,29885.39575464443
11_46,2013-02-24,,Canada,11,B,B_3,46,30225.325227638652,29625.302871970704
11_46,2013-03-03,,Canada,11,B,B_3,46,30354.92040463528,30176.56069170853
11_46,2013-03-10,,Canada,11,B,B_3,46,31475.40229239454,29776.514356140546
11_46,2013-03-17,,Canada,11,B,B_3,46,27093.213508251054,26932.237807862228
11_46,2013-03-24,,Canada,11,B,B_3,46,27823.531930817444,28008.093489099516
11_46,2013-03-31,,Canada,11,B,B_3,46,28562.47217465914,32651.478150765037
11_46,2013-04-07,,Canada,11,B,B_3,46,29425.0726498732,30631.004950914416
11_46,2013-04-14,,Canada,11,B,B_3,46,31053.64792893937,28993.98898022021
41_91,2010-02-05,54532.45,Germany,41,D,D_6,91,56726.294399811704,0.0
41_91,2010-02-12,50409.97,Germany,41,D,D_6,91,52205.73030117808,45840.82586964464
41_91,2010-02-19,48524.87,Germany,41,D,D_6,91,49190.49966269863,57184.344352364686
41_91,2010-02-26,49688.56,Germany,41,D,D_6,91,48278.443166493475,43935.903645400846
41_91,2010-03-05,52832.79,Germany,41,D,D_6,91,53749.989609178774,52849.71985660142
41_91,2010-03-12,49224.45,Germany,41,D,D_6,91,51175.78472922166,50111.80593173794
41_91,2010-03-19,47351.03,Germany,41,D,D_6,91,48073.85011011171,51686.121823359215
41_91,2010-03-26,46431.31,Germany,41,D,D_6,91,47720.802006706734,45801.424829435964
41_91,2010-04-02,49926.79,Germany,41,D,D_6,91,51750.28581737143,47683.33772056062
41_91,2010-04-09,47409.13,Germany,41,D,D_6,91,53138.37536013025,48554.83483099298
41_91,2010-04-16,47164.24,Germany,41,D,D_6,91,49154.44700842368,48740.44068324908
41_91,2010-04-23,47240.34,Germany,41,D,D_6,91,47562.7879470273,46223.9098261526
41_91,2010-04-30,49042.67,Germany,41,D,D_6,91,40229.677781874096,47916.925169318936
41_91,2010-05-07,53554.96,Germany,41,D,D_6,91,50789.37366006356,48313.53735361108
41_91,2010-05-14,48944.96,Germany,41,D,D_6,91,46763.99358184903,53497.41011351986
41_91,2010-05-21,47617.3,Germany,41,D,D_6,91,50849.200735207705,49590.407805534756
41_91,2010-05-28,48439.49,Germany,41,D,D_6,91,46024.919568937956,47317.60905601017
41_91,2010-06-04,50212.63,Germany,41,D,D_6,91,47108.94224348369,48552.70629745571
41_91,2010-06-11,53525.58,Germany,41,D,D_6,91,53530.398261643786,49896.43812831544
41_91,2010-06-18,51279.32,Germany,41,D,D_6,91,49923.4464857571,53326.03975847198
41_91,2010-06-25,46759.11,Germany,41,D,D_6,91,47637.078873647086,51716.14560097181
41_91,2010-07-02,51008.93,Germany,41,D,D_6,91,49601.00868133042,47033.12579165121
41_91,2010-07-09,48657.97,Germany,41,D,D_6,91,53128.880351266715,50250.2028136662
41_91,2010-07-16,50172.8,Germany,41,D,D_6,91,49703.62296478626,49523.47378239861
41_91,2010-07-23,49516.57,Germany,41,D,D_6,91,49879.63447357212,49337.856785353506
41_91,2010-07-30,46790.18,Germany,41,D,D_6,91,45728.11595234072,50217.7323628582
41_91,2010-08-06,54829.42,Germany,41,D,D_6,91,55620.74157285586,46627.836691513716
41_91,2010-08-13,51972.73,Germany,41,D,D_6,91,52458.22995192679,53904.88264716321
41_91,2010-08-20,52541.83,Germany,41,D,D_6,91,52842.79636847356,53013.6016843322
41_91,2010-08-27,47501.42,Germany,41,D,D_6,91,47712.76638385165,51716.04348503034
41_91,2010-09-03,52678.68,Germany,41,D,D_6,91,52836.51838851308,48752.563173743016
41_91,2010-09-10,51770.39,Germany,41,D,D_6,91,51866.13740747932,51100.50269517152
41_91,2010-09-17,50777.64,Germany,41,D,D_6,91,50828.02495075421,53027.93815457886
41_91,2010-09-24,50309.83,Germany,41,D,D_6,91,50330.4491154577,50005.12577492454
41_91,2010-10-01,50764.23,Germany,41,D,D_6,91,50750.55298473719,50915.87547291092
41_91,2010-10-08,54736.11,Germany,41,D,D_6,91,54649.205887804426,50284.78184142388
41_91,2010-10-15,50539.49,Germany,41,D,D_6,91,50379.222402265215,54541.177696051585
41_91,2010-10-22,51401.32,Germany,41,D,D_6,91,51220.30674163961,51260.95617913063
41_91,2010-10-29,47696.23,Germany,41,D,D_6,91,47599.09927009703,50725.64097987867
41_91,2010-11-05,52407.77,Germany,41,D,D_6,91,52424.42593866988,48715.552881204836
41_91,2010-11-12,51579.75,Germany,41,D,D_6,91,51646.37313131922,50999.175729317125
41_91,2010-11-19,50903.39,Germany,41,D,D_6,91,50962.34102159749,52773.374273898524
41_91,2010-11-26,52020.31,Germany,41,D,D_6,91,52073.90942977218,50054.372676680905
41_91,2010-12-03,46157.07,Germany,41,D,D_6,91,46266.38348681942,52570.371263570436
41_91,2010-12-10,55875.15,Germany,41,D,D_6,91,56017.04039802575,46433.05998279933
41_91,2010-12-17,50641.21,Germany,41,D,D_6,91,50798.85710905545,54506.471439326415
41_91,2010-12-24,59481.21,Germany,41,D,D_6,91,59646.222995094904,52206.49370395241
41_91,2010-12-31,41678.84,Germany,41,D,D_6,91,41852.28882475928,57321.09837523955
41_91,2011-01-07,57559.7,Germany,41,D,D_6,91,57707.88653437346,45419.62678227165
41_91,2011-01-14,55247.17,Germany,41,D,D_6,91,55361.26667522858,52941.910202126484
41_91,2011-01-21,55503.79,Germany,41,D,D_6,91,55623.297925618215,58706.41183376369
41_91,2011-01-28,52105.75,Germany,41,D,D_6,91,52236.942822113575,53193.936276998065
41_91,2011-02-04,58721.26,Germany,41,D,D_6,91,58892.99120921745,98000.97066340083
41_91,2011-02-11,54988.06,Germany,41,D,D_6,91,55168.86269911448,58025.620204669285
41_91,2011-02-18,52626.81,Germany,41,D,D_6,91,52789.81425227473,51271.382910170454
41_91,2011-02-25,51954.48,Germany,41,D,D_6,91,52075.874877939386,55222.38403123843
41_91,2011-03-04,56849.82,Germany,41,D,D_6,91,56943.73307507056,53830.714957845754
41_91,2011-03-11,54574.5,Germany,41,D,D_6,91,54693.624008174054,54008.36145497427
41_91,2011-03-18,52171.68,Germany,41,D,D_6,91,52313.52770675457,52570.97479815236
41_91,2011-03-25,52017.54,Germany,41,D,D_6,91,52189.26276554689,51730.87774766022
41_91,2011-04-01,56437.97,Germany,41,D,D_6,91,56659.03664880451,54728.303376229385
41_91,2011-04-08,58449.3,Germany,41,D,D_6,91,58678.063606678515,54289.53713404504
41_91,2011-04-15,56689.97,Germany,41,D,D_6,91,56861.60811468562,57589.31458523985
41_91,2011-04-22,55814.51,Germany,41,D,D_6,91,55986.87575074703,57437.60227743115
41_91,2011-04-29,48537.73,Germany,41,D,D_6,91,48714.18038215139,57046.48259719255
41_91,2011-05-06,55582.95,Germany,41,D,D_6,91,55732.098705822005,54012.93377826994
41_91,2011-05-13,50415.5,Germany,41,D,D_6,91,50558.37340074096,50008.76325727446
41_91,2011-05-20,53592.42,Germany,41,D,D_6,91,53727.431472403456,50510.35228536569
41_91,2011-05-27,49982.77,Germany,41,D,D_6,91,50123.609216839686,52785.23041988574
41_91,2011-06-03,50055.95,Germany,41,D,D_6,91,50200.892366638436,53258.79725038445
41_91,2011-06-10,55192.15,Germany,41,D,D_6,91,55342.02177339338,51939.11935269547
41_91,2011-06-17,51536.73,Germany,41,D,D_6,91,51677.77209265864,53636.38461930247
41_91,2011-06-24,48652.15,Germany,41,D,D_6,91,48801.15105058989,47514.98174023156
41_91,2011-07-01,50852.62,Germany,41,D,D_6,91,51052.147197428,52266.08670082587
41_91,2011-07-08,53709.3,Germany,41,D,D_6,91,53945.824261597474,49087.109866511906
41_91,2011-07-15,51968.91,Germany,41,D,D_6,91,52188.88652659388,54128.66808098757
41_91,2011-07-22,51855.93,Germany,41,D,D_6,91,52093.09036496106,52474.591009241136
41_91,2011-07-29,47711.65,Germany,41,D,D_6,91,47991.06937377646,48634.21022867231
41_91,2011-08-05,53665.95,Germany,41,D,D_6,91,57354.76595461602,55599.82635444934
41_91,2011-08-12,54532.21,Germany,41,D,D_6,91,53050.46989942546,50728.67463158648
41_91,2011-08-19,53808.06,Germany,41,D,D_6,91,54209.67513418136,54848.51380206983
41_91,2011-08-26,53275.58,Germany,41,D,D_6,91,49039.670023536004,49700.73146794469
41_91,2011-09-02,54134.03,Germany,41,D,D_6,91,55915.168250396644,57027.28517781594
41_91,2011-09-09,53203.46,Germany,41,D,D_6,91,54305.10486305333,54438.56300762591
41_91,2011-09-16,51481.85,Germany,41,D,D_6,91,52870.48114990555,51554.911465565325
41_91,2011-09-23,50048.95,Germany,41,D,D_6,91,51845.41811540938,51758.03832181452
41_91,2011-09-30,48219.38,Germany,41,D,D_6,91,51565.581036580385,50093.05929808918
41_91,2011-10-07,56748.99,Germany,41,D,D_6,91,54140.170227926654,52288.67230887703
41_91,2011-10-14,54499.41,Germany,41,D,D_6,91,50863.22898406445,51910.24697767353
41_91,2011-10-21,49715.58,Germany,41,D,D_6,91,53073.29420357631,55900.90905542735
41_91,2011-10-28,51354.17,Germany,41,D,D_6,91,48057.65028776992,46767.79728473917
41_91,2011-11-04,53660.24,Germany,41,D,D_6,91,54143.00013974628,54604.45919626687
41_91,2011-11-11,54225.66,Germany,41,D,D_6,91,53181.01604325119,53787.18411929252
41_91,2011-11-18,52527.16,Germany,41,D,D_6,91,52934.47380284604,52887.165758445364
41_91,2011-11-25,53679.05,Germany,41,D,D_6,91,53908.528216045896,54137.7936026446
41_91,2011-12-02,47669.31,Germany,41,D,D_6,91,48031.42161692023,48128.52922798383
41_91,2011-12-09,57239.77,Germany,41,D,D_6,91,57682.18949999859,56532.182039824474
41_91,2011-12-16,53428.31,Germany,41,D,D_6,91,52345.3044326579,52345.08152194398
41_91,2011-12-23,59423.59,Germany,41,D,D_6,91,61681.133788528314,61193.74776303406
41_91,2011-12-30,39759.28,Germany,41,D,D_6,91,43062.54434768282,44151.469237615995
41_91,2012-01-06,56753.39,Germany,41,D,D_6,91,57684.75077257065,53915.35571019324
41_91,2012-01-13,57492.1,Germany,41,D,D_6,91,55029.118708932976,54240.714198415386
41_91,2012-01-20,51806.4,Germany,41,D,D_6,91,56305.93467373857,57544.59237797404
41_91,2012-01-27,51061.37,Germany,41,D,D_6,91,51193.58879408846,49934.35542267423
41_91,2012-02-03,59090.93,Germany,41,D,D_6,91,57848.65699931343,58343.30008237431
41_91,2012-02-10,57424.97,Germany,41,D,D_6,91,54681.02797376298,56175.52240373796
41_91,2012-02-17,55142.29,Germany,41,D,D_6,91,53453.720765570055,54771.570830821416
41_91,2012-02-24,55395.63,Germany,41,D,D_6,91,53468.84513680578,55059.3639862252
41_91,2012-03-02,55498.46,Germany,41,D,D_6,91,59143.29517134392,59281.97291947613
41_91,2012-03-09,56272.22,Germany,41,D,D_6,91,55493.9866035211,54285.496347986766
41_91,2012-03-16,50298.11,Germany,41,D,D_6,91,53467.03078848572,53090.61619474987
41_91,2012-03-23,51292.48,Germany,41,D,D_6,91,52149.841078296624,51428.09915169389
41_91,2012-03-30,50125.79,Germany,41,D,D_6,91,56349.019290076314,54101.55075053916
41_91,2012-04-06,58766.33,Germany,41,D,D_6,91,56002.8874651295,53216.74177894724
41_91,2012-04-13,53154.9,Germany,41,D,D_6,91,55364.53638962819,55164.985050120835
41_91,2012-04-20,52025.0,Germany,41,D,D_6,91,53686.281134511264,54513.93666888881
41_91,2012-04-27,51967.48,Germany,41,D,D_6,91,45826.30332532449,44524.65171163751
41_91,2012-05-04,54084.76,Germany,41,D,D_6,91,52912.98445499263,51950.72517395269
41_91,2012-05-11,55672.28,Germany,41,D,D_6,91,47797.2708183116,46279.72435354466
41_91,2012-05-18,50974.22,Germany,41,D,D_6,91,51021.87432326205,49816.06800351738
41_91,2012-05-25,55600.92,Germany,41,D,D_6,91,47470.504412307935,46013.348939510586
41_91,2012-06-01,51882.36,Germany,41,D,D_6,91,47602.54134227538,46853.369202550115
41_91,2012-06-08,59452.1,Germany,41,D,D_6,91,52800.046504205835,50771.1929953398
41_91,2012-06-15,55428.25,Germany,41,D,D_6,91,49194.12169259368,48077.30435929123
41_91,2012-06-22,52708.33,Germany,41,D,D_6,91,46372.35113331666,44967.903723470474
41_91,2012-06-29,54008.47,Germany,41,D,D_6,91,48681.334636732616,47424.947807892604
41_91,2012-07-06,55989.01,Germany,41,D,D_6,91,51652.91196317831,49387.80926390045
41_91,2012-07-13,55194.58,Germany,41,D,D_6,91,49988.463362932634,48286.45419926424
41_91,2012-07-20,54234.29,Germany,41,D,D_6,91,49978.643002793935,47896.66511471184
41_91,2012-07-27,53750.53,Germany,41,D,D_6,91,45969.373852910445,44489.66688471522
41_91,2012-08-03,57130.39,Germany,41,D,D_6,91,55442.14359939401,49722.29244888934
41_91,2012-08-10,57904.97,Germany,41,D,D_6,91,52590.98274263458,50499.17013788503
41_91,2012-08-17,58966.14,Germany,41,D,D_6,91,53165.729654403935,49743.9835107266
41_91,2012-08-24,57772.77,Germany,41,D,D_6,91,48153.8415666941,49190.21134331704
41_91,2012-08-31,52476.8,Germany,41,D,D_6,91,53359.370852759275,50041.92814541877
41_91,2012-09-07,57585.09,Germany,41,D,D_6,91,52450.36555513061,49334.23270539927
41_91,2012-09-14,54716.31,Germany,41,D,D_6,91,51449.074821297465,47715.660480121514
41_91,2012-09-21,54974.79,Germany,41,D,D_6,91,50970.439481195855,46583.1392654883
41_91,2012-09-28,53214.44,Germany,41,D,D_6,91,51397.64530837437,44965.574749210544
41_91,2012-10-05,58190.58,Germany,41,D,D_6,91,55290.64377325326,52468.77804338856
41_91,2012-10-12,58498.39,Germany,41,D,D_6,91,50985.663428122214,50260.66644847563
41_91,2012-10-19,56503.49,Germany,41,D,D_6,91,51762.03723402389,46358.38108398394
41_91,2012-10-26,55571.18,Germany,41,D,D_6,91,48069.294140020196,47447.034711458524
41_91,2012-10-28,,Germany,41,D,D_6,91,52855.078742687234,49757.795849243266
41_91,2012-11-04,,Germany,41,D,D_6,91,52082.84539569672,50053.81124223468
41_91,2012-11-11,,Germany,41,D,D_6,91,51424.026703373915,48747.9728608352
41_91,2012-11-18,,Germany,41,D,D_6,91,52557.951335257036,49584.80821378003
41_91,2012-11-25,,Germany,41,D,D_6,91,46770.63842906111,44431.72096656266
41_91,2012-12-02,,Germany,41,D,D_6,91,56563.46758836232,52757.163610713236
41_91,2012-12-09,,Germany,41,D,D_6,91,51400.4573683632,49566.44714930107
41_91,2012-12-16,,Germany,41,D,D_6,91,60308.72379385041,54749.115757780346
41_91,2012-12-23,,Germany,41,D,D_6,91,42578.82767214602,37592.94504509851
41_91,2012-12-30,,Germany,41,D,D_6,91,58502.13850959014,52357.859978272114
41_91,2013-01-06,,Germany,41,D,D_6,91,56213.38920440921,53311.81727863506
41_91,2013-01-13,,Germany,41,D,D_6,91,56518.826897929874,48031.513082449135
41_91,2013-01-20,,Germany,41,D,D_6,91,53179.14694727037,47764.79906620812
41_91,2013-01-27,,Germany,41,D,D_6,91,59886.17650210564,56604.68710706235
41_91,2013-02-03,,Germany,41,D,D_6,91,56229.0210180497,54975.11763460056
41_91,2013-02-10,,Germany,41,D,D_6,91,53920.27322145968,52857.14382364957
41_91,2013-02-17,,Germany,41,D,D_6,91,53269.76134177488,53136.509867317
41_91,2013-02-24,,Germany,41,D,D_6,91,58184.07829793424,53499.01906285464
41_91,2013-03-03,,Germany,41,D,D_6,91,55970.600021812505,53930.10222763699
41_91,2013-03-10,,Germany,41,D,D_6,91,53636.23373711285,48771.1738367878
41_91,2013-03-17,,Germany,41,D,D_6,91,53567.281070784346,49568.53024069572
41_91,2013-03-24,,Germany,41,D,D_6,91,58103.37294312827,48893.36310841444
41_91,2013-03-31,,Germany,41,D,D_6,91,60209.60398267211,56052.788995744086
41_91,2013-04-07,,Germany,41,D,D_6,91,58482.00414279083,51305.65116372764
41_91,2013-04-14,,Germany,41,D,D_6,91,57674.34331504526,50338.42830371066
4_9,2010-02-05,21654.54,France,4,C,C_3,9,18432.439164739095,0.0
4_9,2010-02-12,23199.13,France,4,C,C_3,9,16301.134949840061,12530.148719733159
4_9,2010-02-19,23622.09,France,4,C,C_3,9,28111.55132696986,17516.34990919097
4_9,2010-02-26,22819.83,France,4,C,C_3,9,29260.37127071871,20164.978913291114
4_9,2010-03-05,20225.33,France,4,C,C_3,9,24004.38223152219,21287.517165871832
4_9,2010-03-12,22908.47,France,4,C,C_3,9,21893.31514020824,20842.303245920975
4_9,2010-03-19,25605.16,France,4,C,C_3,9,31103.356860107102,21705.764723561315
4_9,2010-03-26,21992.28,France,4,C,C_3,9,28265.154177014803,23333.697790313374
4_9,2010-04-02,28014.73,France,4,C,C_3,9,28237.088963906346,22773.869969741398
4_9,2010-04-09,29710.35,France,4,C,C_3,9,30621.670275300203,24960.83793046043
4_9,2010-04-16,29760.01,France,4,C,C_3,9,28427.963481946725,26942.69206676056
4_9,2010-04-23,28399.95,France,4,C,C_3,9,31984.189188160122,28118.273508826453
4_9,2010-04-30,26437.24,France,4,C,C_3,9,27532.962182709634,28235.808041319164
4_9,2010-05-07,27224.04,France,4,C,C_3,9,23178.590365508262,27485.324655751072
4_9,2010-05-14,22817.11,France,4,C,C_3,9,27442.836860574756,27376.29920580605
4_9,2010-05-21,29973.4,France,4,C,C_3,9,29145.983103127084,25473.900596164425
4_9,2010-05-28,34552.03,France,4,C,C_3,9,36846.85400911845,27351.392515211413
4_9,2010-06-04,35069.53,France,4,C,C_3,9,37005.22767747652,30355.97973656602
4_9,2010-06-11,30600.78,France,4,C,C_3,9,33743.81853127012,32322.78792813774
4_9,2010-06-18,32640.92,France,4,C,C_3,9,37782.56617445824,31604.251134872906
4_9,2010-06-25,30242.2,France,4,C,C_3,9,30212.22341190747,32036.81866791549
4_9,2010-07-02,31427.13,France,4,C,C_3,9,29609.250416079125,31287.983822129318
4_9,2010-07-09,31006.76,France,4,C,C_3,9,37641.23312440053,31346.044906926876
4_9,2010-07-16,29212.57,France,4,C,C_3,9,21351.91808013595,31204.472568761896
4_9,2010-07-23,28768.3,France,4,C,C_3,9,22741.17130260611,30373.317694803627
4_9,2010-07-30,27703.88,France,4,C,C_3,9,25641.515851782813,29703.5970464675
4_9,2010-08-06,26699.34,France,4,C,C_3,9,25046.30372777078,28869.18145018019
4_9,2010-08-13,27948.05,France,4,C,C_3,9,26807.42727760657,27963.778582909537
4_9,2010-08-20,29126.35,France,4,C,C_3,9,28335.262114538455,27957.215566913193
4_9,2010-08-27,34195.67,France,4,C,C_3,9,33557.31119390867,28445.056587657666
4_9,2010-09-03,50838.74,France,4,C,C_3,9,50306.71279842882,30844.59682664168
4_9,2010-09-10,45892.27,France,4,C,C_3,9,45496.828537898786,39187.48960131714
4_9,2010-09-17,34865.76,France,4,C,C_3,9,34557.58290023032,41985.17207553601
4_9,2010-09-24,31716.32,France,4,C,C_3,9,31398.778871444025,39014.47755514462
4_9,2010-10-01,30366.19,France,4,C,C_3,9,30069.127762109238,35969.19847482722
4_9,2010-10-08,26285.29,France,4,C,C_3,9,26044.1200084386,33631.24888053238
4_9,2010-10-15,28478.05,France,4,C,C_3,9,28294.599158772737,30566.023892645848
4_9,2010-10-22,27326.88,France,4,C,C_3,9,27164.40851062622,29694.781641811245
4_9,2010-10-29,30989.32,France,4,C,C_3,9,30815.371066337266,28706.734825914536
4_9,2010-11-05,28490.09,France,4,C,C_3,9,28371.101278886137,29659.181909554874
4_9,2010-11-12,37245.01,France,4,C,C_3,9,37142.751299915755,29171.35863243554
4_9,2010-11-19,34521.1,France,4,C,C_3,9,34402.87958300741,32540.2255588948
4_9,2010-11-26,41307.26,France,4,C,C_3,9,41193.3931367546,33366.778760941714
4_9,2010-12-03,25680.73,France,4,C,C_3,9,25541.427666093845,36680.07820982598
4_9,2010-12-10,30166.76,France,4,C,C_3,9,29992.169601055808,32090.415031499273
4_9,2010-12-17,36904.83,France,4,C,C_3,9,36663.39682069668,31287.73759124709
4_9,2010-12-24,57098.47,France,4,C,C_3,9,56819.58746519314,33631.56394407125
4_9,2010-12-31,25334.2,France,4,C,C_3,9,25083.42794855377,43423.525484048296
4_9,2011-01-07,20591.73,France,4,C,C_3,9,20303.526328885462,35875.449951559945
4_9,2011-01-14,24768.94,France,4,C,C_3,9,24500.664937734735,29498.060550665483
4_9,2011-01-21,20946.98,France,4,C,C_3,9,20820.63307461326,27524.75540174622
4_9,2011-01-28,20223.97,France,4,C,C_3,9,20184.027677720413,26199.75454413549
4_9,2011-02-04,23422.2,France,4,C,C_3,9,23911.266090381723,42149.34191068694
4_9,2011-02-11,20550.96,France,4,C,C_3,9,21549.31090902437,35818.85732234895
4_9,2011-02-18,30759.95,France,4,C,C_3,9,29861.632801919746,30276.00089757768
4_9,2011-02-25,32747.75,France,4,C,C_3,9,31874.494937056697,29768.38062534187
4_9,2011-03-04,28740.91,France,4,C,C_3,9,28623.12442802555,28602.042370703333
4_9,2011-03-11,27289.89,France,4,C,C_3,9,28108.71505810776,31062.38466040563
4_9,2011-03-18,36166.56,France,4,C,C_3,9,35900.52790532293,32068.68134807324
4_9,2011-03-25,34453.07,France,4,C,C_3,9,34192.63074882675,30419.66465222416
4_9,2011-04-01,35684.65,France,4,C,C_3,9,36530.64427318765,37318.912259944904
4_9,2011-04-08,38026.35,France,4,C,C_3,9,38672.00101571158,38240.45061402641
4_9,2011-04-15,35978.27,France,4,C,C_3,9,36887.30035766144,38216.22928944024
4_9,2011-04-22,39233.84,France,4,C,C_3,9,39187.164497910824,36167.23685452487
4_9,2011-04-29,35557.6,France,4,C,C_3,9,35914.0963338223,35568.60109104104
4_9,2011-05-06,31408.0,France,4,C,C_3,9,32525.319786145425,36264.65724185576
4_9,2011-05-13,34672.52,France,4,C,C_3,9,34310.854222040034,30539.338147302737
4_9,2011-05-20,37179.72,France,4,C,C_3,9,37950.896892617304,38487.02559501849
4_9,2011-05-27,44655.38,France,4,C,C_3,9,44815.86937692174,42104.20850717438
4_9,2011-06-03,45275.85,France,4,C,C_3,9,45494.05235391779,43537.63377522563
4_9,2011-06-10,42303.52,France,4,C,C_3,9,42416.71212705252,40215.30526677995
4_9,2011-06-17,46926.23,France,4,C,C_3,9,46800.67237216442,42806.39462202899
4_9,2011-06-24,40398.07,France,4,C,C_3,9,41184.13598078653,42211.20121080285
4_9,2011-07-01,39740.56,France,4,C,C_3,9,40684.22430084806,42576.520058501876
4_9,2011-07-08,47344.76,France,4,C,C_3,9,46793.42518126345,41128.81892996369
4_9,2011-07-15,32406.5,France,4,C,C_3,9,34334.40011452981,41852.19569766412
4_9,2011-07-22,31968.91,France,4,C,C_3,9,33311.269953659845,37904.300921466376
4_9,2011-07-29,33467.4,France,4,C,C_3,9,33990.66193182951,34728.59724672101
4_9,2011-08-05,34384.83,France,4,C,C_3,9,32769.90247775064,33372.05631096831
4_9,2011-08-12,31204.51,France,4,C,C_3,9,34442.51279046735,34890.940451541275
4_9,2011-08-19,30244.59,France,4,C,C_3,9,34964.72925294955,34607.2133282408
4_9,2011-08-26,34082.96,France,4,C,C_3,9,38965.918091145235,37550.41830973105
4_9,2011-09-02,50539.05,France,4,C,C_3,9,54499.41316289837,51107.74292004747
4_9,2011-09-09,44608.45,France,4,C,C_3,9,48692.21193453924,46496.423619857545
4_9,2011-09-16,39519.7,France,4,C,C_3,9,36766.13784068849,35932.81285970617
4_9,2011-09-23,34970.77,France,4,C,C_3,9,34139.31262266151,34418.41249552026
4_9,2011-09-30,31544.52,France,4,C,C_3,9,32917.57427882845,33376.42663919148
4_9,2011-10-07,30714.4,France,4,C,C_3,9,28520.651190790806,29027.853371154044
4_9,2011-10-14,33700.45,France,4,C,C_3,9,31185.613780104934,31597.174007652095
4_9,2011-10-21,36007.25,France,4,C,C_3,9,30557.964737004513,31367.434290055367
4_9,2011-10-28,37046.69,France,4,C,C_3,9,35358.41566984674,36381.399062452416
4_9,2011-11-04,34063.43,France,4,C,C_3,9,33234.095998430596,34436.55566983969
4_9,2011-11-11,34146.04,France,4,C,C_3,9,42157.11877635442,42113.100949933745
4_9,2011-11-18,31857.2,France,4,C,C_3,9,37657.562548769485,36725.279025854165
4_9,2011-11-25,54314.2,France,4,C,C_3,9,43161.65754826568,40932.52717767671
4_9,2011-12-02,23982.48,France,4,C,C_3,9,29910.324902197077,32042.35518624032
4_9,2011-12-09,33285.64,France,4,C,C_3,9,33048.703310847995,33013.455469909524
4_9,2011-12-16,38602.13,France,4,C,C_3,9,39743.48466198079,39134.04604521924
4_9,2011-12-23,62726.39,France,4,C,C_3,9,59604.79668693185,56872.4051736554
4_9,2011-12-30,29762.73,France,4,C,C_3,9,28481.09232365452,30728.502914218156
4_9,2012-01-06,27782.16,France,4,C,C_3,9,23930.50102926031,26038.278506064653
4_9,2012-01-13,23303.34,France,4,C,C_3,9,28897.980126288494,30319.910290997526
4_9,2012-01-20,24995.08,France,4,C,C_3,9,23922.19078165154,24202.84401882147
4_9,2012-01-27,21564.61,France,4,C,C_3,9,23477.166908864012,22643.48246880477
4_9,2012-02-03,29597.57,France,4,C,C_3,9,26697.13917823141,29005.622315940993
4_9,2012-02-10,27784.25,France,4,C,C_3,9,24991.05591077755,26905.65384963915
4_9,2012-02-17,29888.94,France,4,C,C_3,9,34423.33740505148,36457.60463577272
4_9,2012-02-24,30479.27,France,4,C,C_3,9,35252.17103982243,35597.39401188075
4_9,2012-03-02,35496.62,France,4,C,C_3,9,30655.941207973425,29541.49114990545
4_9,2012-03-09,31070.35,France,4,C,C_3,9,31019.97853837839,30990.178265318405
4_9,2012-03-16,45261.68,France,4,C,C_3,9,39169.95834640242,39513.77412189928
4_9,2012-03-23,32691.94,France,4,C,C_3,9,38725.88839763668,39378.69259341978
4_9,2012-03-30,40562.6,France,4,C,C_3,9,39523.44405988628,39161.21479440683
4_9,2012-04-06,53068.75,France,4,C,C_3,9,42105.11600403247,42107.95690439518
4_9,2012-04-13,44373.32,France,4,C,C_3,9,42799.903338445314,44377.04405625459
4_9,2012-04-20,44066.41,France,4,C,C_3,9,45788.35560893867,47026.728116024045
4_9,2012-04-27,42018.09,France,4,C,C_3,9,42067.98666897621,42222.58408014909
4_9,2012-05-04,41179.7,France,4,C,C_3,9,38637.37313571508,38652.21313055907
4_9,2012-05-11,37711.58,France,4,C,C_3,9,40896.99232347463,40684.47238607732
4_9,2012-05-18,41054.76,France,4,C,C_3,9,44281.02306365246,44344.08836733458
4_9,2012-05-25,47705.44,France,4,C,C_3,9,51408.976069317476,51947.002008140975
4_9,2012-06-01,46354.28,France,4,C,C_3,9,52112.88420060811,52592.13921056426
4_9,2012-06-08,49135.21,France,4,C,C_3,9,49099.28363135511,49022.43362460994
4_9,2012-06-15,45105.24,France,4,C,C_3,9,53545.123560233726,53591.17185185334
4_9,2012-06-22,50065.78,France,4,C,C_3,9,47758.505721394475,47251.68371401969
4_9,2012-06-29,42787.41,France,4,C,C_3,9,47404.54103447993,46908.22349547657
4_9,2012-07-06,44164.11,France,4,C,C_3,9,53952.68029039346,53667.09487424862
4_9,2012-07-13,37168.06,France,4,C,C_3,9,40985.70174393143,39901.055696183525
4_9,2012-07-20,37566.53,France,4,C,C_3,9,40472.864337983876,39431.22725396703
4_9,2012-07-27,40128.06,France,4,C,C_3,9,41572.00084390499,40568.1170223957
4_9,2012-08-03,35692.75,France,4,C,C_3,9,40799.668025059844,41183.55055448554
4_9,2012-08-10,30970.82,France,4,C,C_3,9,41361.7677296401,38554.41626314685
4_9,2012-08-17,35240.11,France,4,C,C_3,9,42355.09305707307,37885.64162308908
4_9,2012-08-24,37627.64,France,4,C,C_3,9,47355.89604598487,42290.52355015657
4_9,2012-08-31,52503.37,France,4,C,C_3,9,64094.41103012674,60369.35171473757
4_9,2012-09-07,49658.75,France,4,C,C_3,9,59128.20808404042,54045.592903794524
4_9,2012-09-14,38934.84,France,4,C,C_3,9,49159.86643321777,47300.88717436832
4_9,2012-09-21,41853.65,France,4,C,C_3,9,45634.561485075435,42633.22949587373
4_9,2012-09-28,39254.74,France,4,C,C_3,9,43887.4798329786,39326.510845330544
4_9,2012-10-05,40168.61,France,4,C,C_3,9,40347.560205430374,37788.05006298941
4_9,2012-10-12,28946.44,France,4,C,C_3,9,42586.78646580339,40921.712434164096
4_9,2012-10-19,30920.08,France,4,C,C_3,9,41872.802412301615,42757.24913921845
4_9,2012-10-26,37348.62,France,4,C,C_3,9,44901.28762467025,44412.93771018413
4_9,2012-10-28,,France,4,C,C_3,9,42276.0235731361,41207.24357881837
4_9,2012-11-04,,France,4,C,C_3,9,49634.926176113724,43015.80747333469
4_9,2012-11-11,,France,4,C,C_3,9,47221.34727307627,40391.18567107186
4_9,2012-11-18,,France,4,C,C_3,9,56639.709866305304,61931.37976368353
4_9,2012-11-25,,France,4,C,C_3,9,38292.55921287247,31551.517580315813
4_9,2012-12-02,,France,4,C,C_3,9,43683.66175336319,40807.363910965585
4_9,2012-12-09,,France,4,C,C_3,9,50111.49409659472,46913.39181218136
4_9,2012-12-16,,France,4,C,C_3,9,70888.4249195196,72663.40899268154
4_9,2012-12-23,,France,4,C,C_3,9,38799.06253096472,36746.08325405966
4_9,2012-12-30,,France,4,C,C_3,9,34372.79499349235,34114.33730900547
4_9,2013-01-06,,France,4,C,C_3,9,37025.039994779276,31010.380281310638
4_9,2013-01-13,,France,4,C,C_3,9,34308.299552236356,31840.80494220159
4_9,2013-01-20,,France,4,C,C_3,9,33163.114752949085,29704.44522915464
4_9,2013-01-27,,France,4,C,C_3,9,37552.24785727552,34051.29426785513
4_9,2013-02-03,,France,4,C,C_3,9,35199.789963682066,31644.26180662748
4_9,2013-02-10,,France,4,C,C_3,9,42878.42061026138,35393.709386213966
4_9,2013-02-17,,France,4,C,C_3,9,44654.78462501162,36460.68559123037
4_9,2013-02-24,,France,4,C,C_3,9,42600.53295674551,40761.69752432077
4_9,2013-03-03,,France,4,C,C_3,9,41163.68595681664,36003.454581490965
4_9,2013-03-10,,France,4,C,C_3,9,50248.88945311867,50051.55972819106
4_9,2013-03-17,,France,4,C,C_3,9,46583.63856119475,39005.97967651317
4_9,2013-03-24,,France,4,C,C_3,9,49799.12647576613,45301.91580692694
4_9,2013-03-31,,France,4,C,C_3,9,53709.27767937093,56796.16206411507
4_9,2013-04-07,,France,4,C,C_3,9,50553.14723538561,48525.50131389667
4_9,2013-04-14,,France,4,C,C_3,9,52953.553831256155,49096.398769019375
2_2,2010-02-05,74661.16,USA,2,D,D_4,2,61556.29920333509,0.0
2_2,2010-02-12,65487.46,USA,2,D,D_4,2,74080.53556540798,50609.770190228664
2_2,2010-02-19,70853.58,USA,2,D,D_4,2,71744.05462201039,67464.97725705968
2_2,2010-02-26,64963.9,USA,2,D,D_4,2,67979.65956886928,69046.38163856087
2_2,2010-03-05,68428.64,USA,2,D,D_4,2,71792.51137928289,66967.13290210716
2_2,2010-03-12,66622.03,USA,2,D,D_4,2,69247.54589868142,67301.1843588182
2_2,2010-03-19,64307.01,USA,2,D,D_4,2,65636.40638817969,67205.4187361827
2_2,2010-03-26,59770.18,USA,2,D,D_4,2,61691.88633984005,65164.58166264002
2_2,2010-04-02,68286.2,USA,2,D,D_4,2,65808.20474447215,61435.29723791003
2_2,2010-04-09,64295.22,USA,2,D,D_4,2,63072.78904951035,65338.26293847202
2_2,2010-04-16,65172.2,USA,2,D,D_4,2,64341.28192075303,65559.1802658732
2_2,2010-04-23,66471.86,USA,2,D,D_4,2,66276.72944242464,64927.87886329655
2_2,2010-04-30,65054.02,USA,2,D,D_4,2,64380.42592052694,65994.92898012564
2_2,2010-05-07,68976.37,USA,2,D,D_4,2,64992.58270350174,65533.9926089727
2_2,2010-05-14,62666.91,USA,2,D,D_4,2,65282.88016519558,67603.0300540868
2_2,2010-05-21,69699.5,USA,2,D,D_4,2,63967.17020702881,64843.440443170904
2_2,2010-05-28,68750.86,USA,2,D,D_4,2,67660.06968866449,67308.544785132
2_2,2010-06-04,68994.35,USA,2,D,D_4,2,68960.95355090778,68959.61793922512
2_2,2010-06-11,72603.29,USA,2,D,D_4,2,69979.2289794849,68918.8034704047
2_2,2010-06-18,69633.65,USA,2,D,D_4,2,70199.33014405673,71311.63323423348
2_2,2010-06-25,68587.69,USA,2,D,D_4,2,64974.16868734603,70623.06572550186
2_2,2010-07-02,72107.47,USA,2,D,D_4,2,68797.88098808388,69014.52328966904
2_2,2010-07-09,66045.13,USA,2,D,D_4,2,68612.81718574508,70874.87234936465
2_2,2010-07-16,69430.49,USA,2,D,D_4,2,67809.91597376883,68141.12960722603
2_2,2010-07-23,66465.49,USA,2,D,D_4,2,68339.76094381974,68336.3864620001
2_2,2010-07-30,67829.52,USA,2,D,D_4,2,65927.24513978319,67463.96579236304
2_2,2010-08-06,69920.91,USA,2,D,D_4,2,72070.2037051976,67397.03423633087
2_2,2010-08-13,69947.0,USA,2,D,D_4,2,71876.78924788664,69151.30778105308
2_2,2010-08-20,69472.79,USA,2,D,D_4,2,71088.01979551517,69895.94792636372
2_2,2010-08-27,69300.7,USA,2,D,D_4,2,70688.42872126622,69639.20446318465
2_2,2010-09-03,70081.13,USA,2,D,D_4,2,71245.99700323536,69371.12291130012
2_2,2010-09-10,65663.65,USA,2,D,D_4,2,66634.32107045152,69806.51633035004
2_2,2010-09-17,64649.52,USA,2,D,D_4,2,65467.42743036154,67224.7760017481
2_2,2010-09-24,65789.27,USA,2,D,D_4,2,66479.957986893,65096.0074377929
2_2,2010-10-01,66423.44,USA,2,D,D_4,2,67039.44814499012,65406.860074358934
2_2,2010-10-08,64252.04,USA,2,D,D_4,2,64836.625987840016,66176.44534347832
2_2,2010-10-15,63597.23,USA,2,D,D_4,2,64144.84252610964,65013.33159422885
2_2,2010-10-22,62810.47,USA,2,D,D_4,2,63319.943670795394,63872.13952589867
2_2,2010-10-29,63125.76,USA,2,D,D_4,2,63603.53697343056,63106.07243780659
2_2,2010-11-05,64267.74,USA,2,D,D_4,2,64756.98227446756,63029.310422629766
2_2,2010-11-12,62367.28,USA,2,D,D_4,2,62841.521660101855,63855.076928861374
2_2,2010-11-19,65120.69,USA,2,D,D_4,2,65601.33273539999,63022.94945049007
2_2,2010-11-26,66864.2,USA,2,D,D_4,2,67391.36187624985,64173.833090980625
2_2,2010-12-03,62758.12,USA,2,D,D_4,2,63280.815220451084,66191.10439966143
2_2,2010-12-10,66513.13,USA,2,D,D_4,2,67049.08197615934,64185.56319872405
2_2,2010-12-17,74559.82,USA,2,D,D_4,2,75105.54144696848,65254.09249177021
2_2,2010-12-24,91738.44,USA,2,D,D_4,2,92305.07518566375,71610.10949488574
2_2,2010-12-31,55375.52,USA,2,D,D_4,2,56001.1872967821,85484.70325827744
2_2,2011-01-07,62974.44,USA,2,D,D_4,2,63600.08462402876,67893.55976084292
2_2,2011-01-14,56606.3,USA,2,D,D_4,2,57215.67678306636,61325.513060839585
2_2,2011-01-21,62126.32,USA,2,D,D_4,2,62726.01507656835,57521.85878515594
2_2,2011-01-28,59940.76,USA,2,D,D_4,2,60534.36313265715,64399.739408830595
2_2,2011-02-04,60069.23,USA,2,D,D_4,2,63237.92745475318,118585.74950033997
2_2,2011-02-11,70619.64,USA,2,D,D_4,2,69104.88367847931,73751.86063701037
2_2,2011-02-18,69487.17,USA,2,D,D_4,2,69765.51955805384,69933.62974378673
2_2,2011-02-25,65829.84,USA,2,D,D_4,2,65671.92998346395,66361.9934349178
2_2,2011-03-04,70042.14,USA,2,D,D_4,2,69880.78109807504,68349.61772531268
2_2,2011-03-11,67898.82,USA,2,D,D_4,2,67997.35524949919,67968.08461927917
2_2,2011-03-18,64567.4,USA,2,D,D_4,2,65011.48736103339,66138.73535920077
2_2,2011-03-25,60715.5,USA,2,D,D_4,2,61079.88516771202,61400.665923234366
2_2,2011-04-01,65018.79,USA,2,D,D_4,2,66290.86256959122,67831.83073469534
2_2,2011-04-08,61878.07,USA,2,D,D_4,2,62758.93448046474,62850.411602902845
2_2,2011-04-15,62959.75,USA,2,D,D_4,2,63642.217830750065,62648.176625209264
2_2,2011-04-22,64738.13,USA,2,D,D_4,2,65230.69654213567,63894.858798548266
2_2,2011-04-29,62751.61,USA,2,D,D_4,2,63327.80153958556,63302.85620407482
2_2,2011-05-06,63235.76,USA,2,D,D_4,2,64408.83123669383,66266.1927777608
2_2,2011-05-13,62941.61,USA,2,D,D_4,2,62643.77651350069,59176.859349513936
2_2,2011-05-20,61960.83,USA,2,D,D_4,2,63398.97135405117,66908.81694578822
2_2,2011-05-27,64755.07,USA,2,D,D_4,2,65127.33180688575,63733.88972753499
2_2,2011-06-03,65848.98,USA,2,D,D_4,2,66005.38234658548,63812.749526331296
2_2,2011-06-10,66831.49,USA,2,D,D_4,2,67505.84967283293,68373.07624188808
2_2,2011-06-17,66648.26,USA,2,D,D_4,2,66614.29048507797,65131.6095420437
2_2,2011-06-24,61507.28,USA,2,D,D_4,2,62299.78607125383,64955.45245862214
2_2,2011-07-01,64838.42,USA,2,D,D_4,2,65418.03793982091,65998.20319582189
2_2,2011-07-08,64206.49,USA,2,D,D_4,2,63505.30777715819,59819.40295204386
2_2,2011-07-15,63850.33,USA,2,D,D_4,2,64005.624615160785,65229.63656686203
2_2,2011-07-22,64188.7,USA,2,D,D_4,2,63586.56478712716,62487.76312389758
2_2,2011-07-29,62022.55,USA,2,D,D_4,2,62280.13914238186,64319.76931724228
2_2,2011-08-05,67755.05,USA,2,D,D_4,2,67308.30734001336,64979.51258108712
2_2,2011-08-12,66849.04,USA,2,D,D_4,2,67537.84774076034,66322.47437893409
2_2,2011-08-19,67360.35,USA,2,D,D_4,2,66992.35631579511,66689.86090144905
2_2,2011-08-26,69418.62,USA,2,D,D_4,2,66927.60915359255,66881.27847735024
2_2,2011-09-02,66006.89,USA,2,D,D_4,2,68096.72200510529,69131.63629147291
2_2,2011-09-09,60703.72,USA,2,D,D_4,2,63387.530970375075,63847.11823259677
2_2,2011-09-16,59135.08,USA,2,D,D_4,2,61999.52456765721,60627.51012074094
2_2,2011-09-23,61107.02,USA,2,D,D_4,2,62737.0618678997,60429.6109830419
2_2,2011-09-30,61698.6,USA,2,D,D_4,2,63173.319130619275,61251.00364125062
2_2,2011-10-07,64978.04,USA,2,D,D_4,2,60850.53911489739,59831.050682501365
2_2,2011-10-14,62476.91,USA,2,D,D_4,2,60855.68425015378,62394.85998719634
2_2,2011-10-21,60669.07,USA,2,D,D_4,2,60355.57104789382,62398.79818171398
2_2,2011-10-28,59276.11,USA,2,D,D_4,2,60765.61990581217,61442.667124236745
2_2,2011-11-04,65483.49,USA,2,D,D_4,2,61768.35066894956,60918.4428899402
2_2,2011-11-11,61463.38,USA,2,D,D_4,2,60471.238484701775,61911.308459392174
2_2,2011-11-18,61442.83,USA,2,D,D_4,2,63444.28260096437,64536.959307944206
2_2,2011-11-25,64808.41,USA,2,D,D_4,2,65002.209727009336,63869.637792397
2_2,2011-12-02,60333.21,USA,2,D,D_4,2,60941.11277846355,60769.57712298428
2_2,2011-12-09,66160.47,USA,2,D,D_4,2,64694.046306924996,63861.02189435782
2_2,2011-12-16,73364.19,USA,2,D,D_4,2,73041.57061917368,71949.41859204356
2_2,2011-12-23,93511.03,USA,2,D,D_4,2,90363.93163667238,87190.15928235975
2_2,2011-12-30,57846.27,USA,2,D,D_4,2,54592.063715981116,61057.3149418539
2_2,2012-01-06,64877.05,USA,2,D,D_4,2,62758.99796588313,65854.04970288332
2_2,2012-01-13,62505.79,USA,2,D,D_4,2,56779.498400560275,59526.47589725718
2_2,2012-01-20,61438.15,USA,2,D,D_4,2,63219.50770645948,65616.8493111257
2_2,2012-01-27,58151.34,USA,2,D,D_4,2,60856.05032659368,62092.72277021511
2_2,2012-02-03,71322.01,USA,2,D,D_4,2,62743.24409532389,68937.81355841341
2_2,2012-02-10,69165.6,USA,2,D,D_4,2,71253.06691713262,77222.77236054419
2_2,2012-02-17,70027.01,USA,2,D,D_4,2,71033.14405728428,72646.24524968555
2_2,2012-02-24,66451.66,USA,2,D,D_4,2,66919.02104212713,66162.76820396147
2_2,2012-03-02,70768.55,USA,2,D,D_4,2,71037.0862636209,70243.40685073969
2_2,2012-03-09,66870.9,USA,2,D,D_4,2,69039.6040494619,68596.86878658367
2_2,2012-03-16,68851.41,USA,2,D,D_4,2,65682.59382163816,64574.68065794001
2_2,2012-03-23,63447.81,USA,2,D,D_4,2,62295.832107974755,63152.857989644195
2_2,2012-03-30,63778.8,USA,2,D,D_4,2,67550.18471663681,68656.9863651236
2_2,2012-04-06,70382.23,USA,2,D,D_4,2,63729.43951794658,62461.50080623406
2_2,2012-04-13,61390.48,USA,2,D,D_4,2,65755.14949799475,67688.67393384333
2_2,2012-04-20,67363.12,USA,2,D,D_4,2,66842.0056581208,66633.18194930581
2_2,2012-04-27,61562.95,USA,2,D,D_4,2,65071.235654284865,64176.92746101061
2_2,2012-05-04,67046.93,USA,2,D,D_4,2,66119.23795196811,65577.01273760409
2_2,2012-05-11,61750.11,USA,2,D,D_4,2,64815.881332814686,64257.37486911463
2_2,2012-05-18,63948.19,USA,2,D,D_4,2,65185.70264575903,64585.773622460554
2_2,2012-05-25,66419.23,USA,2,D,D_4,2,67334.81068058634,66676.32462169004
2_2,2012-06-01,64912.65,USA,2,D,D_4,2,68310.1037584966,67599.08275916181
2_2,2012-06-08,70841.55,USA,2,D,D_4,2,69731.66214162225,68937.75230072635
2_2,2012-06-15,66904.1,USA,2,D,D_4,2,69078.59912854774,68335.85156564733
2_2,2012-06-22,68915.17,USA,2,D,D_4,2,64596.547952437875,64059.2190945786
2_2,2012-06-29,66611.66,USA,2,D,D_4,2,67873.01611188702,67257.14492095761
2_2,2012-07-06,70409.25,USA,2,D,D_4,2,66297.69302196743,65826.71883598769
2_2,2012-07-13,65225.27,USA,2,D,D_4,2,66526.86433128765,66050.50673409208
2_2,2012-07-20,65537.3,USA,2,D,D_4,2,66279.97807111187,65870.04276960206
2_2,2012-07-27,66605.41,USA,2,D,D_4,2,64716.26397731055,64346.940870140585
2_2,2012-08-03,69431.69,USA,2,D,D_4,2,69921.12039508048,69261.04837849617
2_2,2012-08-10,67146.39,USA,2,D,D_4,2,69861.79181770218,68544.31378022759
2_2,2012-08-17,68857.79,USA,2,D,D_4,2,69625.56364980023,68881.03944058823
2_2,2012-08-24,68175.69,USA,2,D,D_4,2,69925.34950016349,70501.71953618119
2_2,2012-08-31,72899.98,USA,2,D,D_4,2,69827.57543342726,67881.7516898967
2_2,2012-09-07,66273.96,USA,2,D,D_4,2,65307.6189184531,62951.28686695204
2_2,2012-09-14,63984.36,USA,2,D,D_4,2,64277.281778475015,61532.4974414097
2_2,2012-09-21,66350.75,USA,2,D,D_4,2,65677.71125552987,63286.01355700946
2_2,2012-09-28,61500.04,USA,2,D,D_4,2,66383.57770307409,63857.68649234106
2_2,2012-10-05,67497.08,USA,2,D,D_4,2,65380.60383157292,66148.10555518007
2_2,2012-10-12,59664.89,USA,2,D,D_4,2,64287.97426285543,64040.25146983235
2_2,2012-10-19,64137.69,USA,2,D,D_4,2,63293.14058567611,62469.295761312176
2_2,2012-10-26,62475.44,USA,2,D,D_4,2,63302.39326443152,61404.25488171955
2_2,2012-10-28,,USA,2,D,D_4,2,65548.71630063304,66547.1525519376
2_2,2012-11-04,,USA,2,D,D_4,2,63171.4604012903,63042.8783523784
2_2,2012-11-11,,USA,2,D,D_4,2,65409.76943080608,63450.66038388391
2_2,2012-11-18,,USA,2,D,D_4,2,67617.07862213107,66411.44769339397
2_2,2012-11-25,,USA,2,D,D_4,2,63503.037461169966,62206.80715463103
2_2,2012-12-02,,USA,2,D,D_4,2,67753.83812216912,67461.45442170739
2_2,2012-12-09,,USA,2,D,D_4,2,75661.566396162,74509.29689824661
2_2,2012-12-16,,USA,2,D,D_4,2,93493.2768768201,93241.11941791048
2_2,2012-12-23,,USA,2,D,D_4,2,57281.86553760314,59119.033758606805
2_2,2012-12-30,,USA,2,D,D_4,2,64748.629735122646,65838.75122708053
2_2,2013-01-06,,USA,2,D,D_4,2,59169.83585602734,62997.57383130305
2_2,2013-01-13,,USA,2,D,D_4,2,63292.53183158114,62899.07870112807
2_2,2013-01-20,,USA,2,D,D_4,2,61008.08330546431,60056.32556609798
2_2,2013-01-27,,USA,2,D,D_4,2,65514.007739495304,73193.0555445055
2_2,2013-02-03,,USA,2,D,D_4,2,70666.60203139964,72678.89608477788
2_2,2013-02-10,,USA,2,D,D_4,2,70965.33469377847,73416.45179254944
2_2,2013-02-17,,USA,2,D,D_4,2,67104.67154260741,69780.30515323479
2_2,2013-02-24,,USA,2,D,D_4,2,71330.34937742412,73991.32071159808
2_2,2013-03-03,,USA,2,D,D_4,2,68997.91467697322,70486.09907948763
2_2,2013-03-10,,USA,2,D,D_4,2,67009.8880418622,71478.10183101198
2_2,2013-03-17,,USA,2,D,D_4,2,62761.85106542101,66406.67024337413
2_2,2013-03-24,,USA,2,D,D_4,2,66877.71288028563,67653.65998691165
2_2,2013-03-31,,USA,2,D,D_4,2,65662.580704582,72305.79516468977
2_2,2013-04-07,,USA,2,D,D_4,2,64543.87832360849,65315.89294068474
2_2,2013-04-14,,USA,2,D,D_4,2,67129.59839798948,70404.2516922246
32_95,2010-02-05,85361.47,USA,32,A,A_0,95,82305.42830166571,0.0
32_95,2010-02-12,83168.29,USA,32,A,A_0,95,81494.75028817708,74829.50725622647
32_95,2010-02-19,73601.45,USA,32,A,A_0,95,81013.62564882725,82058.99311473402
32_95,2010-02-26,77573.15,USA,32,A,A_0,95,78732.21384174233,74727.9912680372
32_95,2010-03-05,78414.77,USA,32,A,A_0,95,83973.62423562983,77194.16739603215
32_95,2010-03-12,81452.35,USA,32,A,A_0,95,82631.84177391522,78252.18246667135
32_95,2010-03-19,82611.18,USA,32,A,A_0,95,80189.364950955,81026.07911746952
32_95,2010-03-26,79962.08,USA,32,A,A_0,95,76853.30794724793,82400.04031898499
32_95,2010-04-02,78168.55,USA,32,A,A_0,95,74720.62361752092,80286.82284113551
32_95,2010-04-09,80424.75,USA,32,A,A_0,95,83860.2985048173,78450.7096132527
32_95,2010-04-16,89011.75,USA,32,A,A_0,95,81886.4215960932,80161.80253579537
32_95,2010-04-23,82390.52,USA,32,A,A_0,95,86385.30548264313,87832.91330563484
32_95,2010-04-30,84896.65,USA,32,A,A_0,95,76253.19747732875,83115.46135810405
32_95,2010-05-07,85614.37,USA,32,A,A_0,95,86627.06888606073,84659.39090449156
32_95,2010-05-14,83045.95,USA,32,A,A_0,95,86484.26367395956,85487.16422791033
32_95,2010-05-21,90134.71,USA,32,A,A_0,95,87098.76213063643,83371.12627051542
32_95,2010-05-28,94695.32,USA,32,A,A_0,95,89851.81267608792,89233.78254048938
32_95,2010-06-04,88988.13,USA,32,A,A_0,95,87842.20441239825,93967.82858934905
32_95,2010-06-11,94974.14,USA,32,A,A_0,95,94786.9308460477,89651.43918321806
32_95,2010-06-18,90053.95,USA,32,A,A_0,95,91293.87594037209,94265.14200183931
32_95,2010-06-25,90464.64,USA,32,A,A_0,95,88593.9144861175,90614.89204839797
32_95,2010-07-02,99396.37,USA,32,A,A_0,95,99696.30982513588,90484.65397508518
32_95,2010-07-09,83412.65,USA,32,A,A_0,95,89839.07535894169,98209.3055679879
32_95,2010-07-16,87797.55,USA,32,A,A_0,95,87493.93482935904,85383.60413368024
32_95,2010-07-23,84993.28,USA,32,A,A_0,95,91459.51444732891,87476.00594824828
32_95,2010-07-30,85149.14,USA,32,A,A_0,95,89041.77172606405,85323.98574279515
32_95,2010-08-06,86974.12,USA,32,A,A_0,95,86231.95961562698,85172.42992101873
32_95,2010-08-13,90002.55,USA,32,A,A_0,95,89463.95475571854,86734.13005818776
32_95,2010-08-20,88744.63,USA,32,A,A_0,95,88275.65252689975,89567.18771388625
32_95,2010-08-27,87721.04,USA,32,A,A_0,95,87264.39262746951,88854.19688955307
32_95,2010-09-03,86784.05,USA,32,A,A_0,95,86336.84831861552,87871.97953125492
32_95,2010-09-10,78494.29,USA,32,A,A_0,95,78038.81654299435,86928.9651260519
32_95,2010-09-17,81527.43,USA,32,A,A_0,95,81122.52896863311,79617.81130720048
32_95,2010-09-24,79793.9,USA,32,A,A_0,95,79471.6458693459,81273.06367789196
32_95,2010-10-01,80122.48,USA,32,A,A_0,95,79885.87792221026,79990.92856175415
32_95,2010-10-08,81416.51,USA,32,A,A_0,95,81197.40074612136,80104.95699625027
32_95,2010-10-15,81077.18,USA,32,A,A_0,95,80901.53779922996,81241.80762875102
32_95,2010-10-22,78397.92,USA,32,A,A_0,95,78259.80101625886,81099.10884087304
32_95,2010-10-29,77629.5,USA,32,A,A_0,95,77540.16360842538,78757.72558493822
32_95,2010-11-05,76816.36,USA,32,A,A_0,95,76802.84639307935,77779.78266827864
32_95,2010-11-12,77729.37,USA,32,A,A_0,95,77674.36121472482,76944.69047858682
32_95,2010-11-19,75845.61,USA,32,A,A_0,95,75788.23609001296,77624.84858708765
32_95,2010-11-26,80369.63,USA,32,A,A_0,95,80384.33056457368,76082.60934298743
32_95,2010-12-03,75023.93,USA,32,A,A_0,95,75093.38551202575,79798.58737173265
32_95,2010-12-10,81548.95,USA,32,A,A_0,95,81632.15771954312,75659.92714411701
32_95,2010-12-17,82599.7,USA,32,A,A_0,95,82667.87037149764,80764.51639013381
32_95,2010-12-24,91238.47,USA,32,A,A_0,95,91310.54355663099,82355.24863020844
32_95,2010-12-31,64522.77,USA,32,A,A_0,95,64607.95861348783,90055.20113233337
32_95,2011-01-07,76644.73,USA,32,A,A_0,95,76665.84723752574,67923.7581795217
32_95,2011-01-14,82187.12,USA,32,A,A_0,95,82146.21719163063,75483.07320665896
32_95,2011-01-21,84944.61,USA,32,A,A_0,95,84839.41271657657,81294.1230197697
32_95,2011-01-28,79852.47,USA,32,A,A_0,95,79648.21601571092,86774.25726463879
32_95,2011-02-04,82553.17,USA,32,A,A_0,95,82554.82496198587,144730.6427567519
32_95,2011-02-11,81194.17,USA,32,A,A_0,95,80949.6935565283,89375.26164307629
32_95,2011-02-18,80437.96,USA,32,A,A_0,95,79304.71790033963,74757.44108706212
32_95,2011-02-25,79849.3,USA,32,A,A_0,95,79467.8051356722,82782.11091726771
32_95,2011-03-04,85434.28,USA,32,A,A_0,95,84631.095007343,80946.08013762225
32_95,2011-03-11,85426.72,USA,32,A,A_0,95,85083.61238487672,87220.44127444862
32_95,2011-03-18,83360.04,USA,32,A,A_0,95,83310.65274538957,86604.37870195013
32_95,2011-03-25,79574.4,USA,32,A,A_0,95,79523.86241572435,81710.97460336938
32_95,2011-04-01,76836.83,USA,32,A,A_0,95,76758.63600415984,78450.70644566912
32_95,2011-04-08,85331.28,USA,32,A,A_0,95,84519.77482569826,78872.41449325322
32_95,2011-04-15,84190.97,USA,32,A,A_0,95,84460.8630301829,91245.39112230079
32_95,2011-04-22,87200.3,USA,32,A,A_0,95,86308.42179814847,79939.52268044958
32_95,2011-04-29,77983.18,USA,32,A,A_0,95,78425.26236985269,88157.63410504734
32_95,2011-05-06,86527.36,USA,32,A,A_0,95,85917.76728544882,79997.31681224935
32_95,2011-05-13,86648.48,USA,32,A,A_0,95,85899.75278787718,83572.22451660862
32_95,2011-05-20,88078.44,USA,32,A,A_0,95,88032.2603237655,91859.56746658406
32_95,2011-05-27,90236.82,USA,32,A,A_0,95,90305.2645986793,92249.08557680438
32_95,2011-06-03,87189.62,USA,32,A,A_0,95,86880.77425600255,85997.37695228108
32_95,2011-06-10,93925.01,USA,32,A,A_0,95,93553.37125942382,91769.33154490723
32_95,2011-06-17,90437.27,USA,32,A,A_0,95,89966.21904891258,89713.79428170335
32_95,2011-06-24,88009.98,USA,32,A,A_0,95,87930.07252370553,90666.5816899558
32_95,2011-07-01,98704.9,USA,32,A,A_0,95,98439.26361850381,95470.11427255129
32_95,2011-07-08,88947.06,USA,32,A,A_0,95,88129.52976001159,85542.7036873844
32_95,2011-07-15,88053.96,USA,32,A,A_0,95,87990.76016568104,91924.01317306065
32_95,2011-07-22,91959.06,USA,32,A,A_0,95,91268.49408148222,86374.82021577157
32_95,2011-07-29,90932.44,USA,32,A,A_0,95,90648.13410023761,91291.08817036818
32_95,2011-08-05,94673.1,USA,32,A,A_0,95,89181.75671656318,92441.28307136145
32_95,2011-08-12,93741.43,USA,32,A,A_0,95,93427.40644816117,96768.84046956284
32_95,2011-08-19,93715.31,USA,32,A,A_0,95,92184.36103910019,93172.53946519617
32_95,2011-08-26,91455.23,USA,32,A,A_0,95,91403.38243585307,92818.20087564421
32_95,2011-09-02,92053.31,USA,32,A,A_0,95,90387.59704863529,90885.83763281672
32_95,2011-09-09,86420.86,USA,32,A,A_0,95,82355.82958352986,85290.13175255798
32_95,2011-09-16,86166.76,USA,32,A,A_0,95,86220.05749789622,88657.3227565571
32_95,2011-09-23,83124.86,USA,32,A,A_0,95,84462.60009015503,85143.82595180417
32_95,2011-09-30,83901.21,USA,32,A,A_0,95,84508.72894282134,83672.18774770726
32_95,2011-10-07,88020.38,USA,32,A,A_0,95,85635.83764107763,84898.08520603436
32_95,2011-10-14,83625.55,USA,32,A,A_0,95,85807.27315411282,87304.88652069768
32_95,2011-10-21,81474.01,USA,32,A,A_0,95,82650.35514415252,82011.82046166334
32_95,2011-10-28,80017.67,USA,32,A,A_0,95,81641.09374046372,80932.16065413777
32_95,2011-11-04,78948.84,USA,32,A,A_0,95,80524.99311710225,79499.10814092452
32_95,2011-11-11,79888.63,USA,32,A,A_0,95,81055.43981246816,79749.60421423355
32_95,2011-11-18,80983.4,USA,32,A,A_0,95,78904.47770489562,78377.55922391558
32_95,2011-11-25,82041.42,USA,32,A,A_0,95,83933.70779906315,84204.97366320976
32_95,2011-12-02,74680.79,USA,32,A,A_0,95,78230.04613264407,78111.66226355788
32_95,2011-12-09,85904.47,USA,32,A,A_0,95,84011.61993756627,80357.2642678882
32_95,2011-12-16,82874.88,USA,32,A,A_0,95,85478.6484768093,85975.25278521364
32_95,2011-12-23,91383.37,USA,32,A,A_0,95,93570.2370252692,90150.8281378492
32_95,2011-12-30,64118.66,USA,32,A,A_0,95,66407.08734553846,69975.6077389633
32_95,2012-01-06,80178.54,USA,32,A,A_0,95,77992.36324476585,74564.86813949855
32_95,2012-01-13,84627.4,USA,32,A,A_0,95,83958.56146162486,83813.14340122187
32_95,2012-01-20,82586.63,USA,32,A,A_0,95,86794.5709774178,86691.29604058844
32_95,2012-01-27,80657.94,USA,32,A,A_0,95,80675.44378798628,80413.87533061382
32_95,2012-02-03,90400.63,USA,32,A,A_0,95,83514.67689705703,89333.75598510563
32_95,2012-02-10,79526.73,USA,32,A,A_0,95,83429.9533395252,89127.11047457944
32_95,2012-02-17,79458.15,USA,32,A,A_0,95,80967.23773769497,79507.7335652361
32_95,2012-02-24,80284.7,USA,32,A,A_0,95,80485.6264872221,79363.63597724686
32_95,2012-03-02,83004.87,USA,32,A,A_0,95,85562.0694215463,84402.14104220187
32_95,2012-03-09,84516.02,USA,32,A,A_0,95,85241.0860232091,83464.79069558138
32_95,2012-03-16,85184.94,USA,32,A,A_0,95,83208.38650396264,82924.5320354936
32_95,2012-03-23,83204.34,USA,32,A,A_0,95,79840.59805030335,81807.93949858392
32_95,2012-03-30,77442.48,USA,32,A,A_0,95,77798.20632385722,80809.87009629451
32_95,2012-04-06,86207.18,USA,32,A,A_0,95,85534.04541594321,84461.09810172825
32_95,2012-04-13,79827.93,USA,32,A,A_0,95,85343.66677125561,85852.57238095709
32_95,2012-04-20,85004.25,USA,32,A,A_0,95,86160.18152581636,82364.53547913187
32_95,2012-04-27,85538.65,USA,32,A,A_0,95,77706.61090743345,77966.66788554323
32_95,2012-05-04,88364.91,USA,32,A,A_0,95,85393.86216716998,84402.89498423401
32_95,2012-05-11,87252.98,USA,32,A,A_0,95,85256.3238884081,84283.69904775957
32_95,2012-05-18,86369.98,USA,32,A,A_0,95,87160.01266591194,85969.4934741539
32_95,2012-05-25,89922.66,USA,32,A,A_0,95,89412.08851038675,87978.43017667957
32_95,2012-06-01,84622.81,USA,32,A,A_0,95,86037.77306866797,85224.66124171345
32_95,2012-06-08,94008.06,USA,32,A,A_0,95,92649.00622127371,90757.2257002446
32_95,2012-06-15,92618.18,USA,32,A,A_0,95,88990.26914315434,87736.79488484722
32_95,2012-06-22,90658.46,USA,32,A,A_0,95,86814.85471570888,85966.55254337436
32_95,2012-06-29,96055.82,USA,32,A,A_0,95,97323.95068175174,94700.71536087684
32_95,2012-07-06,90540.3,USA,32,A,A_0,95,87008.12934392192,86049.09218688367
32_95,2012-07-13,85531.87,USA,32,A,A_0,95,86620.6491482034,85740.50900606332
32_95,2012-07-20,89870.4,USA,32,A,A_0,95,89943.34927430603,88413.88772447561
32_95,2012-07-27,84989.75,USA,32,A,A_0,95,89134.53003065407,87663.38546468581
32_95,2012-08-03,89037.48,USA,32,A,A_0,95,88095.04945920545,90616.3116826607
32_95,2012-08-10,89355.08,USA,32,A,A_0,95,90660.68617388853,90185.69522314264
32_95,2012-08-17,88907.12,USA,32,A,A_0,95,89463.2264010489,90058.41575003232
32_95,2012-08-24,92326.72,USA,32,A,A_0,95,88210.15421183997,88279.28074821692
32_95,2012-08-31,91375.71,USA,32,A,A_0,95,87334.15303239785,88630.44361908233
32_95,2012-09-07,85288.12,USA,32,A,A_0,95,79165.117508764,83708.79220042427
32_95,2012-09-14,86288.4,USA,32,A,A_0,95,81758.501206944,83767.42874104765
32_95,2012-09-21,85963.62,USA,32,A,A_0,95,79891.34841102948,81349.6907106145
32_95,2012-09-28,83311.62,USA,32,A,A_0,95,80296.15057594521,81957.38921782444
32_95,2012-10-05,82593.01,USA,32,A,A_0,95,81835.63051350055,85141.74055894451
32_95,2012-10-12,82427.21,USA,32,A,A_0,95,81059.37671742964,81831.21887159227
32_95,2012-10-19,81412.91,USA,32,A,A_0,95,78470.40835542118,79989.67386347345
32_95,2012-10-26,82670.31,USA,32,A,A_0,95,77674.25143933445,78830.66001089827
32_95,2012-10-28,,USA,32,A,A_0,95,76914.89274730837,77961.62789511422
32_95,2012-11-04,,USA,32,A,A_0,95,77825.85783687909,78739.40381039823
32_95,2012-11-11,,USA,32,A,A_0,95,76232.81678454202,79398.89819215245
32_95,2012-11-18,,USA,32,A,A_0,95,80436.8411533991,80572.29904667937
32_95,2012-11-25,,USA,32,A,A_0,95,74988.4171491826,74632.31541830847
32_95,2012-12-02,,USA,32,A,A_0,95,82052.04406299558,83568.42558689718
32_95,2012-12-09,,USA,32,A,A_0,95,82685.09069422043,81417.69562468854
32_95,2012-12-16,,USA,32,A,A_0,95,91381.41789990231,88480.615498784
32_95,2012-12-23,,USA,32,A,A_0,95,64683.79074697886,65847.21068772647
32_95,2012-12-30,,USA,32,A,A_0,95,77186.42563149615,78853.84201629357
32_95,2013-01-06,,USA,32,A,A_0,95,82534.80013888777,82670.06166660594
32_95,2013-01-13,,USA,32,A,A_0,95,84767.29216450367,81373.74118521351
32_95,2013-01-20,,USA,32,A,A_0,95,79956.06279235583,80554.16877885701
32_95,2013-01-27,,USA,32,A,A_0,95,83447.21268863612,93399.24541253899
32_95,2013-02-03,,USA,32,A,A_0,95,80852.5349032086,85404.66670317735
32_95,2013-02-10,,USA,32,A,A_0,95,79462.7256068956,84611.35178279028
32_95,2013-02-17,,USA,32,A,A_0,95,79431.77345661985,85451.60341882463
32_95,2013-02-24,,USA,32,A,A_0,95,84330.49479586942,87846.96286212621
32_95,2013-03-03,,USA,32,A,A_0,95,84737.25234062017,89158.75007876813
32_95,2013-03-10,,USA,32,A,A_0,95,83115.7745174334,89586.62237507984
32_95,2013-03-17,,USA,32,A,A_0,95,79448.56630017853,87715.13736633782
32_95,2013-03-24,,USA,32,A,A_0,95,76325.65984735671,83263.48789637712
32_95,2013-03-31,,USA,32,A,A_0,95,84235.21759461067,90295.90987078492
32_95,2013-04-07,,USA,32,A,A_0,95,83317.20563106204,86267.56264545851
32_95,2013-04-14,,USA,32,A,A_0,95,85850.35141484259,89708.44281431107
30_95,2010-02-05,47425.92,Canada,30,A,A_0,95,53821.667477474424,0.0
30_95,2010-02-12,52885.46,Canada,30,A,A_0,95,46777.75120925944,52909.466114859184
30_95,2010-02-19,44857.79,Canada,30,A,A_0,95,42047.424110648004,49864.69003643538
30_95,2010-02-26,48216.18,Canada,30,A,A_0,95,46772.69052633983,45804.68636132639
30_95,2010-03-05,48201.58,Canada,30,A,A_0,95,49938.64357376109,48046.4403630057
30_95,2010-03-12,49600.58,Canada,30,A,A_0,95,47974.958724961674,48317.79700204316
30_95,2010-03-19,48333.06,Canada,30,A,A_0,95,47728.64603345021,49726.108778378584
30_95,2010-03-26,47090.23,Canada,30,A,A_0,95,48394.848934597256,48057.765858473984
30_95,2010-04-02,46197.36,Canada,30,A,A_0,95,47717.91928182568,47098.33799087434
30_95,2010-04-09,47239.51,Canada,30,A,A_0,95,49058.521965074346,46059.311767500934
30_95,2010-04-16,50635.62,Canada,30,A,A_0,95,47687.370106939525,47490.505457457046
30_95,2010-04-23,48984.62,Canada,30,A,A_0,95,48400.30302296175,50963.999337552785
30_95,2010-04-30,48722.94,Canada,30,A,A_0,95,47018.166317260664,48510.312064831625
30_95,2010-05-07,50178.37,Canada,30,A,A_0,95,49323.38927304396,49015.482367486555
30_95,2010-05-14,49243.08,Canada,30,A,A_0,95,48017.67116464833,50189.89252502484
30_95,2010-05-21,50252.4,Canada,30,A,A_0,95,50057.88354416518,49096.28851324402
30_95,2010-05-28,52322.75,Canada,30,A,A_0,95,50627.7604315736,50504.675295855974
30_95,2010-06-04,52470.92,Canada,30,A,A_0,95,53451.711684558766,52453.624172242795
30_95,2010-06-11,50509.33,Canada,30,A,A_0,95,53061.81799952879,52401.46839364613
30_95,2010-06-18,51199.92,Canada,30,A,A_0,95,50751.46777678186,50266.86474972754
30_95,2010-06-25,50304.04,Canada,30,A,A_0,95,48294.54708396929,51471.754529414015
30_95,2010-07-02,49017.44,Canada,30,A,A_0,95,50978.03331165485,49981.23440112238
30_95,2010-07-09,47709.96,Canada,30,A,A_0,95,49125.76787138621,49052.10216485204
30_95,2010-07-16,47442.1,Canada,30,A,A_0,95,48053.98542015893,47491.79045270278
30_95,2010-07-23,48979.82,Canada,30,A,A_0,95,49259.379868537246,47554.782898430225
30_95,2010-07-30,48983.1,Canada,30,A,A_0,95,48365.17304559161,49129.20552900925
30_95,2010-08-06,49853.96,Canada,30,A,A_0,95,49539.0724204393,48879.22263394048
30_95,2010-08-13,49484.37,Canada,30,A,A_0,95,49234.61285081884,50055.71596767483
30_95,2010-08-20,50643.05,Canada,30,A,A_0,95,50520.414170911674,49288.593121568934
30_95,2010-08-27,50332.53,Canada,30,A,A_0,95,50277.05764041946,50951.705050823286
30_95,2010-09-03,49731.52,Canada,30,A,A_0,95,49691.119627854285,50070.83291731621
30_95,2010-09-10,49072.1,Canada,30,A,A_0,95,49043.52765106563,49825.19431369874
30_95,2010-09-17,51643.09,Canada,30,A,A_0,95,51646.00298046005,48908.83367933567
30_95,2010-09-24,49047.11,Canada,30,A,A_0,95,49051.952435813015,52138.5436311299
30_95,2010-10-01,47267.34,Canada,30,A,A_0,95,47252.37086358699,48315.87045709199
30_95,2010-10-08,49056.19,Canada,30,A,A_0,95,49014.72047538278,47514.208842706736
30_95,2010-10-15,48661.62,Canada,30,A,A_0,95,48635.22867315691,49149.03987541692
30_95,2010-10-22,49388.56,Canada,30,A,A_0,95,49399.61875457499,48538.301160071635
30_95,2010-10-29,47514.71,Canada,30,A,A_0,95,47550.64737789962,49582.40470410077
30_95,2010-11-05,47761.89,Canada,30,A,A_0,95,47824.83130038748,47101.57746954728
30_95,2010-11-12,43246.93,Canada,30,A,A_0,95,43331.94541529062,48086.704701901304
30_95,2010-11-19,39386.03,Canada,30,A,A_0,95,39485.47901818276,42351.11448362981
30_95,2010-11-26,41470.22,Canada,30,A,A_0,95,41586.72097184915,39437.56282498167
30_95,2010-12-03,38710.66,Canada,30,A,A_0,95,38831.737142153834,41746.243153070056
30_95,2010-12-10,41119.77,Canada,30,A,A_0,95,41203.829897114745,38103.28242223973
30_95,2010-12-17,42072.77,Canada,30,A,A_0,95,42132.98889501877,41910.88941451879
30_95,2010-12-24,47888.79,Canada,30,A,A_0,95,47969.22871108711,41644.326740900295
30_95,2010-12-31,39951.05,Canada,30,A,A_0,95,40029.77163749412,49081.99061208432
30_95,2011-01-07,42486.41,Canada,30,A,A_0,95,42531.34200179383,37883.35720855591
30_95,2011-01-14,46102.53,Canada,30,A,A_0,95,46126.254183629506,44409.94682640678
30_95,2011-01-21,43788.22,Canada,30,A,A_0,95,43801.128161799,45108.28116343137
30_95,2011-01-28,42132.48,Canada,30,A,A_0,95,42145.85352535352,44478.879358813065
30_95,2011-02-04,51691.31,Canada,30,A,A_0,95,50652.97705182247,88676.19563839884
30_95,2011-02-11,47173.92,Canada,30,A,A_0,95,48604.74174558987,52470.197169987056
30_95,2011-02-18,40008.85,Canada,30,A,A_0,95,40359.91041826979,40414.43290761392
30_95,2011-02-25,43532.78,Canada,30,A,A_0,95,43613.90555093691,42503.33821189665
30_95,2011-03-04,46018.79,Canada,30,A,A_0,95,45653.52737213199,44330.4901392093
30_95,2011-03-11,44637.24,Canada,30,A,A_0,95,45073.896127620756,47375.74973397108
30_95,2011-03-18,43621.45,Canada,30,A,A_0,95,43846.37623959377,42887.912797907295
30_95,2011-03-25,43910.78,Canada,30,A,A_0,95,43870.27781028457,42596.9924453442
30_95,2011-04-01,43667.75,Canada,30,A,A_0,95,43687.53726698811,42979.87467497228
30_95,2011-04-08,45567.41,Canada,30,A,A_0,95,45570.064866164656,44897.672877637735
30_95,2011-04-15,44867.69,Canada,30,A,A_0,95,45702.55059737648,49319.979813324215
30_95,2011-04-22,44368.22,Canada,30,A,A_0,95,44534.45087856568,42288.89849231004
30_95,2011-04-29,42728.12,Canada,30,A,A_0,95,43041.807491697444,44866.525963223336
30_95,2011-05-06,44321.55,Canada,30,A,A_0,95,44411.3100545292,43517.300464852255
30_95,2011-05-13,42654.39,Canada,30,A,A_0,95,42794.49651134522,43878.84900506371
30_95,2011-05-20,44285.5,Canada,30,A,A_0,95,44126.17718388393,43228.47579362604
30_95,2011-05-27,44870.02,Canada,30,A,A_0,95,44929.98769842612,47005.90820931136
30_95,2011-06-03,47102.43,Canada,30,A,A_0,95,46620.037112544494,44411.10255452579
30_95,2011-06-10,47194.34,Canada,30,A,A_0,95,46546.51388190251,45766.69180895805
30_95,2011-06-17,45977.3,Canada,30,A,A_0,95,45992.78633210026,47745.70299986315
30_95,2011-06-24,43383.21,Canada,30,A,A_0,95,43611.01204325891,44814.15478879321
30_95,2011-07-01,45247.55,Canada,30,A,A_0,95,44756.728606356824,41845.61125260579
30_95,2011-07-08,44194.7,Canada,30,A,A_0,95,43960.0798756388,44474.41399649694
30_95,2011-07-15,43747.83,Canada,30,A,A_0,95,43671.28092747189,43500.67739070943
30_95,2011-07-22,45252.57,Canada,30,A,A_0,95,45202.777979204286,45681.33813131932
30_95,2011-07-29,44558.63,Canada,30,A,A_0,95,44586.65059105632,45043.395306341976
30_95,2011-08-05,45588.07,Canada,30,A,A_0,95,45455.96801617171,45538.364915889695
30_95,2011-08-12,46866.18,Canada,30,A,A_0,95,45068.696516254866,45179.78159127749
30_95,2011-08-19,42678.93,Canada,30,A,A_0,95,46943.198356931745,48412.275772842186
30_95,2011-08-26,40912.7,Canada,30,A,A_0,95,44960.45957690129,41217.88656844555
30_95,2011-09-02,39999.25,Canada,30,A,A_0,95,42755.33459686192,40822.57550896999
30_95,2011-09-09,40598.54,Canada,30,A,A_0,95,41003.74665919041,38835.84766837628
30_95,2011-09-16,39114.21,Canada,30,A,A_0,95,43429.69712424558,43935.95124692368
30_95,2011-09-23,39569.48,Canada,30,A,A_0,95,39135.86895966074,35178.33713482462
30_95,2011-09-30,40843.11,Canada,30,A,A_0,95,37511.68618502004,38988.85914057512
30_95,2011-10-07,43741.96,Canada,30,A,A_0,95,40584.39775042401,42353.24296731493
30_95,2011-10-14,41689.71,Canada,30,A,A_0,95,41429.58973917513,43790.27592351132
30_95,2011-10-21,43475.5,Canada,30,A,A_0,95,42279.52947026371,41860.26599691474
30_95,2011-10-28,42959.96,Canada,30,A,A_0,95,40901.64407223067,42052.8462943122
30_95,2011-11-04,40561.04,Canada,30,A,A_0,95,41996.14806786179,43042.65986001665
30_95,2011-11-11,40317.39,Canada,30,A,A_0,95,36958.82115373375,35328.446260468816
30_95,2011-11-18,42409.42,Canada,30,A,A_0,95,34466.37422053849,37142.63005298689
30_95,2011-11-25,40376.82,Canada,30,A,A_0,95,39733.16191959457,44993.39801240897
30_95,2011-12-02,40170.06,Canada,30,A,A_0,95,37277.09581305711,36427.95814991977
30_95,2011-12-09,42027.29,Canada,30,A,A_0,95,40842.96871581176,43939.00601063644
30_95,2011-12-16,42728.24,Canada,30,A,A_0,95,42276.11448816156,42111.7821041924
30_95,2011-12-23,43772.51,Canada,30,A,A_0,95,48311.2538649693,49689.20966549842
30_95,2011-12-30,33642.76,Canada,30,A,A_0,95,38616.06584312778,33766.45180164446
30_95,2012-01-06,44043.75,Canada,30,A,A_0,95,39195.151008522174,37187.408276021495
30_95,2012-01-13,43959.21,Canada,30,A,A_0,95,44721.50932250436,48601.84789960188
30_95,2012-01-20,44419.65,Canada,30,A,A_0,95,42107.435132505925,40494.39403250506
30_95,2012-01-27,43298.73,Canada,30,A,A_0,95,41368.31743870932,43482.58768043582
30_95,2012-02-03,43190.32,Canada,30,A,A_0,95,50815.37076799281,45833.97974540646
30_95,2012-02-10,44539.08,Canada,30,A,A_0,95,44946.28582614203,37138.60206077083
30_95,2012-02-17,40129.77,Canada,30,A,A_0,95,37283.239278642315,39383.07233173232
30_95,2012-02-24,42382.91,Canada,30,A,A_0,95,41841.67810268739,42830.64164830477
30_95,2012-03-02,44324.75,Canada,30,A,A_0,95,44200.47635998471,45365.79517623743
30_95,2012-03-09,45857.84,Canada,30,A,A_0,95,43393.5798209375,42237.95952925786
30_95,2012-03-16,41822.49,Canada,30,A,A_0,95,43344.14340020891,45748.35748553283
30_95,2012-03-23,42493.29,Canada,30,A,A_0,95,42901.38161241475,41278.472754588554
30_95,2012-03-30,46391.73,Canada,30,A,A_0,95,42532.2253730342,43197.18181809886
30_95,2012-04-06,46372.19,Canada,30,A,A_0,95,45946.16515184463,48389.633667098795
30_95,2012-04-13,44058.1,Canada,30,A,A_0,95,46110.396248125646,44585.53655477149
30_95,2012-04-20,45896.35,Canada,30,A,A_0,95,44573.61846701409,43933.6785658939
30_95,2012-04-27,46893.9,Canada,30,A,A_0,95,43643.59048317202,44397.43646550327
30_95,2012-05-04,47732.37,Canada,30,A,A_0,95,45174.13332547543,45745.03402872537
30_95,2012-05-11,47125.7,Canada,30,A,A_0,95,43584.816844764326,44154.40003977438
30_95,2012-05-18,48005.51,Canada,30,A,A_0,95,45021.648218397175,45726.84124678769
30_95,2012-05-25,49308.55,Canada,30,A,A_0,95,45726.90904273153,46013.6848369443
30_95,2012-06-01,46662.44,Canada,30,A,A_0,95,47530.690920018926,48439.71785601621
30_95,2012-06-08,44812.63,Canada,30,A,A_0,95,47294.926664191495,48906.371338203186
30_95,2012-06-15,47110.7,Canada,30,A,A_0,95,46376.77848998422,47434.942935073545
30_95,2012-06-22,47080.17,Canada,30,A,A_0,95,43966.42815940875,44736.69487917016
30_95,2012-06-29,46796.6,Canada,30,A,A_0,95,45321.09186643763,47030.81300842831
30_95,2012-07-06,46519.13,Canada,30,A,A_0,95,44289.15371300404,46111.20281412266
30_95,2012-07-13,44219.23,Canada,30,A,A_0,95,43882.201260064205,45664.09789625699
30_95,2012-07-20,44791.29,Canada,30,A,A_0,95,45379.515676160496,47046.63435428783
30_95,2012-07-27,44721.99,Canada,30,A,A_0,95,44731.30497183881,46274.29893936604
30_95,2012-08-03,45704.65,Canada,30,A,A_0,95,45638.521627944756,47256.71036245277
30_95,2012-08-10,46228.89,Canada,30,A,A_0,95,45474.87486898365,48728.60834833641
30_95,2012-08-17,44060.59,Canada,30,A,A_0,95,45639.654357688836,43899.99217242459
30_95,2012-08-24,43976.24,Canada,30,A,A_0,95,45373.00600944484,42000.399692182145
30_95,2012-08-31,45511.47,Canada,30,A,A_0,95,44976.55851453058,41109.60967261284
30_95,2012-09-07,47396.81,Canada,30,A,A_0,95,44700.006947761096,41884.97478497495
30_95,2012-09-14,46804.5,Canada,30,A,A_0,95,46640.011062653015,39780.59609609136
30_95,2012-09-21,46487.81,Canada,30,A,A_0,95,44832.1055565588,40756.12876507094
30_95,2012-09-28,44936.49,Canada,30,A,A_0,95,43517.01985432469,42490.943207509066
30_95,2012-10-05,46294.59,Canada,30,A,A_0,95,45249.44217796648,45363.957499760734
30_95,2012-10-12,44964.88,Canada,30,A,A_0,95,44372.52295636804,43167.319814055016
30_95,2012-10-19,44553.35,Canada,30,A,A_0,95,45275.3397540345,45009.23745301441
30_95,2012-10-26,44954.61,Canada,30,A,A_0,95,43569.47636798883,44781.08450390914
30_95,2012-10-28,,Canada,30,A,A_0,95,43276.244062224374,42089.93994748515
30_95,2012-11-04,,Canada,30,A,A_0,95,39597.190109272036,42654.638249635704
30_95,2012-11-11,,Canada,30,A,A_0,95,36539.93840823865,45666.94674020319
30_95,2012-11-18,,Canada,30,A,A_0,95,37471.341768979546,43052.836124489324
30_95,2012-11-25,,Canada,30,A,A_0,95,35133.62801784687,43317.69302587696
30_95,2012-12-02,,Canada,30,A,A_0,95,37277.45524255264,44937.81271721845
30_95,2012-12-09,,Canada,30,A,A_0,95,38122.99104279508,45526.31946352179
30_95,2012-12-16,,Canada,30,A,A_0,95,43155.00990924031,45609.111843284045
30_95,2012-12-23,,Canada,30,A,A_0,95,35176.04832422013,35907.534436843736
30_95,2012-12-30,,Canada,30,A,A_0,95,39338.056262044905,46863.6436305735
30_95,2013-01-06,,Canada,30,A,A_0,95,42027.095303233895,46228.90605770029
30_95,2013-01-13,,Canada,30,A,A_0,95,40221.656035217544,46932.734700388675
30_95,2013-01-20,,Canada,30,A,A_0,95,38508.64101146429,46413.921847625126
30_95,2013-01-27,,Canada,30,A,A_0,95,45615.78911933348,51001.59032922906
30_95,2013-02-03,,Canada,30,A,A_0,95,43943.766503361854,54383.693475789616
30_95,2013-02-10,,Canada,30,A,A_0,95,36979.24674757608,49598.81462880267
30_95,2013-02-17,,Canada,30,A,A_0,95,40035.49521063795,51942.0044232165
30_95,2013-02-24,,Canada,30,A,A_0,95,42112.3328400946,53586.61817765209
30_95,2013-03-03,,Canada,30,A,A_0,95,41643.424040504484,55808.61662270798
30_95,2013-03-10,,Canada,30,A,A_0,95,39964.46873366496,51322.902688248
30_95,2013-03-17,,Canada,30,A,A_0,95,40305.31678615927,51797.280058481854
30_95,2013-03-24,,Canada,30,A,A_0,95,40802.45997665397,56027.191137726164
30_95,2013-03-31,,Canada,30,A,A_0,95,42128.491200989694,55792.28104740017
30_95,2013-04-07,,Canada,30,A,A_0,95,41715.2230321829,53935.70218443376
30_95,2013-04-14,,Canada,30,A,A_0,95,41326.18406431436,55806.207164307816
